Survey,State,6-Digit,County,Census Place,FIPS Place,FIPS MCD,Pop,CSA,CBSA,Footnote,Central,Zip,Region,Division,Number of,Place,,1-unit,,,2-units,,,3-4 units,,,5+ units,,,1-unit rep,,,2-units rep,,,3-4 units rep,,,5+ units rep
Date,Code,ID,Code,Code,Code,Code,  ,Code,Code,Code,City,Code,Code,Code,Months Rep,Name,Bldgs,Units,Value,Bldgs,Units,Value,Bldgs,Units,Value,Bldgs,Units,Value,Bldgs,Units,Value,Bldgs,Units,Value,Bldgs,Units,Value,Bldgs,Units,Value
 
202601,01,001000,067,0020,00124 ,00000 ,2553 ,222,20020, , ,36310      ,3,6,0,Abbeville,0,0,0,0,0,0,0,0,0,0,0,0,0,0,0,0,0,0,0,0,0,0,0,0
202601,01,002000,073,0030,00460 ,00000 ,4211 ,142,13820, , ,35005      ,3,6,0,Adamsville,0,0,0,0,0,0,0,0,0,0,0,0,0,0,0,0,0,0,0,0,0,0,0,0
202601,01,005000,117,0025,00820 ,00000 ,33701 ,142,13820, , ,35007      ,3,6,0,Alabaster,7,7,1719970,0,0,0,0,0,0,0,0,0,0,0,0,0,0,0,0,0,0,0,0,0
202601,01,006000,095,0030,00988 ,00000 ,21777 ,290,10700, ,2,35950      ,3,6,1,Albertville,4,4,877000,0,0,0,0,0,0,0,0,0,4,4,877000,0,0,0,0,0,0,0,0,0
202601,01,007000,123,0035,01132 ,00000 ,14142 ,194,10760, ,2,350100552  ,3,6,1,Alexander City,6,6,7373824,0,0,0,0,0,0,0,0,0,6,6,7373824,0,0,0,0,0,0,0,0,0
202601,01,008000,107,0040,01228 ,00000 ,2231 ,999,46220, , ,35442      ,3,6,0,Aliceville,0,0,0,0,0,0,0,0,0,0,0,0,0,0,0,0,0,0,0,0,0,0,0,0
202601,01,012000,039,0055,01708 ,00000 ,8677 ,999,99999, , ,36420      ,3,6,0,Andalusia,1,1,279507,0,0,0,0,0,0,0,0,0,0,0,0,0,0,0,0,0,0,0,0,0
202601,01,014000,015,0060,01852 ,00000 ,21090 ,999,11500, ,1,36202      ,3,6,0,Anniston,1,1,291536,0,0,0,0,0,0,0,0,0,0,0,0,0,0,0,0,0,0,0,0,0
202601,01,016000,095,0065,02116 ,00000 ,8384 ,290,10700,2, ,35016      ,3,6,0,Arab,3,3,493101,0,0,0,0,0,0,0,0,0,0,0,0,0,0,0,0,0,0,0,0,0
202601,01,017000,083,0070,02260 ,00000 ,1513 ,290,26620, , ,35739      ,3,6,0,Ardmore town,0,0,0,0,0,0,0,0,0,0,0,0,0,0,0,0,0,0,0,0,0,0,0,0
202601,01,022000,069,0080,02836 ,00000 ,2202 ,222,20020, , ,363120428  ,3,6,0,Ashford,2,2,444609,0,0,0,0,0,0,0,0,0,0,0,0,0,0,0,0,0,0,0,0,0
202601,01,023000,027,0085,02860 ,00000 ,1872 ,999,99999, , ,36251      ,3,6,0,Ashland,0,0,0,0,0,0,0,0,0,0,0,0,0,0,0,0,0,0,0,0,0,0,0,0
202601,01,024000,115,0090,02908 ,00000 ,2396 ,142,13820, , ,35953      ,3,6,1,Ashville,0,0,0,0,0,0,0,0,0,0,0,0,0,0,0,0,0,0,0,0,0,0,0,0
202601,01,025000,083,0095,02956 ,00000 ,28643 ,290,26620, , ,35611      ,3,6,1,Athens,0,0,0,0,0,0,0,0,0,0,0,0,0,0,0,0,0,0,0,0,0,0,0,0
202601,01,026000,053,0100,03004 ,00000 ,8949 ,999,99999, , ,36504      ,3,6,1,Atmore,0,0,0,0,0,0,0,0,0,0,0,0,0,0,0,0,0,0,0,0,0,0,0,0
202601,01,027000,055,0105,03028 ,00000 ,5832 ,999,23460, , ,35954      ,3,6,1,Attalla,0,0,0,0,0,0,0,0,0,0,0,0,0,0,0,0,0,0,0,0,0,0,0,0
202601,01,028000,081,0110,03076 ,00000 ,68343 ,194,12220, ,1,36830      ,3,6,1,Auburn,85,85,26440840,0,0,0,0,0,0,0,0,0,85,85,26440840,0,0,0,0,0,0,0,0,0
202601,01,031000,069,0120,03364 ,00000 ,510 ,222,20020, , ,36321      ,3,6,0,Avon town,0,0,0,0,0,0,0,0,0,0,0,0,0,0,0,0,0,0,0,0,0,0,0,0
202601,01,033500,005,0128,03724 ,00000 ,229 ,999,21640, , ,360273923  ,3,6,0,Bakerhill town,0,0,0,0,0,0,0,0,0,0,0,0,0,0,0,0,0,0,0,0,0,0,0,0
202601,01,034000,003,    ,99990 ,00000 ,101388 ,380,19300,2, ,36567      ,3,6,1,Baldwin County Unincorporated Area,102,102,29222626,0,0,0,0,0,0,0,0,0,102,102,29222626,0,0,0,0,0,0,0,0,0
202601,01,037000,003,0135,04660 ,00000 ,9509 ,380,19300, , ,36507      ,3,6,1,Bay Minette,0,0,0,0,0,0,0,0,0,0,0,0,0,0,0,0,0,0,0,0,0,0,0,0
202601,01,038000,097,0140,04684 ,00000 ,2457 ,380,33660, , ,365092411  ,3,6,0,Bayou La Batre,0,0,0,0,0,0,0,0,0,0,0,0,0,0,0,0,0,0,0,0,0,0,0,0
202601,01,045000,073,0175,05980 ,00000 ,26043 ,142,13820, , ,35020      ,3,6,1,Bessemer,12,12,1504962,0,0,0,0,0,0,0,0,0,12,12,1504962,0,0,0,0,0,0,0,0,0
202601,01,048000,073,0185,07000 ,00000 ,205325 ,142,13820,2,1,352032216  ,3,6,0,Birmingham,7,7,1696344,1,2,1031629,0,0,0,2,48,9045281,0,0,0,0,0,0,0,0,0,0,0,0
202601,01,052000,009,0195,07456 ,00000 ,1657 ,142,13820, , ,35031      ,3,6,0,Blountsville town,0,0,0,0,0,0,0,0,0,0,0,0,0,0,0,0,0,0,0,0,0,0,0,0
202601,01,056000,095,0210,07912 ,00000 ,8618 ,290,10700,2, ,35957      ,3,6,1,Boaz,2,2,210000,0,0,0,0,0,0,0,0,0,2,2,210000,0,0,0,0,0,0,0,0,0
202601,01,060000,041,0235,09016 ,00000 ,754 ,999,99999, , ,360090044  ,3,6,0,Brantley town,0,0,0,0,0,0,0,0,0,0,0,0,0,0,0,0,0,0,0,0,0,0,0,0
202601,01,062000,053,0245,09208 ,00000 ,5141 ,999,99999, , ,36426      ,3,6,0,Brewton,0,0,0,0,0,0,0,0,0,0,0,0,0,0,0,0,0,0,0,0,0,0,0,0
202601,01,063000,071,0250,09328 ,00000 ,2272 ,174,42460, , ,35740      ,3,6,0,Bridgeport,0,0,0,0,0,0,0,0,0,0,0,0,0,0,0,0,0,0,0,0,0,0,0,0
202601,01,064000,073,0255,09400 ,00000 ,2824 ,142,13820, , ,35020      ,3,6,0,Brighton,0,0,0,0,0,0,0,0,0,0,0,0,0,0,0,0,0,0,0,0,0,0,0,0
202601,01,066000,073,0265,09736 ,00000 ,1323 ,142,13820, , ,350360142  ,3,6,0,Brookside town,2,2,349029,0,0,0,0,0,0,0,0,0,0,0,0,0,0,0,0,0,0,0,0,0
202601,01,068000,109,0275,10240 ,00000 ,1872 ,999,45980, , ,360100638  ,3,6,0,Brundidge,0,0,0,0,0,0,0,0,0,0,0,0,0,0,0,0,0,0,0,0,0,0,0,0
202601,01,070000,023,0280,11032 ,00000 ,1694 ,999,99999, , ,36904      ,3,6,0,Butler town,0,0,0,0,0,0,0,0,0,0,0,0,0,0,0,0,0,0,0,0,0,0,0,0
202601,01,072000,117,0285,11416 ,00000 ,15136 ,142,13820,2, ,35040      ,3,6,1,Calera,13,13,1659261,0,0,0,0,0,0,0,0,0,13,13,1659261,0,0,0,0,0,0,0,0,0
202601,01,074000,131,0290,11512 ,00000 ,1694 ,999,99999, , ,367261731  ,3,6,0,Camden,0,0,0,0,0,0,0,0,0,0,0,0,0,0,0,0,0,0,0,0,0,0,0,0
202601,01,075000,123,0295,11680 ,00000 ,934 ,194,10760, , ,36850      ,3,6,0,Camp Hill town,0,0,0,0,0,0,0,0,0,0,0,0,0,0,0,0,0,0,0,0,0,0,0,0
202601,01,081000,019,0330,12760 ,00000 ,1829 ,999,99999, , ,35959      ,3,6,0,Cedar Bluff town,0,0,0,0,0,0,0,0,0,0,0,0,0,0,0,0,0,0,0,0,0,0,0,0
202601,01,081500,073,0335,13264 ,00000 ,15815 ,142,13820, , ,35215      ,3,6,1,Center Point,0,0,0,0,0,0,0,0,0,0,0,0,0,0,0,0,0,0,0,0,0,0,0,0
202601,01,082000,019,0340,13648 ,00000 ,3616 ,999,99999, , ,35960      ,3,6,1,Centre,1,1,200000,0,0,0,0,0,0,0,0,0,1,1,200000,0,0,0,0,0,0,0,0,0
202601,01,083000,007,0345,13672 ,00000 ,2559 ,142,13820, , ,35042      ,3,6,0,Centreville,0,0,0,0,0,0,0,0,0,0,0,0,0,0,0,0,0,0,0,0,0,0,0,0
202601,01,085000,129,0355,14008 ,00000 ,1168 ,999,99999, , ,36518      ,3,6,0,Chatom town,1,1,525000,0,0,0,0,0,0,0,0,0,0,0,0,0,0,0,0,0,0,0,0,0
202601,01,085800,117,0357,14104 ,00000 ,14608 ,142,13820, , ,35124      ,3,6,1,Chelsea,31,31,8955000,0,0,0,0,0,0,0,0,0,31,31,8955000,0,0,0,0,0,0,0,0,0
202601,01,087000,033,0360,14152 ,00000 ,999 ,250,22520, , ,35616      ,3,6,0,Cherokee town,0,0,0,0,0,0,0,0,0,0,0,0,0,0,0,0,0,0,0,0,0,0,0,0
202601,01,088000,097,0365,14392 ,00000 ,5659 ,380,33660, , ,36611      ,3,6,0,Chickasaw,0,0,0,0,0,0,0,0,0,0,0,0,0,0,0,0,0,0,0,0,0,0,0,0
202601,01,089000,121,0370,14464 ,00000 ,4781 ,142,45180, , ,350440369  ,3,6,0,Childersburg,0,0,0,0,0,0,0,0,0,0,0,0,0,0,0,0,0,0,0,0,0,0,0,0
202601,01,092000,097,0375,15064 ,00000 ,3873 ,380,33660, , ,36522      ,3,6,0,Citronelle,1,1,138021,0,0,0,0,0,0,0,0,0,0,0,0,0,0,0,0,0,0,0,0,0
202601,01,093000,021,0380,15136 ,00000 ,8764 ,142,13820, , ,350460580  ,3,6,1,Clanton,5,5,510000,0,0,0,2,7,703760,0,0,0,5,5,510000,0,0,0,2,7,703760,0,0,0
202601,01,094900,073,0382,15256 ,00000 ,10042 ,142,13820, , ,35048      ,3,6,1,Clay,0,0,0,0,0,0,0,0,0,0,0,0,0,0,0,0,0,0,0,0,0,0,0,0
202601,01,097000,005,0385,15376 ,00000 ,2829 ,999,21640, , ,36016      ,3,6,0,Clayton,0,0,0,0,0,0,0,0,0,0,0,0,0,0,0,0,0,0,0,0,0,0,0,0
202601,01,099000,009,0387,15472 ,00000 ,1315 ,142,13820, , ,35049      ,3,6,0,Cleveland town,0,0,0,0,0,0,0,0,0,0,0,0,0,0,0,0,0,0,0,0,0,0,0,0
202601,01,106000,049,0405,16600 ,00000 ,1913 ,290,22840,2, ,35961      ,3,6,0,Collinsville,0,0,0,0,0,0,0,0,0,0,0,0,0,0,0,0,0,0,0,0,0,0,0,0
202601,01,109000,117,1010,16768 ,00000 ,4682 ,142,13820, , ,35124      ,3,6,1,Columbiana,8,8,2073000,0,0,0,0,0,0,0,0,0,8,8,2073000,0,0,0,0,0,0,0,0,0
202601,01,112000,051,0418,17176 ,00000 ,1315 ,388,33860, , ,36020      ,3,6,0,Coosada town,1,1,273526,0,0,0,0,0,0,0,0,0,0,0,0,0,0,0,0,0,0,0,0,0
202601,01,113000,127,0420,17368 ,00000 ,1820 ,142,13820, , ,35550      ,3,6,0,Cordova town,0,0,0,0,0,0,0,0,0,0,0,0,0,0,0,0,0,0,0,0,0,0,0,0
202601,01,114000,069,0425,17824 ,00000 ,1247 ,222,20020, , ,36320      ,3,6,0,Cottonwood town,0,0,0,0,0,0,0,0,0,0,0,0,0,0,0,0,0,0,0,0,0,0,0,0
202601,01,116000,073,0430,17968 ,00000 ,56 ,142,13820,2, ,35172      ,3,6,0,County Line town,0,0,0,0,0,0,0,0,0,0,0,0,0,0,0,0,0,0,0,0,0,0,0,0
202601,01,119000,069,0436,18088 ,00000 ,2097 ,222,20020, , ,36321      ,3,6,1,Cowarts town,0,0,0,0,0,0,0,0,0,0,0,0,0,0,0,0,0,0,0,0,0,0,0,0
202601,01,121000,097,0438,18304 ,00000 ,2032 ,380,33660, , ,36525      ,3,6,1,Creola town,0,0,0,0,0,0,0,0,0,0,0,0,0,0,0,0,0,0,0,0,0,0,0,0
202601,01,123000,119,0445,18952 ,00000 ,287 ,999,99999, , ,36907      ,3,6,0,Cuba town,0,0,0,0,0,0,0,0,0,0,0,0,0,0,0,0,0,0,0,0,0,0,0,0
202601,01,124000,043,0450,18976 ,00000 ,16564 ,142,18980, ,2,350560278  ,3,6,1,Cullman,20,20,4211471,0,0,0,0,0,0,0,0,0,20,20,4211471,0,0,0,0,0,0,0,0,0
202601,01,126000,123,0455,19336 ,00000 ,3007 ,194,10760, , ,36853      ,3,6,0,Dadeville,0,0,0,0,0,0,0,0,0,0,0,0,0,0,0,0,0,0,0,0,0,0,0,0
202601,01,128000,045,0460,19360 ,00000 ,5095 ,222,37120, , ,36322      ,3,6,1,Daleville,0,0,0,0,0,0,0,0,0,0,0,0,0,0,0,0,0,0,0,0,0,0,0,0
202601,01,130000,003,0465,19648 ,00000 ,27719 ,380,19300, ,1,36526      ,3,6,1,Daphne,4,4,2305949,0,0,0,0,0,0,0,0,0,4,4,2305949,0,0,0,0,0,0,0,0,0
202601,01,131000,097,0467,19744 ,00000 ,1366 ,380,33660, , ,36528      ,3,6,1,Dauphin Island town,11,11,4727000,0,0,0,0,0,0,0,0,0,11,11,4727000,0,0,0,0,0,0,0,0,0
202601,01,136000,103,0480,20104 ,00000 ,54268 ,290,19460,2,1,35601      ,3,6,1,Decatur,7,7,1792544,0,0,0,0,0,0,0,0,0,7,7,1792544,0,0,0,0,0,0,0,0,0
202601,01,137000,091,0485,20296 ,00000 ,6539 ,999,99999, , ,36732      ,3,6,0,Demopolis,0,0,0,0,0,0,0,0,0,0,0,0,0,0,0,0,0,0,0,0,0,0,0,0
202601,01,139000,127,0495,21136 ,00000 ,1979 ,142,13820, , ,35062      ,3,6,0,Dora,0,0,0,0,0,0,0,0,0,0,0,0,0,0,0,0,0,0,0,0,0,0,0,0
202601,01,141000,069,0500,21184 ,00000 ,68103 ,222,20020,2,1,36302      ,3,6,1,Dothan,16,16,6190092,0,0,0,0,0,0,0,0,0,16,16,6190092,0,0,0,0,0,0,0,0,0
202601,01,146000,053,0515,22216 ,00000 ,2326 ,999,99999, , ,36426      ,3,6,0,East Brewton,0,0,0,0,0,0,0,0,0,0,0,0,0,0,0,0,0,0,0,0,0,0,0,0
202601,01,147000,051,0520,22816 ,00000 ,1008 ,388,33860, , ,36024      ,3,6,0,Eclectic town,2,2,445613,0,0,0,0,0,0,0,0,0,0,0,0,0,0,0,0,0,0,0,0,0
202601,01,149000,031,0530,23296 ,00000 ,3919 ,222,21460, , ,36323      ,3,6,0,Elba,0,0,0,0,0,0,0,0,0,0,0,0,0,0,0,0,0,0,0,0,0,0,0,0
202601,01,151000,127,0537,23344 ,00000 ,122 ,142,13820, , ,35554      ,3,6,0,Eldridge town,0,0,0,0,0,0,0,0,0,0,0,0,0,0,0,0,0,0,0,0,0,0,0,0
202601,01,153500,051,0541,23656 ,00000 ,1352 ,388,33860, , ,360250204  ,3,6,1,Elmore town,0,0,0,0,0,0,0,0,0,0,0,0,0,0,0,0,0,0,0,0,0,0,0,0
202601,01,155000,031,0545,24184 ,00000 ,28483 ,222,21460,2,2,363311000  ,3,6,1,Enterprise,24,24,7036653,0,0,0,0,0,0,0,0,0,24,24,7036653,0,0,0,0,0,0,0,0,0
202601,01,161000,005,0560,24568 ,00000 ,11621 ,999,21640, ,2,360720219  ,3,6,1,Eufaula,1,1,416300,0,0,0,0,0,0,0,0,0,1,1,416300,0,0,0,0,0,0,0,0,0
202601,01,163000,063,0570,24664 ,00000 ,2558 ,999,46220, , ,35462      ,3,6,0,Eutaw,0,0,0,0,0,0,0,0,0,0,0,0,0,0,0,0,0,0,0,0,0,0,0,0
202601,01,165000,035,0575,24808 ,00000 ,3467 ,999,99999, , ,36401      ,3,6,0,Evergreen,0,0,0,0,0,0,0,0,0,0,0,0,0,0,0,0,0,0,0,0,0,0,0,0
202601,01,166000,099,0580,24880 ,00000 ,619 ,999,99999, , ,36439      ,3,6,0,Excel town,0,0,0,0,0,0,0,0,0,0,0,0,0,0,0,0,0,0,0,0,0,0,0,0
202601,01,167000,073,0590,25120 ,00000 ,10457 ,142,13820, , ,35064      ,3,6,0,Fairfield,0,0,0,0,0,0,0,0,0,0,0,0,0,0,0,0,0,0,0,0,0,0,0,0
202601,01,168000,003,0595,25240 ,00000 ,23584 ,380,19300, ,1,36533      ,3,6,1,Fairhope,24,24,12374795,1,2,525212,1,3,502729,6,40,6815720,24,24,12374795,1,2,525212,1,3,502729,6,40,6815720
202601,01,170000,103,0600,25648 ,00000 ,1256 ,290,19460, , ,35622      ,3,6,0,Falkville town,0,0,0,0,0,0,0,0,0,0,0,0,0,0,0,0,0,0,0,0,0,0,0,0
202601,01,172000,057,0610,25840 ,00000 ,4249 ,999,99999, , ,35555      ,3,6,0,Fayette,0,0,0,0,0,0,0,0,0,0,0,0,0,0,0,0,0,0,0,0,0,0,0,0
202601,01,176000,053,0630,26824 ,00000 ,1377 ,999,99999, , ,36441      ,3,6,0,Flomaton town,0,0,0,0,0,0,0,0,0,0,0,0,0,0,0,0,0,0,0,0,0,0,0,0
202601,01,177000,039,0635,26848 ,00000 ,1891 ,999,99999, , ,36442      ,3,6,0,Florala town,0,0,0,0,0,0,0,0,0,0,0,0,0,0,0,0,0,0,0,0,0,0,0,0
202601,01,178000,077,0640,26896 ,00000 ,41166 ,250,22520, ,1,35631      ,3,6,1,Florence,13,13,1194081,6,12,720000,0,0,0,0,0,0,13,13,1194081,6,12,720000,0,0,0,0,0,0
202601,01,179000,003,0645,26992 ,00000 ,21446 ,380,19300, ,1,36535      ,3,6,1,Foley,33,33,10667064,0,0,0,0,0,0,0,0,0,33,33,10667064,0,0,0,0,0,0,0,0,0
202601,01,181000,085,0650,27520 ,00000 ,1145 ,388,33860, , ,36032      ,3,6,0,Fort Deposit town,0,0,0,0,0,0,0,0,0,0,0,0,0,0,0,0,0,0,0,0,0,0,0,0
202601,01,182000,049,0655,27616 ,00000 ,14041 ,290,22840, ,2,359672052  ,3,6,0,Fort Payne,2,2,467528,0,0,0,0,0,0,0,0,0,0,0,0,0,0,0,0,0,0,0,0,0
202601,01,185000,099,0660,28312 ,00000 ,1123 ,999,99999, , ,36445      ,3,6,0,Frisco City town,0,0,0,0,0,0,0,0,0,0,0,0,0,0,0,0,0,0,0,0,0,0,0,0
202601,01,188000,073,0675,28552 ,00000 ,9269 ,142,13820, , ,35068      ,3,6,1,Fultondale,6,6,1033281,0,0,0,0,0,0,0,0,0,6,6,1033281,0,0,0,0,0,0,0,0,0
202601,01,189000,049,0680,28672 ,00000 ,1076 ,290,22840, , ,35971      ,3,6,0,Fyffe town,0,0,0,0,0,0,0,0,0,0,0,0,0,0,0,0,0,0,0,0,0,0,0,0
202601,01,190000,055,0685,28696 ,00000 ,34816 ,999,23460, ,1,35902      ,3,6,1,Gadsden,0,0,0,0,0,0,0,0,0,0,0,0,0,0,0,0,0,0,0,0,0,0,0,0
202601,01,195000,043,0700,29032 ,00000 ,506 ,142,18980,2, ,35070      ,3,6,0,Garden City town,0,0,0,0,0,0,0,0,0,0,0,0,0,0,0,0,0,0,0,0,0,0,0,0
202601,01,196000,073,0705,29056 ,00000 ,14113 ,142,13820, , ,35071      ,3,6,1,Gardendale,0,0,0,0,0,0,0,0,0,0,0,0,0,0,0,0,0,0,0,0,0,0,0,0
202601,01,199000,061,0720,29464 ,00000 ,4262 ,222,20020, , ,36340      ,3,6,0,Geneva,0,0,0,0,0,0,0,0,0,0,0,0,0,0,0,0,0,0,0,0,0,0,0,0
202601,01,201000,013,0725,29560 ,00000 ,1613 ,999,99999, , ,36033      ,3,6,0,Georgiana town,0,0,0,0,0,0,0,0,0,0,0,0,0,0,0,0,0,0,0,0,0,0,0,0
202601,01,207000,055,0745,29992 ,00000 ,5058 ,999,23460,2, ,35905      ,3,6,1,Glencoe,0,0,0,0,0,0,0,0,0,0,0,0,0,0,0,0,0,0,0,0,0,0,0,0
202601,01,210000,043,0752,30496 ,00000 ,2393 ,142,18980, , ,35057      ,3,6,1,Good Hope,1,1,200000,0,0,0,0,0,0,0,0,0,1,1,200000,0,0,0,0,0,0,0,0,0
202601,01,211000,037,0755,30640 ,00000 ,1288 ,142,45180, , ,35072      ,3,6,0,Goodwater town,0,0,0,0,0,0,0,0,0,0,0,0,0,0,0,0,0,0,0,0,0,0,0,0
202601,01,212000,107,0760,30736 ,00000 ,1594 ,999,46220, , ,35466      ,3,6,0,Gordo town,0,0,0,0,0,0,0,0,0,0,0,0,0,0,0,0,0,0,0,0,0,0,0,0
202601,01,213000,069,0765,30760 ,00000 ,328 ,222,20020, , ,36343      ,3,6,0,Gordon town,0,0,0,0,0,0,0,0,0,0,0,0,0,0,0,0,0,0,0,0,0,0,0,0
202601,01,214000,109,0770,30880 ,00000 ,248 ,999,45980, , ,36035      ,3,6,0,Goshen town,0,0,0,0,0,0,0,0,0,0,0,0,0,0,0,0,0,0,0,0,0,0,0,0
202601,01,216000,073,0780,31384 ,00000 ,2066 ,142,13820, , ,350730130  ,3,6,0,Graysville,0,0,0,0,0,0,0,0,0,0,0,0,0,0,0,0,0,0,0,0,0,0,0,0
202601,01,218000,065,0785,31720 ,00000 ,2265 ,999,46220, , ,367440077  ,3,6,0,Greensboro,0,0,0,0,0,0,0,0,0,0,0,0,0,0,0,0,0,0,0,0,0,0,0,0
202601,01,219000,013,0790,31912 ,00000 ,7349 ,999,99999, , ,36037      ,3,6,0,Greenville,0,0,0,0,0,0,0,0,0,0,0,0,0,0,0,0,0,0,0,0,0,0,0,0
202601,01,221000,025,0800,32080 ,00000 ,1709 ,999,99999, , ,36451      ,3,6,0,Grove Hill town,0,0,0,0,0,0,0,0,0,0,0,0,0,0,0,0,0,0,0,0,0,0,0,0
202601,01,223000,093,0805,32224 ,00000 ,2250 ,999,99999, , ,35563      ,3,6,0,Guin,0,0,0,0,0,0,0,0,0,0,0,0,0,0,0,0,0,0,0,0,0,0,0,0
202601,01,224000,003,0810,32272 ,00000 ,13166 ,380,19300, ,1,36542      ,3,6,1,Gulf Shores,15,15,9109331,0,0,0,0,0,0,0,0,0,15,15,9109331,0,0,0,0,0,0,0,0,0
202601,01,225000,095,0815,32416 ,00000 ,8676 ,290,10700, , ,35976      ,3,6,1,Guntersville,5,5,1210622,0,0,0,0,0,0,0,0,0,5,5,1210622,0,0,0,0,0,0,0,0,0
202601,01,226000,089,0817,32440 ,00000 ,820 ,290,26620, , ,35748      ,3,6,0,Gurley town,0,0,0,0,0,0,0,0,0,0,0,0,0,0,0,0,0,0,0,0,0,0,0,0
202601,01,231000,133,0830,32704 ,00000 ,4032 ,999,99999,2, ,35565      ,3,6,0,Haleyville,1,1,25000,0,0,0,0,0,0,0,0,0,0,0,0,0,0,0,0,0,0,0,0,0
202601,01,233000,049,0840,32896 ,00000 ,485 ,290,22840, , ,359893809  ,3,6,0,Hammondville town,0,0,0,0,0,0,0,0,0,0,0,0,0,0,0,0,0,0,0,0,0,0,0,0
202601,01,234000,043,0845,32968 ,00000 ,3533 ,142,18980, , ,35077      ,3,6,0,Hanceville,1,1,158652,0,0,0,0,0,0,0,0,0,0,0,0,0,0,0,0,0,0,0,0,0
202601,01,235000,117,0850,33256 ,00000 ,1748 ,142,13820, , ,35078      ,3,6,0,Harpersville town,3,3,680402,0,0,0,0,0,0,0,0,0,0,0,0,0,0,0,0,0,0,0,0,0
202601,01,236000,061,0855,33424 ,00000 ,2591 ,222,20020, , ,36344      ,3,6,0,Hartford,0,0,0,0,0,0,0,0,0,0,0,0,0,0,0,0,0,0,0,0,0,0,0,0
202601,01,237000,103,0860,33448 ,00000 ,14470 ,290,19460, , ,35640      ,3,6,1,Hartselle,2,2,714870,0,0,0,0,0,0,0,0,0,2,2,714870,0,0,0,0,0,0,0,0,0
202601,01,239000,085,0867,33712 ,00000 ,829 ,388,33860, , ,36040      ,3,6,0,Hayneville town,1,1,277700,0,0,0,0,0,0,0,0,0,0,0,0,0,0,0,0,0,0,0,0,0
202601,01,240000,067,0870,33856 ,00000 ,4748 ,222,20020, , ,36345      ,3,6,1,Headland,11,11,2734916,0,0,0,0,0,0,0,0,0,11,11,2734916,0,0,0,0,0,0,0,0,0
202601,01,242000,029,0880,33976 ,00000 ,3408 ,999,99999, , ,36264      ,3,6,0,Heflin,0,0,0,0,0,0,0,0,0,0,0,0,0,0,0,0,0,0,0,0,0,0,0,0
202601,01,243000,117,0885,34024 ,00000 ,17941 ,142,13820,2, ,350800613  ,3,6,1,Helena,3,3,2110768,0,0,0,0,0,0,0,0,0,3,3,2110768,0,0,0,0,0,0,0,0,0
202601,01,246000,009,0887,34480 ,00000 ,410 ,142,13820, , ,35121      ,3,6,0,Highland Lake town,0,0,0,0,0,0,0,0,0,0,0,0,0,0,0,0,0,0,0,0,0,0,0,0
202601,01,247000,079,0890,34816 ,00000 ,512 ,290,19460, , ,35643      ,3,6,0,Hillsboro town,0,0,0,0,0,0,0,0,0,0,0,0,0,0,0,0,0,0,0,0,0,0,0,0
202601,01,248000,015,0895,35152 ,00000 ,749 ,999,11500, , ,36201      ,3,6,0,Hobson City town,0,0,0,0,0,0,0,0,0,0,0,0,0,0,0,0,0,0,0,0,0,0,0,0
202601,01,250000,055,0905,35392 ,00000 ,4240 ,999,23460, , ,359039804  ,3,6,1,Hokes Bluff,0,0,0,0,0,0,0,0,0,0,0,0,0,0,0,0,0,0,0,0,0,0,0,0
202601,01,252000,071,0915,35632 ,00000 ,982 ,174,42460, , ,35752      ,3,6,0,Hollywood town,0,0,0,0,0,0,0,0,0,0,0,0,0,0,0,0,0,0,0,0,0,0,0,0
202601,01,253000,073,0925,35800 ,00000 ,25174 ,142,13820, , ,35209      ,3,6,1,Homewood,0,0,0,0,0,0,0,0,0,0,0,0,0,0,0,0,0,0,0,0,0,0,0,0
202601,01,254000,073,0927,35896 ,00000 ,60891 ,142,13820,2, ,35244      ,3,6,1,Hoover,30,30,16617821,0,0,0,0,0,0,0,0,0,30,30,16617821,0,0,0,0,0,0,0,0,0
202601,01,256000,069,    ,99990 ,00000 ,23151 ,222,20020, , ,363036406  ,3,6,0,Houston County Unincorporated Area,7,7,1654848,0,0,0,0,0,0,0,0,0,0,0,0,0,0,0,0,0,0,0,0,0
202601,01,257000,073,0930,36448 ,00000 ,15202 ,142,13820, , ,350230078  ,3,6,1,Hueytown,6,6,1783055,0,0,0,0,0,0,0,0,0,6,6,1783055,0,0,0,0,0,0,0,0,0
202601,01,259000,089,0935,37000 ,00000 ,200840 ,290,26620,2,1,358040308  ,3,6,1,Huntsville,111,111,32857852,1,2,323152,0,0,0,0,0,0,111,111,32857852,1,2,323152,0,0,0,0,0,0
202601,01,261500,117,0943,37465 ,00000 ,2628 ,142,13820, , ,35124      ,3,6,0,Indian Springs Village,0,0,0,0,0,0,0,0,0,0,0,0,0,0,0,0,0,0,0,0,0,0,0,0
202601,01,262000,073,0945,37864 ,00000 ,13226 ,142,13820, , ,35210      ,3,6,1,Irondale,0,0,0,0,0,0,0,0,0,0,0,0,0,0,0,0,0,0,0,0,0,0,0,0
202601,01,263000,025,0950,38152 ,00000 ,4582 ,999,99999, , ,36545      ,3,6,0,Jackson,0,0,0,0,0,0,0,0,0,0,0,0,0,0,0,0,0,0,0,0,0,0,0,0
202601,01,266000,015,0955,38272 ,00000 ,12972 ,999,11500, , ,36265      ,3,6,1,Jacksonville,1,1,150000,0,0,0,0,0,0,0,0,0,1,1,150000,0,0,0,0,0,0,0,0,0
202601,01,267000,127,0960,38416 ,00000 ,13278 ,142,13820, , ,35501      ,3,6,1,Jasper,1,1,160000,0,0,0,0,0,0,0,0,0,1,1,160000,0,0,0,0,0,0,0,0,0
202601,01,268000,073,    ,99990 ,00000 ,107284 ,142,13820,2, ,35203      ,3,6,1,Jefferson County Unincorporated Area,20,20,8252236,0,0,0,0,0,0,0,0,0,20,20,8252236,0,0,0,0,0,0,0,0,0
202601,01,269000,021,0965,38608 ,00000 ,2693 ,142,13820, , ,35085      ,3,6,0,Jemison,1,1,208162,0,0,0,0,0,0,0,0,0,0,0,0,0,0,0,0,0,0,0,0,0
202601,01,272000,077,0980,39784 ,00000 ,962 ,250,22520, , ,35645      ,3,6,0,Killen town,0,0,0,0,0,0,0,0,0,0,0,0,0,0,0,0,0,0,0,0,0,0,0,0
202601,01,273000,073,2660,39856 ,00000 ,3620 ,142,13820, , ,35091      ,3,6,1,Kimberly,8,8,1427557,0,0,0,0,0,0,0,0,0,8,8,1427557,0,0,0,0,0,0,0,0,0
202601,01,274000,069,0990,40072 ,00000 ,2293 ,222,20020, , ,36303      ,3,6,1,Kinsey,0,0,0,0,0,0,0,0,0,0,0,0,0,0,0,0,0,0,0,0,0,0,0,0
202601,01,276900,125,1003,40928 ,00000 ,2700 ,999,46220,2, ,35111      ,3,6,0,Lake View,3,3,809917,0,0,0,0,0,0,0,0,0,0,0,0,0,0,0,0,0,0,0,0,0
202601,01,279000,017,1005,41296 ,00000 ,6054 ,122,29300, , ,36863      ,3,6,0,Lanett,1,1,269714,0,0,0,0,0,0,0,0,0,0,0,0,0,0,0,0,0,0,0,0,0
202601,01,283000,081,    ,99990 ,00000 ,56533 ,194,12220,2, ,36803      ,3,6,0,Lee County Unincorporated Area,21,21,6100760,0,0,0,0,0,0,0,0,0,0,0,0,0,0,0,0,0,0,0,0,0
202601,01,284000,073,1015,41968 ,00000 ,9867 ,142,13820,2, ,35094      ,3,6,0,Leeds,8,8,596938,0,0,0,0,0,0,0,0,0,0,0,0,0,0,0,0,0,0,0,0,0
202601,01,290000,045,1024,42472 ,00000 ,1952 ,222,37120, , ,36322      ,3,6,0,Level Plains town,0,0,0,0,0,0,0,0,0,0,0,0,0,0,0,0,0,0,0,0,0,0,0,0
202601,01,294000,121,1030,43120 ,00000 ,6979 ,142,45180, , ,35096      ,3,6,1,Lincoln,9,9,2179110,0,0,0,1,4,629780,0,0,0,9,9,2179110,0,0,0,1,4,629780,0,0,0
202601,01,295000,091,1035,43240 ,00000 ,1853 ,999,99999, , ,367481541  ,3,6,0,Linden town,0,0,0,0,0,0,0,0,0,0,0,0,0,0,0,0,0,0,0,0,0,0,0,0
202601,01,296000,027,1040,43264 ,00000 ,2221 ,999,99999, , ,36266      ,3,6,0,Lineville,1,1,150477,0,0,0,0,0,0,0,0,0,0,0,0,0,0,0,0,0,0,0,0,0
202601,01,297000,073,1045,43336 ,00000 ,2110 ,142,13820, , ,35020      ,3,6,0,Lipscomb,0,0,0,0,0,0,0,0,0,0,0,0,0,0,0,0,0,0,0,0,0,0,0,0
202601,01,298000,023,1050,43384 ,00000 ,476 ,999,99999, , ,36912      ,3,6,0,Lisman town,0,0,0,0,0,0,0,0,0,0,0,0,0,0,0,0,0,0,0,0,0,0,0,0
202601,01,300000,119,1060,43720 ,00000 ,3135 ,999,99999, , ,35470      ,3,6,0,Livingston,0,0,0,0,0,0,0,0,0,0,0,0,0,0,0,0,0,0,0,0,0,0,0,0
202601,01,304000,005,1070,44344 ,00000 ,457 ,999,21640, , ,36048      ,3,6,0,Louisville town,0,0,0,0,0,0,0,0,0,0,0,0,0,0,0,0,0,0,0,0,0,0,0,0
202601,01,306000,085,1072,44536 ,00000 ,86 ,388,33860, , ,36752      ,3,6,0,Lowndesboro town,0,0,0,0,0,0,0,0,0,0,0,0,0,0,0,0,0,0,0,0,0,0,0,0
202601,01,307000,003,1075,44608 ,00000 ,3329 ,380,19300, , ,36551      ,3,6,1,Loxley,14,14,4760000,0,0,0,0,0,0,0,0,0,14,14,4760000,0,0,0,0,0,0,0,0,0
202601,01,308000,041,1080,44728 ,00000 ,2703 ,999,99999, , ,36049      ,3,6,0,Luverne,0,0,0,0,0,0,0,0,0,0,0,0,0,0,0,0,0,0,0,0,0,0,0,0
202601,01,312000,089,3020,45784 ,00000 ,47430 ,290,26620,2, ,35758      ,3,6,1,Madison,62,62,19376659,0,0,0,0,0,0,0,0,0,62,62,19376659,0,0,0,0,0,0,0,0,0
202601,01,313000,089,    ,99990 ,00000 ,123876 ,290,26620, , ,35811      ,3,6,0,Madison County Unincorporated Area,98,98,23958089,0,0,0,0,0,0,0,0,0,0,0,0,0,0,0,0,0,0,0,0,0
202601,01,314000,069,1100,45904 ,00000 ,293 ,222,20020, , ,36320      ,3,6,0,Madrid town,0,0,0,0,0,0,0,0,0,0,0,0,0,0,0,0,0,0,0,0,0,0,0,0
202601,01,318000,115,1115,46696 ,00000 ,5287 ,142,13820, , ,351120309  ,3,6,1,Margaret,0,0,0,0,0,0,0,0,0,0,0,0,0,0,0,0,0,0,0,0,0,0,0,0
202601,01,327000,049,1130,48064 ,00000 ,332 ,290,22840, , ,35984      ,3,6,0,Mentone town,0,0,0,0,0,0,0,0,0,0,0,0,0,0,0,0,0,0,0,0,0,0,0,0
202601,01,328000,073,1135,48376 ,00000 ,4955 ,142,13820, , ,35228      ,3,6,0,Midfield,0,0,0,0,0,0,0,0,0,0,0,0,0,0,0,0,0,0,0,0,0,0,0,0
202601,01,329000,045,1140,48400 ,00000 ,2377 ,222,37120, , ,36350      ,3,6,1,Midland City,0,0,0,0,0,0,0,0,0,0,0,0,0,0,0,0,0,0,0,0,0,0,0,0
202601,01,331000,051,1152,48712 ,00000 ,15945 ,388,33860,2, ,360540630  ,3,6,1,Millbrook,1,1,220000,0,0,0,0,0,0,0,0,0,1,1,220000,0,0,0,0,0,0,0,0,0
202601,01,334000,097,1165,50000 ,00000 ,187746 ,380,33660, ,1,36633      ,3,6,1,Mobile,1,1,495000,0,0,0,0,0,0,0,0,0,1,1,495000,0,0,0,0,0,0,0,0,0
202601,01,335000,097,    ,99990 ,00000 ,160172 ,380,33660, , ,36608      ,3,6,1,Mobile County Unincorporated Area,47,47,0,0,0,0,0,0,0,0,0,0,47,47,0,0,0,0,0,0,0,0,0,0
202601,01,337000,099,1170,50192 ,00000 ,5623 ,999,99999, , ,36461      ,3,6,0,Monroeville,0,0,0,0,0,0,0,0,0,1,5,1145833,0,0,0,0,0,0,0,0,0,0,0,0
202601,01,338000,117,1175,50312 ,00000 ,7098 ,142,13820, , ,35124      ,3,6,1,Montevallo,0,0,0,0,0,0,0,0,0,0,0,0,0,0,0,0,0,0,0,0,0,0,0,0
202601,01,339000,101,1180,51000 ,00000 ,196268 ,388,33860, ,1,36104      ,3,6,1,Montgomery,29,29,4533760,0,0,0,0,0,0,0,0,0,29,29,4533760,0,0,0,0,0,0,0,0,0
202601,01,340000,101,    ,99990 ,00000 ,17819 ,388,33860, , ,36104      ,3,6,1,Montgomery County Unincorporated Area,5,5,1763000,0,0,0,0,0,0,0,0,0,5,5,1763000,0,0,0,0,0,0,0,0,0
202601,01,341000,115,1182,51096 ,00000 ,13292 ,142,13820, , ,35004      ,3,6,1,Moody,3,3,362032,0,0,0,0,0,0,0,0,0,3,3,362032,0,0,0,0,0,0,0,0,0
202601,01,344000,073,1190,51456 ,00000 ,2182 ,142,13820, , ,351161424  ,3,6,1,Morris,0,0,0,0,0,0,0,0,0,0,0,0,0,0,0,0,0,0,0,0,0,0,0,0
202601,01,346000,079,1195,51600 ,00000 ,3201 ,290,19460, , ,35650      ,3,6,0,Moulton,0,0,0,0,0,0,0,0,0,0,0,0,0,0,0,0,0,0,0,0,0,0,0,0
202601,01,347000,065,1200,51648 ,00000 ,1707 ,999,46220,2, ,35474      ,3,6,1,Moundville,3,3,360000,0,0,0,0,0,0,0,0,0,3,3,360000,0,0,0,0,0,0,0,0,0
202601,01,349000,097,1215,52608 ,00000 ,1504 ,380,33660,2, ,36560      ,3,6,0,Mount Vernon town,1,1,250177,0,0,0,0,0,0,0,0,0,0,0,0,0,0,0,0,0,0,0,0,0
202601,01,350000,073,1205,51696 ,00000 ,20034 ,142,13820, , ,35213      ,3,6,1,Mountain Brook,2,2,2885000,0,0,0,0,0,0,0,0,0,2,2,2885000,0,0,0,0,0,0,0,0,0
202601,01,353000,033,1225,53016 ,00000 ,14877 ,250,22520, ,1,35662      ,3,6,1,Muscle Shoals,3,3,320673,0,0,0,0,0,0,0,0,0,3,3,320673,0,0,0,0,0,0,0,0,0
202601,01,360000,031,1245,53856 ,00000 ,1286 ,222,21460, , ,36351      ,3,6,1,New Brockton town,0,0,0,0,0,0,0,0,0,0,0,0,0,0,0,0,0,0,0,0,0,0,0,0
202601,01,361000,089,1250,54168 ,00000 ,2927 ,290,26620, , ,35760      ,3,6,1,New Hope,1,1,296017,0,0,0,0,0,0,0,0,0,1,1,296017,0,0,0,0,0,0,0,0,0
202601,01,364000,045,1255,54480 ,00000 ,1451 ,222,37120, , ,36352      ,3,6,0,Newton town,0,0,0,0,0,0,0,0,0,0,0,0,0,0,0,0,0,0,0,0,0,0,0,0
202601,01,365000,067,1260,54600 ,00000 ,510 ,222,20020, , ,36353      ,3,6,0,Newville town,0,0,0,0,0,0,0,0,0,0,0,0,0,0,0,0,0,0,0,0,0,0,0,0
202601,01,365900,007,1844,83640 ,00000 ,1517 ,142,13820,2, ,35188      ,3,6,1,Woodstock town,1,1,235000,0,0,0,0,0,0,0,0,0,1,1,235000,0,0,0,0,0,0,0,0,0
202601,01,368000,125,1275,55200 ,00000 ,26075 ,999,46220,2, ,35476      ,3,6,1,Northport,6,6,2060718,0,0,0,0,0,0,0,0,0,6,6,2060718,0,0,0,0,0,0,0,0,0
202601,01,370000,087,1280,55440 ,00000 ,745 ,194,12220,2, ,36866      ,3,6,0,Notasulga town,1,1,495230,0,0,0,0,0,0,0,0,0,0,0,0,0,0,0,0,0,0,0,0,0
202601,01,371000,121,1282,55752 ,00000 ,513 ,142,45180, , ,35150      ,3,6,0,Oak Grove town,0,0,0,0,0,0,0,0,0,0,0,0,0,0,0,0,0,0,0,0,0,0,0,0
202601,01,373000,127,1290,55992 ,00000 ,713 ,142,13820, , ,35579      ,3,6,0,Oakman town,0,0,0,0,0,0,0,0,0,0,0,0,0,0,0,0,0,0,0,0,0,0,0,0
202601,01,374000,115,1295,56400 ,00000 ,3886 ,142,13820, , ,35120      ,3,6,1,Odenville,13,13,3848217,0,0,0,0,0,0,0,0,0,13,13,3848217,0,0,0,0,0,0,0,0,0
202601,01,375000,015,1300,56472 ,00000 ,1148 ,999,11500, , ,36271      ,3,6,1,Ohatchee town,1,1,320000,0,0,0,0,0,0,0,0,0,1,1,320000,0,0,0,0,0,0,0,0,0
202601,01,376000,009,1305,57000 ,00000 ,6601 ,142,13820, , ,35121      ,3,6,0,Oneonta,1,1,282917,0,0,0,0,0,0,0,0,0,0,0,0,0,0,0,0,0,0,0,0,0
202601,01,378000,081,1310,57048 ,00000 ,31135 ,194,12220, ,1,36801      ,3,6,1,Opelika,105,105,19832380,0,0,0,0,0,0,8,155,19717841,105,105,19832380,0,0,0,0,0,0,8,155,19717841
202601,01,379000,039,1315,57120 ,00000 ,6313 ,999,99999, , ,36467      ,3,6,0,Opp,0,0,0,0,0,0,0,0,0,0,0,0,0,0,0,0,0,0,0,0,0,0,0,0
202601,01,380000,003,1317,57144 ,00000 ,6343 ,380,19300, , ,36561      ,3,6,1,Orange Beach,11,11,5069667,0,0,0,0,0,0,0,0,0,11,11,5069667,0,0,0,0,0,0,0,0,0
202601,01,382000,089,1324,57504 ,00000 ,2233 ,290,26620, , ,35763      ,3,6,1,Owens Cross Roads,6,6,1961250,0,0,0,0,0,0,0,0,0,6,6,1961250,0,0,0,0,0,0,0,0,0
202601,01,383000,015,1325,57576 ,00000 ,17058 ,999,11500,2,1,36203      ,3,6,1,Oxford,3,3,439120,0,0,0,0,0,0,0,0,0,3,3,439120,0,0,0,0,0,0,0,0,0
202601,01,385000,045,1330,57648 ,00000 ,14139 ,222,37120, ,2,36361      ,3,6,1,Ozark,1,1,148750,0,0,0,0,0,0,0,0,0,1,1,148750,0,0,0,0,0,0,0,0,0
202601,01,388000,117,1347,58848 ,00000 ,24231 ,142,13820, , ,35124      ,3,6,1,Pelham,2,2,474750,0,0,0,0,0,0,0,0,0,2,2,474750,0,0,0,0,0,0,0,0,0
202601,01,389000,115,1350,58896 ,00000 ,14296 ,142,13820, , ,35125      ,3,6,1,Pell City,11,11,2021829,0,0,0,0,0,0,0,0,0,11,11,2021829,0,0,0,0,0,0,0,0,0
202601,01,394000,113,1365,59472 ,00000 ,31683 ,194,17980,2, ,36867      ,3,6,1,Phenix City,1,1,114798,0,0,0,0,0,0,0,0,0,1,1,114798,0,0,0,0,0,0,0,0,0
202601,01,395000,059,1370,59496 ,00000 ,1072 ,250,40770, , ,35581      ,3,6,0,Phil Campbell town,0,0,0,0,0,0,0,0,0,0,0,0,0,0,0,0,0,0,0,0,0,0,0,0
202601,01,398000,015,1375,59640 ,00000 ,4470 ,999,11500,2, ,36272      ,3,6,0,Piedmont,0,0,0,0,0,0,0,0,0,0,0,0,0,0,0,0,0,0,0,0,0,0,0,0
202601,01,400700,101,1377,59760 ,00000 ,10552 ,388,33860, , ,360640339  ,3,6,1,Pike Road,17,17,6728810,0,0,0,0,0,0,0,0,0,17,17,6728810,0,0,0,0,0,0,0,0,0
202601,01,401000,045,1380,59832 ,00000 ,628 ,222,37120, , ,36371      ,3,6,0,Pinckard town,0,0,0,0,0,0,0,0,0,0,0,0,0,0,0,0,0,0,0,0,0,0,0,0
202601,01,406000,073,1405,61008 ,00000 ,9578 ,142,13820, , ,35127      ,3,6,1,Pleasant Grove,0,0,0,0,0,0,0,0,0,0,0,0,0,0,0,0,0,0,0,0,0,0,0,0
202601,01,409000,001,1415,62328 ,00000 ,34469 ,388,33860,2, ,360670020  ,3,6,1,Prattville,22,22,9911012,0,0,0,0,0,0,0,0,0,22,22,9911012,0,0,0,0,0,0,0,0,0
202601,01,411000,103,1418,62472 ,00000 ,3984 ,290,19460, , ,35603      ,3,6,1,Priceville,2,2,1015000,0,0,0,0,0,0,0,0,0,2,2,1015000,0,0,0,0,0,0,0,0,0
202601,01,412000,097,1420,62496 ,00000 ,21294 ,380,33660, , ,36610      ,3,6,1,Prichard,0,0,0,0,0,0,0,0,0,0,0,0,0,0,0,0,0,0,0,0,0,0,0,0
202601,01,415000,055,1430,63288 ,00000 ,9603 ,999,23460, , ,35906      ,3,6,1,Rainbow City,0,0,0,0,0,0,0,0,0,0,0,0,0,0,0,0,0,0,0,0,0,0,0,0
202601,01,416000,049,1435,63336 ,00000 ,5149 ,290,22840, , ,35986      ,3,6,1,Rainsville,0,0,0,0,0,0,0,0,0,0,0,0,0,0,0,0,0,0,0,0,0,0,0,0
202601,01,419000,059,1450,63576 ,00000 ,3108 ,250,40770, , ,35582      ,3,6,0,Red Bay,0,0,0,0,0,0,0,0,0,0,0,0,0,0,0,0,0,0,0,0,0,0,0,0
202601,01,421000,055,1460,63984 ,00000 ,624 ,999,23460, , ,35954      ,3,6,0,Reece City town,0,0,0,0,0,0,0,0,0,0,0,0,0,0,0,0,0,0,0,0,0,0,0,0
202601,01,422000,107,1465,64104 ,00000 ,1546 ,999,46220, , ,35481      ,3,6,0,Reform town,0,0,0,0,0,0,0,0,0,0,0,0,0,0,0,0,0,0,0,0,0,0,0,0
202601,01,422100,069,1468,64152 ,00000 ,1699 ,222,20020, , ,36301      ,3,6,1,Rehobeth town,5,5,1281856,0,0,0,0,0,0,0,0,0,5,5,1281856,0,0,0,0,0,0,0,0,0
202601,01,424000,055,1473,64656 ,00000 ,109 ,999,23460, , ,35954      ,3,6,0,Ridgeville town,0,0,0,0,0,0,0,0,0,0,0,0,0,0,0,0,0,0,0,0,0,0,0,0
202601,01,426000,115,1480,64920 ,00000 ,2376 ,142,13820, , ,35135      ,3,6,0,Riverside,1,1,315000,0,0,0,0,0,0,0,0,0,0,0,0,0,0,0,0,0,0,0,0,0
202601,01,429000,003,1495,65208 ,00000 ,7030 ,380,19300, , ,36567      ,3,6,0,Robertsdale,6,6,1045760,0,0,0,0,0,0,0,0,0,0,0,0,0,0,0,0,0,0,0,0,0
202601,01,431000,077,1505,66216 ,00000 ,1293 ,250,22520, , ,35652      ,3,6,1,Rogersville town,0,0,0,0,0,0,0,0,0,0,0,0,0,0,0,0,0,0,0,0,0,0,0,0
202601,01,433000,113,    ,99990 ,00000 ,25957 ,194,17980,2, ,36869      ,3,6,1,Russell County Unincorporated Area,4,4,976764,0,0,0,0,0,0,0,0,0,4,4,976764,0,0,0,0,0,0,0,0,0
202601,01,434000,059,1510,67056 ,00000 ,9758 ,250,40770, ,2,356531000  ,3,6,0,Russellville,0,0,0,0,0,0,0,0,0,0,0,0,0,0,0,0,0,0,0,0,0,0,0,0
202601,01,435000,041,1515,67176 ,00000 ,449 ,999,99999, , ,36071      ,3,6,0,Rutledge town,0,0,0,0,0,0,0,0,0,0,0,0,0,0,0,0,0,0,0,0,0,0,0,0
202601,01,436000,061,1520,67800 ,00000 ,1853 ,222,20020, , ,36477      ,3,6,0,Samson town,0,0,0,0,0,0,0,0,0,0,0,0,0,0,0,0,0,0,0,0,0,0,0,0
202601,01,440000,097,1530,68160 ,00000 ,14671 ,380,33660, , ,36571      ,3,6,1,Saraland,3,3,1590000,0,0,0,0,0,0,0,0,0,3,3,1590000,0,0,0,0,0,0,0,0,0
202601,01,442000,055,1532,68280 ,00000 ,1770 ,999,23460,2, ,35956      ,3,6,0,Sardis City town,0,0,0,0,0,0,0,0,0,0,0,0,0,0,0,0,0,0,0,0,0,0,0,0
202601,01,444000,097,1535,68352 ,00000 ,6206 ,380,33660, , ,36572      ,3,6,0,Satsuma,2,2,466759,0,0,0,0,0,0,0,0,0,0,0,0,0,0,0,0,0,0,0,0,0
202601,01,445000,071,1540,68736 ,00000 ,14372 ,174,42460, ,2,357681733  ,3,6,0,Scottsboro,3,3,935609,0,0,0,0,0,0,0,0,0,0,0,0,0,0,0,0,0,0,0,0,0
202601,01,447000,047,1555,69120 ,00000 ,16671 ,388,42820, ,2,367020450  ,3,6,0,Selma,0,0,0,0,0,0,0,0,0,0,0,0,0,0,0,0,0,0,0,0,0,0,0,0
202601,01,447200,097,4455,69240 ,00000 ,5736 ,380,33660, , ,36575      ,3,6,1,Semmes,0,0,0,0,0,0,0,0,0,0,0,0,0,0,0,0,0,0,0,0,0,0,0,0
202601,01,448000,033,1565,69648 ,00000 ,8839 ,250,22520, , ,35660      ,3,6,0,Sheffield,1,1,201600,0,0,0,0,0,0,0,0,0,0,0,0,0,0,0,0,0,0,0,0,0
202601,01,449000,117,    ,99990 ,00000 ,66068 ,142,13820, , ,35124      ,3,6,1,Shelby County Unincorporated Area,11,11,6492000,0,0,0,0,0,0,0,0,0,11,11,6492000,0,0,0,0,0,0,0,0,0
202601,01,451000,087,1568,70128 ,00000 ,383 ,194,12220, , ,36075      ,3,6,0,Shorter town,0,0,0,0,0,0,0,0,0,0,0,0,0,0,0,0,0,0,0,0,0,0,0,0
202601,01,453000,003,1580,70536 ,00000 ,1285 ,380,19300, , ,36576      ,3,6,1,Silverhill town,5,5,1724050,0,0,0,0,0,0,0,0,0,5,5,1724050,0,0,0,0,0,0,0,0,0
202601,01,456000,061,1585,71040 ,00000 ,1929 ,222,20020, , ,36375      ,3,6,0,Slocomb,0,0,0,0,0,0,0,0,0,0,0,0,0,0,0,0,0,0,0,0,0,0,0,0
202601,01,459000,043,1597,71900 ,00000 ,636 ,142,18980, , ,35179      ,3,6,0,South Vinemont town,0,0,0,0,0,0,0,0,0,0,0,0,0,0,0,0,0,0,0,0,0,0,0,0
202601,01,461000,055,1595,71832 ,00000 ,8867 ,999,23460,2, ,35907      ,3,6,1,Southside,6,6,1661852,0,0,0,0,0,0,0,0,0,6,6,1661852,0,0,0,0,0,0,0,0,0
202601,01,461500,003,1602,71976 ,00000 ,9460 ,380,19300, , ,36527      ,3,6,0,Spanish Fort,6,6,1874296,0,0,0,0,0,0,0,0,0,0,0,0,0,0,0,0,0,0,0,0,0
202601,01,462000,115,1610,72600 ,00000 ,4386 ,142,13820, , ,35146      ,3,6,0,Springville,6,6,1293945,0,0,0,0,0,0,0,0,0,0,0,0,0,0,0,0,0,0,0,0,0
202601,01,464000,077,1518,67536 ,00000 ,780 ,250,22520, , ,35630      ,3,6,1,St. Florian town,1,1,186380,0,0,0,0,0,0,0,0,0,1,1,186380,0,0,0,0,0,0,0,0,0
202601,01,470000,003,1635,73872 ,00000 ,1792 ,380,19300, , ,36580      ,3,6,1,Summerdale town,28,28,9595800,0,0,0,0,0,0,0,0,0,28,28,9595800,0,0,0,0,0,0,0,0,0
202601,01,474000,121,1645,74352 ,00000 ,11939 ,142,45180, ,2,35150      ,3,6,0,Sylacauga,0,0,0,0,0,0,0,0,0,0,0,0,0,0,0,0,0,0,0,0,0,0,0,0
202601,01,475000,073,1650,74424 ,00000 ,1482 ,142,13820, , ,35118      ,3,6,0,Sylvan Springs town,0,0,0,0,0,0,0,0,0,0,0,0,0,0,0,0,0,0,0,0,0,0,0,0
202601,01,477000,121,1655,74592 ,00000 ,15300 ,142,45180, ,2,35161      ,3,6,0,Talladega,0,0,0,0,0,0,0,0,0,0,0,0,0,0,0,0,0,0,0,0,0,0,0,0
202601,01,480000,123,    ,99990 ,00000 ,18659 ,194,10760,2, ,368531300  ,3,6,1,Tallapoosa County Unincorporated Area,13,13,8966819,0,0,0,0,0,0,0,0,0,13,13,8966819,0,0,0,0,0,0,0,0,0
202601,01,481000,051,1665,74688 ,00000 ,2897 ,388,33860,2, ,36078      ,3,6,0,Tallassee,0,0,0,0,0,0,0,0,0,0,0,0,0,0,0,0,0,0,0,0,0,0,0,0
202601,01,483000,073,1670,74976 ,00000 ,6081 ,142,13820, , ,35217      ,3,6,0,Tarrant,0,0,0,0,0,0,0,0,0,0,0,0,0,0,0,0,0,0,0,0,0,0,0,0
202601,01,484000,069,1672,75096 ,00000 ,2435 ,222,20020, , ,36301      ,3,6,0,Taylor,0,0,0,0,0,0,0,0,0,0,0,0,0,0,0,0,0,0,0,0,0,0,0,0
202601,01,486000,025,1680,75960 ,00000 ,3766 ,999,99999, , ,36784      ,3,6,0,Thomasville,1,1,170333,0,0,0,0,0,0,0,0,0,0,0,0,0,0,0,0,0,0,0,0,0
202601,01,487000,021,1685,76080 ,00000 ,2074 ,142,13820, , ,351710608  ,3,6,1,Thorsby,0,0,0,0,0,0,0,0,0,0,0,0,0,0,0,0,0,0,0,0,0,0,0,0
202601,01,490000,073,4910,76680 ,00000 ,604 ,142,13820, , ,35172      ,3,6,0,Trafford town,0,0,0,0,0,0,0,0,0,0,0,0,0,0,0,0,0,0,0,0,0,0,0,0
202601,01,491000,089,1702,76824 ,00000 ,1327 ,290,26620, , ,35756      ,3,6,0,Triana,9,9,2418130,0,0,0,0,0,0,0,0,0,0,0,0,0,0,0,0,0,0,0,0,0
202601,01,492000,103,1705,76872 ,00000 ,2464 ,290,19460,2, ,356736552  ,3,6,0,Trinity,1,1,298346,0,0,0,0,0,0,0,0,0,0,0,0,0,0,0,0,0,0,0,0,0
202601,01,493000,109,1710,76920 ,00000 ,18762 ,999,45980, ,2,36081      ,3,6,1,Troy,4,4,880000,0,0,0,0,0,0,0,0,0,4,4,880000,0,0,0,0,0,0,0,0,0
202601,01,494000,073,1715,76944 ,00000 ,22655 ,142,13820,2, ,35173      ,3,6,1,Trussville,5,5,2776381,0,0,0,0,0,0,0,0,0,5,5,2776381,0,0,0,0,0,0,0,0,0
202601,01,495000,125,4960,77256 ,00000 ,102819 ,999,46220,2,1,35403      ,3,6,0,Tuscaloosa,22,22,6308598,0,0,0,1,3,545691,1,6,922729,0,0,0,0,0,0,0,0,0,0,0,0
202601,01,497000,033,1725,77280 ,00000 ,8462 ,250,22520, , ,35674      ,3,6,0,Tuscumbia,2,2,274532,0,0,0,0,0,0,0,0,0,0,0,0,0,0,0,0,0,0,0,0,0
202601,01,498000,087,1730,77304 ,00000 ,8026 ,194,12220, , ,36083      ,3,6,0,Tuskegee,0,0,0,0,0,0,0,0,0,0,0,0,0,0,0,0,0,0,0,0,0,0,0,0
202601,01,500000,011,1735,77880 ,00000 ,3352 ,999,99999, , ,36089      ,3,6,0,Union Springs,0,0,0,0,0,0,0,0,0,0,0,0,0,0,0,0,0,0,0,0,0,0,0,0
202601,01,502000,105,1740,77904 ,00000 ,2150 ,999,99999, , ,36786      ,3,6,0,Uniontown,0,0,0,0,0,0,0,0,0,0,0,0,0,0,0,0,0,0,0,0,0,0,0,0
202601,01,503000,017,1743,78204 ,00000 ,9077 ,122,29300, , ,36854      ,3,6,1,Valley,0,0,0,0,0,0,0,0,0,0,0,0,0,0,0,0,0,0,0,0,0,0,0,0
202601,01,503500,047,1744,78232 ,00000 ,3468 ,388,42820, , ,36701      ,3,6,0,Valley Grande,0,0,0,0,0,0,0,0,0,0,0,0,0,0,0,0,0,0,0,0,0,0,0,0
202601,01,504000,049,1745,78240 ,00000 ,563 ,290,22840, , ,359890126  ,3,6,0,Valley Head town,0,0,0,0,0,0,0,0,0,0,0,0,0,0,0,0,0,0,0,0,0,0,0,0
202601,01,505000,125,1747,78264 ,00000 ,1752 ,999,46220,2, ,35490      ,3,6,0,Vance,1,1,153317,0,0,0,0,0,0,0,0,0,0,0,0,0,0,0,0,0,0,0,0,0
202601,01,506000,075,1750,78480 ,00000 ,1843 ,999,99999, , ,355920357  ,3,6,0,Vernon town,0,0,0,0,0,0,0,0,0,0,0,0,0,0,0,0,0,0,0,0,0,0,0,0
202601,01,507000,073,1755,78552 ,00000 ,34292 ,142,13820,2, ,352660854  ,3,6,1,Vestavia Hills,1,1,689383,0,0,0,0,0,0,0,0,0,1,1,689383,0,0,0,0,0,0,0,0,0
202601,01,510000,117,1765,79008 ,00000 ,2223 ,142,13820,2, ,35124      ,3,6,0,Vincent,1,1,363000,0,0,0,0,0,0,0,0,0,0,0,0,0,0,0,0,0,0,0,0,0
202601,01,513000,111,1775,79344 ,00000 ,710 ,999,99999, , ,36276      ,3,6,0,Wadley town,0,0,0,0,0,0,0,0,0,0,0,0,0,0,0,0,0,0,0,0,0,0,0,0
202601,01,517000,073,1785,79944 ,00000 ,3190 ,142,13820, , ,35180      ,3,6,0,Warrior,1,1,206802,0,0,0,0,0,0,0,0,0,0,0,0,0,0,0,0,0,0,0,0,0
202601,01,524000,111,1810,80496 ,00000 ,802 ,999,99999, , ,36278      ,3,6,0,Wedowee town,0,0,0,0,0,0,0,0,0,0,0,0,0,0,0,0,0,0,0,0,0,0,0,0
202601,01,526000,073,1817,81336 ,00000 ,415 ,142,13820, , ,351309479  ,3,6,1,West Jefferson town,0,0,0,0,0,0,0,0,0,0,0,0,0,0,0,0,0,0,0,0,0,0,0,0
202601,01,528000,117,1819,81504 ,00000 ,1769 ,142,13820, , ,35185      ,3,6,1,Westover,2,2,340000,0,0,0,0,0,0,0,0,0,2,2,340000,0,0,0,0,0,0,0,0,0
202601,01,529000,051,1825,81720 ,00000 ,8431 ,388,33860, , ,36092      ,3,6,1,Wetumpka,10,10,1786330,0,0,0,0,0,0,0,0,0,10,10,1786330,0,0,0,0,0,0,0,0,0
202601,01,533000,117,1830,82848 ,00000 ,2069 ,142,13820, , ,35124      ,3,6,1,Wilsonville town,1,1,273000,0,0,0,0,0,0,0,0,0,1,1,273000,0,0,0,0,0,0,0,0,0
202601,01,534000,117,1835,82872 ,00000 ,684 ,142,13820, , ,35124      ,3,6,0,Wilton town,1,1,410500,0,0,0,0,0,0,0,0,0,0,0,0,0,0,0,0,0,0,0,0,0
202601,01,536000,093,1840,82992 ,00000 ,3870 ,999,99999,2, ,355940579  ,3,6,1,Winfield,0,0,0,0,0,0,0,0,0,0,0,0,0,0,0,0,0,0,0,0,0,0,0,0
202601,01,541000,119,1850,84096 ,00000 ,2218 ,999,99999, , ,36925      ,3,6,0,York,0,0,0,0,0,0,0,0,0,0,0,0,0,0,0,0,0,0,0,0,0,0,0,0
202601,05,002100,125,0010,00580 ,00000 ,3340 ,340,30780,2, ,72002      ,3,7,1,Alexander,0,0,0,0,0,0,0,0,0,0,0,0,0,0,0,0,0,0,0,0,0,0,0,0
202601,05,005000,033,0025,00970 ,00000 ,5887 ,999,22900, , ,72921      ,3,7,1,Alma,0,0,0,0,0,0,0,0,0,0,0,0,0,0,0,0,0,0,0,0,0,0,0,0
202601,05,008000,069,0040,01150 ,00000 ,793 ,340,38220, , ,720041006  ,3,7,0,Altheimer,0,0,0,0,0,0,0,0,0,0,0,0,0,0,0,0,0,0,0,0,0,0,0,0
202601,05,009000,047,0045,01210 ,00000 ,729 ,999,99999, , ,72821      ,3,7,0,Altus,0,0,0,0,0,0,0,0,0,0,0,0,0,0,0,0,0,0,0,0,0,0,0,0
202601,05,013000,019,0065,01870 ,00000 ,10628 ,999,11660, ,2,71923      ,3,7,1,Arkadelphia,3,3,856600,0,0,0,0,0,0,0,0,0,3,3,856600,0,0,0,0,0,0,0,0,0
202601,05,014000,041,0070,01990 ,00000 ,310 ,999,99999, , ,71630      ,3,7,0,Arkansas City,0,0,0,0,0,0,0,0,0,0,0,0,0,0,0,0,0,0,0,0,0,0,0,0
202601,05,016000,135,0080,02470 ,00000 ,997 ,999,99999, , ,72513      ,3,7,0,Ash Flat,0,0,0,0,0,0,0,0,0,0,0,0,0,0,0,0,0,0,0,0,0,0,0,0
202601,05,017000,081,0075,02380 ,00000 ,4359 ,999,45500, , ,71822      ,3,7,0,Ashdown,0,0,0,0,0,0,0,0,0,0,0,0,0,0,0,0,0,0,0,0,0,0,0,0
202601,05,019000,115,0090,02590 ,00000 ,3042 ,999,40780, , ,72823      ,3,7,0,Atkins,0,0,0,0,0,0,0,0,0,0,0,0,0,0,0,0,0,0,0,0,0,0,0,0
202601,05,021000,147,0095,02740 ,00000 ,1929 ,999,99999, , ,720060502  ,3,7,0,Augusta,0,0,0,0,0,0,0,0,0,0,0,0,0,0,0,0,0,0,0,0,0,0,0,0
202601,05,022000,085,0100,02860 ,00000 ,4504 ,340,30780, , ,72007      ,3,7,1,Austin,1,1,360000,0,0,0,0,0,0,0,0,0,1,1,360000,0,0,0,0,0,0,0,0,0
202601,05,023000,007,0102,03040 ,00000 ,522 ,999,22220, , ,72711      ,3,7,0,Avoca town,2,2,915412,0,0,0,0,0,0,0,0,0,0,0,0,0,0,0,0,0,0,0,0,0
202601,05,024000,145,0105,03280 ,00000 ,2868 ,340,42620, , ,72010      ,3,7,1,Bald Knob,1,1,565314,0,0,0,0,0,0,0,0,0,1,1,565314,0,0,0,0,0,0,0,0,0
202601,05,026000,131,0115,03640 ,00000 ,5064 ,999,22900, , ,729230039  ,3,7,1,Barling,0,0,0,0,0,0,0,0,0,0,0,0,0,0,0,0,0,0,0,0,0,0,0,0
202601,05,028000,063,0125,04030 ,00000 ,10830 ,999,12900, ,2,72501      ,3,7,0,Batesville,0,0,0,0,0,0,0,0,0,1,5,250000,0,0,0,0,0,0,0,0,0,0,0,0
202601,05,029000,125,0131,04090 ,00000 ,555 ,340,30780, , ,72011      ,3,7,0,Bauxite town,5,5,1437942,0,0,0,0,0,0,0,0,0,0,0,0,0,0,0,0,0,0,0,0,0
202601,05,031000,031,0135,04180 ,00000 ,1816 ,308,27860, , ,72411      ,3,7,0,Bay,0,0,0,0,0,0,0,0,0,0,0,0,0,0,0,0,0,0,0,0,0,0,0,0
202601,05,032000,103,0140,04420 ,00000 ,850 ,999,15780, , ,71720      ,3,7,0,Bearden,0,0,0,0,0,0,0,0,0,0,0,0,0,0,0,0,0,0,0,0,0,0,0,0
202601,05,033000,015,0145,04540 ,00000 ,94 ,999,99999, , ,72613      ,3,7,0,Beaver town,0,0,0,0,0,0,0,0,0,0,0,0,0,0,0,0,0,0,0,0,0,0,0,0
202601,05,034000,145,0150,04600 ,00000 ,8205 ,340,42620, , ,72012      ,3,7,0,Beebe,6,6,951283,0,0,0,0,0,0,1,5,385417,0,0,0,0,0,0,0,0,0,0,0,0
202601,05,035500,007,0340,04840 ,00000 ,29423 ,999,22220, , ,72714      ,3,7,1,Bella Vista,57,57,21806000,0,0,0,0,0,0,0,0,0,57,57,21806000,0,0,0,0,0,0,0,0,0
202601,05,036000,009,0157,04900 ,00000 ,485 ,999,25460, , ,72601      ,3,7,0,Bellefonte town,0,0,0,0,0,0,0,0,0,0,0,0,0,0,0,0,0,0,0,0,0,0,0,0
202601,05,039000,125,0170,05290 ,00000 ,37214 ,340,30780, , ,72018      ,3,7,1,Benton,31,31,4902639,0,0,0,0,0,0,0,0,0,31,31,4902639,0,0,0,0,0,0,0,0,0
202601,05,040000,007,    ,99990 ,00000 ,47712 ,999,22220, , ,727125395  ,3,7,1,Benton County Unincorporated Area,34,34,14227797,0,0,0,0,0,0,0,0,0,34,34,14227797,0,0,0,0,0,0,0,0,0
202601,05,041000,007,0175,05320 ,00000 ,57537 ,999,22220, ,1,72712      ,3,7,1,Bentonville,13,13,9223187,0,0,0,0,0,0,6,108,19101405,13,13,9223187,0,0,0,0,0,0,6,108,19101405
202601,05,042000,009,0177,05440 ,00000 ,517 ,999,25460, , ,726150160  ,3,7,0,Bergman town,0,0,0,0,0,0,0,0,0,0,0,0,0,0,0,0,0,0,0,0,0,0,0,0
202601,05,043000,015,0180,05560 ,00000 ,5517 ,999,99999, , ,72616      ,3,7,0,Berryville,0,0,0,0,0,0,0,0,0,0,0,0,0,0,0,0,0,0,0,0,0,0,0,0
202601,05,051000,075,0210,06700 ,00000 ,590 ,999,99999, , ,72415      ,3,7,0,Black Rock,1,1,302641,0,0,0,0,0,0,0,0,0,0,0,0,0,0,0,0,0,0,0,0,0
202601,05,057000,093,0230,07330 ,00000 ,13216 ,999,14180, ,2,723153411  ,3,7,0,Blytheville,1,1,332429,0,0,0,0,0,0,0,0,0,0,0,0,0,0,0,0,0,0,0,0,0
202601,05,059000,131,0235,07540 ,00000 ,560 ,999,22900, , ,72916      ,3,7,0,Bonanza,0,0,0,0,0,0,0,0,0,0,0,0,0,0,0,0,0,0,0,0,0,0,0,0
202601,05,060000,031,0240,07630 ,00000 ,2595 ,308,27860, , ,72416      ,3,7,0,Bono,2,2,312251,0,0,0,0,0,0,0,0,0,0,0,0,0,0,0,0,0,0,0,0,0
202601,05,062000,083,0245,07720 ,00000 ,3764 ,999,99999, , ,72927      ,3,7,0,Booneville,0,0,0,0,0,0,0,0,0,0,0,0,0,0,0,0,0,0,0,0,0,0,0,0
202601,05,064000,073,0255,08290 ,00000 ,524 ,999,99999, , ,71826      ,3,7,0,Bradley,0,0,0,0,0,0,0,0,0,0,0,0,0,0,0,0,0,0,0,0,0,0,0,0
202601,05,065000,011,    ,99990 ,00000 ,4257 ,999,99999, , ,71671      ,3,7,0,Bradley County Unincorporated Area,0,0,0,0,0,0,0,0,0,0,0,0,0,0,0,0,0,0,0,0,0,0,0,0
202601,05,066800,005,0266,08665 ,00000 ,250 ,999,34260, , ,72653      ,3,7,0,Briarcliff,0,0,0,0,0,0,0,0,0,0,0,0,0,0,0,0,0,0,0,0,0,0,0,0
202601,05,067000,095,0270,08950 ,00000 ,2537 ,999,99999, , ,72021      ,3,7,0,Brinkley,0,0,0,0,0,0,0,0,0,0,0,0,0,0,0,0,0,0,0,0,0,0,0,0
202601,05,068000,031,0275,09100 ,00000 ,3863 ,308,27860, , ,724170007  ,3,7,1,Brookland,1,1,200000,0,0,0,0,0,0,0,0,0,1,1,200000,0,0,0,0,0,0,0,0,0
202601,05,069000,125,0280,09460 ,00000 ,21375 ,340,30780, , ,72022      ,3,7,1,Bryant,9,9,1620345,0,0,0,0,0,0,0,0,0,9,9,1620345,0,0,0,0,0,0,0,0,0
202601,05,071000,089,0290,09790 ,00000 ,1952 ,999,99999, , ,72619      ,3,7,0,Bull Shoals,0,0,0,0,0,0,0,0,0,0,0,0,0,0,0,0,0,0,0,0,0,0,0,0
202601,05,073000,085,0300,10300 ,00000 ,26466 ,340,30780, , ,72023      ,3,7,1,Cabot,26,26,5534100,0,0,0,0,0,0,0,0,0,26,26,5534100,0,0,0,0,0,0,0,0,0
202601,05,074000,019,0301,10360 ,00000 ,635 ,999,11660, , ,719239645  ,3,7,0,Caddo Valley town,0,0,0,0,0,0,0,0,0,0,0,0,0,0,0,0,0,0,0,0,0,0,0,0
202601,05,075000,123,0302,10450 ,00000 ,458 ,368,22620, , ,72322      ,3,7,0,Caldwell town,0,0,0,0,0,0,0,0,0,0,0,0,0,0,0,0,0,0,0,0,0,0,0,0
202601,05,080000,103,0315,10720 ,00000 ,10638 ,999,15780, ,2,717014016  ,3,7,0,Camden,0,0,0,0,0,0,0,0,0,0,0,0,0,0,0,0,0,0,0,0,0,0,0,0
202601,05,081000,119,0320,10780 ,00000 ,712 ,340,30780, , ,72207      ,3,7,0,Cammack Village,0,0,0,0,0,0,0,0,0,0,0,0,0,0,0,0,0,0,0,0,0,0,0,0
202601,05,083000,031,0330,11410 ,00000 ,1288 ,308,27860, , ,72419      ,3,7,0,Caraway,1,1,287588,0,0,0,0,0,0,0,0,0,0,0,0,0,0,0,0,0,0,0,0,0
202601,05,084000,085,0335,11500 ,00000 ,2154 ,340,30780, , ,72024      ,3,7,0,Carlisle,0,0,0,0,0,0,0,0,0,0,0,0,0,0,0,0,0,0,0,0,0,0,0,0
202601,05,087000,105,0345,11890 ,00000 ,169 ,340,30780, , ,72025      ,3,7,0,Casa town,0,0,0,0,0,0,0,0,0,0,0,0,0,0,0,0,0,0,0,0,0,0,0,0
202601,05,088000,031,0350,11920 ,00000 ,359 ,308,27860, , ,72421      ,3,7,0,Cash town,0,0,0,0,0,0,0,0,0,0,0,0,0,0,0,0,0,0,0,0,0,0,0,0
202601,05,092000,007,0360,12340 ,00000 ,5737 ,999,22220, , ,72718      ,3,7,0,Cave Springs,4,4,1449758,0,0,0,0,0,0,0,0,0,0,0,0,0,0,0,0,0,0,0,0,0
202601,05,093000,007,0375,12820 ,00000 ,17736 ,999,22220, , ,72719      ,3,7,1,Centerton,25,25,8134524,0,0,0,0,0,0,0,0,0,25,25,8134524,0,0,0,0,0,0,0,0,0
202601,05,095000,047,0380,13300 ,00000 ,2500 ,999,99999, , ,72933      ,3,7,0,Charleston,1,1,190645,0,0,0,0,0,0,0,0,0,0,0,0,0,0,0,0,0,0,0,0,0
202601,05,095500,135,0384,13450 ,00000 ,3824 ,999,99999,2, ,72525      ,3,7,0,Cherokee Village,1,1,202929,0,0,0,0,0,0,0,0,0,0,0,0,0,0,0,0,0,0,0,0,0
202601,05,096000,037,0385,13540 ,00000 ,572 ,999,99999, , ,72324      ,3,7,1,Cherry Valley,0,0,0,0,0,0,0,0,0,0,0,0,0,0,0,0,0,0,0,0,0,0,0,0
202601,05,100000,095,0400,13990 ,00000 ,1333 ,999,99999, , ,72029      ,3,7,0,Clarendon,0,0,0,0,0,0,0,0,0,0,0,0,0,0,0,0,0,0,0,0,0,0,0,0
202601,05,102000,071,0405,14140 ,00000 ,9721 ,999,99999, , ,72830      ,3,7,0,Clarksville,0,0,0,0,0,0,0,0,0,0,0,0,0,0,0,0,0,0,0,0,0,0,0,0
202601,05,106000,141,0415,14260 ,00000 ,2506 ,999,99999, , ,72031      ,3,7,0,Clinton,0,0,0,0,0,0,0,0,0,0,0,0,0,0,0,0,0,0,0,0,0,0,0,0
202601,05,107000,071,0420,14500 ,00000 ,1003 ,999,99999, , ,72832      ,3,7,0,Coal Hill,0,0,0,0,0,0,0,0,0,0,0,0,0,0,0,0,0,0,0,0,0,0,0,0
202601,05,112000,045,0440,15190 ,00000 ,68100 ,340,30780, ,1,72032      ,3,7,1,Conway,2,2,1169975,1,2,150000,0,0,0,0,0,0,2,2,1169975,1,2,150000,0,0,0,0,0,0
202601,05,115000,021,0445,15460 ,00000 ,3019 ,999,99999, , ,72422      ,3,7,0,Corning,0,0,0,0,0,0,0,0,0,0,0,0,0,0,0,0,0,0,0,0,0,0,0,0
202601,05,116000,005,0450,15490 ,00000 ,956 ,999,34260, , ,72626      ,3,7,1,Cotter,1,1,70000,0,0,0,0,0,0,0,0,0,1,1,70000,0,0,0,0,0,0,0,0,0
202601,05,123000,035,    ,99990 ,00000 ,6186 ,368,32820, , ,72364      ,3,7,0,Crittenden County Unincorporated Area,1,1,233121,0,0,0,0,0,0,0,0,0,0,0,0,0,0,0,0,0,0,0,0,0
202601,05,125000,003,0475,16240 ,00000 ,4701 ,999,99999, , ,71635      ,3,7,0,Crossett,0,0,0,0,0,0,0,0,0,0,0,0,0,0,0,0,0,0,0,0,0,0,0,0
202601,05,130000,141,0492,17290 ,00000 ,244 ,999,99999,2, ,72039      ,3,7,0,Damascus town,0,0,0,0,0,0,0,0,0,0,0,0,0,0,0,0,0,0,0,0,0,0,0,0
202601,05,131000,149,0495,17320 ,00000 ,2365 ,999,40780, , ,72833      ,3,7,0,Danville,0,0,0,0,0,0,0,0,0,0,0,0,0,0,0,0,0,0,0,0,0,0,0,0
202601,05,132000,149,0500,17380 ,00000 ,4498 ,999,40780, , ,72834      ,3,7,1,Dardanelle,1,1,185000,0,0,0,0,0,0,0,0,0,1,1,185000,0,0,0,0,0,0,0,0,0
202601,05,134000,133,1240,18490 ,00000 ,6406 ,999,99999, , ,71832      ,3,7,0,De Queen,0,0,0,0,0,0,0,0,0,0,0,0,0,0,0,0,0,0,0,0,0,0,0,0
202601,05,135000,117,0555,18640 ,00000 ,548 ,999,99999, , ,720410297  ,3,7,0,De Valls Bluff,0,0,0,0,0,0,0,0,0,0,0,0,0,0,0,0,0,0,0,0,0,0,0,0
202601,05,136000,001,0560,18790 ,00000 ,2970 ,999,99999, , ,72042      ,3,7,0,DeWitt,0,0,0,0,0,0,0,0,0,0,0,0,0,0,0,0,0,0,0,0,0,0,0,0
202601,05,137000,007,0510,17740 ,00000 ,1790 ,999,22220, , ,72722      ,3,7,0,Decatur,5,5,871461,0,0,0,0,0,0,0,0,0,0,0,0,0,0,0,0,0,0,0,0,0
202601,05,140000,093,0530,18160 ,00000 ,184 ,999,14180, , ,72426      ,3,7,0,Dell town,0,0,0,0,0,0,0,0,0,0,0,0,0,0,0,0,0,0,0,0,0,0,0,0
202601,05,142000,017,0545,18520 ,00000 ,2422 ,999,99999, , ,71638      ,3,7,0,Dermott,0,0,0,0,0,0,0,0,0,0,0,0,0,0,0,0,0,0,0,0,0,0,0,0
202601,05,143000,117,0550,18550 ,00000 ,1567 ,999,99999, , ,72040      ,3,7,0,Des Arc,0,0,0,0,0,0,0,0,0,0,0,0,0,0,0,0,0,0,0,0,0,0,0,0
202601,05,145000,009,0563,18850 ,00000 ,801 ,999,25460, , ,72630      ,3,7,0,Diamond City,2,2,203572,0,0,0,0,0,0,0,0,0,0,0,0,0,0,0,0,0,0,0,0,0
202601,05,146000,067,0565,18940 ,00000 ,1208 ,999,99999, , ,72043      ,3,7,0,Diaz,0,0,0,0,0,0,0,0,0,0,0,0,0,0,0,0,0,0,0,0,0,0,0,0
202601,05,148000,115,0575,19600 ,00000 ,1445 ,999,40780, , ,72837      ,3,7,0,Dover,0,0,0,0,0,0,0,0,0,0,0,0,0,0,0,0,0,0,0,0,0,0,0,0
202601,05,150000,041,0585,19990 ,00000 ,3959 ,999,99999, , ,716392226  ,3,7,0,Dumas,0,0,0,0,0,0,0,0,0,0,0,0,0,0,0,0,0,0,0,0,0,0,0,0
202601,05,151000,033,0590,20200 ,00000 ,893 ,999,22900, , ,72935      ,3,7,0,Dyer,0,0,0,0,0,0,0,0,0,0,0,0,0,0,0,0,0,0,0,0,0,0,0,0
202601,05,153000,035,0600,20320 ,00000 ,2164 ,368,32820, , ,72331      ,3,7,0,Earle,0,0,0,0,0,0,0,0,0,0,0,0,0,0,0,0,0,0,0,0,0,0,0,0
202601,05,154000,103,0603,20440 ,00000 ,809 ,999,15780, , ,71711      ,3,7,0,East Camden town,0,0,0,0,0,0,0,0,0,0,0,0,0,0,0,0,0,0,0,0,0,0,0,0
202601,05,155000,035,0605,20830 ,00000 ,378 ,368,32820, , ,72332      ,3,7,0,Edmondson town,0,0,0,0,0,0,0,0,0,0,0,0,0,0,0,0,0,0,0,0,0,0,0,0
202601,05,157000,139,0615,21070 ,00000 ,17402 ,999,20980, ,2,71730      ,3,7,0,El Dorado,1,1,174800,0,0,0,0,0,0,0,0,0,0,0,0,0,0,0,0,0,0,0,0,0
202601,05,158000,107,0610,20950 ,00000 ,481 ,999,99999, , ,72333      ,3,7,0,Elaine,0,0,0,0,0,0,0,0,0,0,0,0,0,0,0,0,0,0,0,0,0,0,0,0
202601,05,159000,143,0617,21190 ,00000 ,3664 ,999,22220, , ,727279261  ,3,7,1,Elkins,2,2,498815,0,0,0,0,0,0,0,0,0,2,2,498815,0,0,0,0,0,0,0,0,0
202601,05,160000,143,0620,21430 ,00000 ,2418 ,999,22220,2, ,72728      ,3,7,0,Elm Springs,0,0,0,0,0,0,0,0,0,0,0,0,0,0,0,0,0,0,0,0,0,0,0,0
202601,05,163000,099,0630,21610 ,00000 ,427 ,999,99999,2, ,71835      ,3,7,0,Emmet,0,0,0,0,0,0,0,0,0,0,0,0,0,0,0,0,0,0,0,0,0,0,0,0
202601,05,164000,085,0635,21730 ,00000 ,2659 ,340,30780, , ,72046      ,3,7,0,England,0,0,0,0,0,0,0,0,0,0,0,0,0,0,0,0,0,0,0,0,0,0,0,0
202601,05,166000,017,0645,22180 ,00000 ,1869 ,999,99999, , ,71640      ,3,7,0,Eudora,0,0,0,0,0,0,0,0,0,0,0,0,0,0,0,0,0,0,0,0,0,0,0,0
202601,05,167000,015,0650,22240 ,00000 ,2084 ,999,99999, , ,726323639  ,3,7,0,Eureka Springs,1,1,304500,0,0,0,0,0,0,0,0,0,0,0,0,0,0,0,0,0,0,0,0,0
202601,05,168000,135,0655,22360 ,00000 ,442 ,999,99999, , ,72532      ,3,7,0,Evening Shade,0,0,0,0,0,0,0,0,0,0,0,0,0,0,0,0,0,0,0,0,0,0,0,0
202601,05,169500,141,0661,22660 ,00000 ,165 ,999,99999,2, ,72088      ,3,7,1,Fairfield Bay,0,0,0,0,0,0,0,0,0,0,0,0,0,0,0,0,0,0,0,0,0,0,0,0
202601,05,171000,143,0665,23170 ,00000 ,7569 ,999,22220, , ,72730      ,3,7,1,Farmington,32,32,13533000,0,0,0,0,0,0,0,0,0,32,32,13533000,0,0,0,0,0,0,0,0,0
202601,05,173000,143,0670,23290 ,00000 ,89576 ,999,22220, ,1,72701      ,3,7,1,Fayetteville,50,50,17961728,0,0,0,0,0,0,10,324,58832898,50,50,17961728,0,0,0,0,0,0,10,324,58832898
202601,05,177000,089,0680,24010 ,00000 ,1316 ,999,99999, , ,72634      ,3,7,0,Flippin,0,0,0,0,0,0,0,0,0,0,0,0,0,0,0,0,0,0,0,0,0,0,0,0
202601,05,178000,039,0685,24220 ,00000 ,3589 ,999,99999, , ,71742      ,3,7,0,Fordyce,0,0,0,0,0,0,0,0,0,0,0,0,0,0,0,0,0,0,0,0,0,0,0,0
202601,05,179000,081,0687,24250 ,00000 ,922 ,999,45500, , ,71836      ,3,7,0,Foreman,0,0,0,0,0,0,0,0,0,0,0,0,0,0,0,0,0,0,0,0,0,0,0,0
202601,05,180000,123,0695,24430 ,00000 ,13654 ,368,22620, ,2,72335      ,3,7,1,Forrest City,3,3,0,3,6,540000,0,0,0,0,0,0,3,3,0,3,6,540000,0,0,0,0,0,0
202601,05,181000,131,1660,24550 ,00000 ,87764 ,999,22900, ,1,72902      ,3,7,1,Fort Smith,6,6,1079080,10,20,2559880,0,0,0,0,0,0,6,6,1079080,10,20,2559880,0,0,0,0,0,0
202601,05,191000,007,0745,25750 ,00000 ,597 ,999,22220, , ,727320131  ,3,7,0,Garfield,1,1,371250,0,0,0,0,0,0,0,0,0,0,0,0,0,0,0,0,0,0,0,0,0
202601,05,195000,005,0755,26050 ,00000 ,2173 ,999,34260, , ,72635      ,3,7,0,Gassville,0,0,0,0,0,0,0,0,0,0,0,0,0,0,0,0,0,0,0,0,0,0,0,0
202601,05,197000,007,0765,26290 ,00000 ,4240 ,999,22220, , ,72734      ,3,7,0,Gentry,3,3,372009,0,0,0,0,0,0,2,10,562500,0,0,0,0,0,0,0,0,0,0,0,0
202601,05,200000,001,0780,26980 ,00000 ,689 ,999,99999, , ,72055      ,3,7,0,Gillett,0,0,0,0,0,0,0,0,0,0,0,0,0,0,0,0,0,0,0,0,0,0,0,0
202601,05,204000,143,0796,27670 ,00000 ,1985 ,999,22220, , ,72735      ,3,7,1,Goshen,1,1,1890700,0,0,0,0,0,0,0,0,0,1,1,1890700,0,0,0,0,0,0,0,0,0
202601,05,205000,093,0797,27700 ,00000 ,3066 ,999,14180, , ,72316      ,3,7,0,Gosnell,0,0,0,0,0,0,0,0,0,0,0,0,0,0,0,0,0,0,0,0,0,0,0,0
202601,05,206000,079,0800,27730 ,00000 ,719 ,999,99999, , ,71643      ,3,7,0,Gould,0,0,0,0,0,0,0,0,0,0,0,0,0,0,0,0,0,0,0,0,0,0,0,0
202601,05,207000,079,0805,27790 ,00000 ,390 ,999,99999, , ,71644      ,3,7,0,Grady,0,0,0,0,0,0,0,0,0,0,0,0,0,0,0,0,0,0,0,0,0,0,0,0
202601,05,208000,113,0810,27970 ,00000 ,566 ,999,99999, , ,71944      ,3,7,0,Grannis,0,0,0,0,0,0,0,0,0,0,0,0,0,0,0,0,0,0,0,0,0,0,0,0
202601,05,210000,007,1930,28360 ,00000 ,3612 ,999,22220, , ,727368753  ,3,7,0,Gravette,2,2,413844,0,0,0,0,0,0,0,0,0,0,0,0,0,0,0,0,0,0,0,0,0
202601,05,211000,015,0830,28600 ,00000 ,2934 ,999,99999, , ,72638      ,3,7,1,Green Forest,0,0,0,0,0,0,0,0,0,0,0,0,0,0,0,0,0,0,0,0,0,0,0,0
202601,05,212000,045,0825,28510 ,00000 ,5782 ,340,30780, , ,72058      ,3,7,1,Greenbrier,2,2,945000,0,0,0,0,0,0,0,0,0,2,2,945000,0,0,0,0,0,0,0,0,0
202601,05,214000,143,0835,28660 ,00000 ,1397 ,999,22220, , ,727370067  ,3,7,0,Greenland,0,0,0,0,0,0,0,0,0,0,0,0,0,0,0,0,0,0,0,0,0,0,0,0
202601,05,216000,131,0845,28780 ,00000 ,9396 ,999,22900, , ,72936      ,3,7,1,Greenwood,1,1,490715,0,0,0,0,0,0,0,0,0,1,1,490715,0,0,0,0,0,0,0,0,0
202601,05,222000,019,0865,29200 ,00000 ,2066 ,999,11660, , ,71743      ,3,7,0,Gurdon,0,0,0,0,0,0,0,0,0,0,0,0,0,0,0,0,0,0,0,0,0,0,0,0
202601,05,223000,045,0867,29230 ,00000 ,792 ,340,30780, , ,72061      ,3,7,0,Guy,1,1,285508,0,0,0,0,0,0,0,0,0,0,0,0,0,0,0,0,0,0,0,0,0
202601,05,224000,131,0870,29290 ,00000 ,837 ,999,22900, , ,72937      ,3,7,1,Hackett,0,0,0,0,0,0,0,0,0,0,0,0,0,0,0,0,0,0,0,0,0,0,0,0
202601,05,225000,003,0880,29500 ,00000 ,2545 ,999,99999, , ,71646      ,3,7,0,Hamburg,0,0,0,0,0,0,0,0,0,0,0,0,0,0,0,0,0,0,0,0,0,0,0,0
202601,05,226000,013,0885,29650 ,00000 ,1238 ,999,15780, , ,71744      ,3,7,0,Hampton,0,0,0,0,0,0,0,0,0,0,0,0,0,0,0,0,0,0,0,0,0,0,0,0
202601,05,227000,135,0890,29920 ,00000 ,719 ,999,99999,2, ,72542      ,3,7,0,Hardy,0,0,0,0,0,0,0,0,0,0,0,0,0,0,0,0,0,0,0,0,0,0,0,0
202601,05,229000,111,0900,30400 ,00000 ,2289 ,308,27860, , ,72432      ,3,7,0,Harrisburg,1,1,139286,0,0,0,0,0,0,0,0,0,0,0,0,0,0,0,0,0,0,0,0,0
202601,05,230000,009,0905,30460 ,00000 ,13139 ,999,25460, ,2,72601      ,3,7,0,Harrison,0,0,0,0,0,0,0,0,0,1,8,888889,0,0,0,0,0,0,0,0,0,0,0,0
202601,05,233000,125,0920,30640 ,00000 ,4639 ,340,30780, , ,72015      ,3,7,1,Haskell,0,0,0,0,0,0,0,0,0,0,0,0,0,0,0,0,0,0,0,0,0,0,0,0
202601,05,234000,113,0925,30700 ,00000 ,378 ,999,99999, , ,71945      ,3,7,0,Hatfield town,0,0,0,0,0,0,0,0,0,0,0,0,0,0,0,0,0,0,0,0,0,0,0,0
202601,05,237000,117,0935,30940 ,00000 ,1330 ,999,99999, , ,72064      ,3,7,0,Hazen,0,0,0,0,0,0,0,0,0,0,0,0,0,0,0,0,0,0,0,0,0,0,0,0
202601,05,238000,023,0940,31090 ,00000 ,6906 ,999,99999, , ,72543      ,3,7,0,Heber Springs,1,1,441015,0,0,0,0,0,0,0,0,0,0,0,0,0,0,0,0,0,0,0,0,0
202601,05,240000,107,0946,31190 ,00000 ,10032 ,999,99999, , ,723420248  ,3,7,1,Helena-West Helena,0,0,0,0,0,0,0,0,0,0,0,0,0,0,0,0,0,0,0,0,0,0,0,0
202601,05,241000,057,    ,99990 ,00000 ,10522 ,999,99999, , ,718011801  ,3,7,0,Hempstead County Unincorporated Area,0,0,0,0,0,0,0,0,0,0,0,0,0,0,0,0,0,0,0,0,0,0,0,0
202601,05,242000,011,0950,31540 ,00000 ,763 ,999,99999, , ,716470120  ,3,7,0,Hermitage,0,0,0,0,0,0,0,0,0,0,0,0,0,0,0,0,0,0,0,0,0,0,0,0
202601,05,243000,037,0955,31900 ,00000 ,233 ,999,99999, , ,72347      ,3,7,0,Hickory Ridge,0,0,0,0,0,0,0,0,0,0,0,0,0,0,0,0,0,0,0,0,0,0,0,0
202601,05,245000,145,0965,32140 ,00000 ,743 ,340,42620, , ,72068      ,3,7,0,Higginson town,1,1,125000,0,0,0,0,0,0,0,0,0,0,0,0,0,0,0,0,0,0,0,0,0
202601,05,246000,007,0966,32200 ,00000 ,916 ,999,22220, , ,72734      ,3,7,1,Highfill town,0,0,0,0,0,0,0,0,0,0,0,0,0,0,0,0,0,0,0,0,0,0,0,0
202601,05,246500,135,0967,32257 ,00000 ,1105 ,999,99999, , ,725429471  ,3,7,0,Highland,0,0,0,0,0,0,0,0,0,0,0,0,0,0,0,0,0,0,0,0,0,0,0,0
202601,05,247700,015,    ,32650 ,00000 , ,999,99999, , ,72631      ,3,7,0,Holiday Island town,0,0,0,0,0,0,0,0,0,0,0,0,0,0,0,0,0,0,0,0,0,0,0,0
202601,05,247900,045,    ,32710 ,00000 ,586 ,340,30780, , ,72173      ,3,7,0,Holland,0,0,0,0,0,0,0,0,0,0,0,0,0,0,0,0,0,0,0,0,0,0,0,0
202601,05,248000,095,0970,32800 ,00000 ,520 ,999,99999, , ,72069      ,3,7,0,Holly Grove,0,0,0,0,0,0,0,0,0,0,0,0,0,0,0,0,0,0,0,0,0,0,0,0
202601,05,249000,057,0975,33190 ,00000 ,9438 ,999,99999, , ,71801      ,3,7,0,Hope,0,0,0,0,0,0,0,0,0,0,0,0,0,0,0,0,0,0,0,0,0,0,0,0
202601,05,250000,133,2350,33310 ,00000 ,1011 ,999,99999, , ,71842      ,3,7,0,Horatio,0,0,0,0,0,0,0,0,0,0,0,0,0,0,0,0,0,0,0,0,0,0,0,0
202601,05,252000,065,0983,33370 ,00000 ,2088 ,999,99999,2, ,725123520  ,3,7,1,Horseshoe Bend,0,0,0,0,0,0,0,0,0,0,0,0,0,0,0,0,0,0,0,0,0,0,0,0
202601,05,254000,035,0984,33375 ,00000 ,270 ,368,32820, , ,72348      ,3,7,0,Horseshoe Lake town,0,0,0,0,0,0,0,0,0,0,0,0,0,0,0,0,0,0,0,0,0,0,0,0
202601,05,256000,051,0985,33400 ,00000 ,38939 ,284,26300, ,1,719010700  ,3,7,1,Hot Springs,4,4,3083888,0,0,0,0,0,0,0,0,0,4,4,3083888,0,0,0,0,0,0,0,0,0
202601,05,259000,075,1000,33580 ,00000 ,2579 ,999,99999, , ,72433      ,3,7,0,Hoxie,0,0,0,0,0,0,0,0,0,0,0,0,0,0,0,0,0,0,0,0,0,0,0,0
202601,05,260000,123,1005,33760 ,00000 ,1200 ,368,22620, , ,72348      ,3,7,0,Hughes,0,0,0,0,0,0,0,0,0,0,0,0,0,0,0,0,0,0,0,0,0,0,0,0
202601,05,261000,085,1010,33820 ,00000 ,271 ,340,30780, , ,72072      ,3,7,0,Humnoke,0,0,0,0,0,0,0,0,0,0,0,0,0,0,0,0,0,0,0,0,0,0,0,0
202601,05,262000,001,1015,33850 ,00000 ,237 ,999,99999,2, ,72073      ,3,7,0,Humphrey,0,0,0,0,0,0,0,0,0,0,0,0,0,0,0,0,0,0,0,0,0,0,0,0
202601,05,265000,131,1025,33940 ,00000 ,615 ,999,22900, , ,729402940  ,3,7,0,Huntington,0,0,0,0,0,0,0,0,0,0,0,0,0,0,0,0,0,0,0,0,0,0,0,0
202601,05,266000,087,1030,33970 ,00000 ,2599 ,999,22220, , ,72740      ,3,7,1,Huntsville,5,5,1295000,0,0,0,0,0,0,0,0,0,5,5,1295000,0,0,0,0,0,0,0,0,0
202601,05,267000,139,1035,34090 ,00000 ,526 ,999,20980, , ,71747      ,3,7,0,Huttig,0,0,0,0,0,0,0,0,0,0,0,0,0,0,0,0,0,0,0,0,0,0,0,0
202601,05,268000,075,1040,34150 ,00000 ,617 ,999,99999, , ,72434      ,3,7,0,Imboden town,0,0,0,0,0,0,0,0,0,0,0,0,0,0,0,0,0,0,0,0,0,0,0,0
202601,05,272000,067,1042,34720 ,00000 ,199 ,999,99999, , ,72075      ,3,7,0,Jacksonport town,0,0,0,0,0,0,0,0,0,0,0,0,0,0,0,0,0,0,0,0,0,0,0,0
202601,05,273000,119,1045,34750 ,00000 ,28361 ,340,30780, , ,72076      ,3,7,1,Jacksonville,7,7,1320000,0,0,0,0,0,0,0,0,0,7,7,1320000,0,0,0,0,0,0,0,0,0
202601,05,274000,101,1055,34900 ,00000 ,479 ,999,25460, , ,72641      ,3,7,0,Jasper,0,0,0,0,0,0,0,0,0,0,0,0,0,0,0,0,0,0,0,0,0,0,0,0
202601,05,279000,143,1063,35500 ,00000 ,3771 ,999,22220, , ,727410563  ,3,7,1,Johnson,0,0,0,0,0,0,0,0,0,0,0,0,0,0,0,0,0,0,0,0,0,0,0,0
202601,05,282000,031,1070,35710 ,00000 ,79859 ,308,27860, ,1,724012950  ,3,7,0,Jonesboro,36,36,5947698,3,6,412712,3,10,518313,2,10,567445,0,0,0,0,0,0,0,0,0,0,0,0
202601,05,283000,145,1080,36040 ,00000 ,1992 ,340,42620, , ,72081      ,3,7,0,Judsonia,0,0,0,0,0,0,0,0,0,0,0,0,0,0,0,0,0,0,0,0,0,0,0,0
202601,05,284000,139,1085,36130 ,00000 ,520 ,999,20980, , ,71749      ,3,7,0,Junction City,0,0,0,0,0,0,0,0,0,0,0,0,0,0,0,0,0,0,0,0,0,0,0,0
202601,05,285000,093,1090,36310 ,00000 ,663 ,999,14180, , ,72351      ,3,7,0,Keiser,0,0,0,0,0,0,0,0,0,0,0,0,0,0,0,0,0,0,0,0,0,0,0,0
202601,05,286000,145,1100,36430 ,00000 ,1615 ,340,42620, , ,720820305  ,3,7,0,Kensett,0,0,0,0,0,0,0,0,0,0,0,0,0,0,0,0,0,0,0,0,0,0,0,0
202601,05,287000,085,1105,36550 ,00000 ,248 ,340,30780, , ,72083      ,3,7,0,Keo town,0,0,0,0,0,0,0,0,0,0,0,0,0,0,0,0,0,0,0,0,0,0,0,0
202601,05,289000,025,1110,36880 ,00000 ,404 ,340,38220, , ,71652      ,3,7,0,Kingsland,0,0,0,0,0,0,0,0,0,0,0,0,0,0,0,0,0,0,0,0,0,0,0,0
202601,05,295000,031,1125,37780 ,00000 ,2735 ,308,27860, , ,724370660  ,3,7,0,Lake City,4,4,400000,0,0,0,0,0,0,0,0,0,0,0,0,0,0,0,0,0,0,0,0,0
202601,05,297000,017,1140,38170 ,00000 ,2151 ,999,99999, , ,71653      ,3,7,0,Lake Village,0,0,0,0,0,0,0,0,0,0,0,0,0,0,0,0,0,0,0,0,0,0,0,0
202601,05,298000,005,1136,38050 ,00000 ,724 ,999,34260, , ,72642      ,3,7,0,Lakeview,0,0,0,0,0,0,0,0,0,0,0,0,0,0,0,0,0,0,0,0,0,0,0,0
202601,05,299000,071,1145,38290 ,00000 ,1729 ,999,99999, , ,72846      ,3,7,0,Lamar,1,1,209076,0,0,0,0,0,0,0,0,0,0,0,0,0,0,0,0,0,0,0,0,0
202601,05,300000,131,1150,38890 ,00000 ,2439 ,999,22900, , ,729410003  ,3,7,1,Lavaca,0,0,0,0,0,0,0,0,0,0,0,0,0,0,0,0,0,0,0,0,0,0,0,0
202601,05,306000,111,1170,39370 ,00000 ,1796 ,308,27860, , ,72354      ,3,7,0,Lepanto,0,0,0,0,0,0,0,0,0,0,0,0,0,0,0,0,0,0,0,0,0,0,0,0
202601,05,308000,145,1180,39520 ,00000 ,244 ,340,42620, , ,72085      ,3,7,0,Letona town,0,0,0,0,0,0,0,0,0,0,0,0,0,0,0,0,0,0,0,0,0,0,0,0
202601,05,311000,143,1190,39970 ,00000 ,2473 ,999,22220, , ,72744      ,3,7,1,Lincoln,2,2,286000,0,0,0,0,0,0,0,0,0,2,2,286000,0,0,0,0,0,0,0,0,0
202601,05,313000,007,1192,40120 ,00000 ,2812 ,999,22220, , ,727567029  ,3,7,1,Little Flock,0,0,0,0,0,0,0,0,0,0,0,0,0,0,0,0,0,0,0,0,0,0,0,0
202601,05,315000,119,1195,41000 ,00000 ,197866 ,340,30780, ,1,722051303  ,3,7,1,Little Rock,43,43,17156800,0,0,0,0,0,0,0,0,0,43,43,17156800,0,0,0,0,0,0,0,0,0
202601,05,316000,133,1200,41090 ,00000 ,710 ,999,99999, , ,71846      ,3,7,0,Lockesburg,0,0,0,0,0,0,0,0,0,0,0,0,0,0,0,0,0,0,0,0,0,0,0,0
202601,05,318000,115,1205,41270 ,00000 ,1063 ,999,40780, , ,72847      ,3,7,1,London,0,0,0,0,0,0,0,0,0,0,0,0,0,0,0,0,0,0,0,0,0,0,0,0
202601,05,319000,085,1210,41420 ,00000 ,4162 ,340,30780, , ,720862701  ,3,7,1,Lonoke,0,0,0,0,0,0,0,0,0,0,0,0,0,0,0,0,0,0,0,0,0,0,0,0
202601,05,323000,007,1225,41720 ,00000 ,9876 ,999,22220, , ,72745      ,3,7,0,Lowell,14,14,5103141,2,4,537514,0,0,0,0,0,0,0,0,0,0,0,0,0,0,0,0,0,0
202601,05,324000,093,1230,42170 ,00000 ,1007 ,999,14180, , ,72358      ,3,7,0,Luxora,0,0,0,0,0,0,0,0,0,0,0,0,0,0,0,0,0,0,0,0,0,0,0,0
202601,05,326000,123,1270,43280 ,00000 ,678 ,368,22620, , ,72359      ,3,7,1,Madison,0,0,0,0,0,0,0,0,0,0,0,0,0,0,0,0,0,0,0,0,0,0,0,0
202601,05,328000,083,1275,43310 ,00000 ,824 ,999,99999, , ,72943      ,3,7,0,Magazine,0,0,0,0,0,0,0,0,0,0,0,0,0,0,0,0,0,0,0,0,0,0,0,0
202601,05,329000,063,1280,43370 ,00000 ,208 ,999,12900, , ,72553      ,3,7,0,Magness town,0,0,0,0,0,0,0,0,0,0,0,0,0,0,0,0,0,0,0,0,0,0,0,0
202601,05,330000,027,1285,43460 ,00000 ,11443 ,999,31620, ,2,71754      ,3,7,0,Magnolia,1,1,111000,0,0,0,0,0,0,0,0,0,0,0,0,0,0,0,0,0,0,0,0,0
202601,05,331000,059,1290,43610 ,00000 ,10788 ,284,31680, ,2,72104      ,3,7,1,Malvern,0,0,0,0,0,0,0,0,0,0,0,0,0,0,0,0,0,0,0,0,0,0,0,0
202601,05,332000,049,1295,43670 ,00000 ,940 ,999,99999, , ,72554      ,3,7,0,Mammoth Spring,0,0,0,0,0,0,0,0,0,0,0,0,0,0,0,0,0,0,0,0,0,0,0,0
202601,05,333000,093,1300,43820 ,00000 ,3339 ,999,14180, , ,72442      ,3,7,0,Manila,3,3,393462,0,0,0,0,0,0,0,0,0,0,0,0,0,0,0,0,0,0,0,0,0
202601,05,335000,131,1305,43880 ,00000 ,721 ,999,22900,2, ,72944      ,3,7,0,Mansfield,1,1,75000,0,0,0,0,0,0,0,0,0,0,0,0,0,0,0,0,0,0,0,0,0
202601,05,336000,077,1310,44120 ,00000 ,3296 ,999,99999, , ,723602319  ,3,7,0,Marianna,0,0,0,0,0,0,0,0,0,0,0,0,0,0,0,0,0,0,0,0,0,0,0,0
202601,05,338000,035,1315,44180 ,00000 ,12290 ,368,32820, , ,72364      ,3,7,0,Marion,2,2,625924,0,0,0,0,0,0,0,0,0,0,0,0,0,0,0,0,0,0,0,0,0
202601,05,339000,089,    ,99990 ,00000 ,11545 ,999,99999, , ,72687      ,3,7,1,Marion County Unincorporated Area,14,14,2976500,0,0,0,0,0,0,0,0,0,14,14,2976500,0,0,0,0,0,0,0,0,0
202601,05,340000,111,1320,44210 ,00000 ,2383 ,308,27860, , ,72365      ,3,7,0,Marked Tree,0,0,0,0,0,0,0,0,0,0,0,0,0,0,0,0,0,0,0,0,0,0,0,0
202601,05,341000,055,1325,44240 ,00000 ,1250 ,308,37500, , ,72443      ,3,7,0,Marmaduke,0,0,0,0,0,0,0,0,0,0,0,0,0,0,0,0,0,0,0,0,0,0,0,0
202601,05,342000,129,1330,44300 ,00000 ,1327 ,999,99999, , ,72650      ,3,7,0,Marshall,0,0,0,0,0,0,0,0,0,0,0,0,0,0,0,0,0,0,0,0,0,0,0,0
202601,05,343000,107,1335,44420 ,00000 ,884 ,999,99999, , ,72366      ,3,7,0,Marvell,0,0,0,0,0,0,0,0,0,0,0,0,0,0,0,0,0,0,0,0,0,0,0,0
202601,05,344000,119,1337,44600 ,00000 ,18242 ,340,30780, , ,72113      ,3,7,1,Maumelle,31,31,8992488,0,0,0,0,0,0,0,0,0,31,31,8992488,0,0,0,0,0,0,0,0,0
202601,05,345000,045,1340,44750 ,00000 ,2410 ,340,30780, , ,721060069  ,3,7,1,Mayflower,0,0,0,0,0,0,0,0,0,0,0,0,0,0,0,0,0,0,0,0,0,0,0,0
202601,05,346000,121,1345,44780 ,00000 ,419 ,999,99999, , ,72444      ,3,7,0,Maynard town,0,0,0,0,0,0,0,0,0,0,0,0,0,0,0,0,0,0,0,0,0,0,0,0
202601,05,348000,147,1240,42500 ,00000 ,1496 ,999,99999, , ,72101      ,3,7,0,McCrory,0,0,0,0,0,0,0,0,0,0,0,0,0,0,0,0,0,0,0,0,0,0,0,0
202601,05,349000,021,1245,42560 ,00000 ,163 ,999,99999, , ,72441      ,3,7,0,McDougal town,0,0,0,0,0,0,0,0,0,0,0,0,0,0,0,0,0,0,0,0,0,0,0,0
202601,05,350000,041,1250,42770 ,00000 ,3599 ,999,99999, , ,71654      ,3,7,0,McGehee,0,0,0,0,0,0,0,0,0,0,0,0,0,0,0,0,0,0,0,0,0,0,0,0
202601,05,351000,057,1255,43070 ,00000 ,63 ,999,99999, , ,71838      ,3,7,0,McNab town,0,0,0,0,0,0,0,0,0,0,0,0,0,0,0,0,0,0,0,0,0,0,0,0
202601,05,353000,145,1265,43220 ,00000 ,671 ,340,42620, , ,72102      ,3,7,0,McRae,0,0,0,0,0,0,0,0,0,0,0,0,0,0,0,0,0,0,0,0,0,0,0,0
202601,05,354000,065,1350,45080 ,00000 ,1871 ,999,99999, , ,725560800  ,3,7,0,Melbourne,0,0,0,0,0,0,0,0,0,0,0,0,0,0,0,0,0,0,0,0,0,0,0,0
202601,05,355000,113,1355,45170 ,00000 ,5410 ,999,99999, , ,71953      ,3,7,0,Mena,0,0,0,0,0,0,0,0,0,0,0,0,0,0,0,0,0,0,0,0,0,0,0,0
202601,05,356000,029,1358,45200 ,00000 ,321 ,999,99999, , ,72107      ,3,7,0,Menifee town,0,0,0,0,0,0,0,0,0,0,0,0,0,0,0,0,0,0,0,0,0,0,0,0
202601,05,359000,061,1365,46040 ,00000 ,1139 ,999,99999, , ,71851      ,3,7,0,Mineral Springs,0,0,0,0,0,0,0,0,0,0,0,0,0,0,0,0,0,0,0,0,0,0,0,0
202601,05,362000,041,1373,46190 ,00000 ,327 ,999,99999, , ,71639      ,3,7,0,Mitchellville,0,0,0,0,0,0,0,0,0,0,0,0,0,0,0,0,0,0,0,0,0,0,0,0
202601,05,363000,031,1375,46400 ,00000 ,1629 ,308,27860, , ,724470382  ,3,7,1,Monette,2,2,592033,0,0,0,0,0,0,0,0,0,2,2,592033,0,0,0,0,0,0,0,0,0
202601,05,366000,043,1380,46580 ,00000 ,9185 ,999,99999, , ,71655      ,3,7,0,Monticello,0,0,0,0,0,0,0,0,0,0,0,0,0,0,0,0,0,0,0,0,0,0,0,0
202601,05,367000,003,1385,46670 ,00000 ,298 ,999,99999, , ,71658      ,3,7,0,Montrose,0,0,0,0,0,0,0,0,0,0,0,0,0,0,0,0,0,0,0,0,0,0,0,0
202601,05,368000,063,1387,46730 ,00000 ,135 ,999,12900, , ,72501      ,3,7,0,Moorefield town,0,0,0,0,0,0,0,0,0,0,0,0,0,0,0,0,0,0,0,0,0,0,0,0
202601,05,369000,077,1390,46910 ,00000 ,172 ,999,99999, , ,72368      ,3,7,0,Moro town,0,0,0,0,0,0,0,0,0,0,0,0,0,0,0,0,0,0,0,0,0,0,0,0
202601,05,370000,029,1395,46970 ,00000 ,6679 ,999,99999, , ,721101649  ,3,7,0,Morrilton,1,1,127772,0,0,0,0,0,0,0,0,0,0,0,0,0,0,0,0,0,0,0,0,0
202601,05,375000,005,1405,47390 ,00000 ,12638 ,999,34260, ,2,72653      ,3,7,1,Mountain Home,0,0,0,0,0,0,0,0,0,0,0,0,0,0,0,0,0,0,0,0,0,0,0,0
202601,05,376000,051,1410,47450 ,00000 ,789 ,284,26300, , ,71956      ,3,7,0,Mountain Pine,0,0,0,0,0,0,0,0,0,0,0,0,0,0,0,0,0,0,0,0,0,0,0,0
202601,05,377000,137,1415,47540 ,00000 ,2902 ,999,99999, , ,72560      ,3,7,0,Mountain View,0,0,0,0,0,0,0,0,0,0,0,0,0,0,0,0,0,0,0,0,0,0,0,0
202601,05,378000,033,1400,47300 ,00000 ,612 ,999,22900, , ,729460433  ,3,7,0,Mountainburg,0,0,0,0,0,0,0,0,0,0,0,0,0,0,0,0,0,0,0,0,0,0,0,0
202601,05,379000,033,1425,48200 ,00000 ,1694 ,999,22900, , ,72947      ,3,7,1,Mulberry,0,0,0,0,0,0,0,0,0,0,0,0,0,0,0,0,0,0,0,0,0,0,0,0
202601,05,381000,061,1435,48560 ,00000 ,4290 ,999,99999, , ,71852      ,3,7,0,Nashville,0,0,0,0,0,0,0,0,0,0,0,0,0,0,0,0,0,0,0,0,0,0,0,0
202601,05,384000,067,1445,49580 ,00000 ,7389 ,999,99999, , ,72112      ,3,7,0,Newport,0,0,0,0,0,0,0,0,0,0,0,0,0,0,0,0,0,0,0,0,0,0,0,0
202601,05,387000,005,1460,50000 ,00000 ,542 ,999,34260, , ,72658      ,3,7,0,Norfork,1,1,40000,0,0,0,0,0,0,0,0,0,0,0,0,0,0,0,0,0,0,0,0,0
202601,05,389000,139,1470,50060 ,00000 ,772 ,999,20980, , ,71759      ,3,7,0,Norphlet,0,0,0,0,0,0,0,0,0,0,0,0,0,0,0,0,0,0,0,0,0,0,0,0
202601,05,390000,119,1475,50450 ,00000 ,66276 ,340,30780, ,1,72119      ,3,7,1,North Little Rock,15,15,2332117,0,0,0,0,0,0,0,0,0,15,15,2332117,0,0,0,0,0,0,0,0,0
202601,05,392000,055,1487,51060 ,00000 ,1095 ,308,37500, , ,72450      ,3,7,1,Oak Grove Heights town,2,2,320000,0,0,0,0,0,0,0,0,0,2,2,320000,0,0,0,0,0,0,0,0,0
202601,05,397000,063,1505,51410 ,00000 ,272 ,999,12900, , ,72564      ,3,7,0,Oil Trough town,0,0,0,0,0,0,0,0,0,0,0,0,0,0,0,0,0,0,0,0,0,0,0,0
202601,05,401000,029,1527,52430 ,00000 ,747 ,999,99999, , ,72110      ,3,7,0,Oppelo,0,0,0,0,0,0,0,0,0,0,0,0,0,0,0,0,0,0,0,0,0,0,0,0
202601,05,402000,093,1530,52580 ,00000 ,6576 ,999,14180, , ,72370      ,3,7,0,Osceola,0,0,0,0,0,0,0,0,0,0,0,0,0,0,0,0,0,0,0,0,0,0,0,0
202601,05,406000,047,1545,52970 ,00000 ,3626 ,999,99999, , ,729493501  ,3,7,0,Ozark,0,0,0,0,0,0,0,0,0,0,0,0,0,0,0,0,0,0,0,0,0,0,0,0
202601,05,409000,055,1560,53390 ,00000 ,29257 ,308,37500, ,2,72450      ,3,7,1,Paragould,10,10,1726000,2,4,490000,0,0,0,0,0,0,10,10,1726000,2,4,490000,0,0,0,0,0,0
202601,05,410000,083,1570,53480 ,00000 ,3370 ,999,99999, , ,72855      ,3,7,0,Paris,0,0,0,0,0,0,0,0,0,0,0,0,0,0,0,0,0,0,0,0,0,0,0,0
202601,05,412000,037,1580,53600 ,00000 ,974 ,999,99999, , ,72373      ,3,7,1,Parkin,0,0,0,0,0,0,0,0,0,0,0,0,0,0,0,0,0,0,0,0,0,0,0,0
202601,05,414000,147,1585,53990 ,00000 ,388 ,999,99999, , ,72123      ,3,7,0,Patterson,0,0,0,0,0,0,0,0,0,0,0,0,0,0,0,0,0,0,0,0,0,0,0,0
202601,05,415000,007,1595,54200 ,00000 ,6452 ,999,22220, , ,72751      ,3,7,1,Pea Ridge,29,29,6145617,0,0,0,0,0,0,0,0,0,29,29,6145617,0,0,0,0,0,0,0,0,0
202601,05,419000,105,1600,54650 ,00000 ,279 ,340,30780, , ,72125      ,3,7,0,Perry town,0,0,0,0,0,0,0,0,0,0,0,0,0,0,0,0,0,0,0,0,0,0,0,0
202601,05,421000,105,1605,54710 ,00000 ,1441 ,340,30780, , ,72126      ,3,7,0,Perryville,0,0,0,0,0,0,0,0,0,0,0,0,0,0,0,0,0,0,0,0,0,0,0,0
202601,05,423000,021,1610,55130 ,00000 ,3498 ,999,99999, , ,72454      ,3,7,1,Piggott,0,0,0,0,0,0,0,0,0,0,0,0,0,0,0,0,0,0,0,0,0,0,0,0
202601,05,426000,069,1615,55310 ,00000 ,40435 ,340,38220, ,2,71601      ,3,7,1,Pine Bluff,0,0,0,0,0,0,0,0,0,0,0,0,0,0,0,0,0,0,0,0,0,0,0,0
202601,05,430000,029,1635,56480 ,00000 ,776 ,999,99999, , ,72127      ,3,7,0,Plumerville,0,0,0,0,0,0,0,0,0,0,0,0,0,0,0,0,0,0,0,0,0,0,0,0
202601,05,431000,121,1640,56540 ,00000 ,6767 ,999,99999, , ,72455      ,3,7,1,Pocahontas,0,0,0,0,0,0,0,0,0,0,0,0,0,0,0,0,0,0,0,0,0,0,0,0
202601,05,436000,075,1650,56720 ,00000 ,399 ,999,99999, , ,72457      ,3,7,0,Portia town,2,2,567757,0,0,0,0,0,0,0,0,0,0,0,0,0,0,0,0,0,0,0,0,0
202601,05,438000,115,1660,56990 ,00000 ,3361 ,999,40780, , ,72858      ,3,7,1,Pottsville,0,0,0,0,0,0,0,0,0,0,0,0,0,0,0,0,0,0,0,0,0,0,0,0
202601,05,442000,143,1675,57170 ,00000 ,7049 ,999,22220, , ,72753      ,3,7,1,Prairie Grove,13,13,4552540,1,2,322000,0,0,0,0,0,0,13,13,4552540,1,2,322000,0,0,0,0,0,0
202601,05,444000,099,1680,57260 ,00000 ,2927 ,999,99999, , ,71857      ,3,7,0,Prescott,0,0,0,0,0,0,0,0,0,0,0,0,0,0,0,0,0,0,0,0,0,0,0,0
202601,05,445000,119,    ,99990 ,00000 ,47535 ,340,30780,2, ,72204      ,3,7,0,Pulaski County Unincorporated Area,0,0,0,0,0,0,0,0,0,0,0,0,0,0,0,0,0,0,0,0,0,0,0,0
202601,05,450000,083,1700,58160 ,00000 ,182 ,999,99999, , ,72951      ,3,7,0,Ratcliff,0,0,0,0,0,0,0,0,0,0,0,0,0,0,0,0,0,0,0,0,0,0,0,0
202601,05,455000,021,1720,58490 ,00000 ,1703 ,999,99999, , ,72461      ,3,7,0,Rector,0,0,0,0,0,0,0,0,0,0,0,0,0,0,0,0,0,0,0,0,0,0,0,0
202601,05,456000,069,1725,58580 ,00000 ,1492 ,340,38220, , ,72132      ,3,7,0,Redfield,1,1,148462,0,0,0,0,0,0,0,0,0,0,0,0,0,0,0,0,0,0,0,0,0
202601,05,457000,041,1726,58880 ,00000 ,146 ,999,99999, , ,71670      ,3,7,0,Reed town,0,0,0,0,0,0,0,0,0,0,0,0,0,0,0,0,0,0,0,0,0,0,0,0
202601,05,459000,025,1735,59480 ,00000 ,1213 ,340,38220, , ,71665      ,3,7,0,Rison,0,0,0,0,0,0,0,0,0,0,0,0,0,0,0,0,0,0,0,0,0,0,0,0
202601,05,462000,007,1745,60410 ,00000 ,70522 ,999,22220, ,1,72756      ,3,7,0,Rogers,38,38,8898937,0,0,0,0,0,0,1,16,1356058,0,0,0,0,0,0,0,0,0,0,0,0
202601,05,468000,115,1770,61670 ,00000 ,29364 ,999,40780, ,2,72801      ,3,7,1,Russellville,0,0,0,1,2,212990,0,0,0,0,0,0,0,0,0,1,2,212990,0,0,0,0,0,0
202601,05,470000,005,1793,62240 ,00000 ,464 ,999,34260, , ,726539699  ,3,7,0,Salesville,1,1,302641,0,0,0,0,0,0,0,0,0,0,0,0,0,0,0,0,0,0,0,0,0
202601,05,473000,083,1800,62960 ,00000 ,233 ,999,99999, , ,72863      ,3,7,0,Scranton,0,0,0,0,0,0,0,0,0,0,0,0,0,0,0,0,0,0,0,0,0,0,0,0
202601,05,474000,145,1805,63020 ,00000 ,23543 ,340,42620, ,2,721435202  ,3,7,1,Searcy,7,7,1359004,0,0,0,0,0,0,0,0,0,7,7,1359004,0,0,0,0,0,0,0,0,0
202601,05,479000,125,1813,63470 ,00000 ,4087 ,340,30780, , ,72103      ,3,7,1,Shannon Hills,1,1,80000,0,0,0,0,0,0,0,0,0,1,1,80000,0,0,0,0,0,0,0,0,0
202601,05,481000,053,1815,63710 ,00000 ,5035 ,340,30780, , ,72150      ,3,7,0,Sheridan,2,2,310910,0,0,0,0,0,0,0,0,0,0,0,0,0,0,0,0,0,0,0,0,0
202601,05,483000,119,1825,63800 ,00000 ,31653 ,340,30780, , ,72124      ,3,7,1,Sherwood,5,5,1435500,0,0,0,0,0,0,0,0,0,5,5,1435500,0,0,0,0,0,0,0,0,0
202601,05,486000,007,1845,64370 ,00000 ,17611 ,999,22220, , ,72761      ,3,7,1,Siloam Springs,23,23,2362150,4,8,565180,0,0,0,0,0,0,23,23,2362150,4,8,565180,0,0,0,0,0,0
202601,05,487000,139,1850,64730 ,00000 ,1665 ,999,20980, , ,71762      ,3,7,0,Smackover,0,0,0,0,0,0,0,0,0,0,0,0,0,0,0,0,0,0,0,0,0,0,0,0
202601,05,490000,039,1870,65900 ,00000 ,359 ,999,99999, , ,71763      ,3,7,0,Sparkman,0,0,0,0,0,0,0,0,0,0,0,0,0,0,0,0,0,0,0,0,0,0,0,0
202601,05,492000,143,4530,66080 ,00000 ,73709 ,999,22220,2,1,72765      ,3,7,1,Springdale,41,41,10994564,0,0,0,0,0,0,0,0,0,41,41,10994564,0,0,0,0,0,0,0,0,0
202601,05,493000,001,1775,61940 ,00000 ,212 ,999,99999, , ,72140      ,3,7,0,St. Charles town,0,0,0,0,0,0,0,0,0,0,0,0,0,0,0,0,0,0,0,0,0,0,0,0
202601,05,498000,079,1890,66440 ,00000 ,2013 ,999,99999, , ,71667      ,3,7,0,Star City,0,0,0,0,0,0,0,0,0,0,0,0,0,0,0,0,0,0,0,0,0,0,0,0
202601,05,503000,001,1905,67490 ,00000 ,8400 ,999,99999, , ,721604361  ,3,7,0,Stuttgart,0,0,0,0,0,0,0,0,0,0,0,0,0,0,0,0,0,0,0,0,0,0,0,0
202601,05,507000,007,1925,67760 ,00000 ,531 ,999,22220, , ,72768      ,3,7,0,Sulphur Springs,0,0,0,0,0,0,0,0,0,0,0,0,0,0,0,0,0,0,0,0,0,0,0,0
202601,05,508000,089,1930,67940 ,00000 ,589 ,999,99999, , ,72677      ,3,7,0,Summit,0,0,0,0,0,0,0,0,0,0,0,0,0,0,0,0,0,0,0,0,0,0,0,0
202601,05,509000,035,1933,68060 ,00000 ,199 ,368,32820, , ,72364      ,3,7,0,Sunset town,0,0,0,0,0,0,0,0,0,0,0,0,0,0,0,0,0,0,0,0,0,0,0,0
202601,05,512000,091,1945,68810 ,00000 ,29556 ,999,45500, , ,75501      ,3,7,1,Texarkana AR,3,3,1184460,0,0,0,0,0,0,0,0,0,3,3,1184460,0,0,0,0,0,0,0,0,0
202601,05,518000,143,1960,69740 ,00000 ,6065 ,999,22220, , ,72770      ,3,7,1,Tontitown,15,15,5310434,0,0,0,0,0,0,0,0,0,15,15,5310434,0,0,0,0,0,0,0,0,0
202601,05,520000,111,1970,70010 ,00000 ,6906 ,308,27860, , ,724720120  ,3,7,1,Trumann,1,1,320000,2,4,264000,0,0,0,0,0,0,1,1,320000,2,4,264000,0,0,0,0,0,0
202601,05,521000,067,1975,70100 ,00000 ,1688 ,999,99999, , ,72473      ,3,7,0,Tuckerman,0,0,0,0,0,0,0,0,0,0,0,0,0,0,0,0,0,0,0,0,0,0,0,0
202601,05,524000,035,1985,70430 ,00000 ,549 ,368,32820, , ,72384      ,3,7,0,Turrell,0,0,0,0,0,0,0,0,0,0,0,0,0,0,0,0,0,0,0,0,0,0,0,0
202601,05,525000,111,1990,70700 ,00000 ,712 ,308,27860, , ,72386      ,3,7,0,Tyronza,0,0,0,0,0,0,0,0,0,0,0,0,0,0,0,0,0,0,0,0,0,0,0,0
202601,05,526000,117,1995,70760 ,00000 ,153 ,999,99999, , ,72170      ,3,7,0,Ulm town,0,0,0,0,0,0,0,0,0,0,0,0,0,0,0,0,0,0,0,0,0,0,0,0
202601,05,529000,033,2005,71480 ,00000 ,23812 ,999,22900, , ,729565745  ,3,7,1,Van Buren,0,0,0,0,0,0,0,0,0,0,0,0,0,0,0,0,0,0,0,0,0,0,0,0
202601,05,533000,045,2015,71960 ,00000 ,4725 ,340,30780, , ,72173      ,3,7,1,Vilonia,0,0,0,0,0,0,0,0,0,0,0,0,0,0,0,0,0,0,0,0,0,0,0,0
202601,05,537000,027,2035,72350 ,00000 ,1256 ,999,31620, , ,717700369  ,3,7,0,Waldo,0,0,0,0,0,0,0,0,0,0,0,0,0,0,0,0,0,0,0,0,0,0,0,0
202601,05,538000,127,2040,72380 ,00000 ,3335 ,999,99999, , ,72958      ,3,7,0,Waldron,0,0,0,0,0,0,0,0,0,0,0,0,0,0,0,0,0,0,0,0,0,0,0,0
202601,05,539000,075,2050,72890 ,00000 ,5162 ,999,99999, , ,72476      ,3,7,0,Walnut Ridge,1,1,212252,0,0,0,0,0,0,0,0,0,0,0,0,0,0,0,0,0,0,0,0,0
202601,05,540000,085,2055,73130 ,00000 ,5486 ,340,30780, , ,72176      ,3,7,1,Ward,10,10,1228872,0,0,0,0,0,0,0,0,0,10,10,1228872,0,0,0,0,0,0,0,0,0
202601,05,541000,011,2060,73310 ,00000 ,5502 ,999,99999, , ,71671      ,3,7,0,Warren,0,0,0,0,0,0,0,0,0,0,0,0,0,0,0,0,0,0,0,0,0,0,0,0
202601,05,542000,057,2065,73370 ,00000 ,165 ,999,99999, , ,71862      ,3,7,0,Washington,0,0,0,0,0,0,0,0,0,0,0,0,0,0,0,0,0,0,0,0,0,0,0,0
202601,05,545000,111,2075,73940 ,00000 ,662 ,308,27860, , ,72479      ,3,7,0,Weiner,0,0,0,0,0,0,0,0,0,0,0,0,0,0,0,0,0,0,0,0,0,0,0,0
202601,05,547000,143,2095,74360 ,00000 ,2623 ,999,22220, , ,72774      ,3,7,0,West Fork,1,1,302641,0,0,0,0,0,0,0,0,0,0,0,0,0,0,0,0,0,0,0,0,0
202601,05,549000,035,3005,74540 ,00000 ,24158 ,368,32820, , ,723031728  ,3,7,1,West Memphis,0,0,0,0,0,0,0,0,0,0,0,0,0,0,0,0,0,0,0,0,0,0,0,0
202601,05,552000,123,3015,74840 ,00000 ,296 ,368,22620, , ,723920179  ,3,7,0,Wheatley,0,0,0,0,0,0,0,0,0,0,0,0,0,0,0,0,0,0,0,0,0,0,0,0
202601,05,555000,069,5100,75170 ,00000 ,4889 ,340,38220, , ,716120100  ,3,7,1,White Hall,1,1,55000,0,0,0,0,0,0,0,0,0,1,1,55000,0,0,0,0,0,0,0,0,0
202601,05,556000,113,3025,75500 ,00000 ,741 ,999,99999, , ,719730193  ,3,7,0,Wickes town,0,0,0,0,0,0,0,0,0,0,0,0,0,0,0,0,0,0,0,0,0,0,0,0
202601,05,558000,047,3032,75570 ,00000 ,48 ,999,99999, , ,72821      ,3,7,0,Wiederkehr Village,0,0,0,0,0,0,0,0,0,0,0,0,0,0,0,0,0,0,0,0,0,0,0,0
202601,05,562000,003,3045,75890 ,00000 ,483 ,999,99999, , ,71676      ,3,7,0,Wilmot,0,0,0,0,0,0,0,0,0,0,0,0,0,0,0,0,0,0,0,0,0,0,0,0
202601,05,563000,093,3050,75920 ,00000 ,803 ,999,14180, , ,72395      ,3,7,0,Wilson,0,0,0,0,0,0,0,0,0,0,0,0,0,0,0,0,0,0,0,0,0,0,0,0
202601,05,569000,045,3080,76820 ,00000 ,1125 ,340,30780, , ,72181      ,3,7,1,Wooster town,1,1,245000,0,0,0,0,0,0,0,0,0,1,1,245000,0,0,0,0,0,0,0,0,0
202601,05,571000,037,3085,77090 ,00000 ,7618 ,999,99999, , ,72396      ,3,7,0,Wynne,1,1,41667,0,0,0,0,0,0,0,0,0,0,0,0,0,0,0,0,0,0,0,0,0
202601,05,573000,089,3090,77330 ,00000 ,1154 ,999,99999, , ,726870647  ,3,7,0,Yellville,0,0,0,0,0,0,0,0,0,0,0,0,0,0,0,0,0,0,0,0,0,0,0,0
202601,10,037000,001,0040,10760 ,00000 ,3464 ,428,20100, , ,19934      ,3,5,0,Camden town,0,0,0,0,0,0,0,0,0,0,0,0,0,0,0,0,0,0,0,0,0,0,0,0
202601,10,041000,001,0050,14660 ,00000 ,1380 ,428,20100, , ,19936      ,3,5,1,Cheswold town,16,16,4736267,0,0,0,0,0,0,0,0,0,16,16,4736267,0,0,0,0,0,0,0,0,0
202601,10,045000,001,0055,15440 ,00000 ,2918 ,428,20100,2, ,19938      ,3,5,1,Clayton town,0,0,0,0,0,0,0,0,0,0,0,0,0,0,0,0,0,0,0,0,0,0,0,0
202601,10,053000,003,0065,19730 ,00000 ,1695 ,428,37980, , ,19706      ,3,5,0,Delaware City,0,0,0,0,0,0,0,0,0,0,0,0,0,0,0,0,0,0,0,0,0,0,0,0
202601,10,065000,001,0075,21200 ,00000 ,36047 ,428,20100, ,1,19903      ,3,5,1,Dover,1,1,344436,5,10,2302660,0,0,0,2,24,3480000,1,1,344436,5,10,2302660,0,0,0,2,24,3480000
202601,10,073000,003,0085,24540 ,00000 ,6131 ,428,37980, , ,19805      ,3,5,0,Elsmere town,0,0,0,0,0,0,0,0,0,0,0,0,0,0,0,0,0,0,0,0,0,0,0,0
202601,10,105000,001,0125,33120 ,00000 ,3562 ,428,20100, , ,19952      ,3,5,1,Harrington,4,4,400000,0,0,0,0,0,0,0,0,0,4,4,400000,0,0,0,0,0,0,0,0,0
202601,10,121000,001,    ,99990 ,00000 ,108965 ,428,20100,2, ,19901      ,3,5,1,Kent County Unincorporated Area,48,48,6640655,0,0,0,0,0,0,0,0,0,48,48,6640655,0,0,0,0,0,0,0,0,0
202601,10,149000,003,0170,47030 ,00000 ,18871 ,428,37980, , ,19709      ,3,5,1,Middletown town,6,6,343715,0,0,0,0,0,0,0,0,0,6,6,343715,0,0,0,0,0,0,0,0,0
202601,10,153000,001,0175,47420 ,00000 ,3780 ,428,20100, , ,19963      ,3,5,1,Milford,5,5,611131,0,0,0,0,0,0,2,48,6000000,5,5,611131,0,0,0,0,0,0,2,48,6000000
202601,10,173000,003,0200,50800 ,00000 ,5285 ,428,37980, , ,19720      ,3,5,1,New Castle,4,4,514188,0,0,0,0,0,0,0,0,0,4,4,514188,0,0,0,0,0,0,0,0,0
202601,10,177000,003,    ,99990 ,00000 ,414424 ,428,37980,2, ,19720      ,3,5,1,New Castle County Unincorporated Area,37,37,4501768,0,0,0,0,0,0,3,96,15045970,37,37,4501768,0,0,0,0,0,0,3,96,15045970
202601,10,181000,003,0195,50670 ,00000 ,31454 ,428,37980, , ,19711      ,3,5,0,Newark,0,0,0,0,0,0,0,0,0,0,0,0,0,0,0,0,0,0,0,0,0,0,0,0
202601,10,185000,003,0205,51190 ,00000 ,1055 ,428,37980, , ,198043187  ,3,5,0,Newport town,0,0,0,0,0,0,0,0,0,0,0,0,0,0,0,0,0,0,0,0,0,0,0,0
202601,10,193000,003,0215,54050 ,00000 ,364 ,428,37980, , ,197300111  ,3,5,1,Odessa town,0,0,0,0,0,0,0,0,0,0,0,0,0,0,0,0,0,0,0,0,0,0,0,0
202601,10,213000,001,0237,67310 ,00000 ,9989 ,428,20100,2, ,19977      ,3,5,1,Smyrna town,0,0,0,0,0,0,0,0,0,1,7,841617,0,0,0,0,0,0,0,0,0,1,7,841617
202601,10,225000,005,    ,00000 ,00000 ,183104 ,999,42580, , ,19947      ,3,5,1,Sussex County,222,222,34875790,1,2,250934,0,0,0,2,36,4100000,222,222,34875790,1,2,250934,0,0,0,2,36,4100000
202601,10,229000,003,0245,72510 ,00000 ,2049 ,428,37980, , ,19734      ,3,5,1,Townsend town,4,4,1184067,0,0,0,0,0,0,0,0,0,4,4,1184067,0,0,0,0,0,0,0,0,0
202601,10,237000,003,0255,77580 ,00000 ,70851 ,428,37980, ,1,19801      ,3,5,1,Wilmington,0,0,0,0,0,0,0,0,0,0,0,0,0,0,0,0,0,0,0,0,0,0,0,0
202601,10,245000,001,0265,81350 ,00000 ,1313 ,428,20100, , ,19934      ,3,5,1,Wyoming town,0,0,0,0,0,0,0,0,0,0,0,0,0,0,0,0,0,0,0,0,0,0,0,0
202601,11,001000,001,    ,50000 ,99001 ,601723 ,548,47900, ,1,20003      ,3,5,1,Washington,12,12,3552200,2,4,646304,0,0,0,1,30,5166990,12,12,3552200,2,4,646304,0,0,0,1,30,5166990
202601,12,001000,001,0005,00375 ,00000 ,9916 ,264,23540, , ,32616      ,3,5,1,Alachua,0,0,0,0,0,0,0,0,0,0,0,0,0,0,0,0,0,0,0,0,0,0,0,0
202601,12,003000,001,    ,99990 ,00000 ,108874 ,264,23540,2, ,326016213  ,3,5,0,Alachua County Unincorporated Area,20,20,7663916,0,0,0,0,0,0,0,0,0,0,0,0,0,0,0,0,0,0,0,0,0
202601,12,005000,063,0010,00625 ,00000 ,464 ,999,99999, , ,324200128  ,3,5,0,Alford town,0,0,0,0,0,0,0,0,0,0,0,0,0,0,0,0,0,0,0,0,0,0,0,0
202601,12,007000,117,0015,00950 ,00000 ,43799 ,422,36740, , ,32701      ,3,5,0,Altamonte Springs,0,0,0,0,0,0,0,0,0,1,43,821030,0,0,0,0,0,0,0,0,0,0,0,0
202601,12,011000,081,0025,01475 ,00000 ,1775 ,412,35840, , ,342160779  ,3,5,1,Anna Maria,4,4,5777279,0,0,0,0,0,0,0,0,0,4,4,5777279,0,0,0,0,0,0,0,0,0
202601,12,015000,095,0035,01700 ,00000 ,53870 ,422,36740, , ,327031229  ,3,5,1,Apopka,42,42,19564694,0,0,0,0,0,0,0,0,0,42,42,19564694,0,0,0,0,0,0,0,0,0
202601,12,021000,069,0050,02250 ,00000 ,2122 ,422,36740, , ,34705      ,3,5,1,Astatula town,8,8,2495903,0,0,0,0,0,0,0,0,0,8,8,2495903,0,0,0,0,0,0,0,0,0
202601,12,023000,031,0055,02400 ,00000 ,13846 ,300,27260, , ,32233      ,3,5,1,Atlantic Beach,1,1,467408,0,0,0,0,0,0,0,0,0,1,1,467408,0,0,0,0,0,0,0,0,0
202601,12,025000,099,0060,02500 ,00000 ,2127 ,370,33100, , ,334621193  ,3,5,0,Atlantis,0,0,0,0,0,0,0,0,0,0,0,0,0,0,0,0,0,0,0,0,0,0,0,0
202601,12,027000,105,0065,02550 ,00000 ,17204 ,422,29460, , ,33823      ,3,5,1,Auburndale,21,21,3504490,0,0,0,0,0,0,0,0,0,21,21,3504490,0,0,0,0,0,0,0,0,0
202601,12,028000,086,0066,02681 ,00000 ,36553 ,370,33100, , ,33180      ,3,5,1,Aventura,0,0,0,0,0,0,0,0,0,0,0,0,0,0,0,0,0,0,0,0,0,0,0,0
202601,12,031000,003,    ,99990 ,00000 ,22009 ,300,27260,2, ,32063      ,3,5,1,Baker County Unincorporated Area,19,19,5677741,0,0,0,0,0,0,0,0,0,19,19,5677741,0,0,0,0,0,0,0,0,0
202601,12,033000,086,0080,03275 ,00000 ,2922 ,370,33100, , ,33154      ,3,5,0,Bal Harbour village,0,0,0,0,0,0,0,0,0,0,0,0,0,0,0,0,0,0,0,0,0,0,0,0
202601,12,035000,031,0075,03250 ,00000 ,1486 ,300,27260, , ,32234      ,3,5,0,Baldwin town,0,0,0,0,0,0,0,0,0,0,0,0,0,0,0,0,0,0,0,0,0,0,0,0
202601,12,037000,105,0085,03675 ,00000 ,20201 ,422,29460, , ,338311069  ,3,5,1,Bartow,8,8,3358781,0,0,0,0,0,0,0,0,0,8,8,3358781,0,0,0,0,0,0,0,0,0
202601,12,041000,005,    ,99990 ,00000 ,77899 ,999,37460, , ,32401      ,3,5,0,Bay County Unincorporated Area,86,86,32049299,0,0,0,0,0,0,1,5,827674,0,0,0,0,0,0,0,0,0,0,0,0
202601,12,043000,086,0090,03975 ,00000 ,5714 ,370,33100, , ,331542005  ,3,5,0,Bay Harbor Islands town,1,1,1786896,0,0,0,0,0,0,1,7,5029686,0,0,0,0,0,0,0,0,0,0,0,0
202601,12,045000,095,0093,04150 ,00000 ,48 ,422,36740, , ,328690519  ,3,5,0,Bay Lake,0,0,0,0,0,0,0,0,0,0,0,0,0,0,0,0,0,0,0,0,0,0,0,0
202601,12,049000,099,0130,05200 ,00000 ,20083 ,370,33100, , ,33430      ,3,5,0,Belle Glade,0,0,0,0,0,0,0,0,0,0,0,0,0,0,0,0,0,0,0,0,0,0,0,0
202601,12,055000,103,0122,05125 ,00000 ,2218 ,999,45300,2, ,33708      ,3,5,1,Belleair Bluffs,0,0,0,0,0,0,0,0,0,0,0,0,0,0,0,0,0,0,0,0,0,0,0,0
202601,12,059000,103,0115,05075 ,00000 ,4302 ,999,45300, , ,337561096  ,3,5,1,Belleair town,0,0,0,0,0,0,0,0,0,0,0,0,0,0,0,0,0,0,0,0,0,0,0,0
202601,12,061000,083,0145,05375 ,00000 ,5208 ,999,36100, , ,34420      ,3,5,1,Belleview,9,9,1458720,0,0,0,0,0,0,0,0,0,9,9,1458720,0,0,0,0,0,0,0,0,0
202601,12,065000,086,0165,06600 ,00000 ,3018 ,370,33100, , ,33161      ,3,5,0,Biscayne Park village,0,0,0,0,0,0,0,0,0,0,0,0,0,0,0,0,0,0,0,0,0,0,0,0
202601,12,067000,013,0175,06925 ,00000 ,2430 ,999,99999, , ,32424      ,3,5,0,Blountstown,0,0,0,0,0,0,0,0,0,0,0,0,0,0,0,0,0,0,0,0,0,0,0,0
202601,12,069000,099,0180,07300 ,00000 ,99893 ,370,33100, ,1,33432      ,3,5,1,Boca Raton,7,7,7582137,0,0,0,0,0,0,0,0,0,7,7,7582137,0,0,0,0,0,0,0,0,0
202601,12,072000,071,0187,07525 ,00000 ,60830 ,163,15980, , ,341350398  ,3,5,1,Bonita Springs,17,17,8122569,0,0,0,0,0,0,2,120,15630318,17,17,8122569,0,0,0,0,0,0,2,120,15630318
202601,12,075000,099,0200,07875 ,00000 ,80108 ,370,33100, , ,33435      ,3,5,1,Boynton Beach,1,1,314178,0,0,0,0,0,0,4,336,29250000,1,1,314178,0,0,0,0,0,0,4,336,29250000
202601,12,077000,081,0215,07950 ,00000 ,59737 ,412,35840, ,1,342057865  ,3,5,1,Bradenton,3,3,1925000,0,0,0,0,0,0,0,0,0,3,3,1925000,0,0,0,0,0,0,0,0,0
202601,12,079000,081,0217,07975 ,00000 ,1273 ,412,35840, , ,34217      ,3,5,1,Bradenton Beach,1,1,750000,0,0,0,0,0,0,0,0,0,1,1,750000,0,0,0,0,0,0,0,0,0
202601,12,081000,007,    ,99990 ,00000 ,21530 ,999,99999, , ,32091      ,3,5,1,Bradford County Unincorporated Area,8,8,1844000,0,0,0,0,0,0,0,0,0,8,8,1844000,0,0,0,0,0,0,0,0,0
202601,12,085000,009,    ,99990 ,00000 ,230514 ,999,37340, , ,32940      ,3,5,1,Brevard County Unincorporated Area,32,32,20370579,0,0,0,0,0,0,0,0,0,32,32,20370579,0,0,0,0,0,0,0,0,0
202601,12,087000,099,0237,08575 ,00000 ,577 ,370,33100, , ,33435      ,3,5,0,Briny Breezes town,0,0,0,0,0,0,0,0,0,0,0,0,0,0,0,0,0,0,0,0,0,0,0,0
202601,12,089000,077,0240,08600 ,00000 ,977 ,999,99999, , ,32321      ,3,5,0,Bristol,0,0,0,0,0,0,0,0,0,0,0,0,0,0,0,0,0,0,0,0,0,0,0,0
202601,12,091000,075,0245,08700 ,00000 ,1164 ,264,23540,2, ,32621      ,3,5,0,Bronson town,0,0,0,0,0,0,0,0,0,0,0,0,0,0,0,0,0,0,0,0,0,0,0,0
202601,12,095000,053,0255,08800 ,00000 ,8824 ,999,45300, , ,34601      ,3,5,1,Brooksville,6,6,2242040,0,0,0,0,0,0,0,0,0,6,6,2242040,0,0,0,0,0,0,0,0,0
202601,12,097000,011,    ,99990 ,00000 ,17086 ,370,33100,2, ,33312      ,3,5,1,Broward County Unincorporated Area,3,3,850000,0,0,0,0,0,0,0,0,0,3,3,850000,0,0,0,0,0,0,0,0,0
202601,12,099000,035,0265,09550 ,00000 ,3099 ,422,19660, , ,32110      ,3,5,0,Bunnell,9,9,2386944,0,0,0,0,0,0,0,0,0,0,0,0,0,0,0,0,0,0,0,0,0
202601,12,101000,119,0270,09625 ,00000 ,3229 ,422,48680, , ,33513      ,3,5,0,Bushnell,1,1,190075,0,0,0,0,0,0,0,0,0,0,0,0,0,0,0,0,0,0,0,0,0
202601,12,103000,013,    ,99990 ,00000 ,11166 ,999,99999,2, ,32424      ,3,5,0,Calhoun County Unincorporated Area,2,2,381688,0,0,0,0,0,0,0,0,0,0,0,0,0,0,0,0,0,0,0,0,0
202601,12,105000,089,0275,09700 ,00000 ,1388 ,300,27260, , ,32011      ,3,5,0,Callahan town,1,1,57530,0,0,0,0,0,0,0,0,0,0,0,0,0,0,0,0,0,0,0,0,0
202601,12,107000,005,0277,09725 ,00000 ,13683 ,999,37460, , ,32404      ,3,5,0,Callaway,4,4,1143157,0,0,0,0,0,0,0,0,0,0,0,0,0,0,0,0,0,0,0,0,0
202601,12,111000,009,0292,10250 ,00000 ,10427 ,999,37340, , ,32920      ,3,5,1,Cape Canaveral,0,0,0,0,0,0,0,0,0,0,0,0,0,0,0,0,0,0,0,0,0,0,0,0
202601,12,113000,071,0293,10275 ,00000 ,200972 ,163,15980, ,1,339150027  ,3,5,1,Cape Coral,150,150,78925097,4,8,2103820,0,0,0,2,200,47779395,150,150,78925097,4,8,2103820,0,0,0,2,200,47779395
202601,12,119000,117,0310,11050 ,00000 ,29413 ,422,36740, , ,32707      ,3,5,0,Casselberry,2,2,302805,0,0,0,0,0,0,1,13,1252466,0,0,0,0,0,0,0,0,0,0,0,0
202601,12,123000,075,0325,11225 ,00000 ,726 ,264,23540, , ,32625      ,3,5,0,Cedar Key,0,0,0,0,0,0,0,0,0,0,0,0,0,0,0,0,0,0,0,0,0,0,0,0
202601,12,129000,015,    ,99990 ,00000 ,174013 ,412,39460, , ,339481094  ,3,5,1,Charlotte County Unincorporated Area,204,204,6671585,3,6,1250595,4,16,4017000,0,0,0,204,204,6671585,3,6,1250595,4,16,4017000,0,0,0
202601,12,133000,075,0350,11925 ,00000 ,2195 ,264,23540, , ,32626      ,3,5,0,Chiefland,0,0,0,0,0,0,0,0,0,0,0,0,0,0,0,0,0,0,0,0,0,0,0,0
202601,12,139000,017,    ,99990 ,00000 ,142101 ,999,26140, , ,34461      ,3,5,1,Citrus County Unincorporated Area,140,140,38619833,2,4,600000,0,0,0,0,0,0,140,140,38619833,2,4,600000,0,0,0,0,0,0
202601,12,141000,019,    ,99990 ,00000 ,201685 ,300,27260,2, ,32043      ,3,5,1,Clay County Unincorporated Area,59,59,17464985,0,0,0,0,0,0,0,0,0,59,59,17464985,0,0,0,0,0,0,0,0,0
202601,12,143000,103,0375,12875 ,00000 ,116552 ,999,45300, ,1,337584748  ,3,5,1,Clearwater,2,2,1781390,0,0,0,0,0,0,0,0,0,2,2,1781390,0,0,0,0,0,0,0,0,0
202601,12,145000,069,0380,12925 ,00000 ,39850 ,422,36740, , ,347120219  ,3,5,1,Clermont,63,63,15733664,0,0,0,0,0,0,0,0,0,63,63,15733664,0,0,0,0,0,0,0,0,0
202601,12,147000,051,0385,13000 ,00000 ,8099 ,163,17500, ,2,33440      ,3,5,1,Clewiston,0,0,0,0,0,0,0,0,0,0,0,0,0,0,0,0,0,0,0,0,0,0,0,0
202601,12,149000,099,0390,13050 ,00000 ,147 ,370,33100, , ,33406      ,3,5,0,Cloud Lake town,0,0,0,0,0,0,0,0,0,0,0,0,0,0,0,0,0,0,0,0,0,0,0,0
202601,12,151000,009,0395,13150 ,00000 ,18694 ,999,37340, , ,32922      ,3,5,1,Cocoa,2,2,611270,0,0,0,0,0,0,0,0,0,2,2,611270,0,0,0,0,0,0,0,0,0
202601,12,153000,009,0400,13175 ,00000 ,11649 ,999,37340, , ,329320280  ,3,5,1,Cocoa Beach,1,1,675000,0,0,0,0,0,0,0,0,0,1,1,675000,0,0,0,0,0,0,0,0,0
202601,12,155000,011,0407,13275 ,00000 ,61128 ,370,33100, , ,33063      ,3,5,1,Coconut Creek,0,0,0,0,0,0,0,0,0,0,0,0,0,0,0,0,0,0,0,0,0,0,0,0
202601,12,159000,021,    ,99990 ,00000 ,352464 ,163,34940,2, ,34104      ,3,5,1,Collier County Unincorporated Area,160,160,91647162,0,0,0,2,8,913220,0,0,0,160,160,91647162,0,0,0,2,8,913220,0,0,0
202601,12,161000,023,    ,99990 ,00000 ,59622 ,264,29380,2, ,32056      ,3,5,1,Columbia County Unincorporated Area,19,19,5624317,0,0,0,0,0,0,0,0,0,19,19,5624317,0,0,0,0,0,0,0,0,0
202601,12,163000,011,0420,14125 ,00000 ,35700 ,370,33100, , ,33328      ,3,5,0,Cooper City,0,0,0,0,0,0,0,0,0,0,0,0,0,0,0,0,0,0,0,0,0,0,0,0
202601,12,165000,086,1480,14250 ,00000 ,49130 ,370,33100, , ,33134      ,3,5,0,Coral Gables,4,4,9981586,0,0,0,0,0,0,0,0,0,0,0,0,0,0,0,0,0,0,0,0,0
202601,12,167000,011,0427,14400 ,00000 ,133519 ,370,33100, , ,33065      ,3,5,1,Coral Springs,0,0,0,0,0,0,0,0,0,0,0,0,0,0,0,0,0,0,0,0,0,0,0,0
202601,12,173000,091,0440,15475 ,00000 ,25663 ,999,18880, ,1,32536      ,3,5,1,Crestview,28,28,7223531,0,0,0,0,0,0,0,0,0,28,28,7223531,0,0,0,0,0,0,0,0,0
202601,12,177000,017,0450,15775 ,00000 ,3235 ,999,26140, , ,34428      ,3,5,1,Crystal River,2,2,3300000,0,0,0,0,0,0,0,0,0,2,2,3300000,0,0,0,0,0,0,0,0,0
202601,12,178000,086,0454,15968 ,00000 ,43203 ,370,33100, , ,33189      ,3,5,1,Cutler Bay town,0,0,0,0,0,0,0,0,0,0,0,0,0,0,0,0,0,0,0,0,0,0,0,0
202601,12,179000,101,0465,16125 ,00000 ,7674 ,999,45300, , ,335261355  ,3,5,1,Dade City,35,35,12442190,0,0,0,0,0,0,0,0,0,35,35,12442190,0,0,0,0,0,0,0,0,0
202601,12,181000,086,    ,99990 ,00000 ,1179504 ,370,33100, , ,331751917  ,3,5,1,Miami-Dade County Unincorporated Area,75,75,8242995,5,10,572975,0,0,0,12,91,16066273,75,75,8242995,5,10,572975,0,0,0,12,91,16066273
202601,12,183000,011,0473,16335 ,00000 ,32207 ,370,33100, , ,33004      ,3,5,1,Dania Beach,2,2,540260,0,0,0,0,0,0,0,0,0,2,2,540260,0,0,0,0,0,0,0,0,0
202601,12,185000,105,0475,16450 ,00000 ,7301 ,422,29460, , ,33837      ,3,5,1,Davenport,21,21,11625343,0,0,0,0,0,0,0,0,0,21,21,11625343,0,0,0,0,0,0,0,0,0
202601,12,187000,011,0477,16475 ,00000 ,106621 ,370,33100, , ,33314      ,3,5,0,Davie town,3,3,842337,0,0,0,0,0,0,1,5,197717,0,0,0,0,0,0,0,0,0,0,0,0
202601,12,189000,127,0485,16525 ,00000 ,70143 ,422,19660, ,1,32114      ,3,5,1,Daytona Beach,22,22,6904407,0,0,0,0,0,0,1,56,6376740,22,22,6904407,0,0,0,0,0,0,1,56,6376740
202601,12,191000,127,0486,16550 ,00000 ,4641 ,422,19660, , ,32118      ,3,5,1,Daytona Beach Shores,0,0,0,0,0,0,0,0,0,0,0,0,0,0,0,0,0,0,0,0,0,0,0,0
202601,12,192000,127,0490,16675 ,00000 ,21572 ,422,19660, , ,32713      ,3,5,0,DeBary,6,6,2252374,0,0,0,0,0,0,0,0,0,0,0,0,0,0,0,0,0,0,0,0,0
202601,12,195000,127,1800,16875 ,00000 ,36019 ,422,19660, ,1,32720      ,3,5,1,DeLand,25,25,12147830,0,0,0,0,0,0,0,0,0,25,25,12147830,0,0,0,0,0,0,0,0,0
202601,12,197000,027,    ,00000 ,00000 ,30078 ,412,11580, , ,34266      ,3,5,1,DeSoto County,17,17,4626444,2,4,470334,0,0,0,0,0,0,17,17,4626444,2,4,470334,0,0,0,0,0,0
202601,12,199000,011,0495,16725 ,00000 ,81290 ,370,33100, ,1,33441      ,3,5,1,Deerfield Beach,0,0,0,0,0,0,0,0,0,0,0,0,0,0,0,0,0,0,0,0,0,0,0,0
202601,12,201000,099,0510,17100 ,00000 ,69577 ,370,33100, ,1,33444      ,3,5,0,Delray Beach,8,8,7762586,0,0,0,0,0,0,1,5,766472,0,0,0,0,0,0,0,0,0,0,0,0
202601,12,201100,127,0512,17200 ,00000 ,94312 ,422,19660, ,1,327251806  ,3,5,1,Deltona,16,16,6310253,0,0,0,0,0,0,0,0,0,16,16,6310253,0,0,0,0,0,0,0,0,0
202601,12,203000,091,0517,17325 ,00000 ,14284 ,999,18880, ,1,32541      ,3,5,1,Destin,5,5,742000,0,0,0,0,0,0,0,0,0,5,5,742000,0,0,0,0,0,0,0,0,0
202601,12,205000,029,    ,99990 ,00000 ,15146 ,999,99999, , ,32628      ,3,5,1,Dixie County,9,9,2665845,0,0,0,0,0,0,0,0,0,9,9,2665845,0,0,0,0,0,0,0,0,0
202601,12,206500,086,0522,17935 ,00000 ,67792 ,370,33100, ,1,33166      ,3,5,1,Doral,0,0,0,0,0,0,0,0,0,0,0,0,0,0,0,0,0,0,0,0,0,0,0,0
202601,12,207000,105,0525,18550 ,00000 ,5200 ,422,29460, , ,33838      ,3,5,0,Dundee town,2,2,507112,0,0,0,0,0,0,0,0,0,0,0,0,0,0,0,0,0,0,0,0,0
202601,12,209000,103,0527,18575 ,00000 ,36464 ,999,45300, , ,34698      ,3,5,1,Dunedin,2,2,1882829,0,0,0,0,0,0,0,0,0,2,2,1882829,0,0,0,0,0,0,0,0,0
202601,12,211000,083,0535,18675 ,00000 ,1867 ,999,36100, , ,34431      ,3,5,0,Dunnellon,1,1,268488,0,0,0,0,0,0,0,0,0,0,0,0,0,0,0,0,0,0,0,0,0
202601,12,215000,105,0540,18875 ,00000 ,3105 ,422,29460, , ,33839      ,3,5,1,Eagle Lake,2,2,418570,0,0,0,0,0,0,0,0,0,2,2,418570,0,0,0,0,0,0,0,0,0
202601,12,217000,095,0555,19650 ,00000 ,2189 ,422,36740, , ,327512009  ,3,5,0,Eatonville town,0,0,0,0,0,0,0,0,0,0,0,0,0,0,0,0,0,0,0,0,0,0,0,0
202601,12,221000,127,0565,19825 ,00000 ,24153 ,422,19660, , ,32132      ,3,5,1,Edgewater,3,3,1115751,0,0,0,0,0,0,0,0,0,3,3,1115751,0,0,0,0,0,0,0,0,0
202601,12,225000,086,0585,20650 ,00000 ,2355 ,370,33100, , ,33138      ,3,5,0,El Portal village,0,0,0,0,0,0,0,0,0,0,0,0,0,0,0,0,0,0,0,0,0,0,0,0
202601,12,227000,033,    ,99990 ,00000 ,267349 ,999,37860,2, ,325055250  ,3,5,1,Escambia County Unincorporated Area,243,243,0,0,0,0,0,0,0,0,0,0,243,243,0,0,0,0,0,0,0,0,0,0
202601,12,228000,071,2140,21150 ,00000 ,34383 ,163,15980, , ,33928      ,3,5,1,Estero village,1,1,165000,0,0,0,0,0,0,0,0,0,1,1,165000,0,0,0,0,0,0,0,0,0
202601,12,231000,069,0605,21350 ,00000 ,21328 ,422,36740, , ,327270068  ,3,5,1,Eustis,11,11,2912784,0,0,0,0,0,0,0,0,0,11,11,2912784,0,0,0,0,0,0,0,0,0
202601,12,239000,061,0615,22100 ,00000 ,5752 ,370,42680, , ,329480039  ,3,5,0,Fellsmere,1,1,452778,0,0,0,0,0,0,0,0,0,0,0,0,0,0,0,0,0,0,0,0,0
202601,12,241000,089,0620,22175 ,00000 ,13290 ,300,27260, , ,320344230  ,3,5,1,Fernandina Beach,4,4,2290956,0,0,0,0,0,0,0,0,0,4,4,2290956,0,0,0,0,0,0,0,0,0
202601,12,243000,035,0630,22550 ,00000 ,5066 ,422,19660,2, ,32136      ,3,5,1,Flagler Beach,3,3,1335573,0,0,0,0,0,0,0,0,0,3,3,1335573,0,0,0,0,0,0,0,0,0
202601,12,245000,035,    ,99990 ,00000 ,17491 ,422,19660,2, ,321100787  ,3,5,1,Flagler County Unincorporated Area,26,26,20285626,0,0,0,0,0,0,0,0,0,26,26,20285626,0,0,0,0,0,0,0,0,0
202601,12,247000,086,0640,22975 ,00000 ,11665 ,370,33100, , ,33034      ,3,5,0,Florida City,16,16,4601413,0,0,0,0,0,0,0,0,0,0,0,0,0,0,0,0,0,0,0,0,0
202601,12,249000,011,0645,24000 ,00000 ,184245 ,370,33100, ,1,333117834  ,3,5,1,Fort Lauderdale,27,27,21745234,0,0,0,0,0,0,3,48,70500000,27,27,21745234,0,0,0,0,0,0,3,48,70500000
202601,12,251000,105,0650,24100 ,00000 ,6260 ,422,29460, , ,33841      ,3,5,1,Fort Meade,1,1,165000,0,0,0,0,0,0,0,0,0,1,1,165000,0,0,0,0,0,0,0,0,0
202601,12,253000,071,0655,24125 ,00000 ,91086 ,163,15980, ,1,33901      ,3,5,1,Fort Myers,17,17,2698294,0,0,0,0,0,0,2,184,35767900,17,17,2698294,0,0,0,0,0,0,2,184,35767900
202601,12,253500,071,0656,24150 ,00000 ,7117 ,163,15980, , ,33931      ,3,5,1,Fort Myers Beach town,4,4,7859125,0,0,0,0,0,0,0,0,0,4,4,7859125,0,0,0,0,0,0,0,0,0
202601,12,255000,111,0665,24300 ,00000 ,46343 ,370,38940, , ,34950      ,3,5,1,Fort Pierce,5,5,2130000,0,0,0,0,0,0,0,0,0,5,5,2130000,0,0,0,0,0,0,0,0,0
202601,12,257000,091,0670,24475 ,00000 ,22396 ,999,18880, ,1,32548      ,3,5,1,Fort Walton Beach,1,1,286239,0,0,0,0,0,0,0,0,0,1,1,286239,0,0,0,0,0,0,0,0,0
202601,12,261000,037,    ,00000 ,00000 ,6997 ,999,99999, , ,32328      ,3,5,0,Franklin County,8,8,1752358,0,0,0,0,0,0,0,0,0,0,0,0,0,0,0,0,0,0,0,0,0
202601,12,265000,105,0682,24900 ,00000 ,3273 ,422,29460, , ,33843      ,3,5,1,Frostproof,2,2,976000,0,0,0,0,0,0,0,0,0,2,2,976000,0,0,0,0,0,0,0,0,0
202601,12,267000,069,0685,24975 ,00000 ,11011 ,422,36740, , ,34731      ,3,5,1,Fruitland Park,4,4,1400100,0,0,0,0,0,0,5,150,23512413,4,4,1400100,0,0,0,0,0,0,5,150,23512413
202601,12,269000,039,    ,99990 ,00000 ,28610 ,533,45220,2, ,323531799  ,3,5,1,Gadsden County Unincorporated Area,1,1,350000,0,0,0,0,0,0,0,0,0,1,1,350000,0,0,0,0,0,0,0,0,0
202601,12,271000,001,0695,25175 ,00000 ,135004 ,264,23540, ,1,32627      ,3,5,0,Gainesville,19,19,8429649,0,0,0,0,0,0,1,52,4250265,0,0,0,0,0,0,0,0,0,0,0,0
202601,12,273000,041,    ,00000 ,00000 ,15796 ,264,23540,2, ,32693      ,3,5,1,Gilchrist County,6,6,3138637,0,0,0,0,0,0,0,0,0,6,6,3138637,0,0,0,0,0,0,0,0,0
202601,12,275000,043,    ,00000 ,00000 ,12334 ,163,17500, , ,33471      ,3,5,0,Glades County,5,5,1138284,0,0,0,0,0,0,0,0,0,0,0,0,0,0,0,0,0,0,0,0,0
202601,12,277000,099,0736,26050 ,00000 ,246 ,370,33100, , ,33406      ,3,5,0,Glen Ridge town,0,0,0,0,0,0,0,0,0,0,0,0,0,0,0,0,0,0,0,0,0,0,0,0
202601,12,281000,086,0744,26250 ,00000 ,931 ,370,33100, , ,33160      ,3,5,0,Golden Beach town,0,0,0,0,0,0,0,0,0,0,0,0,0,0,0,0,0,0,0,0,0,0,0,0
202601,12,283000,099,0756,26550 ,00000 ,262 ,370,33100, , ,33436      ,3,5,0,Golf village,0,0,0,0,0,0,0,0,0,0,0,0,0,0,0,0,0,0,0,0,0,0,0,0
202601,12,289000,063,0769,27175 ,00000 ,872 ,999,99999, , ,324420180  ,3,5,1,Grand Ridge town,0,0,0,0,0,0,0,0,0,0,0,0,0,0,0,0,0,0,0,0,0,0,0,0
202601,12,290000,009,0770,27256 ,00000 ,4326 ,999,37340, , ,32950      ,3,5,1,Grant-Valkaria town,1,1,558805,0,0,0,0,0,0,0,0,0,1,1,558805,0,0,0,0,0,0,0,0,0
202601,12,291000,019,0776,27400 ,00000 ,8920 ,300,27260, , ,32043      ,3,5,1,Green Cove Springs,4,4,616300,0,0,0,0,0,0,0,0,0,4,4,616300,0,0,0,0,0,0,0,0,0
202601,12,293000,099,0774,27322 ,00000 ,41091 ,370,33100, , ,334633515  ,3,5,1,Greenacres,7,7,769737,0,0,0,0,0,0,0,0,0,7,7,769737,0,0,0,0,0,0,0,0,0
202601,12,301000,039,0785,27650 ,00000 ,1430 ,533,45220, , ,32332      ,3,5,0,Gretna,1,1,375000,0,0,0,0,0,0,0,0,0,0,0,0,0,0,0,0,0,0,0,0,0
202601,12,303000,069,0790,27800 ,00000 ,17961 ,422,36740, , ,34736      ,3,5,0,Groveland,21,21,9410173,1,2,780888,0,0,0,0,0,0,0,0,0,0,0,0,0,0,0,0,0,0
202601,12,307000,045,    ,99990 ,00000 ,7904 ,999,99999,2, ,32456      ,3,5,0,Gulf County Unincorporated Area,14,14,3482335,0,0,0,0,0,0,0,0,0,0,0,0,0,0,0,0,0,0,0,0,0
202601,12,309000,099,0800,28275 ,00000 ,988 ,370,33100, , ,33487      ,3,5,1,Gulf Stream town,1,1,0,0,0,0,0,0,0,0,0,0,1,1,0,0,0,0,0,0,0,0,0,0
202601,12,311000,103,0795,28175 ,00000 ,12285 ,999,45300, , ,33707      ,3,5,0,Gulfport,1,1,679257,0,0,0,0,0,0,0,0,0,0,0,0,0,0,0,0,0,0,0,0,0
202601,12,313000,105,0810,28400 ,00000 ,27674 ,422,29460, , ,33844      ,3,5,1,Haines City,119,119,35700000,0,0,0,0,0,0,0,0,0,119,119,35700000,0,0,0,0,0,0,0,0,0
202601,12,315000,011,3020,28452 ,00000 ,39724 ,370,33100, , ,33009      ,3,5,1,Hallandale Beach,0,0,0,0,0,0,0,0,0,0,0,0,0,0,0,0,0,0,0,0,0,0,0,0
202601,12,317000,047,    ,00000 ,00000 ,8721 ,999,99999, , ,32052      ,3,5,1,Hamilton County,0,0,0,0,0,0,0,0,0,0,0,0,0,0,0,0,0,0,0,0,0,0,0,0
202601,12,321000,049,    ,00000 ,00000 ,17380 ,999,99999, , ,33873      ,3,5,1,Hardee County,7,7,1945233,0,0,0,0,0,0,0,0,0,7,7,1945233,0,0,0,0,0,0,0,0,0
202601,12,327000,099,0840,29200 ,00000 ,2141 ,370,33100, , ,334175911  ,3,5,0,Haverhill town,0,0,0,0,0,0,0,0,0,0,0,0,0,0,0,0,0,0,0,0,0,0,0,0
202601,12,331000,051,    ,99990 ,00000 ,29451 ,163,17500, , ,339752340  ,3,5,1,Hendry County Unincorporated Area,30,30,5751442,0,0,0,0,0,0,0,0,0,30,30,5751442,0,0,0,0,0,0,0,0,0
202601,12,333000,053,    ,99990 ,00000 ,189957 ,999,45300, , ,34601      ,3,5,1,Hernando County Unincorporated Area,147,147,41027045,1,2,270000,0,0,0,0,0,0,147,147,41027045,1,2,270000,0,0,0,0,0,0
202601,12,335000,086,0860,30000 ,00000 ,232027 ,370,33100, , ,330110040  ,3,5,0,Hialeah,0,0,0,0,0,0,0,0,0,1,17,1612249,0,0,0,0,0,0,0,0,0,0,0,0
202601,12,337000,086,0865,30025 ,00000 ,23203 ,370,33100, , ,33016      ,3,5,0,Hialeah Gardens,0,0,0,0,0,0,0,0,0,0,0,0,0,0,0,0,0,0,0,0,0,0,0,0
202601,12,339000,001,0886,30525 ,00000 ,6280 ,264,23540, , ,32643      ,3,5,1,High Springs,4,4,5440000,0,0,0,0,0,0,0,0,0,4,4,5440000,0,0,0,0,0,0,0,0,0
202601,12,341000,099,0870,30200 ,00000 ,3915 ,370,33100, , ,33487      ,3,5,0,Highland Beach town,0,0,0,0,0,0,0,0,0,0,0,0,0,0,0,0,0,0,0,0,0,0,0,0
202601,12,345000,055,    ,99990 ,00000 ,82836 ,999,42700,2, ,33870      ,3,5,1,Highlands County Unincorporated Area,42,42,10226955,0,0,0,0,0,0,0,0,0,42,42,10226955,0,0,0,0,0,0,0,0,0
202601,12,349000,089,0895,30750 ,00000 ,3265 ,300,27260, , ,320460249  ,3,5,0,Hilliard town,2,2,556964,0,0,0,0,0,0,0,0,0,0,0,0,0,0,0,0,0,0,0,0,0
202601,12,351000,011,0900,30850 ,00000 ,2003 ,370,33100, , ,33062      ,3,5,0,Hillsboro Beach town,0,0,0,0,0,0,0,0,0,0,0,0,0,0,0,0,0,0,0,0,0,0,0,0
202601,12,353000,057,    ,99990 ,00000 ,1023948 ,999,45300, , ,33601      ,3,5,1,Hillsborough County Unincorporated Area,213,213,63091665,0,0,0,0,0,0,1,90,12750372,213,213,63091665,0,0,0,0,0,0,1,90,12750372
202601,12,355000,127,0910,31350 ,00000 ,12398 ,422,19660, , ,32117      ,3,5,1,Holly Hill,0,0,0,0,0,0,0,0,0,0,0,0,0,0,0,0,0,0,0,0,0,0,0,0
202601,12,357000,011,0915,32000 ,00000 ,154611 ,370,33100, , ,33022      ,3,5,1,Hollywood,0,0,0,0,0,0,0,0,0,0,0,0,0,0,0,0,0,0,0,0,0,0,0,0
202601,12,359000,081,0925,32150 ,00000 ,4304 ,412,35840, , ,34217      ,3,5,1,Holmes Beach,3,3,3742825,0,0,0,0,0,0,0,0,0,3,3,3742825,0,0,0,0,0,0,0,0,0
202601,12,361000,059,    ,00000 ,00000 ,15493 ,999,99999, , ,32425      ,3,5,0,Holmes County,1,1,133083,0,0,0,0,0,0,0,0,0,0,0,0,0,0,0,0,0,0,0,0,0
202601,12,363000,086,0930,32275 ,00000 ,69292 ,370,33100, , ,33030      ,3,5,1,Homestead,15,15,2050361,0,0,0,0,0,0,0,0,0,15,15,2050361,0,0,0,0,0,0,0,0,0
202601,12,367000,069,0935,32775 ,00000 ,1181 ,422,36740, , ,34737      ,3,5,0,Howey-in-the-Hills town,5,5,1600000,0,0,0,0,0,0,0,0,0,0,0,0,0,0,0,0,0,0,0,0,0
202601,12,369000,099,0940,33150 ,00000 ,2870 ,370,33100, , ,334626034  ,3,5,1,Hypoluxo town,0,0,0,0,0,0,0,0,0,0,0,0,0,0,0,0,0,0,0,0,0,0,0,0
202601,12,371000,009,0950,33375 ,00000 ,2895 ,999,37340, , ,32903      ,3,5,0,Indialantic town,0,0,0,0,0,0,0,0,0,0,0,0,0,0,0,0,0,0,0,0,0,0,0,0
202601,12,371800,085,    ,33700 ,00000 ,7253 ,370,38940, , ,34956      ,3,5,1,Indiantown village,5,5,700000,0,0,0,0,0,0,0,0,0,5,5,700000,0,0,0,0,0,0,0,0,0
202601,12,373000,086,0955,33425 ,00000 ,88 ,370,33100, , ,33154      ,3,5,0,Indian Creek village,0,0,0,0,0,0,0,0,0,0,0,0,0,0,0,0,0,0,0,0,0,0,0,0
202601,12,375000,009,0957,33450 ,00000 ,8517 ,999,37340, , ,32937      ,3,5,0,Indian Harbour Beach,0,0,0,0,0,0,0,0,0,0,0,0,0,0,0,0,0,0,0,0,0,0,0,0
202601,12,377000,061,    ,99990 ,00000 ,107713 ,370,42680,2, ,32960      ,3,5,1,Indian River County Unincorporated Area,1,1,3975000,0,0,0,0,0,0,0,0,0,1,1,3975000,0,0,0,0,0,0,0,0,0
202601,12,379000,061,0960,33600 ,00000 ,4346 ,370,42680, , ,32963      ,3,5,1,Indian River Shores town,0,0,0,0,0,0,0,0,0,0,0,0,0,0,0,0,0,0,0,0,0,0,0,0
202601,12,383000,103,0970,33675 ,00000 ,1468 ,999,45300, , ,33785      ,3,5,1,Indian Shores town,0,0,0,0,0,0,0,0,0,0,0,0,0,0,0,0,0,0,0,0,0,0,0,0
202601,12,385000,075,0980,33800 ,00000 ,1374 ,264,23540, , ,344490429  ,3,5,1,Inglis town,2,2,170000,0,0,0,0,0,0,0,0,0,2,2,170000,0,0,0,0,0,0,0,0,0
202601,12,389000,017,0990,33950 ,00000 ,7674 ,999,26140, , ,34450      ,3,5,1,Inverness,2,2,431000,0,0,0,0,0,0,0,0,0,2,2,431000,0,0,0,0,0,0,0,0,0
202601,12,389900,087,0996,34132 ,00000 ,6280 ,370,28580, , ,33036      ,3,5,1,Islamorada Village of Islands village,2,2,3925312,0,0,0,0,0,0,0,0,0,2,2,3925312,0,0,0,0,0,0,0,0,0
202601,12,393000,063,    ,00000 ,00000 ,30987 ,999,99999,2, ,32446      ,3,5,1,Jackson County Unincorporated Area,4,4,1085262,0,0,0,0,0,0,0,0,0,4,4,1085262,0,0,0,0,0,0,0,0,0
202601,12,395000,031,1003,35000 ,00000 ,920570 ,300,27260,2,1,32202      ,3,5,1,Jacksonville-Duval County,294,294,54407632,2,4,260000,0,0,0,0,0,0,294,294,54407632,2,4,260000,0,0,0,0,0,0
202601,12,397000,031,1005,35050 ,00000 ,23609 ,300,27260, , ,32250      ,3,5,0,Jacksonville Beach,4,4,1910876,0,0,0,0,0,0,0,0,0,0,0,0,0,0,0,0,0,0,0,0,0
202601,12,405000,065,    ,00000 ,00000 ,12090 ,533,45220, , ,32344      ,3,5,1,Jefferson County,8,8,2368134,0,0,0,0,0,0,0,0,0,8,8,2368134,0,0,0,0,0,0,0,0,0
202601,12,409000,099,1030,35850 ,00000 ,3608 ,370,33100, , ,33408      ,3,5,1,Juno Beach town,0,0,0,0,0,0,0,0,0,0,0,0,0,0,0,0,0,0,0,0,0,0,0,0
202601,12,411000,099,1040,35900 ,00000 ,451 ,370,33100, , ,33469      ,3,5,0,Jupiter Inlet Colony town,0,0,0,0,0,0,0,0,0,0,0,0,0,0,0,0,0,0,0,0,0,0,0,0
202601,12,413000,085,1042,35925 ,00000 ,941 ,370,38940, , ,33455      ,3,5,1,Jupiter Island town,0,0,0,0,0,0,0,0,0,0,0,0,0,0,0,0,0,0,0,0,0,0,0,0
202601,12,415000,099,1035,35875 ,00000 ,65834 ,370,33100, ,1,33458      ,3,5,1,Jupiter town,0,0,0,0,0,0,0,0,0,0,0,0,0,0,0,0,0,0,0,0,0,0,0,0
202601,12,418000,086,1058,36300 ,00000 ,12730 ,370,33100, , ,33149      ,3,5,0,Key Biscayne village,2,2,2534442,0,0,0,0,0,0,0,0,0,0,0,0,0,0,0,0,0,0,0,0,0
202601,12,419000,087,1060,36325 ,00000 ,795 ,370,28580, , ,33051      ,3,5,1,Key Colony Beach,1,1,950000,0,0,0,0,0,0,0,0,0,1,1,950000,0,0,0,0,0,0,0,0,0
202601,12,421000,087,1070,36550 ,00000 ,23767 ,370,28580, ,2,330411409  ,3,5,1,Key West,0,0,0,0,0,0,0,0,0,0,0,0,0,0,0,0,0,0,0,0,0,0,0,0
202601,12,425000,097,1075,36950 ,00000 ,72858 ,422,36740, ,1,347415013  ,3,5,1,Kissimmee,27,27,8782966,0,0,0,0,0,0,0,0,0,27,27,8782966,0,0,0,0,0,0,0,0,0
202601,12,427000,051,1080,37225 ,00000 ,5263 ,163,17500, , ,33935      ,3,5,1,LaBelle,0,0,0,0,0,0,0,0,0,0,0,0,0,0,0,0,0,0,0,0,0,0,0,0
202601,12,431000,069,1095,37375 ,00000 ,16179 ,422,36740, , ,32159      ,3,5,0,Lady Lake town,5,5,735635,0,0,0,0,0,0,0,0,0,0,0,0,0,0,0,0,0,0,0,0,0
202601,12,433000,067,    ,00000 ,00000 ,7193 ,999,99999, , ,32066      ,3,5,0,Lafayette County,3,3,246532,0,0,0,0,0,0,0,0,0,0,0,0,0,0,0,0,0,0,0,0,0
202601,12,435000,105,1100,37525 ,00000 ,6331 ,422,29460, , ,33850      ,3,5,1,Lake Alfred,4,4,1126600,0,0,0,0,0,0,0,0,0,4,4,1126600,0,0,0,0,0,0,0,0,0
202601,12,437000,095,1103,37625 ,00000 ,26 ,422,36740, , ,328690519  ,3,5,0,Lake Buena Vista,0,0,0,0,0,0,0,0,0,0,0,0,0,0,0,0,0,0,0,0,0,0,0,0
202601,12,441000,023,1110,37775 ,00000 ,12424 ,264,29380, ,2,32055      ,3,5,1,Lake City,1,1,555783,0,0,0,0,0,0,0,0,0,1,1,555783,0,0,0,0,0,0,0,0,0
202601,12,443000,099,1115,37800 ,00000 ,3619 ,370,33100, , ,33406      ,3,5,0,Lake Clarke Shores town,0,0,0,0,0,0,0,0,0,0,0,0,0,0,0,0,0,0,0,0,0,0,0,0
202601,12,445000,069,    ,99990 ,00000 ,182770 ,422,36740,2, ,32778      ,3,5,1,Lake County Unincorporated Area,86,86,25457435,0,0,0,0,0,0,0,0,0,86,86,25457435,0,0,0,0,0,0,0,0,0
202601,12,447000,105,1125,37975 ,00000 ,1542 ,422,29460,2, ,33851      ,3,5,1,Lake Hamilton town,33,33,12653817,0,0,0,0,0,0,0,0,0,33,33,12653817,0,0,0,0,0,0,0,0,0
202601,12,449000,127,1130,38025 ,00000 ,2826 ,422,19660, , ,32744      ,3,5,0,Lake Helen,1,1,369376,0,0,0,0,0,0,0,0,0,0,0,0,0,0,0,0,0,0,0,0,0
202601,12,451000,117,1144,38425 ,00000 ,17486 ,422,36740, , ,327460700  ,3,5,1,Lake Mary,0,0,0,0,0,0,0,0,0,0,0,0,0,0,0,0,0,0,0,0,0,0,0,0
202601,12,453000,099,1148,38600 ,00000 ,8537 ,370,33100, , ,33403      ,3,5,0,Lake Park town,0,0,0,0,0,0,0,0,0,0,0,0,0,0,0,0,0,0,0,0,0,0,0,0
202601,12,457000,105,1160,38950 ,00000 ,17693 ,422,29460, , ,338591320  ,3,5,1,Lake Wales,22,22,8195104,0,0,0,0,0,0,0,0,0,22,22,8195104,0,0,0,0,0,0,0,0,0
202601,12,459000,099,1165,39081 ,00000 ,38701 ,370,33100, , ,33461      ,3,5,1,Lake Worth Beach,0,0,0,0,0,0,0,0,0,2,182,5986349,0,0,0,0,0,0,0,0,0,2,182,5986349
202601,12,461000,105,1136,38250 ,00000 ,115283 ,422,29460, ,1,33801      ,3,5,1,Lakeland,42,42,10750635,1,2,420000,0,0,0,0,0,0,42,42,10750635,1,2,420000,0,0,0,0,0,0
202601,12,463000,099,1170,39375 ,00000 ,12556 ,370,33100, , ,33462      ,3,5,1,Lantana town,1,1,25412480,0,0,0,0,0,0,0,0,0,1,1,25412480,0,0,0,0,0,0,0,0,0
202601,12,465000,103,1175,39425 ,00000 ,84681 ,999,45300, ,1,337790296  ,3,5,1,Largo,0,0,0,0,0,0,0,0,0,0,0,0,0,0,0,0,0,0,0,0,0,0,0,0
202601,12,467000,011,1183,39525 ,00000 ,36769 ,370,33100, , ,33319      ,3,5,0,Lauderdale Lakes,3,3,1015712,0,0,0,0,0,0,0,0,0,0,0,0,0,0,0,0,0,0,0,0,0
202601,12,469000,011,1180,39475 ,00000 ,6711 ,370,33100, , ,33308      ,3,5,0,Lauderdale-by-the-Sea town,0,0,0,0,0,0,0,0,0,0,0,0,0,0,0,0,0,0,0,0,0,0,0,0
202601,12,471000,011,1185,39550 ,00000 ,71582 ,370,33100, , ,33319      ,3,5,0,Lauderhill,0,0,0,0,0,0,0,0,0,0,0,0,0,0,0,0,0,0,0,0,0,0,0,0
202601,12,477000,087,1203,39725 ,00000 ,180 ,370,28580, , ,33001      ,3,5,0,Layton,0,0,0,0,0,0,0,0,0,0,0,0,0,0,0,0,0,0,0,0,0,0,0,0
202601,12,481000,071,    ,99990 ,00000 ,388950 ,163,15980, , ,339010398  ,3,5,1,Lee County Unincorporated Area,362,362,65742625,0,0,0,0,0,0,1,6,720000,362,362,65742625,0,0,0,0,0,0,1,6,720000
202601,12,485000,069,1215,39875 ,00000 ,24060 ,422,36740,2, ,34748      ,3,5,1,Leesburg,19,19,7434000,0,0,0,0,0,0,0,0,0,19,19,7434000,0,0,0,0,0,0,0,0,0
202601,12,487000,073,    ,99990 ,00000 ,99134 ,533,45220, , ,323011019  ,3,5,0,Leon County Unincorporated Area,21,21,4829035,0,0,0,0,0,0,0,0,0,0,0,0,0,0,0,0,0,0,0,0,0
202601,12,489000,075,    ,99990 ,00000 ,32653 ,264,23540,2, ,32621      ,3,5,1,Levy County Unincorporated Area,11,11,3256184,0,0,0,0,0,0,0,0,0,11,11,3256184,0,0,0,0,0,0,0,0,0
202601,12,491000,077,    ,99990 ,00000 ,7387 ,999,99999, , ,32321      ,3,5,1,Liberty County Unincorporated Area,1,1,50000,0,0,0,0,0,0,0,0,0,1,1,50000,0,0,0,0,0,0,0,0,0
202601,12,493000,011,1225,40450 ,00000 ,11249 ,370,33100, , ,33064      ,3,5,1,Lighthouse Point,4,4,4551589,0,0,0,0,0,0,0,0,0,4,4,4551589,0,0,0,0,0,0,0,0,0
202601,12,495000,121,1230,40875 ,00000 ,6990 ,999,99999, , ,320643340  ,3,5,0,Live Oak,0,0,0,0,0,0,0,0,0,0,0,0,0,0,0,0,0,0,0,0,0,0,0,0
202601,12,499000,115,1245,41150 ,00000 ,4724 ,412,35840,2, ,34228      ,3,5,1,Longboat Key town,1,1,968256,0,0,0,0,0,0,0,0,0,1,1,968256,0,0,0,0,0,0,0,0,0
202601,12,501000,117,1250,41250 ,00000 ,16876 ,422,36740, , ,32750      ,3,5,1,Longwood,1,1,303673,0,0,0,0,0,0,0,0,0,1,1,303673,0,0,0,0,0,0,0,0,0
202601,12,503000,005,1255,41825 ,00000 ,20231 ,999,37460, , ,32444      ,3,5,0,Lynn Haven,5,5,1315762,0,0,0,0,0,0,1,8,1336982,0,0,0,0,0,0,0,0,0,0,0,0
202601,12,505000,003,1260,41950 ,00000 ,7090 ,300,27260, , ,32063      ,3,5,1,Macclenny,1,1,300000,0,0,0,0,0,0,0,0,0,1,1,300000,0,0,0,0,0,0,0,0,0
202601,12,507000,103,1270,42400 ,00000 ,4276 ,999,45300, , ,33708      ,3,5,1,Madeira Beach,20,20,15772858,0,0,0,0,0,0,0,0,0,20,20,15772858,0,0,0,0,0,0,0,0,0
202601,12,511000,079,    ,99990 ,00000 ,14754 ,999,99999, , ,32341      ,3,5,1,Madison County,1,1,409500,0,0,0,0,0,0,0,0,0,1,1,409500,0,0,0,0,0,0,0,0,0
202601,12,513000,095,1280,42575 ,00000 ,17452 ,422,36740, , ,32751      ,3,5,0,Maitland,1,1,521446,0,0,0,0,0,0,0,0,0,0,0,0,0,0,0,0,0,0,0,0,0
202601,12,515000,009,1283,42625 ,00000 ,3225 ,999,37340, , ,329504472  ,3,5,1,Malabar town,1,1,500000,0,0,0,0,0,0,0,0,0,1,1,500000,0,0,0,0,0,0,0,0,0
202601,12,519000,099,1290,42700 ,00000 ,469 ,370,33100, , ,334623321  ,3,5,0,Manalapan town,0,0,0,0,0,0,0,0,0,0,0,0,0,0,0,0,0,0,0,0,0,0,0,0
202601,12,521000,081,    ,99990 ,00000 ,327755 ,412,35840, , ,342061000  ,3,5,1,Manatee County Unincorporated Area,459,459,130931416,3,6,700000,0,0,0,0,0,0,459,459,130931416,3,6,700000,0,0,0,0,0,0
202601,12,523000,099,1295,42900 ,00000 ,2008 ,370,33100, , ,33407      ,3,5,0,Mangonia Park town,0,0,0,0,0,0,0,0,0,1,5,386875,0,0,0,0,0,0,0,0,0,0,0,0
202601,12,524000,087,1298,43000 ,00000 ,8984 ,370,28580, , ,33050      ,3,5,1,Marathon,2,2,3750000,1,2,589000,0,0,0,0,0,0,2,2,3750000,1,2,589000,0,0,0,0,0,0
202601,12,524500,021,1299,43083 ,00000 ,18089 ,163,34940, ,1,34145      ,3,5,1,Marco Island,13,13,25294100,0,0,0,0,0,0,0,0,0,13,13,25294100,0,0,0,0,0,0,0,0,0
202601,12,525000,011,1300,43125 ,00000 ,58734 ,370,33100, , ,33063      ,3,5,1,Margate,0,0,0,0,0,0,0,0,0,0,0,0,0,0,0,0,0,0,0,0,0,0,0,0
202601,12,527000,063,1305,43175 ,00000 ,5712 ,999,99999, , ,32446      ,3,5,0,Marianna,0,0,0,0,0,0,0,0,0,0,0,0,0,0,0,0,0,0,0,0,0,0,0,0
202601,12,533000,083,    ,99990 ,00000 ,303698 ,999,36100,2, ,34470      ,3,5,1,Marion County Unincorporated Area,422,422,86673257,8,16,1580000,0,0,0,0,0,0,422,422,86673257,8,16,1580000,0,0,0,0,0,0
202601,12,535000,085,    ,99990 ,00000 ,134589 ,370,38940, , ,349963090  ,3,5,1,Martin County Unincorporated Area,155,155,90935493,1,2,409374,0,0,0,0,0,0,155,155,90935493,1,2,409374,0,0,0,0,0,0
202601,12,539000,069,1325,43425 ,00000 ,6826 ,422,36740, , ,34753      ,3,5,0,Mascotte,21,21,6427791,0,0,0,0,0,0,0,0,0,0,0,0,0,0,0,0,0,0,0,0,0
202601,12,545000,086,1335,43900 ,00000 ,881 ,370,33100, , ,33166      ,3,5,0,Medley town,0,0,0,0,0,0,0,0,0,0,0,0,0,0,0,0,0,0,0,0,0,0,0,0
202601,12,547000,009,1350,43975 ,00000 ,83376 ,999,37340, ,1,32901      ,3,5,1,Melbourne,2,2,1175366,0,0,0,0,0,0,0,0,0,2,2,1175366,0,0,0,0,0,0,0,0,0
202601,12,549000,009,1353,44000 ,00000 ,3298 ,999,37340, , ,32951      ,3,5,1,Melbourne Beach town,0,0,0,0,0,0,0,0,0,0,0,0,0,0,0,0,0,0,0,0,0,0,0,0
202601,12,551000,009,1355,44075 ,00000 ,692 ,999,37340, , ,32904      ,3,5,0,Melbourne Village town,0,0,0,0,0,0,0,0,0,0,0,0,0,0,0,0,0,0,0,0,0,0,0,0
202601,12,553000,005,1367,44300 ,00000 ,1102 ,999,37460, , ,32456      ,3,5,1,Mexico Beach,2,2,1535000,0,0,0,0,0,0,0,0,0,2,2,1535000,0,0,0,0,0,0,0,0,0
202601,12,555000,086,1370,45000 ,00000 ,471525 ,370,33100, ,1,33130      ,3,5,1,Miami,24,24,23554681,9,18,5397353,0,0,0,5,548,95718991,24,24,23554681,9,18,5397353,0,0,0,5,548,95718991
202601,12,557000,086,1375,45025 ,00000 ,87726 ,370,33100, ,1,33139      ,3,5,1,Miami Beach,4,4,5106840,0,0,0,0,0,0,0,0,0,4,4,5106840,0,0,0,0,0,0,0,0,0
202601,12,557300,086,1376,45060 ,00000 ,109131 ,370,33100, , ,33056      ,3,5,1,Miami Gardens,2,2,360000,0,0,0,0,0,0,0,0,0,2,2,360000,0,0,0,0,0,0,0,0,0
202601,12,557500,086,1378,45100 ,00000 ,31567 ,370,33100, , ,33014      ,3,5,0,Miami Lakes town,16,16,3504603,0,0,0,0,0,0,0,0,0,0,0,0,0,0,0,0,0,0,0,0,0
202601,12,559000,086,1380,45175 ,00000 ,10228 ,370,33100, , ,33138      ,3,5,1,Miami Shores village,1,1,1500000,0,0,0,0,0,0,0,0,0,1,1,1500000,0,0,0,0,0,0,0,0,0
202601,12,561000,086,1385,45200 ,00000 ,13728 ,370,33100, , ,33166      ,3,5,0,Miami Springs,0,0,0,0,0,0,0,0,0,0,0,0,0,0,0,0,0,0,0,0,0,0,0,0
202601,12,565000,039,1394,45425 ,00000 ,2956 ,533,45220, , ,32343      ,3,5,0,Midway,0,0,0,0,0,0,0,0,0,0,0,0,0,0,0,0,0,0,0,0,0,0,0,0
202601,12,569000,069,1410,45900 ,00000 ,13973 ,422,36740, , ,34715      ,3,5,1,Minneola,46,46,25667864,0,0,0,0,0,0,0,0,0,46,46,25667864,0,0,0,0,0,0,0,0,0
202601,12,571000,011,1420,45975 ,00000 ,141150 ,370,33100, , ,33025      ,3,5,1,Miramar,0,0,0,0,0,0,0,0,0,0,0,0,0,0,0,0,0,0,0,0,0,0,0,0
202601,12,573000,087,    ,99990 ,00000 ,33894 ,370,28580, , ,33050      ,3,5,0,Monroe County Unincorporated Area,10,10,7527688,0,0,0,0,0,0,0,0,0,0,0,0,0,0,0,0,0,0,0,0,0
202601,12,581000,069,1440,47050 ,00000 ,14778 ,422,36740, , ,32757      ,3,5,1,Mount Dora,34,34,5722340,3,6,630000,0,0,0,0,0,0,34,34,5722340,3,6,630000,0,0,0,0,0,0
202601,12,583000,105,1445,47200 ,00000 ,4274 ,422,29460, , ,33860      ,3,5,1,Mulberry,1,1,495149,0,0,0,0,0,0,0,0,0,1,1,495149,0,0,0,0,0,0,0,0,0
202601,12,585000,021,1455,47625 ,00000 ,21988 ,163,34940, ,1,34102      ,3,5,0,Naples,8,8,28653629,0,0,0,0,0,0,0,0,0,0,0,0,0,0,0,0,0,0,0,0,0
202601,12,587000,089,    ,99990 ,00000 ,73170 ,300,27260, , ,32097      ,3,5,1,Nassau County Unincorporated Area,54,54,21868967,0,0,0,0,0,0,0,0,0,54,54,21868967,0,0,0,0,0,0,0,0,0
202601,12,589000,031,1465,48100 ,00000 ,7217 ,300,27260, , ,322666140  ,3,5,1,Neptune Beach,1,1,300000,0,0,0,0,0,0,0,0,0,1,1,300000,0,0,0,0,0,0,0,0,0
202601,12,591000,101,1475,48500 ,00000 ,17033 ,999,45300, , ,34652      ,3,5,0,New Port Richey,1,1,94718,0,0,0,0,0,0,1,5,431250,0,0,0,0,0,0,0,0,0,0,0,0
202601,12,593000,127,1480,48625 ,00000 ,28723 ,422,19660, , ,32168      ,3,5,1,New Smyrna Beach,6,6,2344993,0,0,0,0,0,0,0,0,0,6,6,2344993,0,0,0,0,0,0,0,0,0
202601,12,595000,001,1470,48200 ,00000 ,6368 ,264,23540, , ,326694254  ,3,5,1,Newberry,17,17,6614674,0,0,0,0,0,0,0,0,0,17,17,6614674,0,0,0,0,0,0,0,0,0
202601,12,597000,091,1481,48750 ,00000 ,16217 ,999,18880, , ,32578      ,3,5,0,Niceville,5,5,1932052,0,0,0,0,0,0,0,0,0,0,0,0,0,0,0,0,0,0,0,0,0
202601,12,601000,086,1490,49225 ,00000 ,7958 ,370,33100, , ,33141      ,3,5,0,North Bay Village,0,0,0,0,0,0,0,0,0,0,0,0,0,0,0,0,0,0,0,0,0,0,0,0
202601,12,603000,011,1496,49425 ,00000 ,44203 ,370,33100, , ,33068      ,3,5,1,North Lauderdale,0,0,0,0,0,0,0,0,0,0,0,0,0,0,0,0,0,0,0,0,0,0,0,0
202601,12,605000,086,1498,49450 ,00000 ,62247 ,370,33100, , ,33161      ,3,5,1,North Miami,0,0,0,0,0,0,0,0,0,0,0,0,0,0,0,0,0,0,0,0,0,0,0,0
202601,12,607000,086,1500,49475 ,00000 ,42444 ,370,33100, , ,33161      ,3,5,1,North Miami Beach,1,1,700000,0,0,0,0,0,0,0,0,0,1,1,700000,0,0,0,0,0,0,0,0,0
202601,12,609000,099,1510,49600 ,00000 ,13108 ,370,33100, , ,33408      ,3,5,1,North Palm Beach village,0,0,0,0,0,0,0,0,0,0,0,0,0,0,0,0,0,0,0,0,0,0,0,0
202601,12,611000,115,1520,49675 ,00000 ,73738 ,412,35840, ,1,34286      ,3,5,1,North Port,128,128,62989824,0,0,0,2,8,3421762,1,8,3258497,128,128,62989824,0,0,0,2,8,3421762,1,8,3258497
202601,12,613000,103,1522,49725 ,00000 ,1469 ,999,45300, , ,33708      ,3,5,1,North Redington Beach town,3,3,0,0,0,0,0,0,0,0,0,0,3,3,0,0,0,0,0,0,0,0,0,0
202601,12,615000,127,1530,50450 ,00000 ,2242 ,422,19660, , ,32759      ,3,5,1,Oak Hill,0,0,0,0,0,0,0,0,0,0,0,0,0,0,0,0,0,0,0,0,0,0,0,0
202601,12,619000,011,1540,50575 ,00000 ,45070 ,370,33100, , ,33334      ,3,5,0,Oakland Park,1,1,151167,0,0,0,0,0,0,0,0,0,0,0,0,0,0,0,0,0,0,0,0,0
202601,12,621000,083,1545,50750 ,00000 ,61669 ,999,36100, ,1,344781270  ,3,5,1,Ocala,54,54,0,1,2,100000,0,0,0,0,0,0,54,54,0,1,2,100000,0,0,0,0,0,0
202601,12,623000,085,1548,50875 ,00000 ,413 ,370,38940, , ,349581025  ,3,5,1,Ocean Breeze town,0,0,0,0,0,0,0,0,0,0,0,0,0,0,0,0,0,0,0,0,0,0,0,0
202601,12,625000,099,1550,50950 ,00000 ,1957 ,370,33100, , ,33435      ,3,5,1,Ocean Ridge town,0,0,0,0,0,0,0,0,0,0,0,0,0,0,0,0,0,0,0,0,0,0,0,0
202601,12,627000,095,1560,51075 ,00000 ,49168 ,422,36740, , ,34761      ,3,5,1,Ocoee,34,34,14784000,0,0,0,0,0,0,0,0,0,34,34,14784000,0,0,0,0,0,0,0,0,0
202601,12,629000,091,    ,99990 ,00000 ,122029 ,999,18880,2, ,32539      ,3,5,1,Okaloosa County Unincorporated Area,92,92,24567116,0,0,0,0,0,0,0,0,0,92,92,24567116,0,0,0,0,0,0,0,0,0
202601,12,631000,093,1565,51200 ,00000 ,5662 ,370,36380, ,2,34974      ,3,5,1,Okeechobee,2,2,752214,0,0,0,0,0,0,0,0,0,2,2,752214,0,0,0,0,0,0,0,0,0
202601,12,633000,093,    ,99990 ,00000 ,36635 ,370,36380, , ,349424146  ,3,5,0,Okeechobee County Unincorporated Area,0,0,0,0,0,0,0,0,0,0,0,0,0,0,0,0,0,0,0,0,0,0,0,0
202601,12,637000,086,1585,51650 ,00000 ,15663 ,370,33100, , ,330543521  ,3,5,0,Opa-locka,0,0,0,1,2,93333,0,0,0,0,0,0,0,0,0,0,0,0,0,0,0,0,0,0
202601,12,639000,127,1590,51825 ,00000 ,12660 ,422,19660, , ,32763      ,3,5,1,Orange City,2,2,379680,0,0,0,0,0,0,0,0,0,2,2,379680,0,0,0,0,0,0,0,0,0
202601,12,641000,095,    ,99990 ,00000 ,897822 ,422,36740,2, ,328021393  ,3,5,1,Orange County Unincorporated Area,115,115,40281248,1,2,328632,0,0,0,0,0,0,115,115,40281248,1,2,328632,0,0,0,0,0,0
202601,12,643000,019,1595,52125 ,00000 ,8777 ,300,27260, , ,32073      ,3,5,0,Orange Park town,1,1,345833,0,0,0,0,0,0,0,0,0,0,0,0,0,0,0,0,0,0,0,0,0
202601,12,645000,061,1597,52175 ,00000 ,455 ,370,42680, , ,32963      ,3,5,0,Orchid town,0,0,0,0,0,0,0,0,0,0,0,0,0,0,0,0,0,0,0,0,0,0,0,0
202601,12,647000,095,1600,53000 ,00000 ,289457 ,422,36740, ,1,328024990  ,3,5,1,Orlando,36,36,18625758,0,0,0,0,0,0,1,112,24267857,36,36,18625758,0,0,0,0,0,0,1,112,24267857
202601,12,649000,127,1605,53150 ,00000 ,44043 ,422,19660, ,1,32175      ,3,5,0,Ormond Beach,11,11,4578422,0,0,0,0,0,0,0,0,0,0,0,0,0,0,0,0,0,0,0,0,0
202601,12,651000,097,    ,99990 ,00000 ,255867 ,422,36740, , ,34741      ,3,5,1,Osceola County Unincorporated Area,181,181,42779042,0,0,0,0,0,0,1,100,11321500,181,181,42779042,0,0,0,0,0,0,1,100,11321500
202601,12,655000,117,1615,53575 ,00000 ,41652 ,422,36740, , ,32765      ,3,5,1,Oviedo,3,3,817629,0,0,0,0,0,0,0,0,0,3,3,817629,0,0,0,0,0,0,0,0,0
202601,12,657000,099,1625,53800 ,00000 ,6294 ,370,33100, , ,33476      ,3,5,0,Pahokee,0,0,0,0,0,0,0,0,0,0,0,0,0,0,0,0,0,0,0,0,0,0,0,0
202601,12,661000,009,1640,54000 ,00000 ,116932 ,999,37340, ,1,32907      ,3,5,1,Palm Bay,134,134,47079097,0,0,0,0,0,0,0,0,0,134,134,47079097,0,0,0,0,0,0,0,0,0
202601,12,663000,099,    ,99990 ,00000 ,658792 ,370,33100,2, ,33411      ,3,5,1,Palm Beach County Unincorporated Area,100,100,29601669,9,18,4377164,0,0,0,1,5,853000,100,100,29601669,9,18,4377164,0,0,0,1,5,853000
202601,12,665000,099,1650,54075 ,00000 ,58210 ,370,33100, ,1,33410      ,3,5,0,Palm Beach Gardens,45,45,26688699,0,0,0,0,0,0,0,0,0,0,0,0,0,0,0,0,0,0,0,0,0
202601,12,667000,099,1655,54150 ,00000 ,1261 ,370,33100, , ,33404      ,3,5,0,Palm Beach Shores town,0,0,0,0,0,0,0,0,0,0,0,0,0,0,0,0,0,0,0,0,0,0,0,0
202601,12,669000,099,1645,54025 ,00000 ,8836 ,370,33100, , ,33480      ,3,5,0,Palm Beach town,2,2,5505323,0,0,0,0,0,0,0,0,0,0,0,0,0,0,0,0,0,0,0,0,0
202601,12,670000,035,1658,54200 ,00000 ,92350 ,422,19660, , ,32164      ,3,5,1,Palm Coast,80,80,31790000,4,8,2231000,0,0,0,1,104,12857430,80,80,31790000,4,8,2231000,0,0,0,1,104,12857430
202601,12,671000,009,1667,54425 ,00000 ,1157 ,999,37340, , ,32940      ,3,5,0,Palm Shores town,0,0,0,0,0,0,0,0,0,0,0,0,0,0,0,0,0,0,0,0,0,0,0,0
202601,12,673000,099,1670,54450 ,00000 ,25356 ,370,33100, , ,33461      ,3,5,1,Palm Springs village,0,0,0,0,0,0,0,0,0,0,0,0,0,0,0,0,0,0,0,0,0,0,0,0
202601,12,675000,081,1660,54250 ,00000 ,13796 ,412,35840, , ,34221      ,3,5,1,Palmetto,0,0,0,0,0,0,0,0,0,0,0,0,0,0,0,0,0,0,0,0,0,0,0,0
202601,12,675500,086,1661,54275 ,00000 ,24218 ,370,33100, , ,33157      ,3,5,1,Palmetto Bay village,0,0,0,0,0,0,0,0,0,0,0,0,0,0,0,0,0,0,0,0,0,0,0,0
202601,12,677000,005,1675,54700 ,00000 ,33734 ,999,37460, ,1,32401      ,3,5,0,Panama City,18,18,6469020,0,0,0,0,0,0,0,0,0,0,0,0,0,0,0,0,0,0,0,0,0
202601,12,679000,005,1678,54725 ,00000 ,12337 ,999,37460, ,1,32413      ,3,5,1,Panama City Beach,13,13,8846445,0,0,0,0,0,0,0,0,0,13,13,8846445,0,0,0,0,0,0,0,0,0
202601,12,681000,005,1685,55075 ,00000 ,4109 ,999,37460, , ,32404      ,3,5,1,Parker,0,0,0,0,0,0,0,0,0,0,0,0,0,0,0,0,0,0,0,0,0,0,0,0
202601,12,683000,011,1686,55125 ,00000 ,35380 ,370,33100, , ,33067      ,3,5,1,Parkland,15,15,6026718,0,0,0,0,0,0,0,0,0,15,15,6026718,0,0,0,0,0,0,0,0,0
202601,12,685000,101,    ,99990 ,00000 ,522767 ,999,45300, , ,34654      ,3,5,1,Pasco County Unincorporated Area,456,456,135069480,0,0,0,0,0,0,0,0,0,456,456,135069480,0,0,0,0,0,0,0,0,0
202601,12,689000,011,1695,55750 ,00000 ,6745 ,370,33100, , ,33023      ,3,5,0,Pembroke Park town,0,0,0,0,0,0,0,0,0,0,0,0,0,0,0,0,0,0,0,0,0,0,0,0
202601,12,691000,011,1700,55775 ,00000 ,174414 ,370,33100, , ,33025      ,3,5,1,Pembroke Pines,0,0,0,0,0,0,0,0,0,0,0,0,0,0,0,0,0,0,0,0,0,0,0,0
202601,12,693000,019,1703,55875 ,00000 ,839 ,300,27260, , ,320791041  ,3,5,0,Penney Farms town,0,0,0,0,0,0,0,0,0,0,0,0,0,0,0,0,0,0,0,0,0,0,0,0
202601,12,695000,033,1715,55925 ,00000 ,53142 ,999,37860, ,1,325210053  ,3,5,1,Pensacola,8,8,1749392,0,0,0,0,0,0,0,0,0,8,8,1749392,0,0,0,0,0,0,0,0,0
202601,12,699000,123,1725,56150 ,00000 ,6874 ,999,99999, , ,32347      ,3,5,1,Perry,1,1,156619,0,0,0,0,0,0,0,0,0,1,1,156619,0,0,0,0,0,0,0,0,0
202601,12,701000,127,1735,56425 ,00000 ,1910 ,422,19660, , ,32180      ,3,5,0,Pierson town,0,0,0,0,0,0,0,0,0,0,0,0,0,0,0,0,0,0,0,0,0,0,0,0
202601,12,702000,086,1742,56625 ,00000 ,19006 ,370,33100, , ,33156      ,3,5,1,Village of Pinecrest,7,7,16722800,0,0,0,0,0,0,0,0,0,7,7,16722800,0,0,0,0,0,0,0,0,0
202601,12,703000,103,    ,99990 ,00000 ,276669 ,999,45300,2, ,33756      ,3,5,1,Pinellas County Unincorporated Area,23,23,9942166,0,0,0,0,0,0,0,0,0,23,23,9942166,0,0,0,0,0,0,0,0,0
202601,12,705000,103,1752,56975 ,00000 ,54854 ,999,45300, ,1,34665      ,3,5,1,Pinellas Park,0,0,0,0,0,0,0,0,0,0,0,0,0,0,0,0,0,0,0,0,0,0,0,0
202601,12,707000,057,1776,57550 ,00000 ,39602 ,999,45300, , ,33563      ,3,5,1,Plant City,40,40,10551701,0,0,0,0,0,0,0,0,0,40,40,10551701,0,0,0,0,0,0,0,0,0
202601,12,709000,011,1771,57425 ,00000 ,96351 ,370,33100, , ,33317      ,3,5,1,Plantation,0,0,0,0,0,0,0,0,0,0,0,0,0,0,0,0,0,0,0,0,0,0,0,0
202601,12,711000,105,1778,57950 ,00000 ,2884 ,422,29460, , ,338689225  ,3,5,1,Polk City town,26,26,4405968,0,0,0,0,0,0,0,0,0,26,26,4405968,0,0,0,0,0,0,0,0,0
202601,12,713000,105,    ,99990 ,00000 ,459223 ,422,29460,2, ,338319005  ,3,5,1,Polk County Unincorporated Area,125,125,32854040,1,2,466600,0,0,0,4,26,4828460,125,125,32854040,1,2,466600,0,0,0,4,26,4828460
202601,12,717000,011,1780,58050 ,00000 ,112360 ,370,33100, ,1,33061      ,3,5,0,Pompano Beach,6,6,749453,0,0,0,0,0,0,1,13,1412266,0,0,0,0,0,0,0,0,0,0,0,0
202601,12,719000,127,1784,58200 ,00000 ,3335 ,422,19660, , ,321276904  ,3,5,1,Ponce Inlet town,1,1,811100,0,0,0,0,0,0,0,0,0,1,1,811100,0,0,0,0,0,0,0,0,0
202601,12,723000,127,1795,58575 ,00000 ,65425 ,422,19660, , ,32129      ,3,5,1,Port Orange,4,4,1904735,0,0,0,0,0,0,0,0,0,4,4,1904735,0,0,0,0,0,0,0,0,0
202601,12,725000,101,1800,58600 ,00000 ,3041 ,999,45300, , ,346687202  ,3,5,1,Port Richey,0,0,0,0,0,0,0,0,0,0,0,0,0,0,0,0,0,0,0,0,0,0,0,0
202601,12,727000,045,1805,58675 ,00000 ,3508 ,999,99999, , ,32456      ,3,5,0,Port St. Joe,8,8,2992719,0,0,0,0,0,0,0,0,0,0,0,0,0,0,0,0,0,0,0,0,0
202601,12,729000,111,1807,58715 ,00000 ,209715 ,370,38940, ,1,34984      ,3,5,1,Port St. Lucie,184,184,66639603,0,0,0,0,0,0,0,0,0,184,184,66639603,0,0,0,0,0,0,0,0,0
202601,12,731000,015,1820,59200 ,00000 ,20698 ,412,39460, ,1,33950      ,3,5,0,Punta Gorda,5,5,2941112,0,0,0,0,0,0,1,5,899003,0,0,0,0,0,0,0,0,0,0,0,0
202601,12,733000,107,    ,99990 ,00000 ,59702 ,300,37260,2, ,32178      ,3,5,1,Putnam County Unincorporated Area,1,1,323130,0,0,0,0,0,0,0,0,0,1,1,323130,0,0,0,0,0,0,0,0,0
202601,12,735000,039,1825,59325 ,00000 ,6804 ,533,45220, , ,32351      ,3,5,1,Quincy,0,0,0,0,0,0,0,0,0,0,0,0,0,0,0,0,0,0,0,0,0,0,0,0
202601,12,741000,103,1835,59725 ,00000 ,1462 ,999,45300, , ,33708      ,3,5,1,Redington Beach town,3,3,0,0,0,0,0,0,0,0,0,0,3,3,0,0,0,0,0,0,0,0,0,0
202601,12,743000,103,1840,59750 ,00000 ,2284 ,999,45300, , ,33708      ,3,5,1,Redington Shores town,2,2,592410,0,0,0,0,0,0,0,0,0,2,2,592410,0,0,0,0,0,0,0,0,0
202601,12,745000,099,1855,60975 ,00000 ,35658 ,370,33100, , ,33404      ,3,5,1,Riviera Beach,2,2,0,0,0,0,0,0,0,0,0,0,2,2,0,0,0,0,0,0,0,0,0,0
202601,12,747000,009,1860,61500 ,00000 ,28253 ,999,37340, , ,32955      ,3,5,1,Rockledge,9,9,4859434,0,0,0,0,0,0,0,0,0,9,9,4859434,0,0,0,0,0,0,0,0,0
202601,12,749000,099,1870,62100 ,00000 ,40851 ,370,33100, , ,33411      ,3,5,1,Royal Palm Beach village,3,3,1743868,0,0,0,0,0,0,0,0,0,3,3,1743868,0,0,0,0,0,0,0,0,0
202601,12,753000,101,1915,63375 ,00000 ,1506 ,999,45300, , ,33576      ,3,5,1,San Antonio,0,0,0,0,0,0,0,0,0,0,0,0,0,0,0,0,0,0,0,0,0,0,0,0
202601,12,755000,117,1920,63650 ,00000 ,61508 ,422,36740, ,1,32771      ,3,5,1,Sanford,32,32,0,0,0,0,0,0,0,0,0,0,32,32,0,0,0,0,0,0,0,0,0,0
202601,12,757000,071,1923,63700 ,00000 ,7429 ,163,15980, , ,33957      ,3,5,1,Sanibel,0,0,0,0,0,0,0,0,0,0,0,0,0,0,0,0,0,0,0,0,0,0,0,0
202601,12,759000,113,    ,00000 ,00000 ,170626 ,999,37860,2, ,32583      ,3,5,1,Santa Rosa County,143,143,0,0,0,0,0,0,0,0,0,0,143,143,0,0,0,0,0,0,0,0,0,0
202601,12,761000,115,1930,64175 ,00000 ,58859 ,412,35840, ,1,34236      ,3,5,1,Sarasota,9,9,9227710,0,0,0,0,0,0,1,6,2285456,9,9,9227710,0,0,0,0,0,0,1,6,2285456
202601,12,763000,115,    ,99990 ,00000 ,281510 ,412,35840, , ,34240      ,3,5,1,Sarasota County Unincorporated Area,119,119,56962027,0,0,0,0,0,0,0,0,0,119,119,56962027,0,0,0,0,0,0,0,0,0
202601,12,765000,009,1935,64400 ,00000 ,11124 ,999,37340, , ,32937      ,3,5,0,Satellite Beach,1,1,655408,0,0,0,0,0,0,0,0,0,0,0,0,0,0,0,0,0,0,0,0,0
202601,12,767000,011,1940,64725 ,00000 ,562 ,370,33100, , ,33308      ,3,5,0,Sea Ranch Lakes village,0,0,0,0,0,0,0,0,0,0,0,0,0,0,0,0,0,0,0,0,0,0,0,0
202601,12,769000,061,1945,64825 ,00000 ,26482 ,370,42680, ,1,32958      ,3,5,1,Sebastian,13,13,4232568,1,2,348129,0,0,0,0,0,0,13,13,4232568,1,2,348129,0,0,0,0,0,0
202601,12,771000,055,1950,64875 ,00000 ,10588 ,999,42700, ,1,338706694  ,3,5,1,Sebring,3,3,604000,0,0,0,0,0,0,0,0,0,3,3,604000,0,0,0,0,0,0,0,0,0
202601,12,773000,103,1953,64975 ,00000 ,18863 ,999,45300, , ,33772      ,3,5,1,Seminole,0,0,0,0,0,0,0,0,0,0,0,0,0,0,0,0,0,0,0,0,0,0,0,0
202601,12,775000,117,    ,99990 ,00000 ,226014 ,422,36740, , ,327711468  ,3,5,1,Seminole County Unincorporated Area,47,47,22878552,0,0,0,0,0,0,0,0,0,47,47,22878552,0,0,0,0,0,0,0,0,0
202601,12,777000,085,1960,65225 ,00000 ,2240 ,370,38940, , ,34996      ,3,5,1,Sewall's Point town,0,0,0,0,0,0,0,0,0,0,0,0,0,0,0,0,0,0,0,0,0,0,0,0
202601,12,785000,099,1990,67175 ,00000 ,5189 ,370,33100, , ,33493      ,3,5,0,South Bay,0,0,0,0,0,0,0,0,0,0,0,0,0,0,0,0,0,0,0,0,0,0,0,0
202601,12,787000,127,1995,67325 ,00000 ,13639 ,422,19660, , ,32121      ,3,5,0,South Daytona,0,0,0,0,0,0,1,3,277455,0,0,0,0,0,0,0,0,0,0,0,0,0,0,0
202601,12,789000,086,2005,67550 ,00000 ,11807 ,370,33100, , ,33143      ,3,5,1,South Miami,3,3,1830000,0,0,0,0,0,0,0,0,0,3,3,1830000,0,0,0,0,0,0,0,0,0
202601,12,791000,099,2010,67650 ,00000 ,1500 ,370,33100, , ,334806450  ,3,5,0,South Palm Beach town,0,0,0,0,0,0,0,0,0,0,0,0,0,0,0,0,0,0,0,0,0,0,0,0
202601,12,793000,103,2015,67675 ,00000 ,5067 ,999,45300, , ,33707      ,3,5,1,South Pasadena,0,0,0,0,0,0,0,0,0,0,0,0,0,0,0,0,0,0,0,0,0,0,0,0
202601,12,794000,011,2026,68135 ,00000 ,7932 ,370,33100, , ,33330      ,3,5,0,Southwest Ranches town,1,1,287588,0,0,0,0,0,0,0,0,0,0,0,0,0,0,0,0,0,0,0,0,0
202601,12,795000,005,2028,68275 ,00000 ,8227 ,999,37460, , ,32401      ,3,5,0,Springfield,1,1,225000,0,0,0,0,0,0,0,0,0,0,0,0,0,0,0,0,0,0,0,0,0
202601,12,797000,109,1885,62500 ,00000 ,16518 ,300,27260, , ,32084      ,3,5,1,St. Augustine,5,5,1272996,0,0,0,0,0,0,0,0,0,5,5,1272996,0,0,0,0,0,0,0,0,0
202601,12,799000,109,1886,62525 ,00000 ,7138 ,300,27260, , ,32080      ,3,5,1,St. Augustine Beach,1,1,702842,0,0,0,0,0,0,0,0,0,1,1,702842,0,0,0,0,0,0,0,0,0
202601,12,801000,097,1890,62625 ,00000 ,56590 ,422,36740, , ,347696014  ,3,5,1,St. Cloud,62,62,33663764,0,0,0,0,0,0,0,0,0,62,62,33663764,0,0,0,0,0,0,0,0,0
202601,12,803000,109,    ,99990 ,00000 ,255059 ,300,27260, , ,32084      ,3,5,1,St. Johns County Unincorporated Area,192,192,0,0,0,0,0,0,0,0,0,0,192,192,0,0,0,0,0,0,0,0,0,0
202601,12,805000,101,1895,62775 ,00000 ,1372 ,999,45300, , ,33574      ,3,5,1,St. Leo town,0,0,0,0,0,0,0,0,0,0,0,0,0,0,0,0,0,0,0,0,0,0,0,0
202601,12,807000,111,    ,99990 ,00000 ,80480 ,370,38940, , ,34982      ,3,5,1,St. Lucie County Unincorporated Area,47,47,19160963,0,0,0,3,9,2515736,0,0,0,47,47,19160963,0,0,0,3,9,2515736,0,0,0
202601,12,809000,111,1897,62800 ,00000 ,648 ,370,38940, , ,34948      ,3,5,0,St. Lucie Village town,0,0,0,0,0,0,0,0,0,0,0,0,0,0,0,0,0,0,0,0,0,0,0,0
202601,12,813000,103,1900,63000 ,00000 ,267802 ,999,45300, ,1,33701      ,3,5,1,St. Petersburg,65,65,40734468,0,0,0,0,0,0,0,0,0,65,65,40734468,0,0,0,0,0,0,0,0,0
202601,12,815000,103,1899,62885 ,00000 ,9529 ,999,45300, , ,33706      ,3,5,0,St. Pete Beach,1,1,862926,0,0,0,0,0,0,0,0,0,0,0,0,0,0,0,0,0,0,0,0,0
202601,12,817000,007,2034,68525 ,00000 ,5471 ,999,99999, , ,320911287  ,3,5,0,Starke,0,0,0,0,0,0,0,0,0,0,0,0,0,0,0,0,0,0,0,0,0,0,0,0
202601,12,819000,085,2039,68875 ,00000 ,16652 ,370,38940, , ,349942139  ,3,5,1,Stuart,0,0,0,0,0,0,0,0,0,0,0,0,0,0,0,0,0,0,0,0,0,0,0,0
202601,12,821000,119,    ,99990 ,00000 ,124412 ,422,48680,2, ,34785      ,3,5,0,Sumter County Unincorporated Area,237,237,57388926,6,12,1213729,0,0,0,1,14,1150806,0,0,0,0,0,0,0,0,0,0,0,0
202601,12,822000,086,2043,69555 ,00000 ,21634 ,370,33100, , ,33160      ,3,5,0,Sunny Isles Beach,0,0,0,0,0,0,0,0,0,0,0,0,0,0,0,0,0,0,0,0,0,0,0,0
202601,12,823000,011,2047,69700 ,00000 ,94851 ,370,33100, ,1,33351      ,3,5,1,Sunrise,0,0,0,0,0,0,0,0,0,0,0,0,0,0,0,0,0,0,0,0,0,0,0,0
202601,12,825000,086,2053,70075 ,00000 ,5572 ,370,33100, , ,33154      ,3,5,0,Surfside town,0,0,0,0,0,0,0,0,0,0,0,0,0,0,0,0,0,0,0,0,0,0,0,0
202601,12,827000,121,    ,99990 ,00000 ,37126 ,999,99999,2, ,32064      ,3,5,1,Suwannee County Unincorporated Area,15,15,2361511,0,0,0,0,0,0,0,0,0,15,15,2361511,0,0,0,0,0,0,0,0,0
202601,12,829000,086,2055,70345 ,00000 ,20747 ,370,33100, , ,33174      ,3,5,0,Sweetwater,0,0,0,0,0,0,0,0,0,0,0,0,0,0,0,0,0,0,0,0,0,0,0,0
202601,12,831000,073,2070,70600 ,00000 ,196326 ,533,45220, ,1,323011731  ,3,5,1,Tallahassee,38,38,12537166,1,2,250000,0,0,0,0,0,0,38,38,12537166,1,2,250000,0,0,0,0,0,0
202601,12,833000,011,2072,70675 ,00000 ,67112 ,370,33100, , ,33321      ,3,5,1,Tamarac,0,0,0,0,0,0,0,0,0,0,0,0,0,0,0,0,0,0,0,0,0,0,0,0
202601,12,835000,057,7790,71000 ,00000 ,407599 ,999,45300, ,1,33610      ,3,5,1,Tampa,92,92,50396603,1,2,275000,0,0,0,1,36,9162240,92,92,50396603,1,2,275000,0,0,0,1,36,9162240
202601,12,837000,103,2080,71150 ,00000 ,25624 ,999,45300, , ,346881575  ,3,5,1,Tarpon Springs,0,0,0,0,0,0,0,0,0,0,0,0,0,0,0,0,0,0,0,0,0,0,0,0
202601,12,839000,069,2085,71225 ,00000 ,17832 ,422,36740, , ,32778      ,3,5,0,Tavares,16,16,4893209,0,0,0,0,0,0,0,0,0,0,0,0,0,0,0,0,0,0,0,0,0
202601,12,841000,123,    ,99990 ,00000 ,14726 ,999,99999, , ,32347      ,3,5,0,Taylor County Unincorporated Area,3,3,615087,0,0,0,0,0,0,0,0,0,0,0,0,0,0,0,0,0,0,0,0,0
202601,12,843000,057,2090,71400 ,00000 ,26808 ,999,45300, , ,33687      ,3,5,1,Temple Terrace,0,0,0,0,0,0,0,0,0,0,0,0,0,0,0,0,0,0,0,0,0,0,0,0
202601,12,845000,099,2092,71525 ,00000 ,6129 ,370,33100, , ,334693062  ,3,5,0,Tequesta village,1,1,1222222,0,0,0,0,0,0,0,0,0,0,0,0,0,0,0,0,0,0,0,0,0
202601,12,847000,009,2109,71900 ,00000 ,46619 ,999,37340, ,1,327812806  ,3,5,0,Titusville,8,8,1316445,0,0,0,0,0,0,0,0,0,0,0,0,0,0,0,0,0,0,0,0,0
202601,12,849000,103,2115,72325 ,00000 ,6892 ,999,45300, , ,33706      ,3,5,1,Treasure Island,4,4,2830000,0,0,0,0,0,0,0,0,0,4,4,2830000,0,0,0,0,0,0,0,0,0
202601,12,853000,069,2125,73025 ,00000 ,3895 ,422,36740, , ,32784      ,3,5,1,Umatilla,3,3,395590,0,0,0,0,0,0,0,0,0,3,3,395590,0,0,0,0,0,0,0,0,0
202601,12,855000,125,    ,00000 ,00000 ,12763 ,999,99999, , ,32054      ,3,5,0,Union County,4,4,43513,0,0,0,0,0,0,0,0,0,0,0,0,0,0,0,0,0,0,0,0,0
202601,12,857000,091,2135,73675 ,00000 ,5848 ,999,18880, , ,325801274  ,3,5,1,Valparaiso,1,1,600000,0,0,0,0,0,0,0,0,0,1,1,600000,0,0,0,0,0,0,0,0,0
202601,12,859000,115,2140,73900 ,00000 ,24634 ,412,35840, ,1,34285      ,3,5,1,Venice,67,67,12177816,0,0,0,0,0,0,0,0,0,67,67,12177816,0,0,0,0,0,0,0,0,0
202601,12,865000,086,2157,74575 ,00000 ,2345 ,370,33100, , ,33166      ,3,5,0,Virginia Gardens village,0,0,0,0,0,0,0,0,0,0,0,0,0,0,0,0,0,0,0,0,0,0,0,0
202601,12,869000,127,    ,99990 ,00000 ,123370 ,422,19660, , ,327204253  ,3,5,1,Volusia County Unincorporated Area,13,13,4652068,1,2,615562,0,0,0,0,0,0,13,13,4652068,1,2,615562,0,0,0,0,0,0
202601,12,871000,129,    ,00000 ,00000 ,33486 ,533,45220, , ,32327      ,3,5,1,Wakulla County,23,23,3767000,0,0,0,0,0,0,0,0,0,23,23,3767000,0,0,0,0,0,0,0,0,0
202601,12,873000,001,2165,74925 ,00000 ,998 ,264,23540, , ,32694      ,3,5,0,Waldo,0,0,0,0,0,0,0,0,0,0,0,0,0,0,0,0,0,0,0,0,0,0,0,0
202601,12,875000,131,    ,00000 ,00000 ,65902 ,999,18880, , ,32435      ,3,5,1,Walton County,133,133,73463462,0,0,0,0,0,0,2,12,1862139,133,133,73463462,0,0,0,0,0,0,2,12,1862139
202601,12,877000,133,    ,00000 ,00000 ,20540 ,999,37460, , ,32428      ,3,5,0,Washington County,15,15,3497072,0,0,0,0,0,0,0,0,0,0,0,0,0,0,0,0,0,0,0,0,0
202601,12,887000,107,2194,75750 ,00000 ,719 ,300,37260, , ,32193      ,3,5,0,Welaka town,1,1,222263,0,0,0,0,0,0,0,0,0,0,0,0,0,0,0,0,0,0,0,0,0
202601,12,888000,099,2197,75812 ,00000 ,65454 ,370,33100, , ,33414      ,3,5,1,Wellington village,6,6,3613183,0,0,0,0,0,0,1,6,419040,6,6,3613183,0,0,0,0,0,0,1,6,419040
202601,12,889000,009,2209,76500 ,00000 ,26761 ,999,37340, , ,32904      ,3,5,1,West Melbourne,7,7,3945241,0,0,0,0,0,0,0,0,0,7,7,3945241,0,0,0,0,0,0,0,0,0
202601,12,891000,086,2210,76525 ,00000 ,8749 ,370,33100, , ,331444805  ,3,5,1,West Miami,0,0,0,0,0,0,0,0,0,0,0,0,0,0,0,0,0,0,0,0,0,0,0,0
202601,12,893000,099,2215,76600 ,00000 ,112782 ,370,33100, ,1,33402      ,3,5,1,West Palm Beach,7,7,0,0,0,0,0,0,0,0,0,0,7,7,0,0,0,0,0,0,0,0,0,0
202601,12,893500,011,2217,76658 ,00000 ,15038 ,370,33100, , ,33023      ,3,5,0,West Park,0,0,0,0,0,0,0,0,0,0,0,0,0,0,0,0,0,0,0,0,0,0,0,0
202601,12,893800,099,    ,76417 ,00000 ,2792 ,370,33100, , ,33470      ,3,5,1,Westlake,25,25,0,0,0,0,0,0,0,0,0,0,25,25,0,0,0,0,0,0,0,0,0,0
202601,12,894000,011,2213,76582 ,00000 ,71086 ,370,33100, , ,33326      ,3,5,1,Weston,0,0,0,0,0,0,0,0,0,0,0,0,0,0,0,0,0,0,0,0,0,0,0,0
202601,12,903000,075,2255,77825 ,00000 ,2765 ,264,23540, , ,32696      ,3,5,1,Williston,0,0,0,0,0,0,0,0,0,0,0,0,0,0,0,0,0,0,0,0,0,0,0,0
202601,12,905000,011,2260,78000 ,00000 ,12646 ,370,33100, , ,33305      ,3,5,0,Wilton Manors,1,1,505344,0,0,0,0,0,0,0,0,0,0,0,0,0,0,0,0,0,0,0,0,0
202601,12,909000,095,2280,78250 ,00000 ,46646 ,422,36740, , ,347873011  ,3,5,1,Winter Garden,22,22,11134261,0,0,0,0,0,0,1,10,1766662,22,22,11134261,0,0,0,0,0,0,1,10,1766662
202601,12,911000,105,2285,78275 ,00000 ,46578 ,422,29460, ,1,33881      ,3,5,0,Winter Haven,56,56,13625782,1,2,136286,0,0,0,1,11,1012509,0,0,0,0,0,0,0,0,0,0,0,0
202601,12,913000,095,2290,78300 ,00000 ,30667 ,422,36740, , ,32789      ,3,5,1,Winter Park,9,9,9355235,0,0,0,0,0,0,0,0,0,9,9,9355235,0,0,0,0,0,0,0,0,0
202601,12,915000,117,2291,78325 ,00000 ,37423 ,422,36740, , ,32708      ,3,5,1,Winter Springs,0,0,0,0,0,0,0,0,0,0,0,0,0,0,0,0,0,0,0,0,0,0,0,0
202601,12,919000,075,2296,78925 ,00000 ,537 ,264,23540, , ,34498      ,3,5,0,Yankeetown town,0,0,0,0,0,0,0,0,0,0,0,0,0,0,0,0,0,0,0,0,0,0,0,0
202601,12,921000,101,2300,79225 ,00000 ,17019 ,999,45300, , ,33542      ,3,5,1,Zephyrhills,4,4,793300,0,0,0,0,0,0,0,0,0,4,4,793300,0,0,0,0,0,0,0,0,0
202601,13,003000,067,0010,00408 ,00000 ,22726 ,122,12060, , ,30101      ,3,5,1,Acworth,0,0,0,0,0,0,0,0,0,0,0,0,0,0,0,0,0,0,0,0,0,0,0,0
202601,13,004000,015,0015,00436 ,00000 ,5053 ,122,12060, , ,301032910  ,3,5,1,Adairsville,0,0,0,0,0,0,0,0,0,0,0,0,0,0,0,0,0,0,0,0,0,0,0,0
202601,13,005000,075,0020,00576 ,00000 ,5354 ,999,99999, , ,31620      ,3,5,0,Adel,2,2,401389,0,0,0,0,0,0,0,0,0,0,0,0,0,0,0,0,0,0,0,0,0
202601,13,008000,209,0030,00828 ,00000 ,528 ,999,47080, , ,30410      ,3,5,0,Ailey,0,0,0,0,0,0,0,0,0,0,0,0,0,0,0,0,0,0,0,0,0,0,0,0
202601,13,009000,309,0035,00996 ,00000 ,3301 ,999,99999, , ,304110646  ,3,5,0,Alamo town,0,0,0,0,0,0,0,0,0,0,0,0,0,0,0,0,0,0,0,0,0,0,0,0
202601,13,011000,095,0045,01052 ,00000 ,70839 ,999,10500,2,1,31702      ,3,5,1,Albany,27,27,7997535,0,0,0,0,0,0,0,0,0,27,27,7997535,0,0,0,0,0,0,0,0,0
202601,13,018000,005,0065,01612 ,00000 ,3336 ,999,99999, , ,31510      ,3,5,0,Alma,0,0,0,0,0,0,0,0,0,0,0,0,0,0,0,0,0,0,0,0,0,0,0,0
202601,13,019000,121,0070,01696 ,00000 ,67897 ,122,12060, ,1,30009      ,3,5,1,Alpharetta,4,4,3444499,0,0,0,0,0,0,1,14,3364957,4,4,3444499,0,0,0,0,0,0,1,14,3364957
202601,13,022000,137,0080,01948 ,00000 ,692 ,122,18460,2, ,305100215  ,3,5,0,Alto town,0,0,0,0,0,0,0,0,0,0,0,0,0,0,0,0,0,0,0,0,0,0,0,0
202601,13,024000,261,0100,02116 ,00000 ,14987 ,999,11140, ,2,31709      ,3,5,0,Americus,0,0,0,0,0,0,0,0,0,0,0,0,0,0,0,0,0,0,0,0,0,0,0,0
202601,13,027000,081,0115,02564 ,00000 ,553 ,999,18380, , ,31712      ,3,5,0,Arabi town,0,0,0,0,0,0,0,0,0,0,0,0,0,0,0,0,0,0,0,0,0,0,0,0
202601,13,028000,233,0117,02592 ,00000 ,1374 ,122,16340, , ,301042474  ,3,5,0,Aragon,0,0,0,0,0,0,0,0,0,0,0,0,0,0,0,0,0,0,0,0,0,0,0,0
202601,13,029000,157,0125,02648 ,00000 ,2040 ,122,27600, , ,30549      ,3,5,1,Arcade,1,1,296017,0,0,0,0,0,0,0,0,0,1,1,296017,0,0,0,0,0,0,0,0,0
202601,13,031000,037,0135,02928 ,00000 ,957 ,999,99999,2, ,39813      ,3,5,0,Arlington,0,0,0,0,0,0,0,0,0,0,0,0,0,0,0,0,0,0,0,0,0,0,0,0
202601,13,035000,059,0146,00000 ,00000 ,126391 ,122,12020,2,1,30601      ,3,5,1,Athens-Clarke County,38,38,7336307,0,0,0,0,0,0,0,0,0,38,38,7336307,0,0,0,0,0,0,0,0,0
202601,13,036000,003,    ,99990 ,00000 ,4915 ,999,20060, , ,31642      ,3,5,0,Atkinson County,2,2,239282,0,0,0,0,0,0,0,0,0,0,0,0,0,0,0,0,0,0,0,0,0
202601,13,038000,121,0150,04000 ,00000 ,471266 ,122,12060,2,1,30303      ,3,5,1,Atlanta,41,41,12136684,5,10,2450000,1,4,709369,34,212,25337780,41,41,12136684,5,10,2450000,1,4,709369,34,212,25337780
202601,13,040000,013,0160,04140 ,00000 ,7679 ,122,12060,2, ,30011      ,3,5,1,Auburn,36,36,10656601,0,0,0,0,0,0,0,0,0,36,36,10656601,0,0,0,0,0,0,0,0,0
202601,13,043000,067,0170,04252 ,00000 ,7172 ,122,12060,2, ,30106      ,3,5,1,Austell,9,9,3368270,0,0,0,0,0,0,0,0,0,9,9,3368270,0,0,0,0,0,0,0,0,0
202601,13,047000,089,0185,04644 ,00000 ,3110 ,122,12060, , ,30002      ,3,5,1,Avondale Estates,0,0,0,0,0,0,0,0,0,0,0,0,0,0,0,0,0,0,0,0,0,0,0,0
202601,13,050000,087,0195,04896 ,00000 ,12137 ,533,12460, ,2,39817      ,3,5,0,Bainbridge,3,3,584559,0,0,0,0,0,0,1,5,465179,0,0,0,0,0,0,0,0,0,0,0,0
202601,13,053000,137,0200,04980 ,00000 ,2726 ,122,18460,2, ,305110247  ,3,5,1,Baldwin,2,2,640000,0,0,0,0,0,0,0,0,0,2,2,640000,0,0,0,0,0,0,0,0,0
202601,13,054000,009,    ,99990 ,00000 ,26591 ,999,33300, , ,310613376  ,3,5,1,Baldwin County Unincorporated Area,62,62,14625032,20,40,7074310,0,0,0,0,0,0,62,62,14625032,20,40,7074310,0,0,0,0,0,0
202601,13,055000,057,0205,05036 ,00000 ,2315 ,122,12060, , ,30107      ,3,5,1,Ball Ground,2,2,1269375,0,0,0,0,0,0,0,0,0,2,2,1269375,0,0,0,0,0,0,0,0,0
202601,13,056000,011,    ,99990 ,00000 ,15573 ,999,99999, , ,30503      ,3,5,1,Banks County Unincorporated Area,8,8,3270267,0,0,0,0,0,0,0,0,0,8,8,3270267,0,0,0,0,0,0,0,0,0
202601,13,057000,171,0210,05344 ,00000 ,6669 ,999,99999, , ,30204      ,3,5,0,Barnesville,2,2,195959,0,0,0,0,0,0,0,0,0,0,0,0,0,0,0,0,0,0,0,0,0
202601,13,058000,013,    ,99990 ,00000 ,53755 ,122,12060,2, ,306802293  ,3,5,1,Barrow County Unincorporated Area,56,56,10472874,0,0,0,0,0,0,0,0,0,56,56,10472874,0,0,0,0,0,0,0,0,0
202601,13,059000,015,    ,99990 ,00000 ,74666 ,122,12060, , ,30120      ,3,5,1,Bartow County Unincorporated Area,28,28,8288467,0,0,0,0,0,0,1,6,1033398,28,28,8288467,0,0,0,0,0,0,1,6,1033398
202601,13,060000,163,0220,05680 ,00000 ,249 ,999,99999, , ,30413      ,3,5,0,Bartow town,0,0,0,0,0,0,0,0,0,0,0,0,0,0,0,0,0,0,0,0,0,0,0,0
202601,13,063000,001,0230,06016 ,00000 ,4652 ,999,99999, , ,31515      ,3,5,0,Baxley,1,1,578174,0,0,0,0,0,0,0,0,0,0,0,0,0,0,0,0,0,0,0,0,0
202601,13,065000,017,    ,99990 ,00000 ,7999 ,999,22340, , ,31750      ,3,5,0,Ben Hill County Unincorporated Area,0,0,0,0,0,0,0,0,0,0,0,0,0,0,0,0,0,0,0,0,0,0,0,0
202601,13,066000,135,0245,07248 ,00000 ,2133 ,122,12060, , ,300963016  ,3,5,1,Berkeley Lake,0,0,0,0,0,0,0,0,0,0,0,0,0,0,0,0,0,0,0,0,0,0,0,0
202601,13,068000,019,    ,99990 ,00000 ,11474 ,999,99999,2, ,31639      ,3,5,0,Berrien County Unincorporated Area,3,3,597732,0,0,0,0,0,0,0,0,0,0,0,0,0,0,0,0,0,0,0,0,0
202601,13,070000,297,0260,07640 ,00000 ,386 ,122,12060, , ,30655      ,3,5,0,Between town,1,1,371160,0,0,0,0,0,0,0,0,0,0,0,0,0,0,0,0,0,0,0,0,0
202601,13,075000,099,0285,08536 ,00000 ,4491 ,999,99999, , ,31723      ,3,5,0,Blakely,0,0,0,0,0,0,0,0,0,0,0,0,0,0,0,0,0,0,0,0,0,0,0,0
202601,13,076000,023,    ,99990 ,00000 ,7935 ,999,99999,2, ,310141650  ,3,5,1,Bleckley County Unincorporated Area,8,8,2369640,0,0,0,0,0,0,0,0,0,8,8,2369640,0,0,0,0,0,0,0,0,0
202601,13,077000,051,0293,08844 ,00000 ,3136 ,496,42340, , ,31302      ,3,5,0,Bloomingdale,0,0,0,0,0,0,0,0,0,0,0,0,0,0,0,0,0,0,0,0,0,0,0,0
202601,13,081000,245,0305,09040 ,00000 ,675 ,999,12260,2, ,308053408  ,3,5,0,Blythe,0,0,0,0,0,0,0,0,0,0,0,0,0,0,0,0,0,0,0,0,0,0,0,0
202601,13,083000,219,0310,09068 ,00000 ,1028 ,122,12020,2, ,306220206  ,3,5,0,Bogart town,0,0,0,0,0,0,0,0,0,0,0,0,0,0,0,0,0,0,0,0,0,0,0,0
202601,13,086000,045,0325,09544 ,00000 ,2089 ,122,12060, , ,30108      ,3,5,0,Bowdon,2,2,366001,0,0,0,0,0,0,0,0,0,0,0,0,0,0,0,0,0,0,0,0,0
202601,13,087000,147,0330,09656 ,00000 ,495 ,999,99999, , ,305160106  ,3,5,0,Bowersville town,0,0,0,0,0,0,0,0,0,0,0,0,0,0,0,0,0,0,0,0,0,0,0,0
202601,13,088000,105,0335,09712 ,00000 ,812 ,999,99999, , ,30624      ,3,5,0,Bowman,1,1,350000,0,0,0,0,0,0,0,0,0,0,0,0,0,0,0,0,0,0,0,0,0
202601,13,089000,025,    ,99990 ,00000 ,17496 ,999,15260, , ,315530398  ,3,5,0,Brantley County Unincorporated Area,3,3,648216,0,0,0,0,0,0,0,0,0,0,0,0,0,0,0,0,0,0,0,0,0
202601,13,092000,157,0345,10076 ,00000 ,3283 ,122,27600,2, ,30517      ,3,5,1,Braselton town,31,31,9176517,0,0,0,0,0,0,0,0,0,31,31,9176517,0,0,0,0,0,0,0,0,0
202601,13,093000,223,0350,10104 ,00000 ,247 ,122,12060,2, ,301533808  ,3,5,0,Braswell town,0,0,0,0,0,0,0,0,0,0,0,0,0,0,0,0,0,0,0,0,0,0,0,0
202601,13,095000,045,0355,10132 ,00000 ,49 ,122,12060,2, ,30110      ,3,5,0,Bremen,1,1,261346,0,0,0,0,0,0,0,0,0,0,0,0,0,0,0,0,0,0,0,0,0
202601,13,098000,273,0370,10860 ,00000 ,363 ,999,10500, , ,31726      ,3,5,0,Bronwood town,0,0,0,0,0,0,0,0,0,0,0,0,0,0,0,0,0,0,0,0,0,0,0,0
202601,13,098700,089,0705,10944 ,00000 ,56112 ,122,12060, , ,30319      ,3,5,1,Brookhaven,3,3,3136505,0,0,0,0,0,0,1,53,7844089,3,3,3136505,0,0,0,0,0,0,1,53,7844089
202601,13,099000,031,0375,11000 ,00000 ,1935 ,496,44340, , ,304150067  ,3,5,0,Brooklet,12,12,3451060,0,0,0,0,0,0,0,0,0,0,0,0,0,0,0,0,0,0,0,0,0
202601,13,100000,027,    ,00000 ,00000 ,10818 ,999,46660,2, ,316430272  ,3,5,0,Brooks County,3,3,541868,0,0,0,0,0,0,0,0,0,0,0,0,0,0,0,0,0,0,0,0,0
202601,13,104000,029,    ,99990 ,00000 ,23664 ,496,42340, , ,31324      ,3,5,1,Bryan County Unincorporated Area,21,21,8099879,0,0,0,0,0,0,0,0,0,21,21,8099879,0,0,0,0,0,0,0,0,0
202601,13,105000,143,0400,11616 ,00000 ,1196 ,122,12060, , ,30113      ,3,5,0,Buchanan,1,1,287588,0,0,0,0,0,0,0,0,0,0,0,0,0,0,0,0,0,0,0,0,0
202601,13,107000,197,0410,11728 ,00000 ,2065 ,194,17980, , ,31803      ,3,5,0,Buena Vista,0,0,0,0,0,0,0,0,0,0,0,0,0,0,0,0,0,0,0,0,0,0,0,0
202601,13,108000,135,0415,11784 ,00000 ,14568 ,122,12060,2, ,30518      ,3,5,1,Buford,5,5,1650000,0,0,0,0,0,0,0,0,0,5,5,1650000,0,0,0,0,0,0,0,0,0
202601,13,110000,031,    ,99990 ,00000 ,44796 ,496,44340, , ,30458      ,3,5,0,Bulloch County Unincorporated Area,26,26,6157862,4,8,846667,0,0,0,0,0,0,0,0,0,0,0,0,0,0,0,0,0,0
202601,13,111000,033,    ,99990 ,00000 ,15421 ,999,12260,2, ,30830      ,3,5,1,Burke County Unincorporated Area,3,3,1102000,0,0,0,0,0,0,0,0,0,3,3,1102000,0,0,0,0,0,0,0,0,0
202601,13,112000,269,0420,12120 ,00000 ,1816 ,999,99999, , ,31006      ,3,5,0,Butler,0,0,0,0,0,0,0,0,0,0,0,0,0,0,0,0,0,0,0,0,0,0,0,0
202601,13,113000,035,    ,00000 ,00000 ,19036 ,122,12060, , ,30233      ,3,5,1,Butts County,6,6,1776100,0,0,0,0,0,0,0,0,0,6,6,1776100,0,0,0,0,0,0,0,0,0
202601,13,115000,225,0426,12260 ,00000 ,5274 ,356,47580, , ,310080129  ,3,5,0,Byron,6,6,1025798,0,0,0,0,0,0,0,0,0,0,0,0,0,0,0,0,0,0,0,0,0
202601,13,117000,131,0435,12400 ,00000 ,9302 ,999,45620, , ,39828      ,3,5,0,Cairo,1,1,201661,0,0,0,0,0,0,0,0,0,0,0,0,0,0,0,0,0,0,0,0,0
202601,13,118000,129,0440,12456 ,00000 ,17572 ,122,15660, ,2,30701      ,3,5,1,Calhoun,15,15,3363750,0,0,0,0,0,0,0,0,0,15,15,3363750,0,0,0,0,0,0,0,0,0
202601,13,119000,037,    ,99990 ,00000 ,1472 ,999,99999, , ,39866      ,3,5,0,Calhoun County Unincorporated Area,0,0,0,0,0,0,0,0,0,0,0,0,0,0,0,0,0,0,0,0,0,0,0,0
202601,13,120000,301,0445,12512 ,00000 ,123 ,999,99999, , ,30807      ,3,5,0,Camak town,0,0,0,0,0,0,0,0,0,0,0,0,0,0,0,0,0,0,0,0,0,0,0,0
202601,13,121000,039,    ,99990 ,00000 ,16896 ,300,28680, , ,31548      ,3,5,1,Camden County Unincorporated Area,13,13,3848217,0,0,0,0,0,0,0,0,0,13,13,3848217,0,0,0,0,0,0,0,0,0
202601,13,122000,205,0450,12624 ,00000 ,4941 ,999,99999, , ,317300328  ,3,5,0,Camilla,0,0,0,0,0,0,0,0,0,0,0,0,0,0,0,0,0,0,0,0,0,0,0,0
202601,13,123000,043,    ,99990 ,00000 ,6713 ,999,99999, , ,304393333  ,3,5,0,Candler County Unincorporated Area,0,0,0,0,0,0,0,0,0,0,0,0,0,0,0,0,0,0,0,0,0,0,0,0
202601,13,126000,057,0470,12988 ,00000 ,32347 ,122,12060, , ,30114      ,3,5,1,Canton,13,13,6097144,0,0,0,0,0,0,8,240,25209177,13,13,6097144,0,0,0,0,0,0,8,240,25209177
202601,13,128000,195,0480,13212 ,00000 ,264 ,122,12020, , ,30629      ,3,5,0,Carlton,0,0,0,0,0,0,0,0,0,0,0,0,0,0,0,0,0,0,0,0,0,0,0,0
202601,13,129000,119,0490,13352 ,00000 ,602 ,999,99999, , ,305210032  ,3,5,0,Carnesville,3,3,505812,0,0,0,0,0,0,0,0,0,0,0,0,0,0,0,0,0,0,0,0,0
202601,13,130000,045,    ,99990 ,00000 ,74317 ,122,12060,2, ,30117      ,3,5,1,Carroll County Unincorporated Area,35,35,0,0,0,0,0,0,0,0,0,0,35,35,0,0,0,0,0,0,0,0,0,0
202601,13,131000,045,0495,13492 ,00000 ,27450 ,122,12060, , ,30117      ,3,5,1,Carrollton,12,12,3445462,0,0,0,0,0,0,0,0,0,12,12,3445462,0,0,0,0,0,0,0,0,0
202601,13,132000,015,0505,13688 ,00000 ,22037 ,122,12060, , ,30120      ,3,5,1,Cartersville,8,8,3733507,0,0,0,0,0,0,0,0,0,8,8,3733507,0,0,0,0,0,0,0,0,0
202601,13,133000,047,    ,99990 ,00000 ,54787 ,174,16860,2, ,30736      ,3,5,0,Catoosa County,28,28,4142568,0,0,0,2,6,583186,1,22,2187556,0,0,0,0,0,0,0,0,0,0,0,0
202601,13,135000,075,0515,14192 ,00000 ,285 ,999,99999, , ,31620      ,3,5,0,Cecil,0,0,0,0,0,0,0,0,0,0,0,0,0,0,0,0,0,0,0,0,0,0,0,0
202601,13,136000,233,0520,14500 ,00000 ,9980 ,122,16340, ,2,30125      ,3,5,0,Cedartown,0,0,0,0,0,0,0,0,0,0,0,0,0,0,0,0,0,0,0,0,0,0,0,0
202601,13,137000,153,0535,14920 ,00000 ,8001 ,356,47580, , ,31028      ,3,5,1,Centerville,6,6,896524,0,0,0,0,0,0,0,0,0,6,6,896524,0,0,0,0,0,0,0,0,0
202601,13,138000,149,0540,15026 ,00000 ,377 ,122,12060, , ,302174349  ,3,5,0,Centralhatchee town,1,1,287588,0,0,0,0,0,0,0,0,0,0,0,0,0,0,0,0,0,0,0,0,0
202601,13,139000,089,0550,15172 ,00000 ,30842 ,122,12060, , ,30341      ,3,5,1,Chamblee,4,4,2553436,0,0,0,0,0,0,0,0,0,4,4,2553436,0,0,0,0,0,0,0,0,0
202601,13,140000,049,    ,99990 ,00000 ,7432 ,999,99999,2, ,315372872  ,3,5,1,Charlton County Unincorporated Area,1,1,296205,0,0,0,0,0,0,0,0,0,1,1,296205,0,0,0,0,0,0,0,0,0
202601,13,141000,051,    ,99990 ,00000 ,91873 ,496,42340, , ,31406      ,3,5,1,Chatham County Unincorporated Area,1,1,535850,0,0,0,0,0,0,0,0,0,1,1,535850,0,0,0,0,0,0,0,0,0
202601,13,143000,213,0560,15508 ,00000 ,4249 ,174,19140, , ,30705      ,3,5,0,Chatsworth,1,1,287588,0,0,0,0,0,0,0,0,0,0,0,0,0,0,0,0,0,0,0,0,0
202601,13,144000,053,0746,00000 ,00000 ,10551 ,194,17980, , ,31805      ,3,5,0,Cusseta-Chattahoochee County,0,0,0,0,0,0,0,0,0,0,0,0,0,0,0,0,0,0,0,0,0,0,0,0
202601,13,144900,121,0561,15552 ,00000 ,3420 ,122,12060,2, ,30268      ,3,5,1,Chattahoochee Hills,2,2,1400000,0,0,0,0,0,0,0,0,0,2,2,1400000,0,0,0,0,0,0,0,0,0
202601,13,147000,057,    ,99990 ,00000 ,178864 ,122,12060,2, ,301145632  ,3,5,1,Cherokee County Unincorporated Area,59,59,35086218,0,0,0,0,0,0,0,0,0,59,59,35086218,0,0,0,0,0,0,0,0,0
202601,13,148000,091,0570,15900 ,00000 ,1560 ,999,99999, , ,31012      ,3,5,0,Chester town,0,0,0,0,0,0,0,0,0,0,0,0,0,0,0,0,0,0,0,0,0,0,0,0
202601,13,149000,295,0575,15984 ,00000 ,3234 ,174,16860, , ,307070069  ,3,5,1,Chickamauga,0,0,0,1,2,323152,0,0,0,0,0,0,0,0,0,1,2,323152,0,0,0,0,0,0
202601,13,151000,137,0580,16460 ,00000 ,1843 ,122,18460, , ,30523      ,3,5,1,Clarkesville,0,0,0,0,0,0,0,0,0,0,0,0,0,0,0,0,0,0,0,0,0,0,0,0
202601,13,152000,089,1080,16544 ,00000 ,12627 ,122,12060, , ,30021      ,3,5,1,Clarkston,0,0,0,0,0,0,0,0,0,0,0,0,0,0,0,0,0,0,0,0,0,0,0,0
202601,13,153000,109,0590,16600 ,00000 ,2216 ,496,44340, , ,30417      ,3,5,0,Claxton,0,0,0,0,0,0,0,0,0,0,0,0,0,0,0,0,0,0,0,0,0,0,0,0
202601,13,154000,061,    ,99990 ,00000 ,1800 ,999,99999,2, ,39851      ,3,5,0,Clay County Unincorporated Area,1,1,202876,0,0,0,0,0,0,0,0,0,0,0,0,0,0,0,0,0,0,0,0,0
202601,13,155000,241,0595,16656 ,00000 ,2103 ,999,99999, , ,30525      ,3,5,0,Clayton,1,1,242495,0,0,0,0,0,0,0,0,0,0,0,0,0,0,0,0,0,0,0,0,0
202601,13,156000,063,    ,99990 ,00000 ,233265 ,122,12060, , ,30236      ,3,5,1,Clayton County Unincorporated Area,22,22,6233125,0,0,0,0,0,0,0,0,0,22,22,6233125,0,0,0,0,0,0,0,0,0
202601,13,157000,139,0600,16796 ,00000 ,1099 ,122,23580, , ,30527      ,3,5,1,Clermont town,1,1,488700,0,0,0,0,0,0,0,0,0,1,1,488700,0,0,0,0,0,0,0,0,0
202601,13,158000,311,0605,16824 ,00000 ,4167 ,999,99999, , ,30528      ,3,5,0,Cleveland,1,1,95347,0,0,0,0,0,0,0,0,0,0,0,0,0,0,0,0,0,0,0,0,0
202601,13,160000,065,    ,99990 ,00000 ,3601 ,999,99999,2, ,31634      ,3,5,0,Clinch County Unincorporated Area,0,0,0,0,0,0,0,0,0,0,0,0,0,0,0,0,0,0,0,0,0,0,0,0
202601,13,161000,067,    ,99990 ,00000 ,565304 ,122,12060, , ,300610649  ,3,5,1,Cobb County Unincorporated Area,33,33,21995179,0,0,0,0,0,0,0,0,0,33,33,21995179,0,0,0,0,0,0,0,0,0
202601,13,162000,267,0620,17272 ,00000 ,342 ,999,99999, , ,304200059  ,3,5,0,Cobbtown,0,0,0,0,0,0,0,0,0,0,0,0,0,0,0,0,0,0,0,0,0,0,0,0
202601,13,164000,069,    ,99990 ,00000 ,26700 ,999,20060, , ,31533      ,3,5,0,Coffee County Unincorporated Area,5,5,791322,0,0,0,0,0,0,0,0,0,0,0,0,0,0,0,0,0,0,0,0,0
202601,13,165000,313,0627,17496 ,00000 ,644 ,174,19140, , ,30710      ,3,5,0,Cohutta,0,0,0,0,0,0,0,0,0,0,0,0,0,0,0,0,0,0,0,0,0,0,0,0
202601,13,169000,121,0645,17776 ,00000 ,13786 ,122,12060,2, ,30337      ,3,5,1,College Park,15,15,4358245,0,0,0,0,0,0,0,0,0,15,15,4358245,0,0,0,0,0,0,0,0,0
202601,13,170000,267,0650,17832 ,00000 ,568 ,999,99999, , ,30421      ,3,5,0,Collins,0,0,0,0,0,0,0,0,0,0,0,0,0,0,0,0,0,0,0,0,0,0,0,0
202601,13,172000,071,    ,99990 ,00000 ,28408 ,999,34220,2, ,31776      ,3,5,1,Colquitt County Unincorporated Area,4,4,1184820,0,0,0,0,0,0,0,0,0,4,4,1184820,0,0,0,0,0,0,0,0,0
202601,13,173000,073,    ,99990 ,00000 ,140191 ,999,12260, , ,30809      ,3,5,0,Columbia County Unincorporated Area,67,67,13199546,0,0,0,0,0,0,0,0,0,0,0,0,0,0,0,0,0,0,0,0,0
202601,13,174000,215,0659,19000 ,00000 ,196442 ,194,17980, ,1,319021340  ,3,5,0,Columbus,16,16,5108539,0,0,0,0,0,0,1,5,515030,0,0,0,0,0,0,0,0,0,0,0,0
202601,13,176000,157,0670,19112 ,00000 ,7328 ,122,27600, , ,30529      ,3,5,0,Commerce,13,13,3806030,0,0,0,0,0,0,0,0,0,0,0,0,0,0,0,0,0,0,0,0,0
202601,13,178000,247,0680,19336 ,00000 ,16107 ,122,12060, , ,30012      ,3,5,0,Conyers,12,12,4458372,0,0,0,0,0,0,0,0,0,0,0,0,0,0,0,0,0,0,0,0,0
202601,13,179000,075,    ,99990 ,00000 ,8794 ,999,99999, , ,31620      ,3,5,1,Cook County Unincorporated Area,9,9,2020000,0,0,0,0,0,0,0,0,0,9,9,2020000,0,0,0,0,0,0,0,0,0
202601,13,181000,081,0690,19616 ,00000 ,10305 ,999,18380, ,2,31015      ,3,5,0,Cordele,0,0,0,0,0,0,0,0,0,0,0,0,0,0,0,0,0,0,0,0,0,0,0,0
202601,13,184000,137,0700,19728 ,00000 ,4799 ,122,18460, ,2,30531      ,3,5,1,Cornelia,0,0,0,0,0,0,0,0,0,0,0,0,0,0,0,0,0,0,0,0,0,0,0,0
202601,13,185000,217,0710,20064 ,00000 ,14386 ,122,12060, , ,300151527  ,3,5,1,Covington,11,11,3323925,0,0,0,0,0,0,0,0,0,11,11,3323925,0,0,0,0,0,0,0,0,0
202601,13,186000,077,    ,99990 ,00000 ,98366 ,122,12060, , ,30263      ,3,5,1,Coweta County Unincorporated Area,29,29,14144179,0,0,0,0,0,0,0,0,0,29,29,14144179,0,0,0,0,0,0,0,0,0
202601,13,188000,079,    ,00000 ,00000 ,11281 ,356,31420, , ,310781054  ,3,5,1,Crawford County,0,0,0,0,0,0,0,0,0,0,0,0,0,0,0,0,0,0,0,0,0,0,0,0
202601,13,190000,081,    ,99990 ,00000 ,11176 ,999,18380, , ,310155012  ,3,5,1,Crisp County Unincorporated Area,1,1,325000,0,0,0,0,0,0,0,0,0,1,1,325000,0,0,0,0,0,0,0,0,0
202601,13,192000,117,0740,20932 ,00000 ,6639 ,122,12060, , ,30040      ,3,5,1,Cumming,7,7,2072117,0,0,0,0,0,0,0,0,0,7,7,2072117,0,0,0,0,0,0,0,0,0
202601,13,194000,243,0750,21072 ,00000 ,3361 ,999,99999, , ,31740      ,3,5,0,Cuthbert,0,0,0,0,0,0,0,0,0,0,0,0,0,0,0,0,0,0,0,0,0,0,0,0
202601,13,195000,135,0755,21184 ,00000 ,6477 ,122,12060, , ,30019      ,3,5,1,Dacula,6,6,2020800,0,0,0,0,0,0,0,0,0,6,6,2020800,0,0,0,0,0,0,0,0,0
202601,13,197000,187,0760,21240 ,00000 ,7329 ,122,12060, , ,30533      ,3,5,1,Dahlonega,1,1,550000,0,0,0,0,0,0,0,0,0,1,1,550000,0,0,0,0,0,0,0,0,0
202601,13,199000,223,0770,21324 ,00000 ,14388 ,122,12060, , ,301324271  ,3,5,1,Dallas,6,6,1161867,0,0,0,0,0,0,0,0,0,6,6,1161867,0,0,0,0,0,0,0,0,0
202601,13,201000,099,0780,21436 ,00000 ,223 ,999,99999, , ,39841      ,3,5,0,Damascus,0,0,0,0,0,0,0,0,0,0,0,0,0,0,0,0,0,0,0,0,0,0,0,0
202601,13,203000,289,0795,21688 ,00000 ,185 ,356,31420, , ,31017      ,3,5,1,Danville town,0,0,0,0,0,0,0,0,0,0,0,0,0,0,0,0,0,0,0,0,0,0,0,0
202601,13,205000,191,0800,21716 ,00000 ,1846 ,999,15260, , ,31305      ,3,5,1,Darien,4,4,800000,0,0,0,0,0,0,0,0,0,4,4,800000,0,0,0,0,0,0,0,0,0
202601,13,207000,273,0810,21912 ,00000 ,4124 ,999,10500, , ,39842      ,3,5,0,Dawson,0,0,0,0,0,0,0,0,0,0,0,0,0,0,0,0,0,0,0,0,0,0,0,0
202601,13,208000,085,    ,99990 ,00000 ,23648 ,122,12060, , ,30534      ,3,5,1,Dawson County Unincorporated Area,22,22,6207471,0,0,0,0,0,0,0,0,0,22,22,6207471,0,0,0,0,0,0,0,0,0
202601,13,209000,085,0815,21940 ,00000 ,3465 ,122,12060, , ,30534      ,3,5,1,Dawsonville,9,9,2208890,0,0,0,0,0,0,0,0,0,9,9,2208890,0,0,0,0,0,0,0,0,0
202601,13,210000,089,    ,99990 ,00000 ,430908 ,122,12060, , ,30030      ,3,5,1,DeKalb County Unincorporated Area,56,56,16576934,0,0,0,0,0,0,0,0,0,56,56,16576934,0,0,0,0,0,0,0,0,0
202601,13,213000,089,0825,22052 ,00000 ,25655 ,122,12060, , ,30030      ,3,5,1,Decatur,0,0,0,0,0,0,0,0,0,0,0,0,0,0,0,0,0,0,0,0,0,0,0,0
202601,13,214000,087,    ,99990 ,00000 ,13428 ,533,12460,2, ,39817      ,3,5,0,Decatur County Unincorporated Area,2,2,408733,0,0,0,0,0,0,0,0,0,0,0,0,0,0,0,0,0,0,0,0,0
202601,13,216000,137,0835,22304 ,00000 ,2143 ,122,18460, , ,305350128  ,3,5,0,Demorest,1,1,287588,0,0,0,0,0,0,0,0,0,0,0,0,0,0,0,0,0,0,0,0,0
202601,13,219000,241,0860,22976 ,00000 ,373 ,999,99999, , ,30537      ,3,5,0,Dillard,0,0,0,0,0,0,0,0,0,0,0,0,0,0,0,0,0,0,0,0,0,0,0,0
202601,13,220000,091,    ,99990 ,00000 ,12775 ,999,99999,2, ,310230818  ,3,5,0,Dodge County Unincorporated Area,0,0,0,0,0,0,0,0,0,0,0,0,0,0,0,0,0,0,0,0,0,0,0,0
202601,13,222000,253,0880,23368 ,00000 ,2488 ,999,99999, , ,31745      ,3,5,0,Donalsonville,0,0,0,0,0,0,0,0,0,0,0,0,0,0,0,0,0,0,0,0,0,0,0,0
202601,13,224000,093,    ,99990 ,00000 ,5033 ,999,99999,2, ,31092      ,3,5,0,Dooly County Unincorporated Area,3,3,1245652,0,0,0,0,0,0,0,0,0,0,0,0,0,0,0,0,0,0,0,0,0
202601,13,225000,089,0885,23536 ,00000 ,10264 ,122,12060, , ,30340      ,3,5,1,Doraville,0,0,0,0,0,0,0,0,0,0,0,0,0,0,0,0,0,0,0,0,0,0,0,0
202601,13,227000,069,0890,23872 ,00000 ,11612 ,999,20060, ,2,31534      ,3,5,0,Douglas,2,2,499130,0,0,0,0,0,0,0,0,0,0,0,0,0,0,0,0,0,0,0,0,0
202601,13,228000,097,    ,99990 ,00000 ,107083 ,122,12060, , ,30134      ,3,5,1,Douglas County Unincorporated Area,11,11,3366445,0,0,0,0,0,0,0,0,0,11,11,3366445,0,0,0,0,0,0,0,0,0
202601,13,229000,097,0895,23900 ,00000 ,34036 ,122,12060, , ,30133      ,3,5,1,Douglasville,2,2,0,0,0,0,0,0,0,0,0,0,2,2,0,0,0,0,0,0,0,0,0,0
202601,13,231000,175,0900,24376 ,00000 ,15802 ,999,20140, ,2,31040      ,3,5,1,Dublin,0,0,0,0,0,0,0,0,0,0,0,0,0,0,0,0,0,0,0,0,0,0,0,0
202601,13,233000,135,0915,24600 ,00000 ,29676 ,122,12060, , ,300963235  ,3,5,0,Duluth,12,12,5348402,0,0,0,0,0,0,0,0,0,0,0,0,0,0,0,0,0,0,0,0,0
202601,13,233500,089,0918,24768 ,00000 ,49326 ,122,12060, ,1,30338      ,3,5,1,Dunwoody,1,1,1061361,0,0,0,0,0,0,0,0,0,1,1,1061361,0,0,0,0,0,0,0,0,0
202601,13,234000,099,    ,99990 ,00000 ,4816 ,999,99999, , ,39823      ,3,5,0,Early County Unincorporated Area,1,1,192495,0,0,0,0,0,0,0,0,0,0,0,0,0,0,0,0,0,0,0,0,0
202601,13,235000,175,0930,25300 ,00000 ,2391 ,999,20140, , ,31027      ,3,5,0,East Dublin,0,0,0,0,0,0,0,0,0,0,0,0,0,0,0,0,0,0,0,0,0,0,0,0
202601,13,236000,123,0935,25356 ,00000 ,570 ,999,99999, , ,30539      ,3,5,0,East Ellijay,1,1,209076,0,0,0,0,0,0,1,7,646709,0,0,0,0,0,0,0,0,0,0,0,0
202601,13,237000,121,0960,25720 ,00000 ,35042 ,122,12060, , ,30344      ,3,5,0,East Point,7,7,682078,0,0,0,0,0,0,1,8,620348,0,0,0,0,0,0,0,0,0,0,0,0
202601,13,238000,091,0950,25552 ,00000 ,5096 ,999,99999, , ,31023      ,3,5,0,Eastman,0,0,0,0,0,0,0,0,0,0,0,0,0,0,0,0,0,0,0,0,0,0,0,0
202601,13,240000,101,    ,99990 ,00000 ,4002 ,999,46660, , ,316480190  ,3,5,0,Echols County Unincorporated Area,0,0,0,0,0,0,0,0,0,0,0,0,0,0,0,0,0,0,0,0,0,0,0,0
202601,13,242000,037,0990,26448 ,00000 ,1407 ,999,99999, , ,39846      ,3,5,0,Edison,0,0,0,0,0,0,0,0,0,0,0,0,0,0,0,0,0,0,0,0,0,0,0,0
202601,13,243000,103,    ,99990 ,00000 ,48676 ,496,42340, , ,313296816  ,3,5,1,Effingham County Unincorporated Area,37,37,8341520,0,0,0,0,0,0,0,0,0,37,37,8341520,0,0,0,0,0,0,0,0,0
202601,13,244000,105,    ,99990 ,00000 ,14173 ,999,99999, , ,306351931  ,3,5,1,Elbert County Unincorporated Area,6,6,766539,0,0,0,0,0,0,0,0,0,6,6,766539,0,0,0,0,0,0,0,0,0
202601,13,245000,105,1000,26616 ,00000 ,4350 ,999,99999, , ,30635      ,3,5,1,Elberton,2,2,345000,0,0,0,1,4,400000,0,0,0,2,2,345000,0,0,0,1,4,400000,0,0,0
202601,13,246000,249,1015,26980 ,00000 ,1834 ,999,11140, , ,31806      ,3,5,0,Ellaville,0,0,0,0,0,0,0,0,0,0,0,0,0,0,0,0,0,0,0,0,0,0,0,0
202601,13,248000,123,1025,27092 ,00000 ,1724 ,999,99999, , ,30540      ,3,5,0,Ellijay,1,1,302641,0,0,0,0,0,0,0,0,0,0,0,0,0,0,0,0,0,0,0,0,0
202601,13,249000,107,    ,99990 ,00000 ,11552 ,999,99999, , ,30401      ,3,5,1,Emanuel County Unincorporated Area,6,6,1776630,0,0,0,0,0,0,0,0,0,6,6,1776630,0,0,0,0,0,0,0,0,0
202601,13,250000,015,1030,27344 ,00000 ,1589 ,122,12060, , ,301370300  ,3,5,1,Emerson,0,0,0,0,0,0,0,0,0,0,0,0,0,0,0,0,0,0,0,0,0,0,0,0
202601,13,254000,015,1042,27988 ,00000 ,4421 ,122,12060, , ,30145      ,3,5,1,Euharlee,4,4,1184067,0,0,0,0,0,0,0,0,0,4,4,1184067,0,0,0,0,0,0,0,0,0
202601,13,255000,109,    ,99990 ,00000 ,7212 ,496,44340, , ,30417      ,3,5,0,Evans County Unincorporated Area,1,1,195179,0,0,0,0,0,0,0,0,0,0,0,0,0,0,0,0,0,0,0,0,0
202601,13,256000,121,1050,28380 ,00000 ,17136 ,122,12060, , ,302131341  ,3,5,0,Fairburn,2,2,873491,0,0,0,0,0,0,0,0,0,0,0,0,0,0,0,0,0,0,0,0,0
202601,13,257000,129,1055,28492 ,00000 ,743 ,122,15660, , ,30139      ,3,5,0,Fairmount,0,0,0,0,0,0,0,0,0,0,0,0,0,0,0,0,0,0,0,0,0,0,0,0
202601,13,258000,111,    ,00000 ,00000 ,23517 ,999,99999, , ,30513      ,3,5,0,Fannin County,24,24,7263374,0,0,0,0,0,0,0,0,0,0,0,0,0,0,0,0,0,0,0,0,0
202601,13,258500,065,1063,28744 ,00000 ,315 ,999,99999, , ,31631      ,3,5,0,Fargo,0,0,0,0,0,0,0,0,0,0,0,0,0,0,0,0,0,0,0,0,0,0,0,0
202601,13,259000,113,    ,99990 ,00000 ,52285 ,122,12060,2, ,30214      ,3,5,1,Fayette County Unincorporated Area,10,10,2952002,0,0,0,0,0,0,0,0,0,10,10,2952002,0,0,0,0,0,0,0,0,0
202601,13,260000,113,1075,28968 ,00000 ,18328 ,122,12060, , ,30214      ,3,5,1,Fayetteville,12,12,4471758,0,0,0,0,0,0,0,0,0,12,12,4471758,0,0,0,0,0,0,0,0,0
202601,13,261000,017,1085,29528 ,00000 ,8615 ,999,22340,2,2,31750      ,3,5,1,Fitzgerald,1,1,100000,0,0,0,0,0,0,0,0,0,1,1,100000,0,0,0,0,0,0,0,0,0
202601,13,265000,139,1100,30340 ,00000 ,8778 ,122,23580, , ,30542      ,3,5,1,Flowery Branch,4,4,1184067,0,0,0,0,0,0,0,0,0,4,4,1184067,0,0,0,0,0,0,0,0,0
202601,13,266000,115,    ,99990 ,00000 ,60766 ,122,40660, , ,30162      ,3,5,1,Floyd County,26,26,6359291,0,0,0,0,0,0,0,0,0,26,26,6359291,0,0,0,0,0,0,0,0,0
202601,13,268000,063,1110,30536 ,00000 ,19871 ,122,12060, , ,30297      ,3,5,0,Forest Park,1,1,237500,0,0,0,0,0,0,0,0,0,0,0,0,0,0,0,0,0,0,0,0,0
202601,13,270000,117,    ,99990 ,00000 ,244208 ,122,12060, , ,30040      ,3,5,1,Forsyth County Unincorporated Area,64,64,18945068,0,0,0,0,0,0,0,0,0,64,64,18945068,0,0,0,0,0,0,0,0,0
202601,13,271000,061,1120,30816 ,00000 ,973 ,999,99999, , ,39851      ,3,5,0,Fort Gaines,0,0,0,0,0,0,0,0,0,0,0,0,0,0,0,0,0,0,0,0,0,0,0,0
202601,13,275000,149,1140,31292 ,00000 ,958 ,122,12060, , ,30217      ,3,5,0,Franklin,1,1,287588,0,0,0,0,0,0,0,0,0,0,0,0,0,0,0,0,0,0,0,0,0
202601,13,276000,119,    ,99990 ,00000 ,16857 ,999,99999, , ,305210159  ,3,5,1,Franklin County Unincorporated Area,11,11,3258255,0,0,0,0,0,0,0,0,0,11,11,3258255,0,0,0,0,0,0,0,0,0
202601,13,277000,119,1145,31320 ,00000 ,1187 ,999,99999, , ,30643      ,3,5,0,Franklin Springs,1,1,140000,0,0,0,0,0,0,0,0,0,0,0,0,0,0,0,0,0,0,0,0,0
202601,13,280000,139,1155,31908 ,00000 ,44213 ,122,23580, ,1,30503      ,3,5,1,Gainesville,33,33,17876356,0,0,0,0,0,0,0,0,0,33,33,17876356,0,0,0,0,0,0,0,0,0
202601,13,281000,051,1165,32048 ,00000 ,9213 ,496,42340, , ,31405      ,3,5,1,Garden City,0,0,0,0,0,0,0,0,0,0,0,0,0,0,0,0,0,0,0,0,0,0,0,0
202601,13,283000,199,1175,32384 ,00000 ,82 ,122,12060, , ,30218      ,3,5,0,Gay town,0,0,0,0,0,0,0,0,0,0,0,0,0,0,0,0,0,0,0,0,0,0,0,0
202601,13,284000,263,1180,32412 ,00000 ,95 ,194,17980, , ,31810      ,3,5,0,Geneva town,0,0,0,0,0,0,0,0,0,0,0,0,0,0,0,0,0,0,0,0,0,0,0,0
202601,13,289000,123,    ,99990 ,00000 ,29684 ,999,99999, , ,30540      ,3,5,0,Gilmer County Unincorporated Area,0,0,0,0,0,0,0,0,0,0,0,0,0,0,0,0,0,0,0,0,0,0,0,0
202601,13,292000,267,1205,33336 ,00000 ,5014 ,999,99999, , ,30427      ,3,5,0,Glennville,0,0,0,0,0,0,0,0,0,0,0,0,0,0,0,0,0,0,0,0,0,0,0,0
202601,13,294000,127,    ,00000 ,00000 ,69282 ,999,15260, , ,315206435  ,3,5,0,Glynn County,31,31,13309868,3,6,664294,1,3,606102,1,13,1558838,0,0,0,0,0,0,0,0,0,0,0,0
202601,13,295000,297,1220,33896 ,00000 ,308 ,122,12060, , ,30655      ,3,5,1,Good Hope,0,0,0,0,0,0,0,0,0,0,0,0,0,0,0,0,0,0,0,0,0,0,0,0
202601,13,296000,319,1225,33980 ,00000 ,1819 ,999,99999, , ,31031      ,3,5,0,Gordon,0,0,0,0,0,0,0,0,0,0,0,0,0,0,0,0,0,0,0,0,0,0,0,0
202601,13,297000,129,    ,99990 ,00000 ,38917 ,122,15660,2, ,307030580  ,3,5,1,Gordon County Unincorporated Area,21,21,6383243,0,0,0,0,0,0,0,0,0,21,21,6383243,0,0,0,0,0,0,0,0,0
202601,13,298000,131,    ,99990 ,00000 ,14728 ,999,45620,2, ,39828      ,3,5,1,Grady County Unincorporated Area,1,1,271542,0,0,0,0,0,0,0,0,0,1,1,271542,0,0,0,0,0,0,0,0,0
202601,13,299000,077,1235,34428 ,00000 ,3341 ,122,12060, , ,30220      ,3,5,1,Grantville,0,0,0,0,0,0,0,0,0,0,0,0,0,0,0,0,0,0,0,0,0,0,0,0
202601,13,301000,135,1250,34596 ,00000 ,4429 ,122,12060, , ,30017      ,3,5,1,Grayson,0,0,0,0,0,0,0,0,0,0,0,0,0,0,0,0,0,0,0,0,0,0,0,0
202601,13,302000,133,    ,99990 ,00000 ,12560 ,999,99999,2, ,30642      ,3,5,1,Greene County Unincorporated Area,24,24,28130052,0,0,0,0,0,0,0,0,0,24,24,28130052,0,0,0,0,0,0,0,0,0
202601,13,303000,133,1260,34876 ,00000 ,3272 ,999,99999, , ,30642      ,3,5,0,Greensboro,0,0,0,0,0,0,0,0,0,0,0,0,0,0,0,0,0,0,0,0,0,0,0,0
202601,13,305000,255,1270,35324 ,00000 ,22665 ,122,12060, , ,30224      ,3,5,1,Griffin,0,0,0,0,0,0,0,0,0,0,0,0,0,0,0,0,0,0,0,0,0,0,0,0
202601,13,306000,073,1275,35716 ,00000 ,16639 ,999,12260, , ,30813      ,3,5,1,Grovetown,29,29,7716000,0,0,0,0,0,0,0,0,0,29,29,7716000,0,0,0,0,0,0,0,0,0
202601,13,308000,103,1280,35884 ,00000 ,2371 ,496,42340, , ,31312      ,3,5,1,Guyton,1,1,306165,0,0,0,0,0,0,0,0,0,1,1,306165,0,0,0,0,0,0,0,0,0
202601,13,309000,135,    ,99990 ,00000 ,703103 ,122,12060, , ,30046      ,3,5,1,Gwinnett County Unincorporated Area,141,141,0,0,0,0,0,0,0,0,0,0,141,141,0,0,0,0,0,0,0,0,0,0
202601,13,310000,137,    ,99990 ,00000 ,32466 ,122,18460, , ,30523      ,3,5,0,Habersham County Unincorporated Area,12,12,4624762,0,0,0,0,0,0,1,12,687277,0,0,0,0,0,0,0,0,0,0,0,0
202601,13,311000,109,1285,36024 ,00000 ,953 ,496,44340, , ,304290356  ,3,5,0,Hagan,0,0,0,0,0,0,0,0,0,0,0,0,0,0,0,0,0,0,0,0,0,0,0,0
202601,13,313000,139,    ,99990 ,00000 ,140938 ,122,23580, , ,30503      ,3,5,0,Hall County Unincorporated Area,58,58,17033173,0,0,0,0,0,0,0,0,0,0,0,0,0,0,0,0,0,0,0,0,0
202601,13,315000,151,1300,36276 ,00000 ,8184 ,122,12060, , ,30228      ,3,5,1,Hampton,0,0,0,0,0,0,0,0,0,0,0,0,0,0,0,0,0,0,0,0,0,0,0,0
202601,13,316000,141,    ,99990 ,00000 ,7274 ,999,99999, , ,31087      ,3,5,1,Hancock County Unincorporated Area,4,4,1184820,0,0,0,0,0,0,0,0,0,4,4,1184820,0,0,0,0,0,0,0,0,0
202601,13,317000,121,2450,36472 ,00000 ,6588 ,122,12060, , ,30354      ,3,5,1,Hapeville,0,0,0,0,0,0,0,0,0,0,0,0,0,0,0,0,0,0,0,0,0,0,0,0
202601,13,318000,143,    ,99990 ,00000 ,18639 ,122,12060,2, ,30113      ,3,5,0,Haralson County Unincorporated Area,14,14,3780300,0,0,0,0,0,0,0,0,0,0,0,0,0,0,0,0,0,0,0,0,0
202601,13,319000,077,1310,36528 ,00000 ,185 ,122,12060,2, ,302290155  ,3,5,0,Haralson town,0,0,0,0,0,0,0,0,0,0,0,0,0,0,0,0,0,0,0,0,0,0,0,0
202601,13,321000,073,1315,36696 ,00000 ,3547 ,999,12260,2, ,30814      ,3,5,1,Harlem,3,3,888615,0,0,0,0,0,0,0,0,0,3,3,888615,0,0,0,0,0,0,0,0,0
202601,13,322000,145,    ,99990 ,00000 ,31384 ,194,17980,2, ,31811      ,3,5,0,Harris County Unincorporated Area,12,12,3794453,0,0,0,0,0,0,0,0,0,0,0,0,0,0,0,0,0,0,0,0,0
202601,13,323000,303,1320,36920 ,00000 ,433 ,999,99999, , ,31035      ,3,5,0,Harrison town,0,0,0,0,0,0,0,0,0,0,0,0,0,0,0,0,0,0,0,0,0,0,0,0
202601,13,324000,147,    ,99990 ,00000 ,20777 ,999,99999,2, ,30643      ,3,5,1,Hart County Unincorporated Area,9,9,1250000,0,0,0,0,0,0,0,0,0,9,9,1250000,0,0,0,0,0,0,0,0,0
202601,13,325000,147,1325,37144 ,00000 ,4446 ,999,99999, , ,306432176  ,3,5,1,Hartwell,2,2,1352936,0,0,0,0,0,0,0,0,0,2,2,1352936,0,0,0,0,0,0,0,0,0
202601,13,327000,161,1335,37564 ,00000 ,4080 ,999,99999, , ,31539      ,3,5,0,Hazlehurst,1,1,158333,0,0,0,0,0,0,0,0,0,0,0,0,0,0,0,0,0,0,0,0,0
202601,13,328000,149,    ,99990 ,00000 ,10179 ,122,12060, , ,30217      ,3,5,0,Heard County Unincorporated Area,4,4,1147357,0,0,0,0,0,0,0,0,0,0,0,0,0,0,0,0,0,0,0,0,0
202601,13,329000,311,1348,37788 ,00000 ,559 ,999,99999, , ,305450280  ,3,5,1,Helen,0,0,0,0,0,0,0,0,0,0,0,0,0,0,0,0,0,0,0,0,0,0,0,0
202601,13,332000,151,    ,99990 ,00000 ,164157 ,122,12060, , ,30253      ,3,5,1,Henry County Unincorporated Area,81,81,16869385,0,0,0,0,0,0,0,0,0,81,81,16869385,0,0,0,0,0,0,0,0,0
202601,13,333000,245,1355,38040 ,00000 ,3936 ,999,12260, , ,30815      ,3,5,1,Hephzibah,0,0,0,0,0,0,0,0,0,0,0,0,0,0,0,0,0,0,0,0,0,0,0,0
202601,13,334000,281,1360,38124 ,00000 ,917 ,999,99999, , ,30546      ,3,5,0,Hiawassee,0,0,0,0,0,0,0,0,0,0,0,0,0,0,0,0,0,0,0,0,0,0,0,0
202601,13,335000,209,1370,38348 ,00000 ,305 ,999,47080, , ,30410      ,3,5,0,Higgston town,0,0,0,0,0,0,0,0,0,0,0,0,0,0,0,0,0,0,0,0,0,0,0,0
202601,13,337000,179,1380,38964 ,00000 ,34085 ,496,25980, ,1,31313      ,3,5,1,Hinesville,16,16,5155426,0,0,0,0,0,0,0,0,0,16,16,5155426,0,0,0,0,0,0,0,0,0
202601,13,339000,025,1390,39216 ,00000 ,541 ,999,15260, , ,31542      ,3,5,0,Hoboken,0,0,0,0,0,0,0,0,0,0,0,0,0,0,0,0,0,0,0,0,0,0,0,0
202601,13,340000,285,1395,39244 ,00000 ,3147 ,122,29300, , ,30230      ,3,5,0,Hogansville,1,1,314052,0,0,0,0,0,0,0,0,0,0,0,0,0,0,0,0,0,0,0,0,0
202601,13,341000,057,1400,39524 ,00000 ,16506 ,122,12060, , ,30142      ,3,5,1,Holly Springs,6,6,2176087,0,0,0,0,0,0,0,0,0,6,6,2176087,0,0,0,0,0,0,0,0,0
202601,13,342000,049,1405,39692 ,00000 ,955 ,999,99999, , ,315379140  ,3,5,0,Homeland,0,0,0,0,0,0,0,0,0,0,0,0,0,0,0,0,0,0,0,0,0,0,0,0
202601,13,343000,011,1410,39720 ,00000 ,1257 ,999,99999, , ,30547      ,3,5,1,Homer town,1,1,350000,0,0,0,0,0,0,0,0,0,1,1,350000,0,0,0,0,0,0,0,0,0
202601,13,344000,065,1415,39748 ,00000 ,2345 ,999,99999, , ,31634      ,3,5,0,Homerville,0,0,0,0,0,0,0,0,0,0,0,0,0,0,0,0,0,0,0,0,0,0,0,0
202601,13,345000,157,1420,40056 ,00000 ,2485 ,122,27600, , ,30548      ,3,5,1,Hoschton,35,35,18611533,0,0,0,0,0,0,0,0,0,35,35,18611533,0,0,0,0,0,0,0,0,0
202601,13,346000,153,    ,99990 ,00000 ,55434 ,356,47580, , ,31088      ,3,5,0,Houston County Unincorporated Area,10,10,2459629,0,0,0,0,0,0,0,0,0,0,0,0,0,0,0,0,0,0,0,0,0
202601,13,347000,195,1430,40532 ,00000 ,222 ,122,12020, , ,30646      ,3,5,0,Hull,0,0,0,0,0,0,0,0,0,0,0,0,0,0,0,0,0,0,0,0,0,0,0,0
202601,13,351000,155,    ,99990 ,00000 ,5665 ,999,99999,2, ,31774      ,3,5,0,Irwin County Unincorporated Area,2,2,174235,0,0,0,0,0,0,0,0,0,0,0,0,0,0,0,0,0,0,0,0,0
202601,13,353000,319,1460,41540 ,00000 ,899 ,999,99999, , ,31031      ,3,5,0,Ivey,0,0,0,0,0,0,0,0,0,0,0,0,0,0,0,0,0,0,0,0,0,0,0,0
202601,13,355000,157,    ,99990 ,00000 ,44721 ,122,27600,2, ,30549      ,3,5,1,Jackson County Unincorporated Area,64,64,23287049,0,0,0,0,0,0,0,0,0,64,64,23287049,0,0,0,0,0,0,0,0,0
202601,13,358000,227,1480,41932 ,00000 ,4037 ,122,12060, , ,30143      ,3,5,1,Jasper,0,0,0,0,0,0,0,0,0,0,0,0,0,0,0,0,0,0,0,0,0,0,0,0
202601,13,359000,159,    ,99990 ,00000 ,11490 ,122,12060,2, ,31064      ,3,5,1,Jasper County Unincorporated Area,15,15,5250000,0,0,0,0,0,0,0,0,0,15,15,5250000,0,0,0,0,0,0,0,0,0
202601,13,361000,157,1485,41988 ,00000 ,12490 ,122,27600, ,2,30549      ,3,5,1,Jefferson,6,6,2306000,0,0,0,0,0,0,0,0,0,6,6,2306000,0,0,0,0,0,0,0,0,0
202601,13,362000,163,    ,99990 ,00000 ,8458 ,999,99999,2, ,30434      ,3,5,0,Jefferson County Unincorporated Area,2,2,504533,0,0,0,0,0,0,0,0,0,0,0,0,0,0,0,0,0,0,0,0,0
202601,13,363000,289,1490,42100 ,00000 ,931 ,356,31420, , ,31044      ,3,5,0,Jeffersonville,0,0,0,0,0,0,0,0,0,0,0,0,0,0,0,0,0,0,0,0,0,0,0,0
202601,13,365000,165,    ,99990 ,00000 ,5984 ,999,99999, , ,30442      ,3,5,0,Jenkins County Unincorporated Area,1,1,100000,0,0,0,0,0,0,0,0,0,0,0,0,0,0,0,0,0,0,0,0,0
202601,13,367000,297,1500,42184 ,00000 ,147 ,122,12060, , ,30655      ,3,5,0,Jersey,0,0,0,0,0,0,0,0,0,0,0,0,0,0,0,0,0,0,0,0,0,0,0,0
202601,13,368000,305,1505,42268 ,00000 ,9847 ,496,27700, ,2,31546      ,3,5,1,Jesup,2,2,350000,0,0,0,0,0,0,0,0,0,2,2,350000,0,0,0,0,0,0,0,0,0
202601,13,369300,121,1508,42425 ,00000 ,85192 ,122,12060, , ,30097      ,3,5,1,Johns Creek,0,0,0,0,0,0,0,0,0,0,0,0,0,0,0,0,0,0,0,0,0,0,0,0
202601,13,370000,169,    ,00000 ,00000 ,25546 ,356,31420, , ,310321359  ,3,5,1,Jones County,6,6,1812000,0,0,0,0,0,0,0,0,0,6,6,1812000,0,0,0,0,0,0,0,0,0
202601,13,371000,063,1510,42604 ,00000 ,5134 ,122,12060, , ,30236      ,3,5,1,Jonesboro,0,0,0,0,0,0,0,0,0,0,0,0,0,0,0,0,0,0,0,0,0,0,0,0
202601,13,373000,067,1520,43192 ,00000 ,34712 ,122,12060, , ,30144      ,3,5,1,Kennesaw,5,5,820800,0,0,0,0,0,0,0,0,0,5,5,820800,0,0,0,0,0,0,0,0,0
202601,13,376000,039,1525,43640 ,00000 ,18292 ,300,28680, ,2,315489127  ,3,5,1,Kingsland,15,15,3450000,0,0,0,0,0,0,0,0,0,15,15,3450000,0,0,0,0,0,0,0,0,0
202601,13,377000,015,1530,43668 ,00000 ,740 ,122,12060, , ,301450309  ,3,5,1,Kingston,0,0,0,0,0,0,0,0,0,0,0,0,0,0,0,0,0,0,0,0,0,0,0,0
202601,13,378000,167,1535,43892 ,00000 ,226 ,999,20140, , ,31049      ,3,5,0,Kite,0,0,0,0,0,0,0,0,0,0,0,0,0,0,0,0,0,0,0,0,0,0,0,0
202601,13,379000,295,1540,44312 ,00000 ,7508 ,174,16860, , ,30728      ,3,5,1,LaFayette,1,1,80000,0,0,0,0,0,0,0,0,0,1,1,80000,0,0,0,0,0,0,0,0,0
202601,13,380000,285,1545,44340 ,00000 ,30741 ,122,29300, ,2,30241      ,3,5,1,LaGrange,18,18,7916366,0,0,0,0,0,0,0,0,0,18,18,7916366,0,0,0,0,0,0,0,0,0
202601,13,381000,063,1550,44508 ,00000 ,2797 ,122,12060, , ,30260      ,3,5,0,Lake City,0,0,0,0,0,0,0,0,0,0,0,0,0,0,0,0,0,0,0,0,0,0,0,0
202601,13,383000,173,1555,44592 ,00000 ,3342 ,999,46660, , ,31635      ,3,5,0,Lakeland,0,0,0,0,0,0,0,0,0,0,0,0,0,0,0,0,0,0,0,0,0,0,0,0
202601,13,384000,171,    ,99990 ,00000 ,11840 ,999,99999, , ,30204      ,3,5,0,Lamar County Unincorporated Area,6,6,1834067,0,0,0,0,0,0,0,0,0,0,0,0,0,0,0,0,0,0,0,0,0
202601,13,385000,173,    ,99990 ,00000 ,7388 ,999,46660, , ,316351172  ,3,5,1,Lanier County Unincorporated Area,3,3,385000,0,0,0,0,0,0,0,0,0,3,3,385000,0,0,0,0,0,0,0,0,0
202601,13,387000,119,1565,45460 ,00000 ,2187 ,999,99999, , ,30553      ,3,5,0,Lavonia,0,0,0,0,0,0,0,0,0,0,0,0,0,0,0,0,0,0,0,0,0,0,0,0
202601,13,388000,135,1570,45488 ,00000 ,30842 ,122,12060, , ,30046      ,3,5,1,Lawrenceville,3,3,1377047,0,0,0,0,0,0,3,88,15000000,3,3,1377047,0,0,0,0,0,0,3,88,15000000
202601,13,390000,177,    ,00000 ,00000 ,26516 ,999,10500, , ,31763      ,3,5,1,Lee County,13,13,1635645,0,0,0,0,0,0,0,0,0,13,13,1635645,0,0,0,0,0,0,0,0,0
202601,13,392000,075,1585,45936 ,00000 ,843 ,999,99999, , ,31637      ,3,5,0,Lenox town,0,0,0,0,0,0,0,0,0,0,0,0,0,0,0,0,0,0,0,0,0,0,0,0
202601,13,395000,179,    ,99990 ,00000 ,20382 ,496,25980,2, ,31313      ,3,5,1,Liberty County Unincorporated Area,21,21,3893455,0,0,0,0,0,0,0,0,0,21,21,3893455,0,0,0,0,0,0,0,0,0
202601,13,396000,135,1600,46356 ,00000 ,13055 ,122,12060, , ,30047      ,3,5,1,Lilburn,2,2,933061,0,0,0,0,0,0,0,0,0,2,2,933061,0,0,0,0,0,0,0,0,0
202601,13,398000,181,    ,99990 ,00000 ,6527 ,999,12260, , ,308170340  ,3,5,1,Lincoln County Unincorporated Area,4,4,1460000,0,0,0,0,0,0,0,0,0,4,4,1460000,0,0,0,0,0,0,0,0,0
202601,13,399000,181,1615,46552 ,00000 ,1504 ,999,12260, , ,30817      ,3,5,0,Lincolnton,0,0,0,0,0,0,0,0,0,0,0,0,0,0,0,0,0,0,0,0,0,0,0,0
202601,13,401000,089,1630,46860 ,00000 ,2321 ,122,12060, , ,30058      ,3,5,1,Lithonia,1,1,0,0,0,0,0,0,0,0,0,0,1,1,0,0,0,0,0,0,0,0,0,0
202601,13,402000,151,1635,47140 ,00000 ,9091 ,122,12060, , ,30248      ,3,5,1,Locust Grove,27,27,18476798,0,0,0,0,0,0,0,0,0,27,27,18476798,0,0,0,0,0,0,0,0,0
202601,13,404000,297,1640,47196 ,00000 ,10130 ,122,12060,2, ,30052      ,3,5,1,Loganville,7,7,1240450,0,0,0,0,0,0,1,5,646657,7,7,1240450,0,0,0,0,0,0,1,5,646657
202601,13,406000,183,    ,00000 ,00000 ,17819 ,496,25980, , ,313160476  ,3,5,0,Long County,20,20,4754615,0,0,0,0,0,0,0,0,0,0,0,0,0,0,0,0,0,0,0,0,0
202601,13,407000,295,1647,47336 ,00000 ,1568 ,174,16860, , ,30750      ,3,5,0,Lookout Mountain,0,0,0,0,0,0,0,0,0,0,0,0,0,0,0,0,0,0,0,0,0,0,0,0
202601,13,409000,063,1655,47616 ,00000 ,7512 ,122,12060, , ,30250      ,3,5,1,Lovejoy,6,6,926000,0,0,0,0,0,0,0,0,0,6,6,926000,0,0,0,0,0,0,0,0,0
202601,13,410000,185,    ,99990 ,00000 ,55093 ,999,46660, , ,31601      ,3,5,0,Lowndes County Unincorporated Area,22,22,4034053,0,0,0,0,0,0,0,0,0,0,0,0,0,0,0,0,0,0,0,0,0
202601,13,413000,139,1670,47896 ,00000 ,2860 ,122,23580,2, ,30554      ,3,5,1,Lula,1,1,160000,0,0,0,0,0,0,0,0,0,1,1,160000,0,0,0,0,0,0,0,0,0
202601,13,415000,259,1680,47980 ,00000 ,1280 ,194,17980, , ,31815      ,3,5,0,Lumpkin,0,0,0,0,0,0,0,0,0,0,0,0,0,0,0,0,0,0,0,0,0,0,0,0
202601,13,416000,187,    ,99990 ,00000 ,26857 ,122,12060, , ,30533      ,3,5,1,Lumpkin County Unincorporated Area,18,18,5870000,0,0,0,0,0,0,0,0,0,18,18,5870000,0,0,0,0,0,0,0,0,0
202601,13,419000,279,1695,48232 ,00000 ,4245 ,999,47080, , ,30436      ,3,5,0,Lyons,0,0,0,0,0,0,0,0,0,0,0,0,0,0,0,0,0,0,0,0,0,0,0,0
202601,13,422000,193,    ,99990 ,00000 ,7039 ,999,99999,2, ,31068      ,3,5,0,Macon County Unincorporated Area,1,1,222532,0,0,0,0,0,0,0,0,0,0,0,0,0,0,0,0,0,0,0,0,0
202601,13,423000,021,3362,49008 ,00000 ,152737 ,356,31420, ,1,31201      ,3,5,0,Macon-Bibb County,10,10,1756848,0,0,0,0,0,0,0,0,0,0,0,0,0,0,0,0,0,0,0,0,0
202601,13,424000,211,1730,49196 ,00000 ,4258 ,122,12060, , ,30650      ,3,5,0,Madison,3,3,602285,0,0,0,0,0,0,0,0,0,0,0,0,0,0,0,0,0,0,0,0,0
202601,13,425000,195,    ,99990 ,00000 ,27110 ,122,12020,2, ,30633      ,3,5,1,Madison County Unincorporated Area,3,3,888050,0,0,0,0,0,0,0,0,0,3,3,888050,0,0,0,0,0,0,0,0,0
202601,13,427000,199,1740,49532 ,00000 ,3817 ,122,12060,2, ,31816      ,3,5,0,Manchester,1,1,96667,0,0,0,0,0,0,0,0,0,0,0,0,0,0,0,0,0,0,0,0,0
202601,13,430000,067,1750,49756 ,00000 ,60786 ,122,12060, ,1,30060      ,3,5,1,Marietta,2,2,725000,0,0,0,0,0,0,0,0,0,2,2,725000,0,0,0,0,0,0,0,0,0
202601,13,431000,197,    ,99990 ,00000 ,6451 ,194,17980, , ,31803      ,3,5,0,Marion County Unincorporated Area,1,1,198375,0,0,0,0,0,0,0,0,0,0,0,0,0,0,0,0,0,0,0,0,0
202601,13,432000,193,1760,49924 ,00000 ,1196 ,999,99999, , ,31057      ,3,5,0,Marshallville,0,0,0,0,0,0,0,0,0,0,0,0,0,0,0,0,0,0,0,0,0,0,0,0
202601,13,439000,151,1705,48624 ,00000 ,27582 ,122,12060, , ,30253      ,3,5,1,McDonough,8,8,2368134,0,0,0,0,0,0,0,0,0,8,8,2368134,0,0,0,0,0,0,0,0,0
202601,13,440000,189,    ,99990 ,00000 ,14170 ,999,12260,2, ,308243902  ,3,5,0,McDuffie County Unincorporated Area,4,4,929813,0,0,0,0,0,0,0,0,0,0,0,0,0,0,0,0,0,0,0,0,0
202601,13,441000,191,    ,99990 ,00000 ,12541 ,999,15260, , ,313050584  ,3,5,0,McIntosh County Unincorporated Area,5,5,1184665,0,0,0,0,0,0,0,0,0,0,0,0,0,0,0,0,0,0,0,0,0
202601,13,443000,271,1727,49100 ,00000 ,8280 ,999,99999,2, ,31055      ,3,5,0,McRae-Helena,0,0,0,0,0,0,0,0,0,0,0,0,0,0,0,0,0,0,0,0,0,0,0,0
202601,13,448000,199,    ,99990 ,00000 ,14141 ,122,12060,2, ,30222      ,3,5,1,Meriwether County Unincorporated Area,18,18,4333179,0,0,0,0,0,0,0,0,0,18,18,4333179,0,0,0,0,0,0,0,0,0
202601,13,449000,043,1815,51072 ,00000 ,4007 ,999,99999, , ,30439      ,3,5,0,Metter,1,1,216889,0,0,0,0,0,0,0,0,0,0,0,0,0,0,0,0,0,0,0,0,0
202601,13,454000,009,1845,51492 ,00000 ,18508 ,999,33300, ,2,31059      ,3,5,0,Milledgeville,1,1,107418,0,0,0,0,0,0,0,0,0,0,0,0,0,0,0,0,0,0,0,0,0
202601,13,455000,165,1850,51520 ,00000 ,2762 ,999,99999, , ,30442      ,3,5,0,Millen,0,0,0,0,0,0,0,0,0,0,0,0,0,0,0,0,0,0,0,0,0,0,0,0
202601,13,456000,201,    ,00000 ,00000 ,3824 ,999,99999, , ,39837      ,3,5,0,Miller County,0,0,0,0,0,0,0,0,0,0,0,0,0,0,0,0,0,0,0,0,0,0,0,0
202601,13,457000,171,1855,51604 ,00000 ,641 ,999,99999, , ,30257      ,3,5,0,Milner,1,1,125000,0,0,0,0,0,0,0,0,0,0,0,0,0,0,0,0,0,0,0,0,0
202601,13,457300,121,1857,51670 ,00000 ,40037 ,122,12060, , ,30004      ,3,5,1,Milton,8,8,0,0,0,0,0,0,0,0,0,0,8,8,0,0,0,0,0,0,0,0,0,0
202601,13,459000,205,    ,99990 ,00000 ,12061 ,999,99999,2, ,31730      ,3,5,1,Mitchell County Unincorporated Area,1,1,400000,0,0,0,0,0,0,0,0,0,1,1,400000,0,0,0,0,0,0,0,0,0
202601,13,462000,297,1890,52192 ,00000 ,13979 ,122,12060, , ,30655      ,3,5,1,Monroe,17,17,7770494,0,0,0,0,0,0,0,0,0,17,17,7770494,0,0,0,0,0,0,0,0,0
202601,13,463000,207,    ,99990 ,00000 ,23541 ,356,31420, , ,31029      ,3,5,0,Monroe County,18,18,5542334,0,0,0,0,0,0,0,0,0,0,0,0,0,0,0,0,0,0,0,0,0
202601,13,464000,193,1895,52304 ,00000 ,2920 ,999,99999, , ,31068      ,3,5,0,Montezuma,0,0,0,0,0,0,0,0,0,0,0,0,0,0,0,0,0,0,0,0,0,0,0,0
202601,13,465000,209,    ,99990 ,00000 ,4885 ,999,47080,2, ,30445      ,3,5,1,Montgomery County Unincorporated Area,30,30,8886150,0,0,0,0,0,0,0,0,0,30,30,8886150,0,0,0,0,0,0,0,0,0
202601,13,466000,159,1900,52416 ,00000 ,2766 ,122,12060,2, ,31064      ,3,5,1,Monticello,0,0,0,0,0,0,0,0,0,0,0,0,0,0,0,0,0,0,0,0,0,0,0,0
202601,13,468000,077,1910,52668 ,00000 ,444 ,122,12060, , ,30259      ,3,5,0,Moreland town,0,0,0,0,0,0,0,0,0,0,0,0,0,0,0,0,0,0,0,0,0,0,0,0
202601,13,470000,211,    ,00000 ,00000 ,13967 ,122,12060,2, ,30650      ,3,5,0,Morgan County Unincorporated Area,7,7,3621271,0,0,0,0,0,0,0,0,0,0,0,0,0,0,0,0,0,0,0,0,0
202601,13,472000,063,1925,53004 ,00000 ,7138 ,122,12060, , ,30260      ,3,5,0,Morrow,0,0,0,0,0,0,0,0,0,0,0,0,0,0,0,0,0,0,0,0,0,0,0,0
202601,13,474000,071,1935,53060 ,00000 ,14149 ,999,34220, ,2,31776      ,3,5,0,Moultrie,2,2,440907,2,4,409812,0,0,0,0,0,0,0,0,0,0,0,0,0,0,0,0,0,0
202601,13,475000,137,1955,53284 ,00000 ,1280 ,122,18460, , ,30563      ,3,5,1,Mount Airy town,0,0,0,0,0,0,0,0,0,0,0,0,0,0,0,0,0,0,0,0,0,0,0,0
202601,13,478000,241,1940,53116 ,00000 ,1113 ,999,99999, , ,30562      ,3,5,1,Mountain City town,0,0,0,0,0,0,0,0,0,0,0,0,0,0,0,0,0,0,0,0,0,0,0,0
202601,13,480000,121,1945,53172 ,00000 ,553 ,122,12060,2, ,30075      ,3,5,0,Mountain Park,0,0,0,0,0,0,0,0,0,0,0,0,0,0,0,0,0,0,0,0,0,0,0,0
202601,13,480400,135,    ,53706 ,00000 , ,122,12060, , ,30019      ,3,5,0,Mulberry,0,0,0,0,0,0,0,0,0,0,0,0,0,0,0,0,0,0,0,0,0,0,0,0
202601,13,480500,213,    ,00000 ,00000 ,34894 ,174,19140,2, ,30705      ,3,5,0,Murray County Unincorporated Area,5,5,1272789,0,0,0,1,3,450786,0,0,0,0,0,0,0,0,0,0,0,0,0,0,0
202601,13,482000,025,1980,54124 ,00000 ,1165 ,999,15260, , ,31553      ,3,5,0,Nahunta,1,1,302641,0,0,0,0,0,0,0,0,0,0,0,0,0,0,0,0,0,0,0,0,0
202601,13,483000,019,1985,54264 ,00000 ,4811 ,999,99999, , ,31639      ,3,5,0,Nashville,0,0,0,0,0,0,0,0,0,1,5,616305,0,0,0,0,0,0,0,0,0,0,0,0
202601,13,486000,227,2000,54572 ,00000 ,770 ,122,12060,2, ,30151      ,3,5,0,Nelson,0,0,0,0,0,0,0,0,0,0,0,0,0,0,0,0,0,0,0,0,0,0,0,0
202601,13,489000,077,2015,55020 ,00000 ,42885 ,122,12060, , ,30263      ,3,5,1,Newnan,3,3,1411729,0,0,0,0,0,0,0,0,0,3,3,1411729,0,0,0,0,0,0,0,0,0
202601,13,490000,007,2020,55244 ,00000 ,558 ,999,99999, , ,31770      ,3,5,0,Newton,0,0,0,0,0,0,0,0,0,0,0,0,0,0,0,0,0,0,0,0,0,0,0,0
202601,13,491000,217,    ,99990 ,00000 ,93857 ,122,12060,2, ,30014      ,3,5,1,Newton County Unincorporated Area,27,27,0,0,0,0,0,0,0,0,0,0,27,27,0,0,0,0,0,0,0,0,0,0
202601,13,493000,157,2030,55468 ,00000 ,1909 ,122,27600, , ,305650365  ,3,5,0,Nicholson,0,0,0,0,0,0,0,0,0,0,0,0,0,0,0,0,0,0,0,0,0,0,0,0
202601,13,494000,135,2035,55776 ,00000 ,18003 ,122,12060, , ,300712564  ,3,5,1,Norcross,0,0,0,0,0,0,0,0,0,0,0,0,0,0,0,0,0,0,0,0,0,0,0,0
202601,13,496000,219,2060,56308 ,00000 ,736 ,122,12020, , ,306210129  ,3,5,0,North High Shoals town,0,0,0,0,0,0,0,0,0,0,0,0,0,0,0,0,0,0,0,0,0,0,0,0
202601,13,500000,139,2090,57260 ,00000 ,4305 ,122,23580, , ,30566      ,3,5,0,Oakwood,4,4,1469597,0,0,0,1,3,505706,2,15,2301934,0,0,0,0,0,0,0,0,0,0,0,0
202601,13,503000,219,    ,99990 ,00000 ,36117 ,122,12020,2, ,30677      ,3,5,1,Oconee County Unincorporated Area,10,10,6169852,0,0,0,0,0,0,0,0,0,10,10,6169852,0,0,0,0,0,0,0,0,0
202601,13,507000,221,    ,00000 ,00000 ,13718 ,122,12020, , ,30648      ,3,5,0,Oglethorpe County,9,9,1765649,0,0,0,0,0,0,0,0,0,0,0,0,0,0,0,0,0,0,0,0,0
202601,13,513000,217,2150,58744 ,00000 ,2337 ,122,12060, , ,30054      ,3,5,1,Oxford,0,0,0,0,0,0,0,0,0,0,0,0,0,0,0,0,0,0,0,0,0,0,0,0
202601,13,515000,121,2155,58884 ,00000 ,4619 ,122,12060,2, ,30268      ,3,5,1,Palmetto,0,0,0,0,0,0,0,0,0,0,0,0,0,0,0,0,0,0,0,0,0,0,0,0
202601,13,516000,273,2160,59416 ,00000 ,136 ,999,10500, , ,398770038  ,3,5,0,Parrott town,0,0,0,0,0,0,0,0,0,0,0,0,0,0,0,0,0,0,0,0,0,0,0,0
202601,13,518000,223,    ,99990 ,00000 ,154491 ,122,12060,2, ,301324614  ,3,5,1,Paulding County Unincorporated Area,53,53,5005350,0,0,0,0,0,0,0,0,0,53,53,5005350,0,0,0,0,0,0,0,0,0
202601,13,522000,225,    ,99990 ,00000 ,12924 ,356,47580,2, ,31030      ,3,5,0,Peach County Unincorporated Area,3,3,555019,0,0,0,0,0,0,0,0,0,0,0,0,0,0,0,0,0,0,0,0,0
202601,13,523000,113,2177,59724 ,00000 ,36763 ,122,12060, , ,30269      ,3,5,0,Peachtree City,11,11,4508556,0,0,0,0,0,0,0,0,0,0,0,0,0,0,0,0,0,0,0,0,0
202601,13,523500,135,    ,59735 ,00000 ,44294 ,122,12060, , ,30092      ,3,5,1,Peachtree Corners,8,8,3290376,0,0,0,0,0,0,0,0,0,8,8,3290376,0,0,0,0,0,0,0,0,0
202601,13,525000,205,2185,59976 ,00000 ,3408 ,999,99999, , ,31779      ,3,5,0,Pelham,0,0,0,0,0,0,0,0,0,0,0,0,0,0,0,0,0,0,0,0,0,0,0,0
202601,13,526000,029,2190,60004 ,00000 ,2683 ,496,42340, , ,31321      ,3,5,0,Pembroke,0,0,0,0,0,0,0,0,0,0,0,0,0,0,0,0,0,0,0,0,0,0,0,0
202601,13,527000,157,2195,60032 ,00000 ,577 ,122,27600, , ,305670095  ,3,5,1,Pendergrass town,0,0,0,0,0,0,0,0,0,0,0,0,0,0,0,0,0,0,0,0,0,0,0,0
202601,13,528000,153,2210,60340 ,00000 ,18750 ,356,47580,2, ,310696030  ,3,5,1,Perry,17,17,2983184,0,0,0,0,0,0,0,0,0,17,17,2983184,0,0,0,0,0,0,0,0,0
202601,13,530000,227,    ,99990 ,00000 ,28244 ,122,12060, , ,30143      ,3,5,0,Pickens County Unincorporated Area,12,12,5259562,0,0,0,0,0,0,0,0,0,0,0,0,0,0,0,0,0,0,0,0,0
202601,13,531000,229,    ,99990 ,00000 ,14794 ,999,48180,2, ,31516      ,3,5,1,Pierce County Unincorporated Area,7,7,2722993,0,0,0,5,20,785226,0,0,0,7,7,2722993,0,0,0,5,20,785226,0,0,0
202601,13,532000,231,    ,99990 ,00000 ,16375 ,122,12060, , ,30295      ,3,5,1,Pike County,9,9,2664150,0,0,0,0,0,0,0,0,0,9,9,2664150,0,0,0,0,0,0,0,0,0
202601,13,533000,089,2230,61040 ,00000 ,749 ,122,12060, , ,30072      ,3,5,1,Pine Lake,0,0,0,0,0,0,0,0,0,0,0,0,0,0,0,0,0,0,0,0,0,0,0,0
202601,13,540000,233,    ,99990 ,00000 ,26827 ,122,16340, , ,30125      ,3,5,1,Polk County Unincorporated Area,6,6,1776100,0,0,0,0,0,0,0,0,0,6,6,1776100,0,0,0,0,0,0,0,0,0
202601,13,541000,051,2280,62104 ,00000 ,26022 ,496,42340, , ,31322      ,3,5,1,Pooler,43,43,11793371,0,0,0,0,0,0,0,0,0,43,43,11793371,0,0,0,0,0,0,0,0,0
202601,13,542000,051,2295,62328 ,00000 ,9812 ,496,42340, , ,31407      ,3,5,0,Port Wentworth,39,39,5714586,0,0,0,0,0,0,1,57,5516013,0,0,0,0,0,0,0,0,0,0,0,0
202601,13,544000,217,2290,62244 ,00000 ,1475 ,122,12060, , ,30070      ,3,5,0,Porterdale,0,0,0,0,0,0,0,0,0,0,0,0,0,0,0,0,0,0,0,0,0,0,0,0
202601,13,545000,321,2300,62496 ,00000 ,770 ,999,10500, , ,317810069  ,3,5,0,Poulan,0,0,0,0,0,0,0,0,0,0,0,0,0,0,0,0,0,0,0,0,0,0,0,0
202601,13,546000,067,2305,62524 ,00000 ,15801 ,122,12060, , ,30127      ,3,5,0,Powder Springs,12,12,2119414,0,0,0,1,3,672612,1,28,4698340,0,0,0,0,0,0,0,0,0,0,0,0
202601,13,548000,235,    ,00000 ,00000 ,5867 ,999,99999, , ,31036      ,3,5,1,Pulaski County,4,4,1184820,0,0,0,0,0,0,0,0,0,4,4,1184820,0,0,0,0,0,0,0,0,0
202601,13,550000,237,    ,00000 ,00000 ,15680 ,999,99999, , ,31024      ,3,5,0,Putnam County,5,5,1973258,0,0,0,0,0,0,1,5,956644,0,0,0,0,0,0,0,0,0,0,0,0
202601,13,552000,239,    ,00000 ,00000 ,2271 ,999,21640, , ,39854      ,3,5,0,Quitman County,1,1,127342,0,0,0,0,0,0,0,0,0,0,0,0,0,0,0,0,0,0,0,0,0
202601,13,553000,241,    ,99990 ,00000 ,12919 ,999,99999, , ,30525      ,3,5,1,Rabun County Unincorporated Area,4,4,1525000,0,0,0,0,0,0,0,0,0,4,4,1525000,0,0,0,0,0,0,0,0,0
202601,13,554000,243,    ,99990 ,00000 ,2405 ,999,99999,2, ,39840      ,3,5,0,Randolph County Unincorporated Area,0,0,0,0,0,0,0,0,0,0,0,0,0,0,0,0,0,0,0,0,0,0,0,0
202601,13,556000,019,2340,63728 ,00000 ,1098 ,999,99999,2, ,31639      ,3,5,0,Ray City,3,3,1431127,0,0,0,0,0,0,0,0,0,0,0,0,0,0,0,0,0,0,0,0,0
202601,13,560000,267,2350,64512 ,00000 ,2665 ,999,99999, , ,30453      ,3,5,0,Reidsville,1,1,302641,0,0,0,0,0,0,0,0,0,0,0,0,0,0,0,0,0,0,0,0,0
202601,13,561000,185,2355,64596 ,00000 ,1061 ,999,46660, , ,316014349  ,3,5,0,Remerton,1,1,302641,0,0,0,0,0,0,0,0,0,0,0,0,0,0,0,0,0,0,0,0,0
202601,13,564000,135,2375,64792 ,00000 ,30 ,122,12060,2, ,30518      ,3,5,0,Rest Haven town,0,0,0,0,0,0,0,0,0,0,0,0,0,0,0,0,0,0,0,0,0,0,0,0
202601,13,566000,269,2380,64876 ,00000 ,953 ,999,99999, , ,310760386  ,3,5,0,Reynolds,0,0,0,0,0,0,0,0,0,0,0,0,0,0,0,0,0,0,0,0,0,0,0,0
202601,13,569000,259,2395,65016 ,00000 ,1655 ,194,17980, , ,318250126  ,3,5,0,Richland,0,0,0,0,0,0,0,0,0,0,0,0,0,0,0,0,0,0,0,0,0,0,0,0
202601,13,570000,245,0166,99990 ,00000 ,197468 ,999,12260, ,1,30901      ,3,5,1,Augusta-Richmond County Unincorporated Area,50,50,7370558,0,0,0,0,0,0,0,0,0,50,50,7370558,0,0,0,0,0,0,0,0,0
202601,13,571000,029,2402,65044 ,00000 ,14408 ,496,42340,2, ,31324      ,3,5,1,Richmond Hill,9,9,3840161,14,28,3156027,5,19,3281770,2,11,1568517,9,9,3840161,14,28,3156027,5,19,3281770,2,11,1568517
202601,13,573000,103,2410,65296 ,00000 ,10655 ,496,42340, , ,31326      ,3,5,1,Rincon,0,0,0,0,0,0,0,0,0,0,0,0,0,0,0,0,0,0,0,0,0,0,0,0
202601,13,575000,063,2420,65464 ,00000 ,15516 ,122,12060, , ,30296      ,3,5,0,Riverdale,0,0,0,0,0,0,0,0,0,1,7,1683600,0,0,0,0,0,0,0,0,0,0,0,0
202601,13,579000,247,    ,99990 ,00000 ,74832 ,122,12060, , ,30012      ,3,5,1,Rockdale County Unincorporated Area,13,13,0,0,0,0,0,0,0,0,0,0,13,13,0,0,0,0,0,0,0,0,0,0
202601,13,580000,233,2440,66276 ,00000 ,4492 ,122,16340, , ,30153      ,3,5,1,Rockmart,0,0,0,0,0,0,0,0,0,0,0,0,0,0,0,0,0,0,0,0,0,0,0,0
202601,13,584000,295,2465,67256 ,00000 ,3996 ,174,16860, , ,307410159  ,3,5,0,Rossville,0,0,0,0,0,0,0,0,0,0,0,0,0,0,0,0,0,0,0,0,0,0,0,0
202601,13,585000,121,4680,67284 ,00000 ,95434 ,122,12060,2,1,30075      ,3,5,1,Roswell,5,5,4121717,0,0,0,0,0,0,0,0,0,5,5,4121717,0,0,0,0,0,0,0,0,0
202601,13,586000,119,2475,67452 ,00000 ,1916 ,999,99999,2, ,30662      ,3,5,0,Royston,0,0,0,0,0,0,0,0,0,0,0,0,0,0,0,0,0,0,0,0,0,0,0,0
202601,13,592000,303,2515,68208 ,00000 ,5275 ,999,99999, , ,31082      ,3,5,0,Sandersville,0,0,0,0,0,0,0,0,0,0,0,0,0,0,0,0,0,0,0,0,0,0,0,0
202601,13,592700,121,2518,68516 ,00000 ,109928 ,122,12060, ,1,30328      ,3,5,1,Sandy Springs,8,8,0,0,0,0,0,0,0,0,0,0,8,8,0,0,0,0,0,0,0,0,0,0
202601,13,595000,273,2535,68796 ,00000 ,257 ,999,10500, , ,39885      ,3,5,0,Sasser town,0,0,0,0,0,0,0,0,0,0,0,0,0,0,0,0,0,0,0,0,0,0,0,0
202601,13,596000,051,2540,69000 ,00000 ,143632 ,496,42340, ,1,314128246  ,3,5,0,Savannah,36,36,9267218,1,2,189580,0,0,0,0,0,0,0,0,0,0,0,0,0,0,0,0,0,0
202601,13,597000,249,    ,99990 ,00000 ,3362 ,999,11140, , ,318060352  ,3,5,0,Schley County Unincorporated Area,1,1,212798,0,0,0,0,0,0,0,0,0,0,0,0,0,0,0,0,0,0,0,0,0
202601,13,601000,251,    ,00000 ,00000 ,10612 ,999,99999, , ,30467      ,3,5,0,Screven County,1,1,156386,0,0,0,0,0,0,0,0,0,0,0,0,0,0,0,0,0,0,0,0,0
202601,13,602000,253,    ,99990 ,00000 ,5282 ,999,99999,2, ,39845      ,3,5,0,Seminole County Unincorporated Area,1,1,78000,0,0,0,0,0,0,0,0,0,0,0,0,0,0,0,0,0,0,0,0,0
202601,13,603000,077,2565,69672 ,00000 ,4528 ,122,12060, , ,30276      ,3,5,1,Senoia,6,6,3108068,0,0,0,0,0,0,0,0,0,6,6,3108068,0,0,0,0,0,0,0,0,0
202601,13,604000,159,2575,69784 ,00000 ,227 ,122,12060,2, ,31085      ,3,5,0,Shady Dale,0,0,0,0,0,0,0,0,0,0,0,0,0,0,0,0,0,0,0,0,0,0,0,0
202601,13,606000,077,2590,69980 ,00000 ,357 ,122,12060, , ,302770397  ,3,5,0,Sharpsburg town,0,0,0,0,0,0,0,0,0,0,0,0,0,0,0,0,0,0,0,0,0,0,0,0
202601,13,609000,133,2600,70932 ,00000 ,275 ,999,99999, , ,30665      ,3,5,0,Siloam town,0,0,0,0,0,0,0,0,0,0,0,0,0,0,0,0,0,0,0,0,0,0,0,0
202601,13,610000,241,2602,71282 ,00000 ,273 ,999,99999, , ,30537      ,3,5,0,Sky Valley,0,0,0,0,0,0,0,0,0,0,0,0,0,0,0,0,0,0,0,0,0,0,0,0
202601,13,613000,067,2615,71492 ,00000 ,56443 ,122,12060, , ,30081      ,3,5,1,Smyrna,4,4,1347120,0,0,0,0,0,0,0,0,0,4,4,1347120,0,0,0,0,0,0,0,0,0
202601,13,614000,135,2620,71604 ,00000 ,20185 ,122,12060, , ,30078      ,3,5,1,Snellville,12,12,4738474,0,0,0,0,0,0,0,0,0,12,12,4738474,0,0,0,0,0,0,0,0,0
202601,13,616000,297,2625,71660 ,00000 ,4628 ,122,12060,2, ,30025      ,3,5,1,Social Circle,1,1,286100,0,0,0,0,0,0,0,0,0,1,1,286100,0,0,0,0,0,0,0,0,0
202601,13,617000,283,2630,71772 ,00000 ,3101 ,999,99999, , ,30457      ,3,5,0,Soperton,0,0,0,0,0,0,0,0,0,0,0,0,0,0,0,0,0,0,0,0,0,0,0,0
202601,13,617800,121,    ,72122 ,00000 ,102567 ,122,12060, , ,30336      ,3,5,1,South Fulton,62,62,0,0,0,0,0,0,0,0,0,0,62,62,0,0,0,0,0,0,0,0,0,0
202601,13,618000,255,    ,99990 ,00000 ,44373 ,122,12060,2, ,30223      ,3,5,0,Spalding County Unincorporated Area,21,21,4811933,0,0,0,0,0,0,0,0,0,0,0,0,0,0,0,0,0,0,0,0,0
202601,13,619000,075,2635,72556 ,00000 ,2015 ,999,99999, , ,31647      ,3,5,0,Sparks town,0,0,0,0,0,0,0,0,0,0,0,0,0,0,0,0,0,0,0,0,0,0,0,0
202601,13,620000,141,2640,72584 ,00000 ,1220 ,999,99999, , ,31087      ,3,5,0,Sparta,0,0,0,0,0,0,0,0,0,0,0,0,0,0,0,0,0,0,0,0,0,0,0,0
202601,13,621000,103,2645,72780 ,00000 ,4063 ,496,42340, , ,313296816  ,3,5,1,Springfield,0,0,0,0,0,0,0,0,0,0,0,0,0,0,0,0,0,0,0,0,0,0,0,0
202601,13,622000,039,2500,67984 ,00000 ,18854 ,300,28680, , ,31558      ,3,5,1,St. Marys,11,11,3256184,0,0,0,0,0,0,0,0,0,11,11,3256184,0,0,0,0,0,0,0,0,0
202601,13,623000,163,2660,73004 ,00000 ,393 ,999,99999, , ,30823      ,3,5,0,Stapleton,0,0,0,0,0,0,0,0,0,0,0,0,0,0,0,0,0,0,0,0,0,0,0,0
202601,13,624000,031,2665,73256 ,00000 ,33204 ,496,44340, ,2,30458      ,3,5,1,Statesboro,24,24,4934835,0,0,0,0,0,0,2,50,3720000,24,24,4934835,0,0,0,0,0,0,2,50,3720000
202601,13,625000,013,2670,73312 ,00000 ,2880 ,122,12060, , ,30666      ,3,5,0,Statham,3,3,611511,0,0,0,0,0,0,0,0,0,0,0,0,0,0,0,0,0,0,0,0,0
202601,13,626000,257,    ,99990 ,00000 ,17219 ,999,45740, , ,30577      ,3,5,0,Stephens County Unincorporated Area,1,1,192125,0,0,0,0,0,0,0,0,0,0,0,0,0,0,0,0,0,0,0,0,0
202601,13,627000,259,    ,99990 ,00000 ,3754 ,194,17980, , ,31815      ,3,5,0,Stewart County Unincorporated Area,0,0,0,0,0,0,0,0,0,0,0,0,0,0,0,0,0,0,0,0,0,0,0,0
202601,13,629000,151,2680,73704 ,00000 ,30125 ,122,12060, , ,30281      ,3,5,1,Stockbridge,9,9,0,0,0,0,0,0,0,0,0,0,9,9,0,0,0,0,0,0,0,0,0,0
202601,13,629500,089,    ,73784 ,90150 ,55642 ,122,12060, , ,30038      ,3,5,1,Stonecrest,1,1,700000,0,0,0,0,0,0,0,0,0,1,1,700000,0,0,0,0,0,0,0,0,0
202601,13,630000,089,2685,73816 ,00000 ,6312 ,122,12060, , ,30083      ,3,5,1,Stone Mountain,0,0,0,0,0,0,0,0,0,0,0,0,0,0,0,0,0,0,0,0,0,0,0,0
202601,13,631000,135,2690,74180 ,00000 ,25132 ,122,12060, , ,30518      ,3,5,0,Sugar Hill,16,16,2333286,0,0,0,0,0,0,0,0,0,0,0,0,0,0,0,0,0,0,0,0,0
202601,13,633000,055,2700,74376 ,00000 ,4238 ,174,44900, ,2,30747      ,3,5,0,Summerville,0,0,0,0,0,0,0,0,0,0,0,0,0,0,0,0,0,0,0,0,0,0,0,0
202601,13,635000,261,    ,99990 ,00000 ,12897 ,999,11140,2, ,31709      ,3,5,0,Sumter County Unincorporated Area,2,2,437680,0,0,0,0,0,0,0,0,0,0,0,0,0,0,0,0,0,0,0,0,0
202601,13,638000,135,2720,74936 ,00000 ,21803 ,122,12060, , ,30024      ,3,5,1,Suwanee,0,0,0,0,0,0,0,0,0,0,0,0,0,0,0,0,0,0,0,0,0,0,0,0
202601,13,639000,107,2725,74964 ,00000 ,7491 ,999,99999, , ,30401      ,3,5,0,Swainsboro,0,0,0,0,0,0,0,0,0,0,0,0,0,0,0,0,0,0,0,0,0,0,0,0
202601,13,642000,321,2740,75188 ,00000 ,5690 ,999,10500, , ,31791      ,3,5,0,Sylvester,0,0,0,0,0,0,0,0,0,1,5,709713,0,0,0,0,0,0,0,0,0,0,0,0
202601,13,643000,263,    ,99990 ,00000 ,4602 ,194,17980, , ,31827      ,3,5,0,Talbot County Unincorporated Area,0,0,0,0,0,0,0,0,0,0,0,0,0,0,0,0,0,0,0,0,0,0,0,0
202601,13,646000,227,2750,75272 ,00000 ,76 ,122,12060, , ,30175      ,3,5,0,Talking Rock town,1,1,285508,0,0,0,0,0,0,0,0,0,0,0,0,0,0,0,0,0,0,0,0,0
202601,13,647000,143,2755,75300 ,00000 ,3231 ,122,12060, , ,30176      ,3,5,0,Tallapoosa,0,0,0,0,0,0,0,0,0,0,0,0,0,0,0,0,0,0,0,0,0,0,0,0
202601,13,648000,137,2760,75328 ,00000 ,98 ,122,18460,2, ,30573      ,3,5,0,Tallulah Falls town,0,0,0,0,0,0,0,0,0,0,0,0,0,0,0,0,0,0,0,0,0,0,0,0
202601,13,650000,157,2765,75412 ,00000 ,263 ,122,27600, , ,30549      ,3,5,0,Talmo town,0,0,0,0,0,0,0,0,0,0,0,0,0,0,0,0,0,0,0,0,0,0,0,0
202601,13,652000,267,    ,99990 ,00000 ,16689 ,999,99999,2, ,30453      ,3,5,0,Tattnall County Unincorporated Area,2,2,297000,0,0,0,0,0,0,0,0,0,0,0,0,0,0,0,0,0,0,0,0,0
202601,13,653000,269,    ,99990 ,00000 ,5305 ,999,99999, , ,31006      ,3,5,0,Taylor County Unincorporated Area,1,1,287500,0,0,0,0,0,0,0,0,0,0,0,0,0,0,0,0,0,0,0,0,0
202601,13,657000,045,2785,75832 ,00000 ,5028 ,122,12060,2, ,30179      ,3,5,1,Temple,7,7,2072117,0,0,0,0,0,0,0,0,0,7,7,2072117,0,0,0,0,0,0,0,0,0
202601,13,658000,303,2790,75888 ,00000 ,2211 ,999,99999, , ,31089      ,3,5,1,Tennille,0,0,0,0,0,0,0,0,0,0,0,0,0,0,0,0,0,0,0,0,0,0,0,0
202601,13,659000,273,    ,99990 ,00000 ,3643 ,999,10500, , ,31742      ,3,5,0,Terrell County Unincorporated Area,0,0,0,0,0,0,0,0,0,0,0,0,0,0,0,0,0,0,0,0,0,0,0,0
202601,13,661000,275,    ,99990 ,00000 ,21768 ,999,45620,2, ,31799      ,3,5,1,Thomas County Unincorporated Area,4,4,1105000,0,0,0,0,0,0,0,0,0,4,4,1105000,0,0,0,0,0,0,0,0,0
202601,13,662000,293,2800,76168 ,00000 ,8770 ,122,45580, ,2,30286      ,3,5,0,Thomaston,0,0,0,0,0,0,0,0,0,0,0,0,0,0,0,0,0,0,0,0,0,0,0,0
202601,13,663000,275,2805,76224 ,00000 ,18493 ,999,45620, ,2,317991397  ,3,5,1,Thomasville,3,3,602456,0,0,0,0,0,0,0,0,0,3,3,602456,0,0,0,0,0,0,0,0,0
202601,13,665000,051,2815,76364 ,00000 ,2601 ,496,42340, , ,31404      ,3,5,0,Thunderbolt town,1,1,320000,0,0,0,0,0,0,0,0,0,0,0,0,0,0,0,0,0,0,0,0,0
202601,13,666000,277,    ,99990 ,00000 ,21751 ,999,45700,2, ,317930826  ,3,5,0,Tift County Unincorporated Area,5,5,674120,0,0,0,0,0,0,0,0,0,0,0,0,0,0,0,0,0,0,0,0,0
202601,13,667000,277,2820,76476 ,00000 ,17031 ,999,45700, ,2,31793      ,3,5,0,Tifton,2,2,258153,0,0,0,0,0,0,1,5,424107,0,0,0,0,0,0,0,0,0,0,0,0
202601,13,670000,257,2835,76756 ,00000 ,8300 ,999,45740, ,2,30577      ,3,5,1,Toccoa,1,1,116000,0,0,0,0,0,0,0,0,0,1,1,116000,0,0,0,0,0,0,0,0,0
202601,13,673000,281,    ,99990 ,00000 ,9662 ,999,99999, , ,30582      ,3,5,1,Towns County Unincorporated Area,2,2,690000,0,0,0,0,0,0,0,0,0,2,2,690000,0,0,0,0,0,0,0,0,0
202601,13,674000,083,2850,77372 ,00000 ,2153 ,174,16860, , ,30752      ,3,5,0,Trenton,1,1,187778,0,0,0,0,0,0,0,0,0,0,0,0,0,0,0,0,0,0,0,0,0
202601,13,676000,055,2855,77540 ,00000 ,1905 ,174,44900, , ,30753      ,3,5,0,Trion town,0,0,0,0,0,0,0,0,0,0,0,0,0,0,0,0,0,0,0,0,0,0,0,0
202601,13,677000,285,    ,99990 ,00000 ,33458 ,122,29300, , ,30240      ,3,5,0,Troup County Unincorporated Area,8,8,2954612,0,0,0,0,0,0,0,0,0,0,0,0,0,0,0,0,0,0,0,0,0
202601,13,677800,089,    ,77652 ,00000 ,36857 ,122,12060, , ,30084      ,3,5,1,Tucker,0,0,0,0,0,0,0,0,0,0,0,0,0,0,0,0,0,0,0,0,0,0,0,0
202601,13,679000,077,2865,77764 ,00000 ,395 ,122,12060, , ,30289      ,3,5,1,Turin town,0,0,0,0,0,0,0,0,0,0,0,0,0,0,0,0,0,0,0,0,0,0,0,0
202601,13,680000,287,    ,00000 ,00000 ,3383 ,999,45700, , ,317140191  ,3,5,1,Turner County,0,0,0,0,0,0,0,0,0,0,0,0,0,0,0,0,0,0,0,0,0,0,0,0
202601,13,681000,289,    ,99990 ,00000 ,6935 ,356,31420, , ,31044      ,3,5,1,Twiggs County Unincorporated Area,0,0,0,0,0,0,0,0,0,0,0,0,0,0,0,0,0,0,0,0,0,0,0,0
202601,13,682000,107,2870,77988 ,00000 ,1698 ,999,99999, , ,31023      ,3,5,0,Twin City,0,0,0,0,0,0,0,0,0,0,0,0,0,0,0,0,0,0,0,0,0,0,0,0
202601,13,684000,051,2873,78036 ,00000 ,3051 ,496,42340, , ,31328      ,3,5,1,Tybee Island,0,0,0,0,0,0,0,0,0,0,0,0,0,0,0,0,0,0,0,0,0,0,0,0
202601,13,685000,113,2875,78044 ,00000 ,7718 ,122,12060, , ,30290      ,3,5,0,Tyrone town,1,1,446399,0,0,0,0,0,0,0,0,0,0,0,0,0,0,0,0,0,0,0,0,0
202601,13,687000,121,5520,78324 ,00000 ,23301 ,122,12060, , ,30291      ,3,5,0,Union City,18,18,4220697,0,0,0,0,0,0,1,61,8055688,0,0,0,0,0,0,0,0,0,0,0,0
202601,13,688000,291,    ,00000 ,00000 ,24703 ,999,99999, , ,30512      ,3,5,1,Union County,17,17,6355822,0,0,0,0,0,0,0,0,0,17,17,6355822,0,0,0,0,0,0,0,0,0
202601,13,690000,293,    ,99990 ,00000 ,17397 ,122,45580, , ,30286      ,3,5,0,Upson County Unincorporated Area,3,3,788510,0,0,0,0,0,0,0,0,0,0,0,0,0,0,0,0,0,0,0,0,0
202601,13,692000,185,2910,78800 ,00000 ,56668 ,999,46660,2,1,31601      ,3,5,0,Valdosta,36,36,8637856,0,0,0,0,0,0,0,0,0,0,0,0,0,0,0,0,0,0,0,0,0
202601,13,694000,051,2920,79164 ,00000 ,123 ,496,42340, , ,31420      ,3,5,0,Vernonburg town,0,0,0,0,0,0,0,0,0,0,0,0,0,0,0,0,0,0,0,0,0,0,0,0
202601,13,696000,279,2925,79388 ,00000 ,10318 ,999,47080,2,2,30475      ,3,5,1,Vidalia,3,3,410000,0,0,0,0,0,0,0,0,0,3,3,410000,0,0,0,0,0,0,0,0,0
202601,13,698000,045,2940,79528 ,00000 ,9962 ,122,12060,2, ,30180      ,3,5,1,Villa Rica,26,26,9300233,0,0,0,0,0,0,0,0,0,26,26,9300233,0,0,0,0,0,0,0,0,0
202601,13,701000,163,2950,79864 ,00000 ,1834 ,999,99999, , ,30477      ,3,5,0,Wadley,0,0,0,0,0,0,0,0,0,0,0,0,0,0,0,0,0,0,0,0,0,0,0,0
202601,13,703000,295,    ,99990 ,00000 ,53554 ,174,16860, , ,30739      ,3,5,1,Walker County Unincorporated Area,16,16,5738000,0,0,0,0,0,0,0,0,0,16,16,5738000,0,0,0,0,0,0,0,0,0
202601,13,704000,297,2960,80228 ,00000 ,1367 ,122,12060, , ,30052      ,3,5,0,Walnut Grove,1,1,287588,0,0,0,0,0,0,0,0,0,0,0,0,0,0,0,0,0,0,0,0,0
202601,13,706000,297,    ,99990 ,00000 ,65930 ,122,12060, , ,30655      ,3,5,1,Walton County Unincorporated Area,16,16,4736267,0,0,0,0,0,0,0,0,0,16,16,4736267,0,0,0,0,0,0,0,0,0
202601,13,707000,299,    ,99990 ,00000 ,22369 ,999,48180, , ,31502      ,3,5,0,Ware County Unincorporated Area,2,2,289258,0,0,0,0,0,0,0,0,0,0,0,0,0,0,0,0,0,0,0,0,0
202601,13,708000,199,2965,80480 ,00000 ,403 ,122,12060, , ,318300156  ,3,5,0,Warm Springs,0,0,0,0,0,0,0,0,0,0,0,0,0,0,0,0,0,0,0,0,0,0,0,0
202601,13,709000,153,2970,80508 ,00000 ,77925 ,356,47580,2,1,31093      ,3,5,1,Warner Robins,25,25,5604859,0,0,0,0,0,0,0,0,0,25,25,5604859,0,0,0,0,0,0,0,0,0
202601,13,711000,301,2975,80592 ,00000 ,1707 ,999,99999, , ,30828      ,3,5,0,Warrenton,0,0,0,0,0,0,0,0,0,0,0,0,0,0,0,0,0,0,0,0,0,0,0,0
202601,13,713000,317,2985,80704 ,00000 ,3907 ,999,99999, , ,30673      ,3,5,0,Washington,2,2,352821,0,0,0,0,0,0,0,0,0,0,0,0,0,0,0,0,0,0,0,0,0
202601,13,714000,303,    ,99990 ,00000 ,9837 ,999,99999, , ,310820308  ,3,5,0,Washington County Unincorporated Area,3,3,907922,0,0,0,0,0,0,0,0,0,0,0,0,0,0,0,0,0,0,0,0,0
202601,13,715000,219,2990,80788 ,00000 ,2962 ,122,12020, , ,306770027  ,3,5,0,Watkinsville,8,8,3698236,0,0,0,0,0,0,0,0,0,0,0,0,0,0,0,0,0,0,0,0,0
202601,13,718000,299,3000,80956 ,00000 ,13457 ,999,48180,2,2,315020099  ,3,5,0,Waycross,1,1,236571,0,0,0,0,0,0,0,0,0,0,0,0,0,0,0,0,0,0,0,0,0
202601,13,719000,305,    ,99990 ,00000 ,18901 ,496,27700,2, ,31598      ,3,5,1,Wayne County Unincorporated Area,6,6,1635000,0,0,0,0,0,0,0,0,0,6,6,1635000,0,0,0,0,0,0,0,0,0
202601,13,720000,033,3005,80984 ,00000 ,5388 ,999,12260, , ,30830      ,3,5,0,Waynesboro,0,0,0,0,0,0,0,0,0,0,0,0,0,0,0,0,0,0,0,0,0,0,0,0
202601,13,721000,307,    ,99990 ,00000 ,2595 ,999,99999, , ,318240029  ,3,5,0,Webster County Unincorporated Area,0,0,0,0,0,0,0,0,0,0,0,0,0,0,0,0,0,0,0,0,0,0,0,0
202601,13,723000,285,3020,82132 ,00000 ,2868 ,122,29300,2, ,31833      ,3,5,0,West Point,2,2,230000,0,0,0,0,0,0,0,0,0,0,0,0,0,0,0,0,0,0,0,0,0
202601,13,727000,311,    ,99990 ,00000 ,26368 ,999,99999, , ,30528      ,3,5,1,White County Unincorporated Area,14,14,4146870,0,0,0,0,0,0,0,0,0,14,14,4146870,0,0,0,0,0,0,0,0,0
202601,13,729000,015,3030,82468 ,00000 ,722 ,122,12060, , ,30184      ,3,5,0,White,0,0,0,0,0,0,0,0,0,0,0,0,0,0,0,0,0,0,0,0,0,0,0,0
202601,13,731000,313,    ,00000 ,00000 ,66796 ,174,19140, , ,30721      ,3,5,1,Whitfield County Unincorporated Area,28,28,5976513,1,2,183800,0,0,0,0,0,0,28,28,5976513,1,2,183800,0,0,0,0,0,0
202601,13,733000,317,    ,99990 ,00000 ,5106 ,999,99999, , ,30673      ,3,5,1,Wilkes County Unincorporated Area,2,2,740000,0,0,0,0,0,0,0,0,0,2,2,740000,0,0,0,0,0,0,0,0,0
202601,13,734000,319,    ,99990 ,00000 ,4348 ,999,99999, , ,310420161  ,3,5,0,Wilkinson County Unincorporated Area,0,0,0,0,0,0,0,0,0,0,0,0,0,0,0,0,0,0,0,0,0,0,0,0
202601,13,737000,013,3065,83420 ,00000 ,18273 ,122,12060, , ,30680      ,3,5,1,Winder,14,14,5669706,0,0,0,0,0,0,0,0,0,14,14,5669706,0,0,0,0,0,0,0,0,0
202601,13,739000,039,3075,83868 ,00000 ,1346 ,300,28680, , ,315690026  ,3,5,0,Woodbine,0,0,0,0,0,0,0,0,0,0,0,0,0,0,0,0,0,0,0,0,0,0,0,0
202601,13,740000,199,3080,83896 ,00000 ,898 ,122,12060, , ,30293      ,3,5,0,Woodbury,0,0,0,0,0,0,0,0,0,0,0,0,0,0,0,0,0,0,0,0,0,0,0,0
202601,13,741000,263,3085,83952 ,00000 ,347 ,194,17980, , ,318360187  ,3,5,0,Woodland,0,0,0,0,0,0,0,0,0,0,0,0,0,0,0,0,0,0,0,0,0,0,0,0
202601,13,742000,057,3090,84176 ,00000 ,33625 ,122,12060, , ,30188      ,3,5,1,Woodstock,19,19,10106476,0,0,0,0,0,0,0,0,0,19,19,10106476,0,0,0,0,0,0,0,0,0
202601,13,745000,321,    ,99990 ,00000 ,12728 ,999,10500,2, ,317912178  ,3,5,0,Worth County Unincorporated Area,2,2,510624,0,0,0,0,0,0,0,0,0,0,0,0,0,0,0,0,0,0,0,0,0
202601,13,747000,167,3110,84512 ,00000 ,3606 ,999,20140, , ,31096      ,3,5,0,Wrightsville,0,0,0,0,0,0,0,0,0,0,0,0,0,0,0,0,0,0,0,0,0,0,0,0
202601,13,748000,293,3115,84708 ,00000 ,360 ,122,45580, , ,30286      ,3,5,0,Yatesville town,4,4,1081181,0,0,0,0,0,0,0,0,0,0,0,0,0,0,0,0,0,0,0,0,0
202601,13,749000,281,3120,84960 ,00000 ,1668 ,999,99999, , ,305820122  ,3,5,0,Young Harris,1,1,450000,0,0,0,0,0,0,0,0,0,0,0,0,0,0,0,0,0,0,0,0,0
202601,21,002000,141,0005,00298 ,00000 ,894 ,999,99999, , ,42202      ,3,6,0,Adairville,0,0,0,0,0,0,0,0,0,0,0,0,0,0,0,0,0,0,0,0,0,0,0,0
202601,21,008000,005,    ,99990 ,00000 ,11304 ,336,23180, , ,40342      ,3,6,1,Anderson County Unincorporated Area,3,3,800000,0,0,0,0,0,0,0,0,0,3,3,800000,0,0,0,0,0,0,0,0,0
202601,21,011000,019,0050,02368 ,00000 ,20070 ,170,26580, ,1,41101      ,3,6,0,Ashland,0,0,0,0,0,0,0,0,0,0,0,0,0,0,0,0,0,0,0,0,0,0,0,0
202601,21,012000,141,0055,02638 ,00000 ,1404 ,999,99999, , ,422060465  ,3,6,0,Auburn,2,2,605281,0,0,0,0,0,0,0,0,0,0,0,0,0,0,0,0,0,0,0,0,0
202601,21,018000,121,0070,03574 ,00000 ,2974 ,371,18340, , ,40906      ,3,6,0,Barbourville,0,0,0,0,0,0,0,0,0,0,0,0,0,0,0,0,0,0,0,0,0,0,0,0
202601,21,022000,009,    ,99990 ,00000 ,26899 ,150,23980,2, ,42141      ,3,6,1,Barren County Unincorporated Area,12,12,3552200,0,0,0,0,0,0,0,0,0,12,12,3552200,0,0,0,0,0,0,0,0,0
202601,21,025000,183,0095,04654 ,00000 ,3553 ,999,99999,2, ,42320      ,3,6,1,Beaver Dam,1,1,150000,0,0,0,0,0,0,0,0,0,1,1,150000,0,0,0,0,0,0,0,0,0
202601,21,028000,013,    ,99990 ,00000 ,14906 ,371,33180, , ,409770157  ,3,6,0,Bell County Unincorporated Area,2,2,220727,0,0,0,0,0,0,0,0,0,0,0,0,0,0,0,0,0,0,0,0,0
202601,21,029000,089,0120,05374 ,00000 ,809 ,170,26580, , ,41169      ,3,6,0,Bellefonte,0,0,0,0,0,0,0,0,0,0,0,0,0,0,0,0,0,0,0,0,0,0,0,0
202601,21,033000,095,0140,05662 ,00000 ,417 ,999,99999, , ,40807      ,3,6,0,Benham,0,0,0,0,0,0,0,0,0,0,0,0,0,0,0,0,0,0,0,0,0,0,0,0
202601,21,035000,151,0150,05842 ,00000 ,16287 ,336,40080, ,2,40403      ,3,6,1,Berea,4,4,830000,0,0,0,0,0,0,0,0,0,4,4,830000,0,0,0,0,0,0,0,0,0
202601,21,042000,015,    ,00000 ,00000 ,91773 ,178,17140,2, ,41005      ,3,6,1,Boone County,40,40,9220128,0,0,0,0,0,0,12,296,48411371,40,40,9220128,0,0,0,0,0,0,12,296,48411371
202601,21,044000,017,    ,99990 ,00000 ,8757 ,336,30460,2, ,40361      ,3,6,1,Bourbon County,3,3,1140806,0,0,0,0,0,0,0,0,0,3,3,1140806,0,0,0,0,0,0,0,0,0
202601,21,045000,227,0200,08902 ,00000 ,70631 ,150,14540, ,1,421020430  ,3,6,1,Bowling Green,2,2,900000,0,0,0,0,0,0,2,40,4300000,2,2,900000,0,0,0,0,0,0,2,40,4300000
202601,21,050000,163,0210,09226 ,00000 ,2879 ,350,31140, , ,40108      ,3,6,1,Brandenburg,0,0,0,0,0,0,0,0,0,0,0,0,0,0,0,0,0,0,0,0,0,0,0,0
202601,21,058000,117,0235,09856 ,00000 ,799 ,178,17140, , ,41011      ,3,6,1,Bromley,0,0,0,0,0,0,0,0,0,0,0,0,0,0,0,0,0,0,0,0,0,0,0,0
202601,21,063000,029,    ,00000 ,00000 ,38801 ,350,31140, , ,40165      ,3,6,1,Bullitt County,14,14,4741521,0,0,0,0,0,0,19,185,19685000,14,14,4741521,0,0,0,0,0,0,19,185,19685000
202601,21,065000,057,0270,11098 ,00000 ,1437 ,999,99999, , ,427170250  ,3,6,0,Burkesville,0,0,0,0,0,0,0,0,0,0,0,0,0,0,0,0,0,0,0,0,0,0,0,0
202601,21,066000,199,0275,11278 ,00000 ,791 ,999,43700, , ,42519      ,3,6,0,Burnside,0,0,0,0,0,0,0,0,0,0,0,0,0,0,0,0,0,0,0,0,0,0,0,0
202601,21,067000,191,0285,11530 ,00000 ,579 ,178,17140, , ,410060229  ,3,6,0,Butler,0,0,0,0,0,0,0,0,0,0,0,0,0,0,0,0,0,0,0,0,0,0,0,0
202601,21,069000,221,0290,11692 ,00000 ,2714 ,999,17300, , ,42211      ,3,6,1,Cadiz,0,0,0,0,0,0,0,0,0,0,0,0,0,0,0,0,0,0,0,0,0,0,0,0
202601,21,070000,033,    ,99990 ,00000 ,6232 ,999,99999,2, ,424451675  ,3,6,0,Caldwell County Unincorporated Area,0,0,0,0,0,0,0,0,0,0,0,0,0,0,0,0,0,0,0,0,0,0,0,0
202601,21,071000,149,0295,11854 ,00000 ,723 ,999,36980, , ,423270294  ,3,6,0,Calhoun,0,0,0,0,0,0,0,0,0,0,0,0,0,0,0,0,0,0,0,0,0,0,0,0
202601,21,077000,037,    ,99990 ,00000 ,18114 ,178,17140,2, ,41071      ,3,6,1,Campbell County Unincorporated Area,12,12,5292816,0,0,0,0,0,0,0,0,0,12,12,5292816,0,0,0,0,0,0,0,0,0
202601,21,079000,217,0320,12160 ,00000 ,11430 ,999,15820, ,2,42715      ,3,6,0,Campbellsville,1,1,316849,0,0,0,0,0,0,0,0,0,0,0,0,0,0,0,0,0,0,0,0,0
202601,21,081000,085,0330,12538 ,00000 ,603 ,999,99999, , ,42721      ,3,6,0,Caneyville,0,0,0,0,0,0,0,0,0,0,0,0,0,0,0,0,0,0,0,0,0,0,0,0
202601,21,082000,181,0335,12898 ,00000 ,2059 ,999,99999, , ,403111105  ,3,6,0,Carlisle,0,0,0,0,0,0,0,0,0,0,0,0,0,0,0,0,0,0,0,0,0,0,0,0
202601,21,085000,041,0340,13024 ,00000 ,3806 ,999,99999, , ,41008      ,3,6,1,Carrollton,0,0,0,0,0,0,0,0,0,0,0,0,0,0,0,0,0,0,0,0,0,0,0,0
202601,21,089000,019,0360,13420 ,00000 ,1736 ,170,26580, , ,41129      ,3,6,0,Catlettsburg,0,0,0,0,0,0,0,0,0,0,0,0,0,0,0,0,0,0,0,0,0,0,0,0
202601,21,092000,177,0380,13978 ,00000 ,5692 ,999,99999, , ,42330      ,3,6,0,Central City,0,0,0,0,0,0,0,0,0,0,0,0,0,0,0,0,0,0,0,0,0,0,0,0
202601,21,094000,047,    ,99990 ,00000 ,31451 ,999,17300, , ,42240      ,3,6,0,Christian County Unincorporated Area,0,0,0,0,0,0,0,0,0,0,0,0,0,0,0,0,0,0,0,0,0,0,0,0
202601,21,095000,049,    ,00000 ,00000 ,17804 ,336,30460, , ,40392      ,3,6,0,Clark County,4,4,928247,0,0,0,0,0,0,1,5,495622,0,0,0,0,0,0,0,0,0,0,0,0
202601,21,101000,053,    ,00000 ,00000 ,8131 ,999,99999, , ,426021263  ,3,6,0,Clinton County,0,0,0,0,0,0,0,0,0,0,0,0,0,0,0,0,0,0,0,0,0,0,0,0
202601,21,102000,027,0425,15904 ,00000 ,1151 ,999,99999, , ,40111      ,3,6,0,Cloverport,0,0,0,0,0,0,0,0,0,0,0,0,0,0,0,0,0,0,0,0,0,0,0,0
202601,21,103000,195,0428,16110 ,00000 ,1494 ,999,38210,2, ,41501      ,3,6,0,Coal Run Village,0,0,0,0,0,0,0,0,0,0,0,0,0,0,0,0,0,0,0,0,0,0,0,0
202601,21,106000,001,0435,16750 ,00000 ,4902 ,999,99999, , ,42728      ,3,6,0,Columbia,0,0,0,0,0,0,0,0,0,0,0,0,0,0,0,0,0,0,0,0,0,0,0,0
202601,21,110000,235,0890,17362 ,00000 ,5447 ,371,18340,2,2,407021343  ,3,6,1,Corbin,0,0,0,2,4,400000,0,0,0,0,0,0,0,0,0,2,4,400000,0,0,0,0,0,0
202601,21,115000,117,0465,17848 ,00000 ,40314 ,178,17140, , ,41011      ,3,6,1,Covington,12,12,4271238,0,0,0,0,0,0,0,0,0,12,12,4271238,0,0,0,0,0,0,0,0,0
202601,21,119000,117,0480,18352 ,00000 ,4138 ,178,17140, , ,41011      ,3,6,1,Crescent Springs,2,2,579093,0,0,0,0,0,0,0,0,0,2,2,579093,0,0,0,0,0,0,0,0,0
202601,21,121000,117,0490,18442 ,00000 ,3333 ,178,17140, , ,41011      ,3,6,1,Crestview Hills,1,1,1200000,0,0,0,0,0,0,0,0,0,1,1,1200000,0,0,0,0,0,0,0,0,0
202601,21,127000,095,0505,19108 ,00000 ,1854 ,999,99999, , ,40823      ,3,6,0,Cumberland,0,0,0,0,0,0,0,0,0,0,0,0,0,0,0,0,0,0,0,0,0,0,0,0
202601,21,131000,021,    ,00000 ,00000 ,10304 ,999,19220,2, ,40422      ,3,6,1,Danville-Boyle County,4,4,1184820,0,0,0,0,0,0,0,0,0,4,4,1184820,0,0,0,0,0,0,0,0,0
202601,21,142000,143,0590,23824 ,00000 ,2550 ,999,99999, , ,42038      ,3,6,1,Eddyville,0,0,0,0,0,0,0,0,0,0,0,0,0,0,0,0,0,0,0,0,0,0,0,0
202601,21,143000,117,0595,23932 ,00000 ,8779 ,178,17140, , ,41011      ,3,6,1,Edgewood,0,0,0,0,0,0,0,0,0,0,0,0,0,0,0,0,0,0,0,0,0,0,0,0
202601,21,146000,163,0605,24094 ,00000 ,149 ,350,31140, , ,40117      ,3,6,0,Ekron,0,0,0,0,0,0,0,0,0,0,0,0,0,0,0,0,0,0,0,0,0,0,0,0
202601,21,147000,093,0610,24274 ,00000 ,30331 ,350,21060, ,1,427020550  ,3,6,1,Elizabethtown,14,14,2961850,0,0,0,0,0,0,0,0,0,14,14,2961850,0,0,0,0,0,0,0,0,0
202601,21,149000,219,0620,24400 ,00000 ,2157 ,999,99999, , ,42220      ,3,6,0,Elkton,2,2,461210,0,0,0,0,0,0,0,0,0,0,0,0,0,0,0,0,0,0,0,0,0
202601,21,151000,117,0625,24778 ,00000 ,8646 ,178,17140, , ,41011      ,3,6,1,Elsmere,0,0,0,0,0,0,0,0,0,0,0,0,0,0,0,0,0,0,0,0,0,0,0,0
202601,21,153000,117,0635,25300 ,00000 ,19393 ,178,17140,2, ,41011      ,3,6,1,Erlanger,1,1,471835,0,0,0,0,0,0,0,0,0,1,1,471835,0,0,0,0,0,0,0,0,0
202601,21,156000,199,0640,25552 ,00000 ,301 ,999,43700,2, ,42567      ,3,6,0,Eubank,0,0,0,0,0,0,0,0,0,0,0,0,0,0,0,0,0,0,0,0,0,0,0,0
202601,21,161000,117,0662,26236 ,00000 ,143 ,178,17140, , ,41011      ,3,6,1,Fairview,0,0,0,0,0,0,0,0,0,0,0,0,0,0,0,0,0,0,0,0,0,0,0,0
202601,21,162000,191,0665,26434 ,00000 ,2086 ,178,17140, , ,41040      ,3,6,0,Falmouth,0,0,0,0,0,0,0,0,0,0,0,0,0,0,0,0,0,0,0,0,0,0,0,0
202601,21,166000,089,0675,27802 ,00000 ,7056 ,170,26580, , ,41139      ,3,6,0,Flatwoods,1,1,430000,0,0,0,0,0,0,0,0,0,0,0,0,0,0,0,0,0,0,0,0,0
202601,21,169000,069,0685,27856 ,00000 ,2804 ,999,99999, , ,41041      ,3,6,0,Flemingsburg,0,0,0,0,0,0,0,0,0,0,0,0,0,0,0,0,0,0,0,0,0,0,0,0
202601,21,174000,117,0710,28558 ,00000 ,8263 ,178,17140, , ,410110157  ,3,6,1,Fort Mitchell,2,2,1953981,0,0,0,0,0,0,0,0,0,2,2,1953981,0,0,0,0,0,0,0,0,0
202601,21,175000,037,0715,28594 ,00000 ,16261 ,178,17140, , ,41075      ,3,6,1,Fort Thomas,1,1,861741,0,0,0,0,0,0,0,0,0,1,1,861741,0,0,0,0,0,0,0,0,0
202601,21,176000,117,0720,28612 ,00000 ,5779 ,178,17140, , ,41011      ,3,6,1,Fort Wright,0,0,0,0,0,0,0,0,0,0,0,0,0,0,0,0,0,0,0,0,0,0,0,0
202601,21,180000,073,0735,28900 ,00000 ,27715 ,336,23180, ,2,40601      ,3,6,1,Frankfort,1,1,85000,0,0,0,0,0,0,0,0,0,1,1,85000,0,0,0,0,0,0,0,0,0
202601,21,181000,213,0740,28918 ,00000 ,9046 ,150,23190,2,2,42134      ,3,6,1,Franklin,7,7,1300000,1,2,300000,0,0,0,0,0,0,7,7,1300000,1,2,300000,0,0,0,0,0,0
202601,21,182000,073,    ,99990 ,00000 ,23403 ,336,23180, , ,406020338  ,3,6,1,Franklin County Unincorporated Area,8,8,2368134,0,0,0,0,0,0,0,0,0,8,8,2368134,0,0,0,0,0,0,0,0,0
202601,21,185000,075,0765,29566 ,00000 ,2108 ,999,99999, , ,42041      ,3,6,0,Fulton,0,0,0,0,0,0,0,0,0,0,0,0,0,0,0,0,0,0,0,0,0,0,0,0
202601,21,187000,077,    ,99990 ,00000 ,6502 ,178,17140,2, ,410950144  ,3,6,0,Gallatin County Unincorporated Area,4,4,176390,0,0,0,0,0,0,0,0,0,0,0,0,0,0,0,0,0,0,0,0,0
202601,21,193000,041,0785,30808 ,00000 ,307 ,999,99999, , ,410450333  ,3,6,0,Ghent,0,0,0,0,0,0,0,0,0,0,0,0,0,0,0,0,0,0,0,0,0,0,0,0
202601,21,194000,009,0795,31114 ,00000 ,14411 ,150,23980, ,2,42141      ,3,6,1,Glasgow,2,2,592033,0,0,0,0,0,0,0,0,0,2,2,592033,0,0,0,0,0,0,0,0,0
202601,21,201000,081,    ,00000 ,00000 ,15090 ,178,17140,2, ,41097      ,3,6,1,Grant County,7,7,1216036,0,0,0,0,0,0,0,0,0,7,7,1216036,0,0,0,0,0,0,0,0,0
202601,21,205000,043,0825,32572 ,00000 ,3832 ,170,26580, , ,41143      ,3,6,0,Grayson,0,0,0,0,0,0,0,0,0,0,0,0,0,0,0,0,0,0,0,0,0,0,0,0
202601,21,209000,087,0830,32968 ,00000 ,2057 ,999,15820, , ,42743      ,3,6,0,Greensburg,1,1,132250,0,0,0,0,0,0,0,0,0,0,0,0,0,0,0,0,0,0,0,0,0
202601,21,210000,089,0835,33004 ,00000 ,1100 ,170,26580, , ,41144      ,3,6,0,Greenup,0,0,0,0,0,0,0,0,0,0,0,0,0,0,0,0,0,0,0,0,0,0,0,0
202601,21,211000,089,    ,99990 ,00000 ,16805 ,170,26580, , ,411440686  ,3,6,0,Greenup County Unincorporated Area,0,0,0,0,0,0,0,0,0,0,0,0,0,0,0,0,0,0,0,0,0,0,0,0
202601,21,212000,177,0840,33022 ,00000 ,4153 ,999,99999, , ,42345      ,3,6,0,Greenville,0,0,0,0,0,0,0,0,0,0,0,0,0,0,0,0,0,0,0,0,0,0,0,0
202601,21,213000,219,1720,33562 ,00000 ,1426 ,999,99999, , ,422411125  ,3,6,0,Guthrie,0,0,0,0,0,0,0,0,0,0,0,0,0,0,0,0,0,0,0,0,0,0,0,0
202601,21,214000,091,    ,99990 ,00000 ,6082 ,999,99999,2, ,42348      ,3,6,0,Hancock County Part Unincorporated Area,1,1,201646,0,0,0,0,0,0,0,0,0,0,0,0,0,0,0,0,0,0,0,0,0
202601,21,218000,093,    ,99990 ,00000 ,49720 ,350,21060, , ,427013413  ,3,6,1,Hardin County Unincorporated Area,5,5,1300000,0,0,0,0,0,0,0,0,0,5,5,1300000,0,0,0,0,0,0,0,0,0
202601,21,219000,027,0860,34552 ,00000 ,2345 ,999,99999, , ,40143      ,3,6,0,Hardinsburg,0,0,0,0,0,0,0,0,0,0,0,0,0,0,0,0,0,0,0,0,0,0,0,0
202601,21,222000,097,    ,00000 ,00000 ,12370 ,999,99999, , ,410311242  ,3,6,0,Harrison County,5,5,1045379,0,0,0,0,0,0,0,0,0,0,0,0,0,0,0,0,0,0,0,0,0
202601,21,224000,099,    ,00000 ,00000 ,14678 ,999,99999, , ,427650490  ,3,6,0,Hart County,1,1,87321,0,0,0,0,0,0,1,5,567738,0,0,0,0,0,0,0,0,0,0,0,0
202601,21,227000,193,0890,35362 ,00000 ,4785 ,999,99999, , ,417020420  ,3,6,0,Hazard,0,0,0,0,0,0,0,0,0,0,0,0,0,0,0,0,0,0,0,0,0,0,0,0
202601,21,230000,101,0915,35866 ,00000 ,27974 ,241,25775, ,2,42420      ,3,6,1,Henderson,7,7,1289000,0,0,0,0,0,0,0,0,0,7,7,1289000,0,0,0,0,0,0,0,0,0
202601,21,231000,101,    ,99990 ,00000 ,15584 ,241,25775,2, ,42420      ,3,6,1,Henderson County Unincorporated Area,4,4,1325383,0,0,0,0,0,0,0,0,0,4,4,1325383,0,0,0,0,0,0,0,0,0
202601,21,232000,103,    ,00000 ,00000 ,10891 ,350,31140,2, ,40050      ,3,6,1,Henry County,7,7,2200000,0,0,0,0,0,0,0,0,0,7,7,2200000,0,0,0,0,0,0,0,0,0
202601,21,236000,037,0930,36604 ,00000 ,7037 ,178,17140, , ,41076      ,3,6,0,Highland Heights,0,0,0,0,0,0,0,0,0,0,0,0,0,0,0,0,0,0,0,0,0,0,0,0
202601,21,244000,107,    ,99990 ,00000 ,17981 ,999,31580,2, ,42431      ,3,6,0,Hopkins County Unincorporated Area,6,6,1076993,0,0,0,0,0,0,0,0,0,0,0,0,0,0,0,0,0,0,0,0,0
202601,21,245000,047,0955,37918 ,00000 ,30899 ,999,17300, , ,42240      ,3,6,1,Hopkinsville,2,2,292000,0,0,0,1,4,500000,1,5,500000,2,2,292000,0,0,0,1,4,500000,1,5,500000
202601,21,253000,117,0980,39142 ,00000 ,28903 ,178,17140, , ,41051      ,3,6,1,Independence,9,9,2025463,0,0,0,0,0,0,0,0,0,9,9,2025463,0,0,0,0,0,0,0,0,0
202601,21,257000,065,1000,39646 ,00000 ,2289 ,336,40080, , ,40336      ,3,6,0,Irvine,0,0,0,0,0,0,0,0,0,0,0,0,0,0,0,0,0,0,0,0,0,0,0,0
202601,21,258000,027,1005,39664 ,00000 ,1192 ,999,99999, , ,401460374  ,3,6,0,Irvington,0,0,0,0,0,0,0,0,0,0,0,0,0,0,0,0,0,0,0,0,0,0,0,0
202601,21,259000,149,1010,39700 ,00000 ,448 ,999,36980, , ,423500033  ,3,6,0,Island,0,0,0,0,0,0,0,0,0,0,0,0,0,0,0,0,0,0,0,0,0,0,0,0
202601,21,260000,025,1015,39952 ,00000 ,1917 ,999,99999, , ,41339      ,3,6,0,Jackson,1,1,150000,0,0,0,0,0,0,0,0,0,0,0,0,0,0,0,0,0,0,0,0,0
202601,21,264000,111,1025,40222 ,00000 ,27562 ,350,31140, , ,40299      ,3,6,1,Jeffersontown,0,0,0,0,0,0,0,0,0,0,0,0,0,0,0,0,0,0,0,0,0,0,0,0
202601,21,267000,113,    ,99990 ,00000 ,16738 ,336,30460,2, ,40356      ,3,6,1,Jessamine County Unincorporated Area,1,1,600000,0,0,0,0,0,0,0,0,0,1,1,600000,0,0,0,0,0,0,0,0,0
202601,21,272000,117,    ,99990 ,00000 ,13687 ,178,17140,2, ,41011      ,3,6,1,Kenton County Unincorporated Area,4,4,1622418,0,0,0,0,0,0,0,0,0,4,4,1622418,0,0,0,0,0,0,0,0,0
202601,21,273000,117,1045,42094 ,00000 ,109 ,178,17140, , ,41011      ,3,6,1,Kenton Vale,0,0,0,0,0,0,0,0,0,0,0,0,0,0,0,0,0,0,0,0,0,0,0,0
202601,21,278000,143,1075,43264 ,00000 ,618 ,999,99999, , ,42055      ,3,6,0,Kuttawa,0,0,0,0,0,0,0,0,0,0,0,0,0,0,0,0,0,0,0,0,0,0,0,0
202601,21,282000,117,1105,43606 ,00000 ,2753 ,178,17140, , ,41011      ,3,6,1,Lakeside Park,0,0,0,0,0,0,0,0,0,0,0,0,0,0,0,0,0,0,0,0,0,0,0,0
202601,21,283000,205,1108,43668 ,00000 ,225 ,999,99999, , ,40351      ,3,6,0,Lakeview Heights,0,0,0,0,0,0,0,0,0,0,0,0,0,0,0,0,0,0,0,0,0,0,0,0
202601,21,284000,079,1110,43840 ,00000 ,3840 ,999,99999, , ,40444      ,3,6,0,Lancaster,0,0,0,0,0,0,0,0,0,0,0,0,0,0,0,0,0,0,0,0,0,0,0,0
202601,21,286000,123,    ,99990 ,00000 ,10868 ,350,21060,2, ,42748      ,3,6,0,Larue County Unincorporated Area,4,4,1082674,0,0,0,0,0,0,0,0,0,0,0,0,0,0,0,0,0,0,0,0,0
202601,21,290000,005,1120,44146 ,00000 ,11529 ,336,23180, , ,40342      ,3,6,1,Lawrenceburg,0,0,0,0,0,0,0,0,0,0,0,0,0,0,0,0,0,0,0,0,0,0,0,0
202601,21,291000,155,1130,44344 ,00000 ,5733 ,999,99999, , ,40033      ,3,6,0,Lebanon,2,2,360585,0,0,0,0,0,0,0,0,0,0,0,0,0,0,0,0,0,0,0,0,0
202601,21,294000,085,1145,44686 ,00000 ,6819 ,999,99999, , ,42755      ,3,6,0,Leitchfield,1,1,222909,0,0,0,0,0,0,0,0,0,0,0,0,0,0,0,0,0,0,0,0,0
202601,21,298000,141,1150,45064 ,00000 ,807 ,999,99999, , ,42256      ,3,6,0,Lewisburg,0,0,0,0,0,0,0,0,0,0,0,0,0,0,0,0,0,0,0,0,0,0,0,0
202601,21,301000,067,1160,46027 ,00000 ,324735 ,336,30460, ,1,40507      ,3,6,0,Lexington-Fayette,34,34,8439570,1,2,229429,0,0,0,2,46,3384411,0,0,0,0,0,0,0,0,0,0,0,0
202601,21,302000,045,1165,46072 ,00000 ,2139 ,999,99999, , ,42539      ,3,6,0,Liberty,0,0,0,0,0,0,0,0,0,0,0,0,0,0,0,0,0,0,0,0,0,0,0,0
202601,21,303000,137,    ,00000 ,00000 ,19593 ,999,19220,2, ,40484      ,3,6,0,Lincoln County,6,6,977738,0,0,0,0,0,0,0,0,0,0,0,0,0,0,0,0,0,0,0,0,0
202601,21,305000,149,1180,47062 ,00000 ,1270 ,999,36980, , ,42352      ,3,6,0,Livermore,0,0,0,0,0,0,0,0,0,0,0,0,0,0,0,0,0,0,0,0,0,0,0,0
202601,21,309000,125,1195,47476 ,00000 ,8072 ,371,18340, , ,40741      ,3,6,1,London,0,0,0,0,0,0,0,0,0,0,0,0,0,0,0,0,0,0,0,0,0,0,0,0
202601,21,313000,111,1232,99990 ,00000 , ,350,31140,2,1,40202      ,3,6,1,Louisville-Jefferson County Unincorporated Area,70,70,29711973,0,0,0,0,0,0,3,24,6000000,70,70,29711973,0,0,0,0,0,0,3,24,6000000
202601,21,315000,117,1240,48378 ,00000 ,4506 ,178,17140, , ,41011      ,3,6,1,Ludlow,2,2,789294,0,0,0,0,0,0,0,0,0,2,2,789294,0,0,0,0,0,0,0,0,0
202601,21,321000,151,    ,99990 ,00000 ,41178 ,336,40080, , ,40475      ,3,6,1,Madison County Unincorporated Area,18,18,5955000,0,0,0,0,0,0,0,0,0,18,18,5955000,0,0,0,0,0,0,0,0,0
202601,21,322000,107,1280,49368 ,00000 ,18656 ,999,31580, ,2,42431      ,3,6,1,Madisonville,0,0,0,0,0,0,0,0,0,0,0,0,0,0,0,0,0,0,0,0,0,0,0,0
202601,21,324000,051,1285,49656 ,00000 ,1277 ,371,18340, , ,40962      ,3,6,0,Manchester,0,0,0,0,0,0,0,0,0,0,0,0,0,0,0,0,0,0,0,0,0,0,0,0
202601,21,326000,055,1290,50034 ,00000 ,2850 ,999,99999, , ,420641541  ,3,6,0,Marion,0,0,0,0,0,0,0,0,0,1,5,616305,0,0,0,0,0,0,0,0,0,0,0,0
202601,21,328000,157,    ,99990 ,00000 ,23580 ,999,99999, , ,420251498  ,3,6,1,Marshall County,8,8,3986000,0,0,0,0,0,0,0,0,0,8,8,3986000,0,0,0,0,0,0,0,0,0
202601,21,333000,083,1305,50898 ,00000 ,9685 ,424,32460, ,2,42066      ,3,6,0,Mayfield,1,1,217500,0,0,0,0,0,0,0,0,0,0,0,0,0,0,0,0,0,0,0,0,0
202601,21,334000,161,1310,51024 ,00000 ,8683 ,999,99999,2, ,41056      ,3,6,1,Maysville,1,1,800000,0,0,0,0,0,0,0,0,0,1,1,800000,0,0,0,0,0,0,0,0,0
202601,21,335000,145,    ,99990 ,00000 ,40761 ,424,37140,2, ,42001      ,3,6,1,McCracken County Unincorporated Area,2,2,910937,0,0,0,0,0,0,0,0,0,2,2,910937,0,0,0,0,0,0,0,0,0
202601,21,336000,147,    ,00000 ,00000 ,17071 ,999,99999,2, ,426530699  ,3,6,0,McCreary County,0,0,0,0,0,0,0,0,0,0,0,0,0,0,0,0,0,0,0,0,0,0,0,0
202601,21,338000,109,1265,49116 ,00000 ,773 ,999,99999, , ,40447      ,3,6,0,McKee,0,0,0,0,0,0,0,0,0,0,0,0,0,0,0,0,0,0,0,0,0,0,0,0
202601,21,340000,163,    ,99990 ,00000 ,24607 ,350,31140, , ,40108      ,3,6,0,Meade County Unincorporated Area,7,7,1966047,0,0,0,0,0,0,0,0,0,0,0,0,0,0,0,0,0,0,0,0,0
202601,21,347000,167,    ,00000 ,00000 ,12351 ,999,99999, , ,40330      ,3,6,1,Mercer County,6,6,1177000,0,0,0,0,0,0,2,16,1600000,6,6,1177000,0,0,0,0,0,0,2,16,1600000
202601,21,349000,013,1320,51924 ,00000 ,8884 ,371,33180, ,2,40965      ,3,6,0,Middlesborough,1,1,80000,0,0,0,0,0,0,0,0,0,0,0,0,0,0,0,0,0,0,0,0,0
202601,21,358000,173,    ,99990 ,00000 ,18034 ,336,34460,2, ,403531363  ,3,6,0,Montgomery County Unincorporated Area,3,3,659486,0,0,0,0,0,0,0,0,0,0,0,0,0,0,0,0,0,0,0,0,0
202601,21,361000,205,1370,53418 ,00000 ,7596 ,999,99999, , ,40351      ,3,6,0,Morehead,1,1,311667,0,0,0,0,0,0,1,5,1205392,0,0,0,0,0,0,0,0,0,0,0,0
202601,21,364000,031,1380,53490 ,00000 ,2373 ,150,14540, , ,42261      ,3,6,0,Morgantown,0,0,0,0,0,0,0,0,0,0,0,0,0,0,0,0,0,0,0,0,0,0,0,0
202601,21,367000,173,1395,54084 ,00000 ,7246 ,336,34460, ,2,403531315  ,3,6,0,Mount Sterling,1,1,286625,0,0,0,0,0,0,0,0,0,0,0,0,0,0,0,0,0,0,0,0,0
202601,21,372000,163,1410,54480 ,00000 ,981 ,350,31140,2, ,40155      ,3,6,0,Muldraugh,0,0,0,0,0,0,0,0,0,0,0,0,0,0,0,0,0,0,0,0,0,0,0,0
202601,21,374000,035,2850,54642 ,00000 ,19437 ,999,34660, ,2,42071      ,3,6,1,Murray,0,0,0,0,0,0,0,0,0,0,0,0,0,0,0,0,0,0,0,0,0,0,0,0
202601,21,377000,179,    ,00000 ,00000 ,31052 ,350,31140, , ,40004      ,3,6,1,Nelson County,11,11,2490000,0,0,0,0,0,0,0,0,0,11,11,2490000,0,0,0,0,0,0,0,0,0
202601,21,380000,037,1445,55884 ,00000 ,14906 ,178,17140, , ,41071      ,3,6,1,Newport,0,0,0,0,0,0,0,0,0,0,0,0,0,0,0,0,0,0,0,0,0,0,0,0
202601,21,382000,113,1450,56136 ,00000 ,30888 ,336,30460, , ,403560450  ,3,6,1,Nicholasville,12,12,3043503,0,0,0,0,0,0,0,0,0,12,12,3043503,0,0,0,0,0,0,0,0,0
202601,21,388000,047,1479,57090 ,00000 ,7369 ,999,17300, , ,422620250  ,3,6,0,Oak Grove,1,1,87269,0,0,0,0,0,0,0,0,0,0,0,0,0,0,0,0,0,0,0,0,0
202601,21,389000,227,1480,57144 ,00000 ,217 ,150,14540, , ,421590155  ,3,6,0,Oakland,0,0,0,0,0,0,0,0,0,0,0,0,0,0,0,0,0,0,0,0,0,0,0,0
202601,21,392000,185,    ,00000 ,00000 ,47913 ,350,31140,2, ,40031      ,3,6,1,Oldham County,25,25,11848800,0,0,0,0,0,0,0,0,0,25,25,11848800,0,0,0,0,0,0,0,0,0
202601,21,393000,043,1490,57918 ,00000 ,1534 ,170,26580, , ,41164      ,3,6,0,Olive Hill,0,0,0,0,0,0,0,0,0,0,0,0,0,0,0,0,0,0,0,0,0,0,0,0
202601,21,395000,187,    ,99990 ,00000 ,9219 ,999,99999,2, ,40359      ,3,6,0,Owen County Unincorporated Area,1,1,273698,0,0,0,0,0,0,0,0,0,0,0,0,0,0,0,0,0,0,0,0,0
202601,21,396000,059,1495,58620 ,00000 ,60344 ,999,36980, ,1,423020732  ,3,6,1,Owensboro,8,8,890500,0,0,0,0,0,0,0,0,0,8,8,890500,0,0,0,0,0,0,0,0,0
202601,21,398000,011,1515,58710 ,00000 ,1564 ,336,34460, , ,403600639  ,3,6,0,Owingsville,0,0,0,0,0,0,0,0,0,0,0,0,0,0,0,0,0,0,0,0,0,0,0,0
202601,21,400000,145,1520,58836 ,00000 ,24883 ,424,37140, ,1,420022267  ,3,6,1,Paducah,0,0,0,0,0,0,2,8,812500,0,0,0,0,0,0,0,0,0,2,8,812500,0,0,0
202601,21,404000,117,1540,59255 ,00000 ,2995 ,178,17140, , ,41011      ,3,6,1,Park Hills,0,0,0,0,0,0,0,0,0,0,0,0,0,0,0,0,0,0,0,0,0,0,0,0
202601,21,407000,047,1555,59934 ,00000 ,890 ,999,17300, , ,42240      ,3,6,0,Pembroke,0,0,0,0,0,0,0,0,0,0,0,0,0,0,0,0,0,0,0,0,0,0,0,0
202601,21,413000,195,3170,60852 ,00000 ,6432 ,999,38210, ,2,41501      ,3,6,1,Pikeville,0,0,0,0,0,0,0,0,0,0,0,0,0,0,0,0,0,0,0,0,0,0,0,0
202601,21,414000,013,1585,61248 ,00000 ,1692 ,371,33180, , ,40977      ,3,6,0,Pineville,0,0,0,0,0,0,0,0,0,0,0,0,0,0,0,0,0,0,0,0,0,0,0,0
202601,21,425000,071,3270,62940 ,00000 ,3460 ,999,38210, , ,41653      ,3,6,0,Prestonsburg,0,0,0,0,0,0,0,0,0,0,0,0,0,0,0,0,0,0,0,0,0,0,0,0
202601,21,427000,033,1615,63138 ,00000 ,6063 ,999,99999, , ,42445      ,3,6,0,Princeton,0,0,0,0,0,0,0,0,0,0,0,0,0,0,0,0,0,0,0,0,0,0,0,0
202601,21,429000,233,1620,63372 ,00000 ,2986 ,241,25775, , ,42450      ,3,6,0,Providence,1,1,250000,0,0,0,0,0,0,0,0,0,0,0,0,0,0,0,0,0,0,0,0,0
202601,21,430000,199,    ,99990 ,00000 ,50973 ,999,43700,2, ,425020712  ,3,6,0,Pulaski County Unincorporated Area,0,0,0,0,0,0,0,0,0,0,0,0,0,0,0,0,0,0,0,0,0,0,0,0
202601,21,431000,089,1625,63858 ,00000 ,2338 ,170,26580, , ,41169      ,3,6,0,Raceland,0,0,0,0,0,0,0,0,0,0,0,0,0,0,0,0,0,0,0,0,0,0,0,0
202601,21,432000,093,1630,63912 ,00000 ,22923 ,350,21060, , ,401602046  ,3,6,1,Radcliff,1,1,200000,0,0,0,0,0,0,0,0,0,1,1,200000,0,0,0,0,0,0,0,0,0
202601,21,433000,065,1635,64092 ,00000 ,557 ,336,40080, , ,40472      ,3,6,0,Ravenna,0,0,0,0,0,0,0,0,0,0,0,0,0,0,0,0,0,0,0,0,0,0,0,0
202601,21,436000,151,1650,65226 ,00000 ,36800 ,336,40080, ,2,40476      ,3,6,1,Richmond,1,1,250000,0,0,0,0,0,0,0,0,0,1,1,250000,0,0,0,0,0,0,0,0,0
202601,21,447000,089,1685,67458 ,00000 ,3207 ,170,26580, , ,411690394  ,3,6,0,Russell,0,0,0,0,0,0,0,0,0,0,0,0,0,0,0,0,0,0,0,0,0,0,0,0
202601,21,449000,207,1690,67494 ,00000 ,2649 ,999,99999, , ,42642      ,3,6,1,Russell Springs,0,0,0,0,0,0,0,0,0,0,0,0,0,0,0,0,0,0,0,0,0,0,0,0
202601,21,450000,141,1695,67512 ,00000 ,7167 ,999,99999, , ,42276      ,3,6,1,Russellville,1,1,250000,0,0,0,0,0,0,0,0,0,1,1,250000,0,0,0,0,0,0,0,0,0
202601,21,451000,117,1697,67602 ,00000 ,1081 ,178,17140, , ,410112999  ,3,6,1,Ryland Heights,0,0,0,0,0,0,0,0,0,0,0,0,0,0,0,0,0,0,0,0,0,0,0,0
202601,21,457000,041,1735,68358 ,00000 ,236 ,999,99999, , ,41083      ,3,6,0,Sanders,0,0,0,0,0,0,0,0,0,0,0,0,0,0,0,0,0,0,0,0,0,0,0,0
202601,21,460000,199,3610,68952 ,00000 ,693 ,999,43700, , ,42553      ,3,6,0,Science Hill,0,0,0,0,0,0,0,0,0,0,0,0,0,0,0,0,0,0,0,0,0,0,0,0
202601,21,461000,209,    ,00000 ,00000 ,21428 ,336,30460,2, ,403240973  ,3,6,1,Scott County,9,9,2464000,0,0,0,0,0,0,0,0,0,9,9,2464000,0,0,0,0,0,0,0,0,0
202601,21,462000,003,1760,69114 ,00000 ,4548 ,150,14540, , ,42164      ,3,6,1,Scottsville,5,5,1480083,0,0,0,0,0,0,0,0,0,5,5,1480083,0,0,0,0,0,0,0,0,0
202601,21,463000,233,1765,69222 ,00000 ,1523 ,241,25775, , ,42455      ,3,6,0,Sebree,0,0,0,0,0,0,0,0,0,0,0,0,0,0,0,0,0,0,0,0,0,0,0,0
202601,21,466000,211,    ,00000 ,00000 ,29764 ,350,31140,2, ,40065      ,3,6,1,Shelby County,11,11,3946549,0,0,0,0,0,0,0,0,0,11,11,3946549,0,0,0,0,0,0,0,0,0
202601,21,471000,213,    ,00000 ,00000 ,9589 ,150,23190,2, ,42135      ,3,6,1,Simpson County,1,1,290000,0,0,0,0,0,0,0,0,0,1,1,290000,0,0,0,0,0,0,0,0,0
202601,21,477000,199,1840,71688 ,00000 ,11829 ,999,43700, ,2,42501      ,3,6,1,Somerset,0,0,0,1,2,234203,0,0,0,2,14,1983391,0,0,0,1,2,234203,0,0,0,2,14,1983391
202601,21,485000,215,    ,00000 ,00000 ,18264 ,350,31140, , ,40071      ,3,6,1,Spencer County,7,7,0,0,0,0,0,0,0,0,0,0,7,7,0,0,0,0,0,0,0,0,0,0
202601,21,488000,229,1905,72660 ,00000 ,2987 ,999,99999, , ,40069      ,3,6,0,Springfield,1,1,134497,0,0,0,0,0,0,0,0,0,0,0,0,0,0,0,0,0,0,0,0,0
202601,21,495000,197,1925,73164 ,00000 ,2674 ,999,99999, , ,403800370  ,3,6,0,Stanton,0,0,0,0,0,0,0,0,0,0,0,0,0,0,0,0,0,0,0,0,0,0,0,0
202601,21,502000,117,1965,75738 ,00000 ,6820 ,178,17140, , ,410112088  ,3,6,1,Taylor Mill,0,0,0,0,0,0,0,0,0,0,0,0,0,0,0,0,0,0,0,0,0,0,0,0
202601,21,512000,225,    ,99990 ,00000 ,8045 ,999,99999,2, ,424370119  ,3,6,0,Union County Unincorporated Area,0,0,0,0,0,0,0,0,0,0,0,0,0,0,0,0,0,0,0,0,0,0,0,0
202601,21,516000,135,2000,79068 ,00000 ,1399 ,999,99999, , ,41179      ,3,6,0,Vanceburg,0,0,0,0,0,0,0,0,0,0,0,0,0,0,0,0,0,0,0,0,0,0,0,0
202601,21,519000,117,2022,79698 ,00000 ,7481 ,178,17140, , ,41011      ,3,6,1,Villa Hills,0,0,0,0,0,0,0,0,0,0,0,0,0,0,0,0,0,0,0,0,0,0,0,0
202601,21,520000,093,2025,79734 ,00000 ,6554 ,350,21060, , ,40175      ,3,6,1,Vine Grove,2,2,260000,0,0,0,0,0,0,2,12,720000,2,2,260000,0,0,0,0,0,0,2,12,720000
202601,21,525000,227,    ,99990 ,00000 ,61931 ,150,14540,2, ,42101      ,3,6,1,Warren County Unincorporated Area,40,40,11840668,0,0,0,0,0,0,2,40,6889320,40,40,11840668,0,0,0,0,0,0,2,40,6889320
202601,21,537000,175,2085,81858 ,00000 ,3407 ,999,99999, , ,41472      ,3,6,0,West Liberty,0,0,0,0,0,0,0,0,0,0,0,0,0,0,0,0,0,0,0,0,0,0,0,0
202601,21,538000,093,2087,81930 ,00000 ,875 ,350,21060, , ,40177      ,3,6,0,West Point,0,0,0,0,0,0,0,0,0,0,0,0,0,0,0,0,0,0,0,0,0,0,0,0
202601,21,544000,133,2110,82776 ,00000 ,1813 ,999,99999, , ,41858      ,3,6,0,Whitesburg,0,0,0,0,0,0,0,0,0,0,0,0,0,0,0,0,0,0,0,0,0,0,0,0
202601,21,548000,037,2130,83172 ,00000 ,3061 ,178,17140, , ,41076      ,3,6,0,Wilder,0,0,0,0,0,0,0,0,0,0,0,0,0,0,0,0,0,0,0,0,0,0,0,0
202601,21,550000,235,2140,83334 ,00000 ,5384 ,371,18340, , ,40769      ,3,6,1,Williamsburg,0,0,0,0,0,0,0,0,0,0,0,0,0,0,0,0,0,0,0,0,0,0,0,0
202601,21,561000,239,    ,00000 ,00000 ,15542 ,336,30460, , ,40383      ,3,6,1,Woodford County,2,2,399000,0,0,0,0,0,0,0,0,0,2,2,399000,0,0,0,0,0,0,0,0,0
202601,21,565000,089,2205,84864 ,00000 ,1488 ,170,26580, , ,41183      ,3,6,0,Worthington,0,0,0,0,0,0,0,0,0,0,0,0,0,0,0,0,0,0,0,0,0,0,0,0
202601,21,568000,089,2215,85008 ,00000 ,1013 ,170,26580, , ,41144      ,3,6,0,Wurtland,0,0,0,0,0,0,0,0,0,0,0,0,0,0,0,0,0,0,0,0,0,0,0,0
202601,22,001000,113,0005,00100 ,00000 ,11927 ,318,29180, , ,70510      ,3,7,0,Abbeville,2,2,273122,0,0,0,0,0,0,0,0,0,0,0,0,0,0,0,0,0,0,0,0,0
202601,22,003000,103,0010,00240 ,00000 ,2651 ,406,43640, , ,70420      ,3,7,1,Abita Springs town,0,0,0,0,0,0,0,0,0,0,0,0,0,0,0,0,0,0,0,0,0,0,0,0
202601,22,005000,001,    ,99990 ,00000 ,32420 ,318,29180, , ,70526      ,3,7,0,Acadia Parish Unincorporated Area,8,8,1339179,0,0,0,0,0,0,0,0,0,0,0,0,0,0,0,0,0,0,0,0,0
202601,22,007000,121,0015,00415 ,00000 ,6464 ,132,12940, , ,70710      ,3,7,1,Addis town,0,0,0,0,0,0,0,0,0,0,0,0,0,0,0,0,0,0,0,0,0,0,0,0
202601,22,009000,063,0020,00835 ,00000 ,1170 ,132,12940, , ,707111000  ,3,7,0,Albany town,1,1,278333,0,0,0,0,0,0,0,0,0,0,0,0,0,0,0,0,0,0,0,0,0
202601,22,011000,079,0025,00975 ,00000 ,45573 ,999,10780, ,1,71301      ,3,7,0,Alexandria,1,1,495971,0,0,0,0,0,0,0,0,0,0,0,0,0,0,0,0,0,0,0,0,0
202601,22,013000,003,    ,99990 ,00000 ,13139 ,999,99999, , ,706552007  ,3,7,0,Allen Parish Unincorporated Area,2,2,264160,0,0,0,0,0,0,0,0,0,0,0,0,0,0,0,0,0,0,0,0,0
202601,22,021000,013,0050,02655 ,00000 ,2648 ,999,99999, , ,71001      ,3,7,0,Arcadia town,0,0,0,0,0,0,0,0,0,0,0,0,0,0,0,0,0,0,0,0,0,0,0,0
202601,22,027000,005,    ,99990 ,00000 ,107063 ,132,12940,2, ,70737      ,3,7,0,Ascension Parish Unincorporated Area,34,34,8281796,0,0,0,0,0,0,0,0,0,0,0,0,0,0,0,0,0,0,0,0,0
202601,22,029000,069,0058,03145 ,00000 ,260 ,999,35060, , ,71002      ,3,7,0,Ashland village,0,0,0,0,0,0,0,0,0,0,0,0,0,0,0,0,0,0,0,0,0,0,0,0
202601,22,031000,007,    ,99990 ,00000 ,21046 ,132,12940, , ,70390      ,3,7,1,Assumption Parish Unincorporated Area,4,4,1242000,0,0,0,0,0,0,0,0,0,4,4,1242000,0,0,0,0,0,0,0,0,0
202601,22,037000,009,    ,99990 ,00000 ,23515 ,999,99999,2, ,71351      ,3,7,0,Avoyelles Parish Unincorporated Area,1,1,166668,0,0,0,0,0,0,0,0,0,0,0,0,0,0,0,0,0,0,0,0,0
202601,22,039000,033,0073,03985 ,00000 ,12999 ,132,12940, , ,70714      ,3,7,0,Baker,1,1,150684,0,0,0,0,0,0,0,0,0,0,0,0,0,0,0,0,0,0,0,0,0
202601,22,041000,101,0075,04020 ,00000 ,2150 ,999,34020, , ,70514      ,3,7,0,Baldwin town,0,0,0,0,0,0,0,0,0,0,0,0,0,0,0,0,0,0,0,0,0,0,0,0
202601,22,043000,079,0077,04055 ,00000 ,3906 ,999,10780, , ,71306      ,3,7,0,Ball town,0,0,0,0,0,0,0,0,0,0,0,0,0,0,0,0,0,0,0,0,0,0,0,0
202601,22,049000,067,0090,04685 ,00000 ,9688 ,384,33740, , ,71220      ,3,7,0,Bastrop,0,0,0,0,0,0,0,0,0,0,0,0,0,0,0,0,0,0,0,0,0,0,0,0
202601,22,051000,033,0095,05000 ,00000 ,219052 ,132,12940, ,1,70802      ,3,7,0,Baton Rouge,68,68,19008316,3,6,386420,0,0,0,7,45,791357,0,0,0,0,0,0,0,0,0,0,0,0
202601,22,053000,011,    ,99990 ,00000 ,26728 ,324,19760, , ,70634      ,3,7,1,Beauregard Parish Unincorporated Area,12,12,1574213,0,0,0,0,0,0,0,0,0,12,12,1574213,0,0,0,0,0,0,0,0,0
202601,22,061000,101,0120,07100 ,00000 ,4324 ,999,34020, , ,70342      ,3,7,0,Berwick town,1,1,328571,0,0,0,0,0,0,0,0,0,0,0,0,0,0,0,0,0,0,0,0,0
202601,22,063000,013,    ,99990 ,00000 ,6899 ,999,99999, , ,71001      ,3,7,0,Bienville Parish Unincorporated Area,1,1,209076,0,0,0,0,0,0,0,0,0,0,0,0,0,0,0,0,0,0,0,0,0
202601,22,071000,067,0135,08535 ,00000 ,236 ,384,33740, , ,712230278  ,3,7,0,Bonita village,0,0,0,0,0,0,0,0,0,0,0,0,0,0,0,0,0,0,0,0,0,0,0,0
202601,22,073000,015,0140,08920 ,00000 ,68216 ,508,43340, ,1,71111      ,3,7,1,Bossier City,9,9,1812537,0,0,0,0,0,0,0,0,0,9,9,1812537,0,0,0,0,0,0,0,0,0
202601,22,075000,015,    ,99990 ,00000 ,50311 ,508,43340,2, ,71112      ,3,7,1,Bossier Parish Unincorporated Area,15,15,6796768,0,0,0,0,0,0,0,0,0,15,15,6796768,0,0,0,0,0,0,0,0,0
202601,22,079000,099,0150,09340 ,00000 ,8047 ,318,29180, , ,70517      ,3,7,0,Breaux Bridge,4,4,1223393,0,0,0,0,0,0,0,0,0,0,0,0,0,0,0,0,0,0,0,0,0
202601,22,081000,055,0155,10075 ,00000 ,12992 ,318,29180,2, ,705184330  ,3,7,1,Broussard,8,8,1840179,0,0,0,0,0,0,0,0,0,8,8,1840179,0,0,0,0,0,0,0,0,0
202601,22,083000,121,0163,10600 ,00000 ,2580 ,132,12940, , ,70719      ,3,7,1,Brusly town,0,0,0,0,0,0,0,0,0,0,0,0,0,0,0,0,0,0,0,0,0,0,0,0
202601,22,087000,009,0175,10950 ,00000 ,3826 ,999,99999, , ,71322      ,3,7,0,Bunkie,0,0,0,0,0,0,0,0,0,0,0,0,0,0,0,0,0,0,0,0,0,0,0,0
202601,22,091000,019,    ,99990 ,00000 ,90555 ,324,29340, , ,706023287  ,3,7,1,Calcasieu Parish Unincorporated Area,19,19,3112100,0,0,0,0,0,0,0,0,0,19,19,3112100,0,0,0,0,0,0,0,0,0
202601,22,093000,021,    ,99990 ,00000 ,7979 ,999,99999, , ,71418      ,3,7,0,Caldwell Parish,0,0,0,0,0,0,0,0,0,0,0,0,0,0,0,0,0,0,0,0,0,0,0,0
202601,22,097000,023,    ,99990 ,00000 ,7003 ,324,29340, , ,70631      ,3,7,1,Cameron Parish,0,0,0,0,0,0,0,0,0,0,0,0,0,0,0,0,0,0,0,0,0,0,0,0
202601,22,099000,069,0190,12280 ,00000 ,1033 ,999,35060, , ,714110216  ,3,7,0,Campti town,0,0,0,0,0,0,0,0,0,0,0,0,0,0,0,0,0,0,0,0,0,0,0,0
202601,22,103000,055,0195,12665 ,00000 ,9945 ,318,29180, , ,70520      ,3,7,1,Carencro,17,17,5155566,0,0,0,0,0,0,0,0,0,17,17,5155566,0,0,0,0,0,0,0,0,0
202601,22,105000,013,0199,13260 ,00000 ,242 ,999,99999, , ,710160216  ,3,7,0,Castor village,0,0,0,0,0,0,0,0,0,0,0,0,0,0,0,0,0,0,0,0,0,0,0,0
202601,22,107000,025,    ,99990 ,00000 ,6531 ,999,99999, , ,71340      ,3,7,0,Catahoula Parish Unincorporated Area,0,0,0,0,0,0,0,0,0,0,0,0,0,0,0,0,0,0,0,0,0,0,0,0
202601,22,108000,033,0201,13960 ,94045 ,29450 ,132,12940, , ,70739      ,3,7,1,Central,2,2,722158,0,0,0,0,0,0,0,0,0,2,2,722158,0,0,0,0,0,0,0,0,0
202601,22,113000,079,0210,14660 ,00000 ,574 ,999,10780, , ,71325      ,3,7,0,Cheneyville town,0,0,0,0,0,0,0,0,0,0,0,0,0,0,0,0,0,0,0,0,0,0,0,0
202601,22,115000,061,0215,15290 ,00000 ,987 ,384,40820, , ,71227      ,3,7,0,Choudrant village,1,1,326816,0,0,0,0,0,0,0,0,0,0,0,0,0,0,0,0,0,0,0,0,0
202601,22,117000,001,0220,15465 ,00000 ,4367 ,318,29180, , ,70525      ,3,7,0,Church Point town,0,0,0,0,0,0,0,0,0,0,0,0,0,0,0,0,0,0,0,0,0,0,0,0
202601,22,119000,027,    ,99990 ,00000 ,10179 ,999,99999,2, ,71040      ,3,7,0,Claiborne Parish,0,0,0,0,0,0,0,0,0,0,0,0,0,0,0,0,0,0,0,0,0,0,0,0
202601,22,129000,043,0245,16375 ,00000 ,1431 ,999,10780, , ,71417      ,3,7,0,Colfax town,0,0,0,0,0,0,0,0,0,0,0,0,0,0,0,0,0,0,0,0,0,0,0,0
202601,22,135000,029,    ,99990 ,00000 ,10851 ,999,35020,2, ,71374      ,3,7,0,Concordia Parish Unincorporated Area,0,0,0,0,0,0,0,0,0,0,0,0,0,0,0,0,0,0,0,0,0,0,0,0
202601,22,145000,103,0280,18125 ,00000 ,10560 ,406,43640, ,1,70434      ,3,7,1,Covington,1,1,1500000,0,0,0,0,0,0,0,0,0,1,1,1500000,0,0,0,0,0,0,0,0,0
202601,22,146000,043,0282,18295 ,00000 ,216 ,999,10780, , ,71423      ,3,7,0,Creola  village,0,0,0,0,0,0,0,0,0,0,0,0,0,0,0,0,0,0,0,0,0,0,0,0
202601,22,147000,001,0285,18650 ,00000 ,12520 ,318,29180, , ,705271463  ,3,7,0,Crowley,2,2,109524,0,0,0,0,0,0,0,0,0,0,0,0,0,0,0,0,0,0,0,0,0
202601,22,151000,019,0320,20575 ,00000 ,3009 ,324,29340, , ,70633      ,3,7,0,DeQuincy,0,0,0,0,0,0,0,0,0,0,0,0,0,0,0,0,0,0,0,0,0,0,0,0
202601,22,153000,011,0325,20610 ,00000 ,10060 ,324,19760,2,2,70634      ,3,7,0,DeRidder,1,1,103000,0,0,0,0,0,0,0,0,0,0,0,0,0,0,0,0,0,0,0,0,0
202601,22,157000,031,    ,99990 ,00000 ,17767 ,508,43340,2, ,71052      ,3,7,0,De Soto Parish Unincorporated Area,6,6,1723575,0,0,0,0,0,0,0,0,0,0,0,0,0,0,0,0,0,0,0,0,0
202601,22,163000,083,0305,20190 ,00000 ,2753 ,384,33740, , ,71232      ,3,7,0,Delhi town,0,0,0,0,0,0,0,0,0,0,0,0,0,0,0,0,0,0,0,0,0,0,0,0
202601,22,165000,065,0310,20330 ,00000 ,246 ,999,99999, , ,71233      ,3,7,0,Delta village,0,0,0,0,0,0,0,0,0,0,0,0,0,0,0,0,0,0,0,0,0,0,0,0
202601,22,167000,063,0315,20435 ,00000 ,9842 ,132,12940, , ,707271629  ,3,7,0,Denham Springs,1,1,447237,0,0,0,0,0,0,0,0,0,0,0,0,0,0,0,0,0,0,0,0,0
202601,22,175000,061,0342,21450 ,00000 ,29 ,384,40820, , ,712340128  ,3,7,0,Downsville village,0,0,0,0,0,0,0,0,0,0,0,0,0,0,0,0,0,0,0,0,0,0,0,0
202601,22,189000,055,0358,22255 ,00000 ,1506 ,318,29180,2, ,70529      ,3,7,0,Duson town,0,0,0,0,0,0,0,0,0,0,0,0,0,0,0,0,0,0,0,0,0,0,0,0
202601,22,191000,033,    ,99990 ,00000 ,159811 ,132,12940, , ,70802      ,3,7,0,East Baton Rouge Parish Unincorporated Area,56,56,16440970,0,0,0,0,0,0,0,0,0,0,0,0,0,0,0,0,0,0,0,0,0
202601,22,193000,035,    ,99990 ,00000 ,3242 ,999,99999, , ,71254      ,3,7,0,East Carroll Parish Unincorporated Area,0,0,0,0,0,0,0,0,0,0,0,0,0,0,0,0,0,0,0,0,0,0,0,0
202601,22,195000,037,    ,99990 ,00000 ,11980 ,132,12940, , ,70722      ,3,7,0,East Feliciana Parish,1,1,287588,0,0,0,0,0,0,0,0,0,0,0,0,0,0,0,0,0,0,0,0,0
202601,22,201000,003,0366,23235 ,00000 ,532 ,999,99999, , ,71306      ,3,7,0,Elizabeth village,0,0,0,0,0,0,0,0,0,0,0,0,0,0,0,0,0,0,0,0,0,0,0,0
202601,22,205000,123,0375,24145 ,00000 ,809 ,999,99999, , ,71237      ,3,7,0,Epps town,0,0,0,0,0,0,0,0,0,0,0,0,0,0,0,0,0,0,0,0,0,0,0,0
202601,22,207000,113,0380,24180 ,00000 ,2030 ,318,29180, , ,70533      ,3,7,0,Erath town,0,0,0,0,0,0,0,0,0,0,0,0,0,0,0,0,0,0,0,0,0,0,0,0
202601,22,211000,001,0390,24460 ,00000 ,1081 ,318,29180, , ,705340167  ,3,7,0,Estherwood village,0,0,0,0,0,0,0,0,0,0,0,0,0,0,0,0,0,0,0,0,0,0,0,0
202601,22,215000,097,0395,24565 ,00000 ,9216 ,318,36660,2, ,705351106  ,3,7,0,Eunice,2,2,177778,0,0,0,0,0,0,0,0,0,0,0,0,0,0,0,0,0,0,0,0,0
202601,22,217000,039,    ,99990 ,00000 ,19099 ,999,99999,2, ,70586      ,3,7,0,Evangeline Parish Unincorporated Area,2,2,695634,0,0,0,0,0,0,0,0,0,0,0,0,0,0,0,0,0,0,0,0,0
202601,22,221000,111,0405,25160 ,00000 ,3641 ,384,33740, , ,71241      ,3,7,0,Farmerville town,2,2,575177,0,0,0,0,0,0,0,0,0,0,0,0,0,0,0,0,0,0,0,0,0
202601,22,223000,053,0410,25335 ,00000 ,349 ,324,29340, , ,706400310  ,3,7,0,Fenton village,0,0,0,0,0,0,0,0,0,0,0,0,0,0,0,0,0,0,0,0,0,0,0,0
202601,22,225000,029,0415,25440 ,00000 ,3188 ,999,35020, , ,71334      ,3,7,0,Ferriday town,0,0,0,0,0,0,0,0,0,0,0,0,0,0,0,0,0,0,0,0,0,0,0,0
202601,22,231000,103,0420,26140 ,00000 ,871 ,406,43640, , ,704370000  ,3,7,0,Folsom village,1,1,287588,0,0,0,0,0,0,0,0,0,0,0,0,0,0,0,0,0,0,0,0,0
202601,22,239000,101,0430,27155 ,00000 ,6580 ,999,34020, , ,70538      ,3,7,0,Franklin,0,0,0,0,0,0,0,0,0,0,0,0,0,0,0,0,0,0,0,0,0,0,0,0
202601,22,241000,041,    ,99990 ,00000 ,13591 ,999,99999,2, ,71296      ,3,7,1,Franklin Parish Unincorporated Area,0,0,0,0,0,0,0,0,0,0,0,0,0,0,0,0,0,0,0,0,0,0,0,0
202601,22,249000,013,0450,28835 ,00000 ,858 ,999,99999, , ,710280309  ,3,7,0,Gibsland town,0,0,0,0,0,0,0,0,0,0,0,0,0,0,0,0,0,0,0,0,0,0,0,0
202601,22,255000,079,0460,29220 ,00000 ,1301 ,999,10780, , ,71433      ,3,7,0,Glenmora town,0,0,0,0,0,0,0,0,0,0,0,0,0,0,0,0,0,0,0,0,0,0,0,0
202601,22,257000,057,0465,29640 ,00000 ,1935 ,999,26380, , ,70357      ,3,7,0,Golden Meadow town,1,1,302641,0,0,0,0,0,0,0,0,0,0,0,0,0,0,0,0,0,0,0,0,0
202601,22,261000,005,0475,29850 ,00000 ,11245 ,132,12940, , ,707373604  ,3,7,1,Gonzales,6,6,2356302,0,0,0,0,0,0,0,0,0,6,6,2356302,0,0,0,0,0,0,0,0,0
202601,22,263000,061,0490,30515 ,00000 ,5114 ,384,40820, , ,712450108  ,3,7,0,Grambling,2,2,253386,0,0,0,0,0,0,0,0,0,0,0,0,0,0,0,0,0,0,0,0,0
202601,22,265000,093,0495,30550 ,00000 ,3188 ,406,35380, , ,70052      ,3,7,0,Gramercy town,0,0,0,0,0,0,0,0,0,0,0,0,0,0,0,0,0,0,0,0,0,0,0,0
202601,22,271000,051,0510,30830 ,00000 ,1447 ,406,35380, , ,70358      ,3,7,0,Grand Isle town,2,2,780389,0,0,0,0,0,0,0,0,0,0,0,0,0,0,0,0,0,0,0,0,0
202601,22,273000,043,    ,99990 ,00000 ,18659 ,999,10780,2, ,71417      ,3,7,1,Grant Parish Unincorporated Area,1,1,600000,0,0,0,0,0,0,0,0,0,1,1,600000,0,0,0,0,0,0,0,0,0
202601,22,279000,017,0523,31705 ,00000 ,3088 ,508,43340, , ,71033      ,3,7,1,Greenwood town,1,1,530000,0,0,0,0,0,0,0,0,0,1,1,530000,0,0,0,0,0,0,0,0,0
202601,22,281000,051,0525,31915 ,00000 ,17615 ,406,35380, , ,70054      ,3,7,0,Gretna,1,1,252517,0,0,0,0,0,0,0,0,0,0,0,0,0,0,0,0,0,0,0,0,0
202601,22,283000,047,0530,32020 ,00000 ,619 ,132,12940, , ,70740      ,3,7,1,Grosse Tete village,0,0,0,0,0,0,0,0,0,0,0,0,0,0,0,0,0,0,0,0,0,0,0,0
202601,22,285000,113,0535,32055 ,00000 ,1328 ,318,29180, , ,705423732  ,3,7,0,Gueydan town,0,0,0,0,0,0,0,0,0,0,0,0,0,0,0,0,0,0,0,0,0,0,0,0
202601,22,289000,105,0545,32755 ,00000 ,21359 ,132,25220, ,1,704042788  ,3,7,0,Hammond,6,6,1041334,0,0,0,0,0,0,1,38,3600193,0,0,0,0,0,0,0,0,0,0,0,0
202601,22,291000,051,0555,32930 ,00000 ,9244 ,406,35380, , ,70123      ,3,7,1,Harahan,0,0,0,0,0,0,0,0,0,0,0,0,0,0,0,0,0,0,0,0,0,0,0,0
202601,22,295000,015,0565,33420 ,00000 ,3243 ,508,43340, , ,71037      ,3,7,0,Haughton town,9,9,505401,0,0,0,0,0,0,0,0,0,0,0,0,0,0,0,0,0,0,0,0,0
202601,22,315000,045,    ,99990 ,00000 ,34594 ,318,35340,2, ,70560      ,3,7,1,Iberia Parish Unincorporated Area,16,16,3363912,0,0,0,0,0,0,0,0,0,16,16,3363912,0,0,0,0,0,0,0,0,0
202601,22,317000,047,    ,99990 ,00000 ,14210 ,132,12940, , ,70765      ,3,7,1,Iberville Parish Unincorporated Area,2,2,592033,0,0,0,0,0,0,0,0,0,2,2,592033,0,0,0,0,0,0,0,0,0
202601,22,323000,001,0615,37410 ,00000 ,1428 ,318,29180, , ,70543      ,3,7,0,Iota town,0,0,0,0,0,0,0,0,0,0,0,0,0,0,0,0,0,0,0,0,0,0,0,0
202601,22,325000,019,0620,37445 ,00000 ,3109 ,324,29340, , ,70647      ,3,7,0,Iowa town,6,6,1182000,0,0,0,0,0,0,0,0,0,0,0,0,0,0,0,0,0,0,0,0,0
202601,22,327000,049,    ,99990 ,00000 ,9216 ,999,99999, , ,71251      ,3,7,1,Jackson Parish,0,0,0,0,0,0,0,0,0,0,0,0,0,0,0,0,0,0,0,0,0,0,0,0
202601,22,333000,051,0633,38092 ,00000 ,1996 ,406,35380, , ,70067      ,3,7,0,Jean Lafitte town,1,1,220000,0,0,0,0,0,0,0,0,0,0,0,0,0,0,0,0,0,0,0,0,0
202601,22,335000,045,0630,38075 ,00000 ,5169 ,318,35340, , ,70544      ,3,7,0,Jeanerette,0,0,0,0,0,0,0,0,0,0,0,0,0,0,0,0,0,0,0,0,0,0,0,0
202601,22,337000,053,    ,99990 ,00000 ,14134 ,324,29340,2, ,70546      ,3,7,1,Jefferson Davis Parish Unincorporated Area,7,7,1492040,0,0,0,0,0,0,0,0,0,7,7,1492040,0,0,0,0,0,0,0,0,0
202601,22,339000,051,    ,99990 ,00000 ,327459 ,406,35380, , ,70123      ,3,7,1,Jefferson Parish Unincorporated Area,1,1,321035,0,0,0,0,0,0,1,12,3190582,1,1,321035,0,0,0,0,0,0,1,12,3190582
202601,22,341000,059,0640,38285 ,00000 ,3430 ,999,99999, , ,71342      ,3,7,0,Jena town,0,0,0,0,0,0,0,0,0,0,0,0,0,0,0,0,0,0,0,0,0,0,0,0
202601,22,343000,053,0645,38355 ,00000 ,9660 ,324,29340, , ,70546      ,3,7,1,Jennings,0,0,0,0,0,0,0,0,0,0,0,0,0,0,0,0,0,0,0,0,0,0,0,0
202601,22,347000,025,0655,38775 ,00000 ,1950 ,999,99999, , ,71343      ,3,7,0,Jonesville town,0,0,0,0,0,0,0,0,0,0,0,0,0,0,0,0,0,0,0,0,0,0,0,0
202601,22,353000,113,0665,39055 ,00000 ,4345 ,318,29180, , ,70548      ,3,7,0,Kaplan,0,0,0,0,0,0,0,0,0,0,0,0,0,0,0,0,0,0,0,0,0,0,0,0
202601,22,357000,051,0675,39475 ,00000 ,66288 ,406,35380, , ,70062      ,3,7,1,Kenner,0,0,0,0,0,0,0,0,0,0,0,0,0,0,0,0,0,0,0,0,0,0,0,0
202601,22,365000,003,0690,39755 ,00000 ,2324 ,999,99999, , ,70648      ,3,7,0,Kinder town,0,0,0,0,0,0,0,0,0,0,0,0,0,0,0,0,0,0,0,0,0,0,0,0
202601,22,367000,097,0695,40280 ,00000 ,1157 ,318,36660, , ,70750      ,3,7,0,Krotz Springs town,0,0,0,0,0,0,0,0,0,0,0,0,0,0,0,0,0,0,0,0,0,0,0,0
202601,22,369000,059,    ,99990 ,00000 ,8533 ,999,99999,2, ,71342      ,3,7,0,LaSalle Parish Unincorporated Area,0,0,0,0,0,0,0,0,0,0,0,0,0,0,0,0,0,0,0,0,0,0,0,0
202601,22,373000,055,    ,99990 ,00000 ,71491 ,318,29180,2, ,70501      ,3,7,0,Lafayette Parish Unincorporated Area,59,59,14246037,0,0,0,0,0,0,0,0,0,0,0,0,0,0,0,0,0,0,0,0,0
202601,22,375000,057,    ,99990 ,00000 ,78860 ,999,26380,2, ,70375      ,3,7,1,Lafourche Parish Unincorporated Area,14,14,2646966,0,0,0,0,0,0,0,0,0,14,14,2646966,0,0,0,0,0,0,0,0,0
202601,22,379000,019,2190,41155 ,00000 ,78433 ,324,29340, ,1,70602      ,3,7,1,Lake Charles,13,13,2614360,0,0,0,0,0,0,0,0,0,13,13,2614360,0,0,0,0,0,0,0,0,0
202601,22,381000,035,0725,41400 ,00000 ,3347 ,999,99999, , ,71254      ,3,7,0,Lake Providence town,0,0,0,0,0,0,0,0,0,0,0,0,0,0,0,0,0,0,0,0,0,0,0,0
202601,22,385000,115,0750,43010 ,00000 ,5523 ,999,99999, , ,71446      ,3,7,1,Leesville,0,0,0,0,0,0,0,0,0,0,0,0,0,0,0,0,0,0,0,0,0,0,0,0
202601,22,391000,061,    ,99990 ,00000 ,16434 ,384,40820, , ,712731218  ,3,7,0,Lincoln Parish Unincorporated Area,4,4,1145734,0,0,0,0,0,0,0,0,0,0,0,0,0,0,0,0,0,0,0,0,0
202601,22,395000,063,    ,99990 ,00000 ,120663 ,132,12940,2, ,70754      ,3,7,0,Livingston Parish Unincorporated Area,47,47,13516651,0,0,0,0,0,0,1,5,717580,0,0,0,0,0,0,0,0,0,0,0,0
202601,22,397000,063,0760,44655 ,00000 ,2004 ,132,12940, , ,70754      ,3,7,1,Livingston town,1,1,296017,0,0,0,0,0,0,0,0,0,1,1,296017,0,0,0,0,0,0,0,0,0
202601,22,401000,057,2300,44900 ,00000 ,2390 ,999,26380, , ,70374      ,3,7,0,Lockport town,0,0,0,0,0,0,0,0,0,0,0,0,0,0,0,0,0,0,0,0,0,0,0,0
202601,22,411000,093,0795,46720 ,00000 ,3127 ,406,35380, , ,70071      ,3,7,0,Lutcher town,0,0,0,0,0,0,0,0,0,0,0,0,0,0,0,0,0,0,0,0,0,0,0,0
202601,22,413000,065,    ,99990 ,00000 ,3384 ,999,99999,2, ,71282      ,3,7,0,Madison Parish Unincorporated Area,0,0,0,0,0,0,0,0,0,0,0,0,0,0,0,0,0,0,0,0,0,0,0,0
202601,22,415000,103,0800,47560 ,00000 ,857 ,406,43640, , ,70447      ,3,7,0,Madisonville village,0,0,0,0,0,0,0,0,0,0,0,0,0,0,0,0,0,0,0,0,0,0,0,0
202601,22,417000,039,0805,48085 ,00000 ,3077 ,999,99999, , ,70554      ,3,7,0,Mamou town,0,0,0,0,0,0,0,0,0,0,0,0,0,0,0,0,0,0,0,0,0,0,0,0
202601,22,419000,103,0810,48225 ,00000 ,12559 ,406,43640, ,1,70448      ,3,7,0,Mandeville,0,0,0,0,0,0,0,0,0,0,0,0,0,0,0,0,0,0,0,0,0,0,0,0
202601,22,421000,083,2430,48260 ,00000 ,627 ,384,33740, , ,71259      ,3,7,0,Mangham village,0,0,0,0,0,0,0,0,0,0,0,0,0,0,0,0,0,0,0,0,0,0,0,0
202601,22,423000,031,2440,48365 ,00000 ,4579 ,508,43340, , ,710520773  ,3,7,0,Mansfield,0,0,0,0,0,0,0,0,0,0,0,0,0,0,0,0,0,0,0,0,0,0,0,0
202601,22,425000,009,0825,48400 ,00000 ,1342 ,999,99999, , ,713500157  ,3,7,0,Mansura town,0,0,0,0,0,0,0,0,0,0,0,0,0,0,0,0,0,0,0,0,0,0,0,0
202601,22,429000,047,0840,48610 ,00000 ,966 ,132,12940, , ,70757      ,3,7,0,Maringouin town,0,0,0,0,0,0,0,0,0,0,0,0,0,0,0,0,0,0,0,0,0,0,0,0
202601,22,433000,009,0850,48750 ,00000 ,5271 ,999,99999, , ,713512425  ,3,7,0,Marksville,0,0,0,0,0,0,0,0,0,0,0,0,0,0,0,0,0,0,0,0,0,0,0,0
202601,22,437000,113,0860,49240 ,49240 ,1857 ,318,29180, , ,70555      ,3,7,1,Maurice town,5,5,724166,0,0,0,0,0,0,0,0,0,5,5,724166,0,0,0,0,0,0,0,0,0
202601,22,443000,067,0875,49905 ,00000 ,534 ,384,33740, , ,71220      ,3,7,0,Mer Rouge village,0,0,0,0,0,0,0,0,0,0,0,0,0,0,0,0,0,0,0,0,0,0,0,0
202601,22,445000,001,0870,49870 ,00000 ,621 ,318,29180, , ,705560280  ,3,7,0,Mermentau village,0,0,0,0,0,0,0,0,0,0,0,0,0,0,0,0,0,0,0,0,0,0,0,0
202601,22,447000,011,0880,50010 ,00000 ,1093 ,324,19760, , ,70653      ,3,7,0,Merryville town,0,0,0,0,0,0,0,0,0,0,0,0,0,0,0,0,0,0,0,0,0,0,0,0
202601,22,449000,119,0885,50885 ,00000 ,11575 ,508,33380, ,2,710580580  ,3,7,1,Minden,2,2,686014,0,0,0,0,0,0,0,0,0,2,2,686014,0,0,0,0,0,0,0,0,0
202601,22,451000,073,0890,51410 ,00000 ,46998 ,384,33740, ,1,712100123  ,3,7,1,Monroe,0,0,0,0,0,0,0,0,0,0,0,0,0,0,0,0,0,0,0,0,0,0,0,0
202601,22,459000,009,0910,51970 ,00000 ,849 ,999,99999, , ,713553704  ,3,7,0,Moreauville village,0,0,0,0,0,0,0,0,0,0,0,0,0,0,0,0,0,0,0,0,0,0,0,0
202601,22,461000,067,    ,99990 ,00000 ,13410 ,384,33740, , ,71280      ,3,7,0,Morehouse Parish Unincorporated Area,1,1,287588,0,0,0,0,0,0,0,0,0,0,0,0,0,0,0,0,0,0,0,0,0
202601,22,463000,101,0915,52040 ,00000 ,10512 ,999,34020,2,2,703811218  ,3,7,0,Morgan City,0,0,0,0,0,0,0,0,0,0,0,0,0,0,0,0,0,0,0,0,0,0,0,0
202601,22,467000,001,0925,52320 ,00000 ,803 ,318,29180, , ,70559      ,3,7,0,Morse village,1,1,287588,0,0,0,0,0,0,0,0,0,0,0,0,0,0,0,0,0,0,0,0,0
202601,22,473000,007,0935,53370 ,00000 ,575 ,132,12940, , ,703900006  ,3,7,0,Napoleonville village,0,0,0,0,0,0,0,0,0,0,0,0,0,0,0,0,0,0,0,0,0,0,0,0
202601,22,477000,069,0940,53545 ,00000 ,17190 ,999,35060, ,2,71457      ,3,7,0,Natchitoches,0,0,0,0,0,0,0,0,0,0,0,0,0,0,0,0,0,0,0,0,0,0,0,0
202601,22,479000,069,    ,99990 ,00000 ,16796 ,999,35060,2, ,71457      ,3,7,1,Natchitoches Parish Unincorporated Area,1,1,357000,0,0,0,0,0,0,0,0,0,1,1,357000,0,0,0,0,0,0,0,0,0
202601,22,481000,045,0950,54035 ,00000 ,28032 ,318,35340, ,2,705603700  ,3,7,1,New Iberia,2,2,894113,0,0,0,0,0,0,0,0,0,2,2,894113,0,0,0,0,0,0,0,0,0
202601,22,483000,071,0956,55000 ,00000 ,389476 ,406,35380,2,1,70112      ,3,7,0,New Orleans,16,16,4581120,7,14,1879114,0,0,0,1,24,9245075,0,0,0,0,0,0,0,0,0,0,0,0
202601,22,489000,115,2840,54175 ,00000 ,2186 ,999,99999, , ,71446      ,3,7,0,New Llano town,0,0,0,0,0,0,0,0,0,0,0,0,0,0,0,0,0,0,0,0,0,0,0,0
202601,22,497000,123,1000,56820 ,00000 ,1518 ,999,99999, , ,71263      ,3,7,0,Oak Grove town,0,0,0,0,0,0,0,0,0,0,0,0,0,0,0,0,0,0,0,0,0,0,0,0
202601,22,501000,003,0995,56540 ,00000 ,7500 ,999,99999, , ,71463      ,3,7,0,Oakdale,0,0,0,0,0,0,0,0,0,0,0,0,0,0,0,0,0,0,0,0,0,0,0,0
202601,22,503000,003,1010,57450 ,00000 ,1702 ,999,99999, , ,706550370  ,3,7,0,Oberlin town,1,1,302641,0,0,0,0,0,0,0,0,0,0,0,0,0,0,0,0,0,0,0,0,0
202601,22,507000,059,1020,57905 ,00000 ,1371 ,999,99999, , ,714650223  ,3,7,0,Olla town,0,0,0,0,0,0,0,0,0,0,0,0,0,0,0,0,0,0,0,0,0,0,0,0
202601,22,509000,097,1025,58045 ,00000 ,15562 ,318,36660, ,2,70571      ,3,7,0,Opelousas,0,0,0,0,0,0,0,0,0,0,0,0,0,0,0,0,0,0,0,0,0,0,0,0
202601,22,513000,073,    ,99990 ,00000 ,87006 ,384,33740, , ,71201      ,3,7,0,Ouachita Parish Unincorporated Area,16,16,4279839,0,0,0,0,0,0,0,0,0,0,0,0,0,0,0,0,0,0,0,0,0
202601,22,517000,099,1035,59165 ,00000 ,696 ,318,29180, , ,70582      ,3,7,1,Parks village,0,0,0,0,0,0,0,0,0,0,0,0,0,0,0,0,0,0,0,0,0,0,0,0
202601,22,519000,101,1040,59340 ,00000 ,5659 ,999,34020, , ,70392      ,3,7,0,Patterson,0,0,0,0,0,0,0,0,0,0,0,0,0,0,0,0,0,0,0,0,0,0,0,0
202601,22,521000,103,1045,59445 ,00000 ,2618 ,406,43640, , ,704521270  ,3,7,1,Pearl River town,0,0,0,0,0,0,0,0,0,0,0,0,0,0,0,0,0,0,0,0,0,0,0,0
202601,22,523000,039,1050,60495 ,00000 ,1444 ,999,99999, , ,70576      ,3,7,0,Pine Prairie village,0,0,0,0,0,0,0,0,0,0,0,0,0,0,0,0,0,0,0,0,0,0,0,0
202601,22,525000,079,1055,60530 ,00000 ,14111 ,999,10780, , ,713613820  ,3,7,0,Pineville,1,1,367636,1,2,145000,0,0,0,0,0,0,0,0,0,0,0,0,0,0,0,0,0,0
202601,22,527000,123,1065,60565 ,00000 ,150 ,999,99999, , ,712660153  ,3,7,0,Pioneer village,0,0,0,0,0,0,0,0,0,0,0,0,0,0,0,0,0,0,0,0,0,0,0,0
202601,22,529000,015,1070,60670 ,00000 ,935 ,508,43340, , ,71112      ,3,7,0,Plain Dealing town,0,0,0,0,0,0,0,0,0,0,0,0,0,0,0,0,0,0,0,0,0,0,0,0
202601,22,531000,047,1075,60880 ,00000 ,6384 ,132,12940, , ,707650675  ,3,7,1,Plaquemine,0,0,0,0,0,0,0,0,0,0,0,0,0,0,0,0,0,0,0,0,0,0,0,0
202601,22,533000,075,    ,99990 ,00000 ,23113 ,406,35380, , ,70037      ,3,7,1,Plaquemines Parish,2,2,780474,0,0,0,0,0,0,0,0,0,2,2,780474,0,0,0,0,0,0,0,0,0
202601,22,539000,077,    ,99990 ,00000 ,14247 ,132,12940, , ,70760      ,3,7,1,Pointe Coupee Parish,2,2,619000,0,0,0,0,0,0,0,0,0,2,2,619000,0,0,0,0,0,0,0,0,0
202601,22,543000,105,1100,61615 ,00000 ,7545 ,132,25220, , ,704543215  ,3,7,0,Ponchatoula,2,2,512652,0,0,0,0,0,0,0,0,0,0,0,0,0,0,0,0,0,0,0,0,0
202601,22,545000,121,1105,61790 ,00000 ,4720 ,132,12940, , ,70767      ,3,7,1,Port Allen,2,2,309410,0,0,0,0,0,0,0,0,0,2,2,309410,0,0,0,0,0,0,0,0,0
202601,22,557000,079,    ,99990 ,00000 ,58726 ,999,10780,2, ,71306      ,3,7,0,Rapides Parish Unincorporated Area,14,14,3247961,0,0,0,0,0,0,0,0,0,0,0,0,0,0,0,0,0,0,0,0,0
202601,22,559000,001,1140,63645 ,00000 ,7983 ,318,29180, , ,705780069  ,3,7,1,Rayne,1,1,174440,0,0,0,0,0,0,0,0,0,1,1,174440,0,0,0,0,0,0,0,0,0
202601,22,561000,083,1145,63680 ,00000 ,3436 ,384,33740, , ,71269      ,3,7,0,Rayville town,0,0,0,0,0,0,0,0,0,0,0,0,0,0,0,0,0,0,0,0,0,0,0,0
202601,22,563000,081,    ,99990 ,00000 ,5558 ,999,99999, , ,71019      ,3,7,0,Red River Parish,0,0,0,0,0,0,0,0,0,0,0,0,0,0,0,0,0,0,0,0,0,0,0,0
202601,22,567000,083,    ,99990 ,00000 ,13198 ,384,33740, , ,71269      ,3,7,1,Richland Parish Unincorporated Area,2,2,900000,0,0,0,0,0,0,0,0,0,2,2,900000,0,0,0,0,0,0,0,0,0
202601,22,571000,073,1163,64660 ,00000 ,3375 ,384,33740, , ,712027004  ,3,7,0,Richwood town,0,0,0,0,0,0,0,0,0,0,0,0,0,0,0,0,0,0,0,0,0,0,0,0
202601,22,575000,013,1165,64905 ,00000 ,1336 ,999,99999, , ,710680565  ,3,7,0,Ringgold town,0,0,0,0,0,0,0,0,0,0,0,0,0,0,0,0,0,0,0,0,0,0,0,0
202601,22,581000,047,1175,66060 ,00000 ,729 ,132,12940, , ,707720167  ,3,7,1,Rosedale village,0,0,0,0,0,0,0,0,0,0,0,0,0,0,0,0,0,0,0,0,0,0,0,0
202601,22,587000,061,1190,66655 ,00000 ,21891 ,384,40820, ,2,71273      ,3,7,1,Ruston,13,13,1477000,0,0,0,0,0,0,0,0,0,13,13,1477000,0,0,0,0,0,0,0,0,0
202601,22,589000,085,    ,99990 ,00000 ,17042 ,999,99999, , ,71449      ,3,7,1,Sabine Parish,5,5,628000,0,0,0,0,0,0,0,0,0,5,5,628000,0,0,0,0,0,0,0,0,0
202601,22,593000,119,1225,68125 ,00000 ,814 ,508,33380, , ,710710338  ,3,7,0,Sarepta town,0,0,0,0,0,0,0,0,0,0,0,0,0,0,0,0,0,0,0,0,0,0,0,0
202601,22,595000,055,1230,68475 ,00000 ,8787 ,318,29180, , ,705830517  ,3,7,1,Scott,13,13,3181229,0,0,0,0,0,0,0,0,0,13,13,3181229,0,0,0,0,0,0,0,0,0
202601,22,601000,017,1240,70000 ,00000 ,182308 ,508,43340,2,1,71130      ,3,7,1,Shreveport,14,14,6843353,0,0,0,0,0,0,0,0,0,14,14,6843353,0,0,0,0,0,0,0,0,0
202601,22,605000,025,1255,70245 ,00000 ,438 ,999,99999, , ,713680045  ,3,7,0,Sicily Island village,0,0,0,0,0,0,0,0,0,0,0,0,0,0,0,0,0,0,0,0,0,0,0,0
202601,22,617000,103,1280,70805 ,00000 ,27541 ,406,43640, ,1,70459      ,3,7,1,Slidell,0,0,0,0,0,0,0,0,0,0,0,0,0,0,0,0,0,0,0,0,0,0,0,0
202601,22,627000,119,1295,72485 ,00000 ,4684 ,508,33380, , ,710750398  ,3,7,0,Springhill,0,0,0,0,0,0,0,0,0,0,0,0,0,0,0,0,0,0,0,0,0,0,0,0
202601,22,629000,087,    ,99990 ,00000 ,47647 ,406,35380, , ,70043      ,3,7,1,St. Bernard Parish,6,6,1601000,1,2,245000,0,0,0,0,0,0,6,6,1601000,1,2,245000,0,0,0,0,0,0
202601,22,631000,089,    ,99990 ,00000 ,52987 ,406,35380,2, ,70057      ,3,7,1,St. Charles Parish,14,14,4359448,0,0,0,0,0,0,0,0,0,14,14,4359448,0,0,0,0,0,0,0,0,0
202601,22,633000,125,1195,67215 ,00000 ,1589 ,132,12940, , ,707750400  ,3,7,0,St. Francisville town,1,1,450000,0,0,0,0,0,0,0,0,0,0,0,0,0,0,0,0,0,0,0,0,0
202601,22,634000,047,1198,67250 ,00000 ,7522 ,132,12940, , ,70776      ,3,7,0,St. Gabriel,6,6,1370801,0,0,0,0,0,0,0,0,0,0,0,0,0,0,0,0,0,0,0,0,0
202601,22,634500,033,    ,37303 ,00000 , ,132,12940, , ,70884      ,3,7,0,St George,0,0,0,0,0,0,0,0,0,0,0,0,0,0,0,0,0,0,0,0,0,0,0,0
202601,22,635000,091,    ,99990 ,00000 ,9198 ,132,12940, , ,70441      ,3,7,0,St. Helena Parish,1,1,178450,0,0,0,0,0,0,0,0,0,0,0,0,0,0,0,0,0,0,0,0,0
202601,22,637000,093,    ,99990 ,00000 ,14412 ,406,35380, , ,70723      ,3,7,0,St. James Parish Unincorporated Area,5,5,960096,0,0,0,0,0,0,0,0,0,0,0,0,0,0,0,0,0,0,0,0,0
202601,22,639000,095,    ,99990 ,00000 ,42516 ,406,35380, , ,70068      ,3,7,1,St. John the Baptist Parish,5,5,1783893,0,0,0,1,4,400000,0,0,0,5,5,1783893,0,0,0,1,4,400000,0,0,0
202601,22,641000,107,1200,67495 ,00000 ,945 ,999,99999, , ,713660217  ,3,7,0,St. Joseph town,0,0,0,0,0,0,0,0,0,0,0,0,0,0,0,0,0,0,0,0,0,0,0,0
202601,22,643000,097,    ,99990 ,00000 ,44887 ,318,36660,2, ,705711550  ,3,7,0,St. Landry Parish Unincorporated Area,7,7,1443157,0,0,0,0,0,0,0,0,0,0,0,0,0,0,0,0,0,0,0,0,0
202601,22,645000,099,    ,99990 ,00000 ,36612 ,318,29180,2, ,70582      ,3,7,1,St. Martin Parish Unincorporated Area,0,0,0,0,0,0,0,0,0,0,0,0,0,0,0,0,0,0,0,0,0,0,0,0
202601,22,647000,099,1205,67600 ,00000 ,5676 ,318,29180, , ,70582      ,3,7,0,St. Martinville,0,0,0,0,0,0,0,0,0,0,0,0,0,0,0,0,0,0,0,0,0,0,0,0
202601,22,649000,101,    ,99990 ,00000 ,19105 ,999,34020, , ,70538      ,3,7,1,St. Mary Parish Unincorporated Area,1,1,296205,0,0,0,0,0,0,0,0,0,1,1,296205,0,0,0,0,0,0,0,0,0
202601,22,651000,103,    ,99990 ,00000 ,205291 ,406,43640, , ,70434      ,3,7,1,St. Tammany Parish Unincorporated Area,59,59,25058419,0,0,0,0,0,0,0,0,0,59,59,25058419,0,0,0,0,0,0,0,0,0
202601,22,657000,073,1303,73255 ,00000 ,2974 ,384,33740, , ,71280      ,3,7,1,Sterlington town,3,3,857900,0,0,0,0,0,0,0,0,0,3,3,857900,0,0,0,0,0,0,0,0,0
202601,22,659000,031,3780,73395 ,00000 ,2598 ,508,43340, , ,710780092  ,3,7,0,Stonewall town,3,3,1125254,0,0,0,0,0,0,0,0,0,0,0,0,0,0,0,0,0,0,0,0,0
202601,22,661000,019,1310,73640 ,00000 ,20120 ,324,29340, , ,706641309  ,3,7,1,Sulphur,11,11,1332860,0,0,0,0,0,0,0,0,0,11,11,1332860,0,0,0,0,0,0,0,0,0
202601,22,665000,097,1320,74060 ,00000 ,2962 ,318,36660, , ,70584      ,3,7,1,Sunset town,0,0,0,0,0,0,0,0,0,0,0,0,0,0,0,0,0,0,0,0,0,0,0,0
202601,22,667000,065,1325,74690 ,00000 ,6460 ,999,99999,2, ,71282      ,3,7,1,Tallulah,0,0,0,0,0,0,0,0,0,0,0,0,0,0,0,0,0,0,0,0,0,0,0,0
202601,22,669000,105,    ,99990 ,00000 ,96057 ,132,25220,2, ,70403      ,3,7,0,Tangipahoa Parish Unincorporated Area,48,48,9787291,0,0,0,0,0,0,0,0,0,0,0,0,0,0,0,0,0,0,0,0,0
202601,22,673000,107,    ,99990 ,00000 ,1774 ,999,99999,2, ,71366      ,3,7,0,Tensas Parish Unincorporated Area,0,0,0,0,0,0,0,0,0,0,0,0,0,0,0,0,0,0,0,0,0,0,0,0
202601,22,675000,109,    ,99990 ,00000 ,77392 ,999,26380, , ,703612768  ,3,7,1,Terrebonne Parish,25,25,23046940,0,0,0,0,0,0,0,0,0,25,25,23046940,0,0,0,0,0,0,0,0,0
202601,22,677000,057,1335,75425 ,00000 ,14411 ,999,26380, ,1,70302      ,3,7,1,Thibodaux,4,4,1242498,1,2,210000,0,0,0,0,0,0,4,4,1242498,1,2,210000,0,0,0,0,0,0
202601,22,687000,111,    ,99990 ,00000 ,15399 ,384,33740,2, ,71241      ,3,7,0,Union Parish Unincorporated Area,0,0,0,0,0,0,0,0,0,0,0,0,0,0,0,0,0,0,0,0,0,0,0,0
202601,22,693000,113,    ,99990 ,00000 ,36415 ,318,29180, , ,70510      ,3,7,1,Vermilion Parish Unincorporated Area,15,15,3751146,0,0,0,0,0,0,0,0,0,15,15,3751146,0,0,0,0,0,0,0,0,0
202601,22,695000,115,    ,99990 ,00000 ,36389 ,999,99999,2, ,71446      ,3,7,1,Vernon Parish Unincorporated Area,0,0,0,0,0,0,0,0,0,0,0,0,0,0,0,0,0,0,0,0,0,0,0,0
202601,22,697000,029,1370,78470 ,00000 ,3667 ,999,35020, , ,71373      ,3,7,0,Vidalia town,3,3,392307,0,0,0,0,0,0,0,0,0,0,0,0,0,0,0,0,0,0,0,0,0
202601,22,701000,039,1375,78715 ,00000 ,7047 ,999,99999, , ,705860390  ,3,7,0,Ville Platte,0,0,0,0,0,0,0,0,0,0,0,0,0,0,0,0,0,0,0,0,0,0,0,0
202601,22,703000,019,1380,78820 ,00000 ,3211 ,324,29340, , ,70668      ,3,7,0,Vinton town,0,0,0,0,0,0,0,0,0,0,0,0,0,0,0,0,0,0,0,0,0,0,0,0
202601,22,707000,063,1390,79240 ,00000 ,6302 ,132,12940, , ,70785      ,3,7,0,Walker,1,1,212658,0,0,0,0,0,0,0,0,0,0,0,0,0,0,0,0,0,0,0,0,0
202601,22,709000,117,    ,99990 ,00000 ,30136 ,406,14220,2, ,70438      ,3,7,1,Washington Parish,0,0,0,0,0,0,0,0,0,0,0,0,0,0,0,0,0,0,0,0,0,0,0,0
202601,22,711000,097,1405,79870 ,00000 ,903 ,318,36660, , ,70520      ,3,7,0,Washington town,0,0,0,0,0,0,0,0,0,0,0,0,0,0,0,0,0,0,0,0,0,0,0,0
202601,22,715000,119,    ,99990 ,00000 ,16020 ,508,33380,2, ,71055      ,3,7,0,Webster Parish Unincorporated Area,2,2,552391,0,0,0,0,0,0,0,0,0,0,0,0,0,0,0,0,0,0,0,0,0
202601,22,719000,121,    ,99990 ,00000 ,13028 ,132,12940, , ,707670757  ,3,7,1,West Baton Rouge Parish Unincorporated Area,1,1,365550,0,0,0,0,0,0,0,0,0,1,1,365550,0,0,0,0,0,0,0,0,0
202601,22,721000,123,    ,99990 ,00000 ,7466 ,999,99999, , ,71263      ,3,7,0,West Carroll Parish Unincorporated Area,0,0,0,0,0,0,0,0,0,0,0,0,0,0,0,0,0,0,0,0,0,0,0,0
202601,22,723000,125,    ,99990 ,00000 ,13876 ,132,12940, , ,70775      ,3,7,1,West Feliciana Parish Unincorporated Area,3,3,1291827,0,0,0,0,0,0,0,0,0,3,3,1291827,0,0,0,0,0,0,0,0,0
202601,22,725000,073,1430,80955 ,00000 ,12086 ,384,33740, , ,71291      ,3,7,0,West Monroe,0,0,0,0,0,0,1,3,267000,0,0,0,0,0,0,0,0,0,0,0,0,0,0,0
202601,22,727000,019,1425,80815 ,00000 ,4873 ,324,29340, , ,70669      ,3,7,0,Westlake town,2,2,406738,0,0,0,0,0,0,0,0,0,0,0,0,0,0,0,0,0,0,0,0,0
202601,22,729000,051,1435,81165 ,00000 ,8297 ,406,35380, , ,70094      ,3,7,1,Westwego,0,0,0,0,0,0,0,0,0,0,0,0,0,0,0,0,0,0,0,0,0,0,0,0
202601,22,731000,047,1440,81375 ,00000 ,1640 ,132,12940, , ,70788      ,3,7,0,White Castle town,0,0,0,0,0,0,0,0,0,0,0,0,0,0,0,0,0,0,0,0,0,0,0,0
202601,22,735000,127,    ,99990 ,00000 ,8772 ,999,99999,2, ,71483      ,3,7,0,Winn Parish Unincorporated Area,0,0,0,0,0,0,0,0,0,0,0,0,0,0,0,0,0,0,0,0,0,0,0,0
202601,22,737000,127,1445,82460 ,00000 ,4283 ,999,99999, , ,71483      ,3,7,0,Winnfield,0,0,0,0,0,0,0,0,0,0,0,0,0,0,0,0,0,0,0,0,0,0,0,0
202601,22,739000,041,1450,82495 ,00000 ,4462 ,999,99999, , ,71295      ,3,7,0,Winnsboro,0,0,0,0,0,0,0,0,0,0,0,0,0,0,0,0,0,0,0,0,0,0,0,0
202601,22,743000,079,1460,83125 ,00000 ,1139 ,999,10780, , ,714850228  ,3,7,0,Woodworth town,1,1,383329,0,0,0,0,0,0,0,0,0,0,0,0,0,0,0,0,0,0,0,0,0
202601,22,745000,055,1465,83335 ,00000 ,15262 ,318,29180, , ,705920592  ,3,7,1,Youngsville town,57,57,13358700,0,0,0,0,0,0,0,0,0,57,57,13358700,0,0,0,0,0,0,0,0,0
202601,22,747000,033,1470,83405 ,00000 ,18417 ,132,12940, , ,70791      ,3,7,1,Zachary,25,25,3520015,0,0,0,0,0,0,0,0,0,25,25,3520015,0,0,0,0,0,0,0,0,0
202601,24,001000,025,0003,00125 ,00000 ,15964 ,548,12580, , ,21001      ,3,5,1,Aberdeen,5,5,1345000,0,0,0,0,0,0,0,0,0,5,5,1345000,0,0,0,0,0,0,0,0,0
202601,24,009000,001,    ,99990 ,00000 ,38764 ,999,19060, , ,21502      ,3,5,1,Allegany County Unincorporated Area,1,1,327000,0,0,0,0,0,0,0,0,0,1,1,327000,0,0,0,0,0,0,0,0,0
202601,24,013000,003,0011,01600 ,00000 ,39524 ,548,12580, , ,21230      ,3,5,1,Annapolis,0,0,0,0,0,0,0,0,0,0,0,0,0,0,0,0,0,0,0,0,0,0,0,0
202601,24,017000,003,    ,99990 ,00000 ,543142 ,548,12580,2, ,21230      ,3,5,1,Anne Arundel County Unincorporated Area,33,33,7466757,0,0,0,0,0,0,0,0,0,33,33,7466757,0,0,0,0,0,0,0,0,0
202601,24,021000,510,0025,04000 ,00000 ,586131 ,548,12580, ,1,21230      ,3,5,1,Baltimore,23,23,6808384,0,0,0,0,0,0,1,190,32724270,23,23,6808384,0,0,0,0,0,0,1,190,32724270
202601,24,025000,005,    ,00000 ,00000 ,826017 ,548,12580, , ,21230      ,3,5,1,Baltimore County,43,43,25627071,0,0,0,0,0,0,3,178,20403382,43,43,25627071,0,0,0,0,0,0,3,178,20403382
202601,24,029000,035,0030,04250 ,00000 ,165 ,548,12580, , ,21607      ,3,5,0,Barclay town,0,0,0,0,0,0,0,0,0,0,0,0,0,0,0,0,0,0,0,0,0,0,0,0
202601,24,037000,001,0040,04625 ,00000 ,419 ,999,19060, , ,215210153  ,3,5,0,Barton town,0,0,0,0,0,0,0,0,0,0,0,0,0,0,0,0,0,0,0,0,0,0,0,0
202601,24,041000,025,0045,05550 ,00000 ,10266 ,548,12580, , ,21014      ,3,5,0,Bel Air town,0,0,0,0,0,0,0,0,0,0,0,0,0,0,0,0,0,0,0,0,0,0,0,0
202601,24,045000,047,0055,06800 ,00000 ,4940 ,480,36180, , ,21811      ,3,5,1,Berlin town,0,0,0,0,0,0,0,0,0,0,0,0,0,0,0,0,0,0,0,0,0,0,0,0
202601,24,053000,029,0070,07200 ,00000 ,311 ,999,99999, , ,21610      ,3,5,0,Betterton town,0,0,0,0,0,0,0,0,0,0,0,0,0,0,0,0,0,0,0,0,0,0,0,0
202601,24,089000,009,    ,00000 ,00000 ,84952 ,548,30500, , ,20678      ,3,5,1,Calvert County,10,10,0,0,0,0,1,3,200000,0,0,0,10,10,0,0,0,0,1,3,200000,0,0,0
202601,24,093000,019,0120,12400 ,00000 ,12213 ,548,15700, ,2,21613      ,3,5,0,Cambridge,1,1,172088,0,0,0,0,0,0,0,0,0,0,0,0,0,0,0,0,0,0,0,0,0
202601,24,101000,011,    ,99990 ,00000 ,21367 ,999,99999, , ,21629      ,3,5,1,Caroline County Unincorporated Area,4,4,1050000,0,0,0,0,0,0,0,0,0,4,4,1050000,0,0,0,0,0,0,0,0,0
202601,24,105000,013,    ,00000 ,00000 ,120288 ,548,12580,2, ,21230      ,3,5,1,Carroll County,12,12,3650000,0,0,0,0,0,0,0,0,0,12,12,3650000,0,0,0,0,0,0,0,0,0
202601,24,109000,015,    ,99990 ,00000 ,73575 ,428,37980,2, ,219215935  ,3,5,1,Cecil County Unincorporated Area,5,5,2345000,0,0,0,0,0,0,0,0,0,5,5,2345000,0,0,0,0,0,0,0,0,0
202601,24,117000,035,0150,14950 ,00000 ,4949 ,548,12580, , ,21617      ,3,5,1,Centreville town,0,0,0,0,0,0,0,0,0,0,0,0,0,0,0,0,0,0,0,0,0,0,0,0
202601,24,121000,017,    ,99990 ,00000 ,150834 ,548,47900,2, ,20646      ,3,5,1,Charles County Unincorporated Area,32,32,15419000,0,0,0,0,0,0,0,0,0,32,32,15419000,0,0,0,0,0,0,0,0,0
202601,24,137000,029,0170,16225 ,00000 ,5001 ,999,99999, , ,216201547  ,3,5,1,Chestertown town,0,0,0,0,0,0,0,0,0,0,0,0,0,0,0,0,0,0,0,0,0,0,0,0
202601,24,165000,035,0195,17100 ,00000 ,755 ,548,12580, , ,21623      ,3,5,0,Church Hill town,3,3,39685,0,0,0,0,0,0,0,0,0,0,0,0,0,0,0,0,0,0,0,0,0
202601,24,185000,039,0240,20775 ,00000 ,2534 ,480,41540, , ,21817      ,3,5,0,Crisfield,0,0,0,0,0,0,0,0,0,0,0,0,0,0,0,0,0,0,0,0,0,0,0,0
202601,24,189000,001,0245,21325 ,00000 ,19131 ,999,19060, ,2,21502      ,3,5,0,Cumberland,0,0,0,0,0,0,0,0,0,0,0,0,0,0,0,0,0,0,0,0,0,0,0,0
202601,24,197000,045,0260,22600 ,00000 ,3596 ,480,41540, , ,21875      ,3,5,1,Delmar town,2,2,349729,0,0,0,0,0,0,0,0,0,2,2,349729,0,0,0,0,0,0,0,0,0
202601,24,201000,011,0265,22725 ,00000 ,4538 ,999,99999, , ,21629      ,3,5,1,Denton town,0,0,0,0,0,0,0,0,0,0,0,0,0,0,0,0,0,0,0,0,0,0,0,0
202601,24,209000,019,    ,99990 ,00000 ,16129 ,548,15700,2, ,21613      ,3,5,1,Dorchester County Unincorporated Area,4,4,772660,0,0,0,0,0,0,0,0,0,4,4,772660,0,0,0,0,0,0,0,0,0
202601,24,221000,041,0290,24475 ,00000 ,16611 ,548,20660, ,2,21601      ,3,5,1,Easton town,11,11,2393015,0,0,0,0,0,0,0,0,0,11,11,2393015,0,0,0,0,0,0,0,0,0
202601,24,233000,015,0315,25800 ,00000 ,15665 ,428,37980, , ,219220157  ,3,5,1,Elkton town,6,6,695855,0,0,0,0,0,0,0,0,0,6,6,695855,0,0,0,0,0,0,0,0,0
202601,24,245000,011,0343,27900 ,00000 ,2658 ,999,99999, , ,21632      ,3,5,0,Federalsburg town,0,0,0,0,0,0,0,0,0,0,0,0,0,0,0,0,0,0,0,0,0,0,0,0
202601,24,253000,021,0355,30325 ,00000 ,73308 ,548,47900, ,1,217015415  ,3,5,1,Frederick,8,8,1609924,0,0,0,0,0,0,1,6,1320000,8,8,1609924,0,0,0,0,0,0,1,6,1320000
202601,24,257000,021,    ,99990 ,00000 ,155036 ,548,47900,2, ,21701      ,3,5,1,Frederick County Unincorporated Area,17,17,7346800,0,0,0,0,0,0,0,0,0,17,17,7346800,0,0,0,0,0,0,0,0,0
202601,24,265000,001,0365,30900 ,00000 ,8465 ,999,19060, , ,21532      ,3,5,0,Frostburg,1,1,168750,0,0,0,0,0,0,0,0,0,0,0,0,0,0,0,0,0,0,0,0,0
202601,24,269000,045,0370,30950 ,00000 ,5326 ,480,41540, , ,218260120  ,3,5,1,Fruitland,0,0,0,0,0,0,0,0,0,0,0,0,0,0,0,0,0,0,0,0,0,0,0,0
202601,24,277000,031,0385,31175 ,00000 ,67741 ,548,47900, ,1,208772098  ,3,5,1,Gaithersburg,24,24,4616900,0,0,0,0,0,0,0,0,0,24,24,4616900,0,0,0,0,0,0,0,0,0
202601,24,281000,029,0390,31225 ,00000 ,574 ,999,99999, , ,21635      ,3,5,0,Galena town,0,0,0,0,0,0,0,0,0,0,0,0,0,0,0,0,0,0,0,0,0,0,0,0
202601,24,289000,023,    ,00000 ,00000 ,22138 ,999,99999, , ,21550      ,3,5,1,Garrett County,5,5,1238765,0,0,0,0,0,0,0,0,0,5,5,1238765,0,0,0,0,0,0,0,0,0
202601,24,305000,011,0420,33950 ,00000 ,233 ,999,99999, , ,21636      ,3,5,0,Goldsboro town,0,0,0,0,0,0,0,0,0,0,0,0,0,0,0,0,0,0,0,0,0,0,0,0
202601,24,317000,011,0445,35200 ,00000 ,1878 ,999,99999, , ,21639      ,3,5,0,Greensboro town,0,0,0,0,0,0,0,0,0,0,0,0,0,0,0,0,0,0,0,0,0,0,0,0
202601,24,321000,043,2270,36075 ,00000 ,39918 ,548,25180, ,1,21740      ,3,5,1,Hagerstown,6,6,1200000,0,0,0,0,0,0,0,0,0,6,6,1200000,0,0,0,0,0,0,0,0,0
202601,24,337000,025,    ,99990 ,00000 ,216428 ,548,12580, , ,21230      ,3,5,1,Harford County Unincorporated Area,43,43,0,0,0,0,0,0,0,0,0,0,43,43,0,0,0,0,0,0,0,0,0,0
202601,24,341000,025,0475,37600 ,00000 ,14147 ,548,12580, , ,21078      ,3,5,1,Havre de Grace,16,16,3360000,1,2,375000,0,0,0,0,0,0,16,16,3360000,1,2,375000,0,0,0,0,0,0
202601,24,349000,011,0485,37925 ,00000 ,143 ,999,99999, , ,21640      ,3,5,0,Henderson town,0,0,0,0,0,0,0,0,0,0,0,0,0,0,0,0,0,0,0,0,0,0,0,0
202601,24,357000,011,0500,39175 ,00000 ,156 ,999,99999, , ,21641      ,3,5,0,Hillsboro town,0,0,0,0,0,0,0,0,0,0,0,0,0,0,0,0,0,0,0,0,0,0,0,0
202601,24,361000,027,    ,00000 ,00000 ,328200 ,548,12580, , ,21230      ,3,5,1,Howard County,12,12,2610000,0,0,0,0,0,0,0,0,0,12,12,2610000,0,0,0,0,0,0,0,0,0
202601,24,365000,019,0507,41125 ,00000 ,2007 ,548,15700, , ,21643      ,3,5,0,Hurlock town,0,0,0,0,0,0,0,0,0,0,0,0,0,0,0,0,0,0,0,0,0,0,0,0
202601,24,373000,017,0513,41500 ,00000 ,3787 ,548,47900, , ,20640      ,3,5,1,Indian Head town,1,1,300000,0,0,0,0,0,0,0,0,0,1,1,300000,0,0,0,0,0,0,0,0,0
202601,24,385000,029,    ,99990 ,00000 ,11494 ,999,99999, , ,21620      ,3,5,1,Kent County Unincorporated Area,2,2,700000,0,0,0,0,0,0,0,0,0,2,2,700000,0,0,0,0,0,0,0,0,0
202601,24,393000,017,0550,45750 ,00000 ,9800 ,548,47900, , ,20646      ,3,5,1,La Plata town,8,8,1216568,0,0,0,0,0,0,0,0,0,8,8,1216568,0,0,0,0,0,0,0,0,0
202601,24,401000,033,0555,45900 ,00000 ,25548 ,548,47900, , ,20707      ,3,5,1,Laurel,0,0,0,0,0,0,0,0,0,0,0,0,0,0,0,0,0,0,0,0,0,0,0,0
202601,24,409000,037,0570,46475 ,00000 ,3912 ,548,30500, , ,20650      ,3,5,1,Leonardtown town,0,0,0,0,0,0,0,0,0,0,0,0,0,0,0,0,0,0,0,0,0,0,0,0
202601,24,417000,001,0590,47875 ,00000 ,1096 ,999,19060, , ,21539      ,3,5,0,Lonaconing town,0,0,0,0,0,0,0,0,0,0,0,0,0,0,0,0,0,0,0,0,0,0,0,0
202601,24,421000,001,0595,48775 ,00000 ,60 ,999,19060, , ,215400009  ,3,5,0,Luke town,0,0,0,0,0,0,0,0,0,0,0,0,0,0,0,0,0,0,0,0,0,0,0,0
202601,24,437000,011,0610,51025 ,00000 ,136 ,999,99999, , ,21649      ,3,5,0,Marydel town,0,0,0,0,0,0,0,0,0,0,0,0,0,0,0,0,0,0,0,0,0,0,0,0
202601,24,445000,001,0625,52475 ,00000 ,410 ,999,19060, , ,21532      ,3,5,0,Midland town,0,0,0,0,0,0,0,0,0,0,0,0,0,0,0,0,0,0,0,0,0,0,0,0
202601,24,449000,029,0630,52825 ,00000 ,557 ,999,99999,2, ,21651      ,3,5,0,Millington town,0,0,0,0,0,0,0,0,0,0,0,0,0,0,0,0,0,0,0,0,0,0,0,0
202601,24,457000,031,    ,99990 ,00000 ,876308 ,548,47900,2, ,20902      ,3,5,1,Montgomery County Unincorporated Area,35,35,10001497,0,0,0,0,0,0,4,413,100000000,35,35,10001497,0,0,0,0,0,0,4,413,100000000
202601,24,513000,047,0705,58225 ,00000 ,6913 ,480,36180, , ,21843      ,3,5,1,Ocean City town,2,2,526300,0,0,0,0,0,0,0,0,0,2,2,526300,0,0,0,0,0,0,0,0,0
202601,24,517000,041,0745,59450 ,00000 ,602 ,548,20660, , ,21654      ,3,5,0,Oxford town,0,0,0,0,0,0,0,0,0,0,0,0,0,0,0,0,0,0,0,0,0,0,0,0
202601,24,529000,047,0775,62475 ,00000 ,4095 ,480,36180, , ,21851      ,3,5,0,Pocomoke City,0,0,0,0,0,0,0,0,0,0,0,0,0,0,0,0,0,0,0,0,0,0,0,0
202601,24,545000,011,0800,63825 ,00000 ,700 ,999,99999, , ,21655      ,3,5,0,Preston town,1,1,152250,0,0,0,0,0,0,0,0,0,0,0,0,0,0,0,0,0,0,0,0,0
202601,24,549000,033,    ,99990 ,00000 ,664905 ,548,47900,2, ,20774      ,3,5,1,Prince Georges County Unincorporated Area,120,120,35522002,0,0,0,1,4,1171859,1,112,13160882,120,120,35522002,0,0,0,1,4,1171859,1,112,13160882
202601,24,553000,039,0805,64000 ,00000 ,3492 ,480,41540, , ,21853      ,3,5,1,Princess Anne town,0,0,0,0,0,0,0,0,0,0,0,0,0,0,0,0,0,0,0,0,0,0,0,0
202601,24,557000,035,0810,64500 ,00000 ,127 ,548,12580,2, ,21657      ,3,5,0,Queen Anne town,0,0,0,0,0,0,0,0,0,0,0,0,0,0,0,0,0,0,0,0,0,0,0,0
202601,24,565000,035,    ,99990 ,00000 ,43857 ,548,12580, , ,21617      ,3,5,1,Queen Annes County Unincorporated Area,5,5,1515000,1,2,315000,0,0,0,1,14,3200000,5,5,1515000,1,2,315000,0,0,0,1,14,3200000
202601,24,569000,035,0815,64600 ,00000 ,701 ,548,12580, , ,21658      ,3,5,0,Queenstown town,0,0,0,0,0,0,0,0,0,0,0,0,0,0,0,0,0,0,0,0,0,0,0,0
202601,24,573000,011,0825,66000 ,00000 ,1655 ,999,99999, , ,216600710  ,3,5,0,Ridgely town,0,0,0,0,0,0,0,0,0,0,0,0,0,0,0,0,0,0,0,0,0,0,0,0
202601,24,577000,015,0830,66275 ,00000 ,2784 ,428,37980, , ,21911      ,3,5,0,Rising Sun town,0,0,0,0,0,0,0,0,0,0,0,0,0,0,0,0,0,0,0,0,0,0,0,0
202601,24,585000,029,0845,67400 ,00000 ,1255 ,999,99999, , ,21661      ,3,5,0,Rock Hall town,0,0,0,0,0,0,0,0,0,0,0,0,0,0,0,0,0,0,0,0,0,0,0,0
202601,24,589000,031,0850,67675 ,00000 ,69512 ,548,47900, ,1,208502364  ,3,5,1,Rockville,11,11,2775058,0,0,0,0,0,0,0,0,0,11,11,2775058,0,0,0,0,0,0,0,0,0
202601,24,597000,045,0865,69925 ,00000 ,33017 ,480,41540, ,1,218014940  ,3,5,1,Salisbury,1,1,131384,0,0,0,0,0,0,1,6,725472,1,1,131384,0,0,0,0,0,0,1,6,725472
202601,24,605000,019,0880,70900 ,00000 ,496 ,548,15700, , ,21664      ,3,5,0,Secretary town,0,0,0,0,0,0,0,0,0,0,0,0,0,0,0,0,0,0,0,0,0,0,0,0
202601,24,613000,045,0895,71650 ,00000 ,664 ,480,41540, , ,218610338  ,3,5,0,Sharptown town,0,0,0,0,0,0,0,0,0,0,0,0,0,0,0,0,0,0,0,0,0,0,0,0
202601,24,621000,047,0910,73075 ,00000 ,2046 ,480,36180, , ,21863      ,3,5,0,Snow Hill town,0,0,0,0,0,0,0,0,0,0,0,0,0,0,0,0,0,0,0,0,0,0,0,0
202601,24,625000,039,    ,99990 ,00000 ,19427 ,480,41540, , ,21853      ,3,5,1,Somerset County Unincorporated Area,0,0,0,0,0,0,0,0,0,0,0,0,0,0,0,0,0,0,0,0,0,0,0,0
202601,24,633000,037,    ,99990 ,00000 ,110775 ,548,30500, , ,20650      ,3,5,1,St. Marys County Unincorporated Area,11,11,4463495,0,0,0,0,0,0,0,0,0,11,11,4463495,0,0,0,0,0,0,0,0,0
202601,24,637000,041,0862,69825 ,00000 ,1029 ,548,20660, , ,216630206  ,3,5,1,St. Michaels town,1,1,172629,0,0,0,0,0,0,0,0,0,1,1,172629,0,0,0,0,0,0,0,0,0
202601,24,641000,035,0935,75650 ,00000 ,487 ,548,12580, , ,216680116  ,3,5,0,Sudlersville town,1,1,285508,0,0,0,0,0,0,0,0,0,0,0,0,0,0,0,0,0,0,0,0,0
202601,24,657000,041,    ,99990 ,00000 ,17646 ,548,20660, , ,21601      ,3,5,1,Talbot County Unincorporated Area,4,4,1851000,0,0,0,0,0,0,0,0,0,4,4,1851000,0,0,0,0,0,0,0,0,0
202601,24,669000,035,0960,77200 ,00000 ,88 ,548,12580,2, ,21670      ,3,5,0,Templeville town,0,0,0,0,0,0,0,0,0,0,0,0,0,0,0,0,0,0,0,0,0,0,0,0
202601,24,677000,041,0980,78575 ,00000 ,1000 ,548,20660, , ,21673      ,3,5,1,Trappe town,2,2,560000,0,0,0,0,0,0,0,0,0,2,2,560000,0,0,0,0,0,0,0,0,0
202601,24,701000,043,    ,99990 ,00000 ,97912 ,548,25180,2, ,21742      ,3,5,1,Washington County Unincorporated Area,8,8,2511268,0,0,0,0,0,0,0,0,0,8,8,2511268,0,0,0,0,0,0,0,0,0
202601,24,709000,001,1025,82750 ,00000 ,1712 ,999,19060, , ,21562      ,3,5,0,Westernport town,0,0,0,0,0,0,0,0,0,0,0,0,0,0,0,0,0,0,0,0,0,0,0,0
202601,24,717000,045,    ,99990 ,00000 ,57452 ,480,41540,2, ,21801      ,3,5,1,Wicomico County Unincorporated Area,3,3,655500,0,0,0,0,0,0,0,0,0,3,3,655500,0,0,0,0,0,0,0,0,0
202601,24,721000,045,1040,84950 ,00000 ,1012 ,480,41540, , ,218740098  ,3,5,0,Willards town,0,0,0,0,0,0,0,0,0,0,0,0,0,0,0,0,0,0,0,0,0,0,0,0
202601,24,733000,047,    ,99990 ,00000 ,34409 ,480,36180, , ,218631070  ,3,5,1,Worcester County Unincorporated Area,11,11,4070782,0,0,0,0,0,0,0,0,0,11,11,4070782,0,0,0,0,0,0,0,0,0
202601,28,003000,095,0005,00180 ,00000 ,5268 ,999,99999, , ,39730      ,3,6,1,Aberdeen,0,0,0,0,0,0,0,0,0,0,0,0,0,0,0,0,0,0,0,0,0,0,0,0
202601,28,005000,019,0010,00300 ,00000 ,1419 ,999,99999, , ,39735      ,3,6,0,Ackerman town,0,0,0,0,0,0,0,0,0,0,0,0,0,0,0,0,0,0,0,0,0,0,0,0
202601,28,013000,011,0015,00940 ,00000 ,182 ,999,17380, , ,38720      ,3,6,0,Alligator town,0,0,0,0,0,0,0,0,0,0,0,0,0,0,0,0,0,0,0,0,0,0,0,0
202601,28,015000,005,    ,99990 ,00000 ,10425 ,999,99999, , ,396450680  ,3,6,0,Amite County Unincorporated Area,0,0,0,0,0,0,0,0,0,0,0,0,0,0,0,0,0,0,0,0,0,0,0,0
202601,28,017000,095,0020,01260 ,00000 ,6714 ,999,99999, , ,38821      ,3,6,0,Amory,2,2,417610,0,0,0,0,0,0,0,0,0,0,0,0,0,0,0,0,0,0,0,0,0
202601,28,021000,151,0030,01820 ,00000 ,315 ,999,24740, , ,38722      ,3,6,0,Arcola town,0,0,0,0,0,0,0,0,0,0,0,0,0,0,0,0,0,0,0,0,0,0,0,0
202601,28,025000,009,0040,02140 ,00000 ,514 ,368,32820, , ,38603      ,3,6,0,Ashland town,0,0,0,0,0,0,0,0,0,0,0,0,0,0,0,0,0,0,0,0,0,0,0,0
202601,28,027000,007,    ,99990 ,00000 ,10757 ,999,99999, , ,390903635  ,3,6,0,Attala County Unincorporated Area,0,0,0,0,0,0,0,0,0,0,0,0,0,0,0,0,0,0,0,0,0,0,0,0
202601,28,031000,117,0045,02700 ,00000 ,1871 ,539,46180,2, ,38824      ,3,6,0,Baldwyn,0,0,0,0,0,0,1,3,609375,0,0,0,0,0,0,0,0,0,0,0,0,0,0,0
202601,28,033000,065,0050,03580 ,00000 ,206 ,999,99999, , ,39421      ,3,6,0,Bassfield town,0,0,0,0,0,0,0,0,0,0,0,0,0,0,0,0,0,0,0,0,0,0,0,0
202601,28,035000,107,0055,03620 ,00000 ,7116 ,999,99999, , ,38606      ,3,6,0,Batesville,0,0,0,0,0,0,0,0,0,0,0,0,0,0,0,0,0,0,0,0,0,0,0,0
202601,28,037000,061,0065,04060 ,00000 ,1650 ,279,29860, , ,39422      ,3,6,0,Bay Springs,0,0,0,0,0,0,0,0,0,0,0,0,0,0,0,0,0,0,0,0,0,0,0,0
202601,28,039000,045,0060,03980 ,00000 ,14529 ,999,25060, , ,39521      ,3,6,1,Bay St. Louis,3,3,489477,0,0,0,0,0,0,0,0,0,3,3,489477,0,0,0,0,0,0,0,0,0
202601,28,041000,111,0070,04500 ,00000 ,894 ,279,25620, , ,39423      ,3,6,0,Beaumont town,0,0,0,0,0,0,0,0,0,0,0,0,0,0,0,0,0,0,0,0,0,0,0,0
202601,28,043000,029,0075,04540 ,00000 ,322 ,298,27140, , ,39191      ,3,6,0,Beauregard village,0,0,0,0,0,0,0,0,0,0,0,0,0,0,0,0,0,0,0,0,0,0,0,0
202601,28,047000,053,0085,05140 ,00000 ,1889 ,999,99999, , ,39038      ,3,6,0,Belzoni,1,1,307500,0,0,0,0,0,0,0,0,0,0,0,0,0,0,0,0,0,0,0,0,0
202601,28,049000,011,0090,05220 ,00000 ,419 ,999,17380, , ,38725      ,3,6,0,Benoit town,0,0,0,0,0,0,0,0,0,0,0,0,0,0,0,0,0,0,0,0,0,0,0,0
202601,28,055000,011,0100,05820 ,00000 ,329 ,999,17380, , ,38726      ,3,6,0,Beulah town,0,0,0,0,0,0,0,0,0,0,0,0,0,0,0,0,0,0,0,0,0,0,0,0
202601,28,059000,047,0110,06220 ,00000 ,46127 ,999,25060, ,1,39533      ,3,6,1,Biloxi,9,9,1975000,0,0,0,0,0,0,0,0,0,9,9,1975000,0,0,0,0,0,0,0,0,0
202601,28,063000,145,0120,07100 ,00000 ,243 ,999,99999, , ,388280094  ,3,6,0,Blue Springs village,0,0,0,0,0,0,0,0,0,0,0,0,0,0,0,0,0,0,0,0,0,0,0,0
202601,28,067000,049,0125,07540 ,00000 ,523 ,298,27140, , ,39041      ,3,6,0,Bolton town,0,0,0,0,0,0,0,0,0,0,0,0,0,0,0,0,0,0,0,0,0,0,0,0
202601,28,069000,117,0130,07780 ,00000 ,8400 ,539,46180, , ,38829      ,3,6,1,Booneville,0,0,0,0,0,0,0,0,0,0,0,0,0,0,0,0,0,0,0,0,0,0,0,0
202601,28,071000,011,0135,08180 ,00000 ,589 ,999,17380, , ,38730      ,3,6,0,Boyle town,0,0,0,0,0,0,0,0,0,0,0,0,0,0,0,0,0,0,0,0,0,0,0,0
202601,28,073000,121,0140,08300 ,00000 ,24396 ,298,27140, , ,39043      ,3,6,1,Brandon,0,0,0,0,0,0,0,0,0,0,0,0,0,0,0,0,0,0,0,0,0,0,0,0
202601,28,077000,085,0150,08820 ,00000 ,11861 ,298,15020, ,2,39602      ,3,6,1,Brookhaven,0,0,0,0,0,0,0,0,0,0,0,0,0,0,0,0,0,0,0,0,0,0,0,0
202601,28,081000,013,0160,09180 ,00000 ,1798 ,999,99999, , ,38915      ,3,6,0,Bruce town,0,0,0,0,0,0,0,0,0,0,0,0,0,0,0,0,0,0,0,0,0,0,0,0
202601,28,087000,093,0175,10060 ,00000 ,1213 ,368,32820, , ,38611      ,3,6,1,Byhalia town,8,8,2800000,0,0,0,0,0,0,0,0,0,8,8,2800000,0,0,0,0,0,0,0,0,0
202601,28,088000,049,0177,10140 ,00000 ,11265 ,298,27140, , ,39272      ,3,6,0,Byram,4,4,609163,0,0,0,0,0,0,0,0,0,0,0,0,0,0,0,0,0,0,0,0,0
202601,28,091000,013,0185,10580 ,00000 ,1649 ,999,99999, , ,38916      ,3,6,0,Calhoun City town,0,0,0,0,0,0,0,0,0,0,0,0,0,0,0,0,0,0,0,0,0,0,0,0
202601,28,095000,089,0190,11100 ,00000 ,11799 ,298,27140, , ,39046      ,3,6,0,Canton,1,1,181687,0,0,0,0,0,0,0,0,0,0,0,0,0,0,0,0,0,0,0,0,0
202601,28,101000,079,0200,11780 ,00000 ,4725 ,999,99999, , ,39051      ,3,6,0,Carthage,0,0,0,0,0,0,0,0,0,0,0,0,0,0,0,0,0,0,0,0,0,0,0,0
202601,28,105000,157,0210,12740 ,00000 ,1169 ,999,99999,2, ,39631      ,3,6,0,Centreville town,0,0,0,0,0,0,0,0,0,0,0,0,0,0,0,0,0,0,0,0,0,0,0,0
202601,28,109000,135,0215,12900 ,00000 ,1882 ,999,99999, , ,38921      ,3,6,0,Charleston,0,0,0,0,0,0,0,0,0,0,0,0,0,0,0,0,0,0,0,0,0,0,0,0
202601,28,113000,019,    ,99990 ,00000 ,6006 ,999,99999, , ,397350250  ,3,6,0,Choctaw County Unincorporated Area,0,0,0,0,0,0,0,0,0,0,0,0,0,0,0,0,0,0,0,0,0,0,0,0
202601,28,121000,027,0225,13820 ,00000 ,14470 ,368,17260, ,2,386140940  ,3,6,0,Clarksdale,0,0,0,0,0,0,0,0,0,0,0,0,0,0,0,0,0,0,0,0,0,0,0,0
202601,28,125000,011,0235,14260 ,00000 ,10846 ,999,17380, ,2,38732      ,3,6,1,Cleveland,0,0,0,0,0,0,0,0,0,0,0,0,0,0,0,0,0,0,0,0,0,0,0,0
202601,28,127000,049,0240,14420 ,00000 ,23873 ,298,27140, , ,39056      ,3,6,0,Clinton,2,2,428800,0,0,0,0,0,0,0,0,0,0,0,0,0,0,0,0,0,0,0,0,0
202601,28,129000,027,    ,99990 ,00000 ,4201 ,368,17260, , ,38614      ,3,6,0,Coahoma County Unincorporated Area,2,2,355524,0,0,0,0,0,0,0,0,0,0,0,0,0,0,0,0,0,0,0,0,0
202601,28,131000,027,0243,14580 ,00000 ,313 ,368,17260, , ,38617      ,3,6,0,Coahoma town,0,0,0,0,0,0,0,0,0,0,0,0,0,0,0,0,0,0,0,0,0,0,0,0
202601,28,133000,161,0245,14740 ,00000 ,811 ,999,37060, , ,38922      ,3,6,0,Coffeeville town,0,0,0,0,0,0,0,0,0,0,0,0,0,0,0,0,0,0,0,0,0,0,0,0
202601,28,135000,137,0250,14900 ,00000 ,1534 ,368,32820, , ,38618      ,3,6,0,Coldwater town,0,0,0,0,0,0,0,0,0,0,0,0,0,0,0,0,0,0,0,0,0,0,0,0
202601,28,137000,031,0255,15140 ,00000 ,2417 ,999,99999, , ,39428      ,3,6,0,Collins,0,0,0,0,0,0,0,0,0,0,0,0,0,0,0,0,0,0,0,0,0,0,0,0
202601,28,139000,091,0260,15340 ,00000 ,5850 ,999,99999, , ,39429      ,3,6,0,Columbia,0,0,0,0,0,0,0,0,0,0,0,0,0,0,0,0,0,0,0,0,0,0,0,0
202601,28,141000,087,0265,15380 ,00000 ,23307 ,523,18060, ,2,397014973  ,3,6,1,Columbus,0,0,0,0,0,0,0,0,0,0,0,0,0,0,0,0,0,0,0,0,0,0,0,0
202601,28,143000,107,0270,15500 ,00000 ,1170 ,999,99999, , ,38619      ,3,6,0,Como town,0,0,0,0,0,0,0,0,0,0,0,0,0,0,0,0,0,0,0,0,0,0,0,0
202601,28,145000,029,    ,99990 ,00000 ,17192 ,298,27140, , ,39083      ,3,6,0,Copiah County Unincorporated Area,0,0,0,0,0,0,0,0,0,0,0,0,0,0,0,0,0,0,0,0,0,0,0,0
202601,28,147000,003,0275,15700 ,00000 ,14435 ,539,18420, ,2,38834      ,3,6,1,Corinth,1,1,1065210,0,0,0,0,0,0,0,0,0,1,1,1065210,0,0,0,0,0,0,0,0,0
202601,28,149000,107,0280,15980 ,00000 ,504 ,999,99999, , ,386200051  ,3,6,0,Courtland town,0,0,0,0,0,0,0,0,0,0,0,0,0,0,0,0,0,0,0,0,0,0,0,0
202601,28,169000,029,0310,17060 ,00000 ,4647 ,298,27140, , ,390590473  ,3,6,0,Crystal Springs,0,0,0,0,0,0,0,0,0,0,0,0,0,0,0,0,0,0,0,0,0,0,0,0
202601,28,170000,045,0735,19100 ,00000 ,8058 ,999,25060, , ,39525      ,3,6,1,Diamondhead,1,1,495899,0,0,0,0,0,0,0,0,0,1,1,495899,0,0,0,0,0,0,0,0,0
202601,28,171000,047,0330,19180 ,00000 ,13981 ,999,25060, , ,39540      ,3,6,1,DIberville,0,0,0,0,0,0,0,0,0,0,0,0,0,0,0,0,0,0,0,0,0,0,0,0
202601,28,173000,127,0335,19340 ,00000 ,442 ,298,27140, , ,39062      ,3,6,0,DLo town,0,0,0,0,0,0,0,0,0,0,0,0,0,0,0,0,0,0,0,0,0,0,0,0
202601,28,177000,101,0315,18180 ,00000 ,1733 ,999,99999, , ,393270307  ,3,6,0,Decatur town,0,0,0,0,0,0,0,0,0,0,0,0,0,0,0,0,0,0,0,0,0,0,0,0
202601,28,179000,013,0325,18940 ,00000 ,961 ,999,99999, , ,388390098  ,3,6,0,Derma town,0,0,0,0,0,0,0,0,0,0,0,0,0,0,0,0,0,0,0,0,0,0,0,0
202601,28,181000,033,    ,99990 ,00000 ,46408 ,368,32820, , ,386322132  ,3,6,1,DeSoto County Unincorporated Area,20,20,5920334,0,0,0,0,0,0,0,0,0,20,20,5920334,0,0,0,0,0,0,0,0,0
202601,28,185000,133,0345,20020 ,00000 ,1579 ,999,99999, , ,38737      ,3,6,0,Drew,0,0,0,0,0,0,0,0,0,0,0,0,0,0,0,0,0,0,0,0,0,0,0,0
202601,28,187000,097,0350,20260 ,00000 ,1760 ,999,24980, , ,38925      ,3,6,0,Duck Hill town,1,1,39000,0,0,0,0,0,0,1,7,175000,0,0,0,0,0,0,0,0,0,0,0,0
202601,28,191000,011,0355,20380 ,00000 ,376 ,999,17380, , ,38740      ,3,6,0,Duncan town,0,0,0,0,0,0,0,0,0,0,0,0,0,0,0,0,0,0,0,0,0,0,0,0
202601,28,193000,051,0360,20500 ,00000 ,2198 ,298,27140, , ,39063      ,3,6,0,Durant,0,0,0,0,0,0,0,0,0,0,0,0,0,0,0,0,0,0,0,0,0,0,0,0
202601,28,195000,115,0370,21340 ,00000 ,1067 ,999,99999, , ,38841      ,3,6,1,Ecru town,0,0,0,0,0,0,0,0,0,0,0,0,0,0,0,0,0,0,0,0,0,0,0,0
202601,28,199000,049,0380,21580 ,00000 ,999 ,298,27140, , ,39066      ,3,6,0,Edwards town,0,0,0,0,0,0,0,0,0,0,0,0,0,0,0,0,0,0,0,0,0,0,0,0
202601,28,201000,067,0385,22020 ,00000 ,4551 ,279,29860, , ,39437      ,3,6,1,Ellisville,0,0,0,0,0,0,0,0,0,0,0,0,0,0,0,0,0,0,0,0,0,0,0,0
202601,28,207000,155,0410,23420 ,00000 ,1998 ,523,44260, , ,397442602  ,3,6,0,Eupora,0,0,0,0,0,0,0,0,0,0,0,0,0,0,0,0,0,0,0,0,0,0,0,0
202601,28,211000,139,0413,24220 ,00000 ,482 ,999,99999, , ,38029      ,3,6,0,Falkner town,0,0,0,0,0,0,0,0,0,0,0,0,0,0,0,0,0,0,0,0,0,0,0,0
202601,28,213000,063,0415,24500 ,00000 ,1432 ,999,35020, , ,39069      ,3,6,0,Fayette,0,0,0,0,0,0,0,0,0,0,0,0,0,0,0,0,0,0,0,0,0,0,0,0
202601,28,215000,089,0420,24940 ,00000 ,1866 ,298,27140, , ,39071      ,3,6,1,Flora town,1,1,250000,0,0,0,0,0,0,0,0,0,1,1,250000,0,0,0,0,0,0,0,0,0
202601,28,217000,121,0960,24980 ,00000 ,4531 ,298,27140, , ,39073      ,3,6,1,Florence,3,3,950000,0,0,0,0,0,0,0,0,0,3,3,950000,0,0,0,0,0,0,0,0,0
202601,28,219000,121,0430,25100 ,00000 ,9556 ,298,27140, , ,392320069  ,3,6,1,Flowood,5,5,2589600,0,0,0,0,0,0,0,0,0,5,5,2589600,0,0,0,0,0,0,0,0,0
202601,28,221000,123,0435,25340 ,00000 ,5483 ,298,27140, , ,39074      ,3,6,0,Forest,1,1,287588,0,0,0,0,0,0,0,0,0,0,0,0,0,0,0,0,0,0,0,0,0
202601,28,229000,027,0450,26060 ,00000 ,990 ,368,17260, , ,38631      ,3,6,0,Friars Point town,0,0,0,0,0,0,0,0,0,0,0,0,0,0,0,0,0,0,0,0,0,0,0,0
202601,28,231000,057,0455,26300 ,00000 ,3846 ,539,46180, , ,38843      ,3,6,0,Fulton,0,0,0,0,0,0,0,0,0,0,0,0,0,0,0,0,0,0,0,0,0,0,0,0
202601,28,235000,059,0467,26860 ,00000 ,18379 ,999,25060, , ,39553      ,3,6,1,Gautier,12,12,2010000,0,0,0,0,0,0,0,0,0,12,12,2010000,0,0,0,0,0,0,0,0,0
202601,28,243000,005,0480,27820 ,00000 ,852 ,999,99999, , ,39638      ,3,6,0,Gloster town,0,0,0,0,0,0,0,0,0,0,0,0,0,0,0,0,0,0,0,0,0,0,0,0
202601,28,247000,051,0490,28220 ,00000 ,1152 ,298,27140, , ,39079      ,3,6,0,Goodman town,0,0,0,0,0,0,0,0,0,0,0,0,0,0,0,0,0,0,0,0,0,0,0,0
202601,28,251000,151,0495,29180 ,00000 ,28315 ,999,24740, ,2,387020897  ,3,6,0,Greenville,0,0,0,0,0,0,0,0,0,0,0,0,0,0,0,0,0,0,0,0,0,0,0,0
202601,28,253000,083,0505,29340 ,00000 ,13457 ,999,24900, ,2,38930      ,3,6,0,Greenwood,0,0,0,0,0,0,0,0,0,1,5,252941,0,0,0,0,0,0,0,0,0,0,0,0
202601,28,255000,043,0510,29460 ,00000 ,12105 ,999,24980, ,2,38901      ,3,6,0,Grenada,1,1,154165,0,0,0,0,0,0,0,0,0,0,0,0,0,0,0,0,0,0,0,0,0
202601,28,259000,047,0515,29700 ,00000 ,71438 ,999,25060, ,1,395021780  ,3,6,0,Gulfport,79,79,4342128,0,0,0,0,0,0,0,0,0,0,0,0,0,0,0,0,0,0,0,0,0
202601,28,261000,011,0520,29900 ,00000 ,399 ,999,17380, , ,38746      ,3,6,0,Gunnison town,0,0,0,0,0,0,0,0,0,0,0,0,0,0,0,0,0,0,0,0,0,0,0,0
202601,28,263000,081,0525,29940 ,00000 ,2797 ,539,46180, , ,38849      ,3,6,1,Guntown town,0,0,0,0,0,0,0,0,0,0,0,0,0,0,0,0,0,0,0,0,0,0,0,0
202601,28,265000,045,    ,99990 ,00000 ,19098 ,999,25060, , ,39520      ,3,6,0,Hancock County Unincorporated Area,8,8,1484073,0,0,0,0,0,0,0,0,0,0,0,0,0,0,0,0,0,0,0,0,0
202601,28,267000,047,    ,99990 ,00000 ,54630 ,999,25060, , ,39503      ,3,6,1,Harrison County Unincorporated Area,35,35,6674675,0,0,0,0,0,0,0,0,0,35,35,6674675,0,0,0,0,0,0,0,0,0
202601,28,271000,035,0535,31020 ,00000 ,40208 ,279,25620,2,1,39401      ,3,6,0,Hattiesburg,3,3,833010,0,0,0,0,0,0,0,0,0,0,0,0,0,0,0,0,0,0,0,0,0
202601,28,275000,029,0540,31220 ,00000 ,3689 ,298,27140, , ,39083      ,3,6,1,Hazlehurst,0,0,0,0,0,0,0,0,0,0,0,0,0,0,0,0,0,0,0,0,0,0,0,0
202601,28,279000,033,0550,31780 ,00000 ,16854 ,368,32820, , ,38632      ,3,6,1,Hernando,5,5,697000,0,0,0,0,0,0,0,0,0,5,5,697000,0,0,0,0,0,0,0,0,0
202601,28,281000,009,0560,32020 ,00000 ,555 ,368,32820, , ,38633      ,3,6,0,Hickory Flat town,0,0,0,0,0,0,0,0,0,0,0,0,0,0,0,0,0,0,0,0,0,0,0,0
202601,28,285000,049,    ,99990 ,00000 ,29813 ,298,27140, , ,39154      ,3,6,1,Hinds County Unincorporated Area,7,7,1549610,0,0,0,0,0,0,0,0,0,7,7,1549610,0,0,0,0,0,0,0,0,0
202601,28,287000,151,0570,32900 ,00000 ,2242 ,999,24740, , ,38748      ,3,6,0,Hollandale,0,0,0,0,0,0,0,0,0,0,0,0,0,0,0,0,0,0,0,0,0,0,0,0
202601,28,289000,093,0575,33100 ,00000 ,7684 ,368,32820, , ,38635      ,3,6,0,Holly Springs,0,0,0,0,0,0,0,0,0,0,0,0,0,0,0,0,0,0,0,0,0,0,0,0
202601,28,293000,033,0578,33700 ,00000 ,27282 ,368,32820, , ,38637      ,3,6,0,Horn Lake,8,8,805673,0,0,0,0,0,0,0,0,0,0,0,0,0,0,0,0,0,0,0,0,0
202601,28,295000,017,0585,33900 ,00000 ,3375 ,999,99999, , ,38851      ,3,6,0,Houston,0,0,0,0,0,0,0,0,0,0,0,0,0,0,0,0,0,0,0,0,0,0,0,0
202601,28,297000,053,    ,99990 ,00000 ,4902 ,999,99999,2, ,390380547  ,3,6,0,Humphreys County Unincorporated Area,0,0,0,0,0,0,0,0,0,0,0,0,0,0,0,0,0,0,0,0,0,0,0,0
202601,28,299000,133,0590,34740 ,00000 ,8855 ,999,99999, , ,38751      ,3,6,0,Indianola,1,1,262526,0,0,0,0,0,0,0,0,0,0,0,0,0,0,0,0,0,0,0,0,0
202601,28,301000,133,0595,35020 ,00000 ,852 ,999,99999, , ,38753      ,3,6,0,Inverness town,0,0,0,0,0,0,0,0,0,0,0,0,0,0,0,0,0,0,0,0,0,0,0,0
202601,28,303000,053,0600,35220 ,00000 ,591 ,999,99999, , ,38754      ,3,6,0,Isola town,0,0,0,0,0,0,0,0,0,0,0,0,0,0,0,0,0,0,0,0,0,0,0,0
202601,28,309000,083,0605,35260 ,00000 ,1795 ,999,24900, , ,38941      ,3,6,0,Itta Bena,0,0,0,0,0,0,0,0,0,0,0,0,0,0,0,0,0,0,0,0,0,0,0,0
202601,28,311000,141,0610,35300 ,00000 ,2928 ,999,99999, , ,38852      ,3,6,0,Iuka,1,1,302641,0,0,0,0,0,0,0,0,0,0,0,0,0,0,0,0,0,0,0,0,0
202601,28,313000,049,0615,36000 ,00000 ,157199 ,298,27140,2,1,39205      ,3,6,0,Jackson,2,2,474089,0,0,0,0,0,0,0,0,0,0,0,0,0,0,0,0,0,0,0,0,0
202601,28,319000,059,    ,99990 ,00000 ,72864 ,999,25060, , ,395680998  ,3,6,1,Jackson County Unincorporated Area,97,97,15708420,0,0,0,0,0,0,0,0,0,97,97,15708420,0,0,0,0,0,0,0,0,0
202601,28,329000,027,0620,36800 ,00000 ,1070 ,368,17260, , ,38639      ,3,6,0,Jonestown town,0,0,0,0,0,0,0,0,0,0,0,0,0,0,0,0,0,0,0,0,0,0,0,0
202601,28,335000,097,0625,37560 ,00000 ,538 ,999,24980, , ,39747      ,3,6,0,Kilmichael town,0,0,0,0,0,0,0,0,0,0,0,0,0,0,0,0,0,0,0,0,0,0,0,0
202601,28,337000,007,0630,38320 ,00000 ,6615 ,999,99999, , ,39090      ,3,6,0,Kosciusko,0,0,0,0,0,0,0,0,0,0,0,0,0,0,0,0,0,0,0,0,0,0,0,0
202601,28,341000,071,    ,99990 ,00000 ,24883 ,999,37060, , ,386551240  ,3,6,0,Lafayette County Unincorporated Area,15,15,4901914,0,0,0,0,0,0,0,0,0,0,0,0,0,0,0,0,0,0,0,0,0
202601,28,345000,123,0645,38600 ,00000 ,315 ,298,27140,2, ,39092      ,3,6,0,Lake town,0,0,0,0,0,0,0,0,0,0,0,0,0,0,0,0,0,0,0,0,0,0,0,0
202601,28,351000,075,    ,99990 ,00000 ,36258 ,999,32940, , ,39301      ,3,6,1,Lauderdale County Unincorporated Area,0,0,0,0,0,0,0,0,0,0,0,0,0,0,0,0,0,0,0,0,0,0,0,0
202601,28,353000,067,0655,39640 ,00000 ,18197 ,279,29860, ,2,39441      ,3,6,1,Laurel,0,0,0,0,0,0,0,0,0,0,0,0,0,0,0,0,0,0,0,0,0,0,0,0
202601,28,359000,041,0660,39840 ,00000 ,868 ,999,99999, , ,39451      ,3,6,0,Leakesville town,0,0,0,0,0,0,0,0,0,0,0,0,0,0,0,0,0,0,0,0,0,0,0,0
202601,28,361000,049,0665,39880 ,00000 ,82 ,298,27140, , ,39154      ,3,6,0,Learned town,0,0,0,0,0,0,0,0,0,0,0,0,0,0,0,0,0,0,0,0,0,0,0,0
202601,28,365000,083,    ,99990 ,00000 ,11625 ,999,24900, , ,38935      ,3,6,0,Leflore County Unincorporated Area,0,0,0,0,0,0,0,0,0,0,0,0,0,0,0,0,0,0,0,0,0,0,0,0
202601,28,367000,151,0670,40280 ,00000 ,3659 ,999,24740, , ,38756      ,3,6,0,Leland,0,0,0,0,0,0,0,0,0,0,0,0,0,0,0,0,0,0,0,0,0,0,0,0
202601,28,369000,079,0675,40360 ,00000 ,134 ,999,99999, , ,39094      ,3,6,0,Lena town,0,0,0,0,0,0,0,0,0,0,0,0,0,0,0,0,0,0,0,0,0,0,0,0
202601,28,371000,051,0680,40600 ,00000 ,1412 ,298,27140, , ,39095      ,3,6,0,Lexington,0,0,0,0,0,0,0,0,0,0,0,0,0,0,0,0,0,0,0,0,0,0,0,0
202601,28,373000,005,0685,40640 ,00000 ,634 ,999,99999, , ,39645      ,3,6,0,Liberty town,0,0,0,0,0,0,0,0,0,0,0,0,0,0,0,0,0,0,0,0,0,0,0,0
202601,28,377000,047,0690,41680 ,00000 ,16125 ,999,25060, , ,39560      ,3,6,1,Long Beach,4,4,930420,0,0,0,0,0,0,0,0,0,4,4,930420,0,0,0,0,0,0,0,0,0
202601,28,381000,053,0700,42240 ,00000 ,166 ,999,99999, , ,390970224  ,3,6,0,Louise town,0,0,0,0,0,0,0,0,0,0,0,0,0,0,0,0,0,0,0,0,0,0,0,0
202601,28,383000,159,0705,42280 ,00000 ,5926 ,999,99999, , ,39339      ,3,6,0,Louisville,0,0,0,0,0,0,0,0,0,0,0,0,0,0,0,0,0,0,0,0,0,0,0,0
202601,28,385000,087,    ,99990 ,00000 ,32879 ,523,18060,2, ,39702      ,3,6,1,Lowndes County Unincorporated Area,11,11,1137189,0,0,0,0,0,0,0,0,0,11,11,1137189,0,0,0,0,0,0,0,0,0
202601,28,387000,039,0710,42440 ,00000 ,3120 ,999,99999, , ,39452      ,3,6,0,Lucedale,3,3,433384,0,0,0,0,0,0,0,0,0,0,0,0,0,0,0,0,0,0,0,0,0
202601,28,389000,027,0715,42600 ,00000 ,241 ,368,17260, , ,386440326  ,3,6,0,Lula town,0,0,0,0,0,0,0,0,0,0,0,0,0,0,0,0,0,0,0,0,0,0,0,0
202601,28,391000,073,0720,42640 ,00000 ,2216 ,279,25620,2, ,39455      ,3,6,0,Lumberton,0,0,0,0,0,0,0,0,0,0,0,0,0,0,0,0,0,0,0,0,0,0,0,0
202601,28,395000,027,0725,42960 ,00000 ,279 ,368,17260, , ,38645      ,3,6,0,Lyon town,0,0,0,0,0,0,0,0,0,0,0,0,0,0,0,0,0,0,0,0,0,0,0,0
202601,28,397000,105,0727,42980 ,00000 ,541 ,523,44260,2, ,39750      ,3,6,0,Maben town,0,0,0,0,0,0,0,0,0,0,0,0,0,0,0,0,0,0,0,0,0,0,0,0
202601,28,401000,103,0750,44240 ,00000 ,2384 ,523,18060, , ,39341      ,3,6,0,Macon,0,0,0,0,0,0,0,0,0,0,0,0,0,0,0,0,0,0,0,0,0,0,0,0
202601,28,403000,089,0755,44520 ,00000 ,25701 ,298,27140, , ,391300040  ,3,6,1,Madison,1,1,800000,0,0,0,0,0,0,0,0,0,1,1,800000,0,0,0,0,0,0,0,0,0
202601,28,405000,089,    ,99990 ,00000 ,42946 ,298,27140, , ,39046      ,3,6,1,Madison County Unincorporated Area,51,51,11464000,0,0,0,0,0,0,0,0,0,51,51,11464000,0,0,0,0,0,0,0,0,0
202601,28,407000,127,0760,44600 ,00000 ,4094 ,298,27140, , ,39111      ,3,6,0,Magee,1,1,99300,0,0,0,0,0,0,0,0,0,0,0,0,0,0,0,0,0,0,0,0,0
202601,28,409000,113,0765,44680 ,00000 ,2174 ,999,32620, , ,396522836  ,3,6,0,Magnolia,0,0,0,0,0,0,0,0,0,0,0,0,0,0,0,0,0,0,0,0,0,0,0,0
202601,28,411000,057,0770,44920 ,00000 ,1119 ,539,46180, , ,38855      ,3,6,0,Mantachie town,0,0,0,0,0,0,0,0,0,0,0,0,0,0,0,0,0,0,0,0,0,0,0,0
202601,28,419000,075,0780,45160 ,00000 ,1482 ,999,32940, , ,39342      ,3,6,0,Marion town,1,1,302641,0,0,0,0,0,0,0,0,0,0,0,0,0,0,0,0,0,0,0,0,0
202601,28,423000,093,    ,99990 ,00000 ,25941 ,368,32820, , ,38635      ,3,6,1,Marshall County Unincorporated Area,15,15,4005710,0,0,0,0,0,0,0,0,0,15,15,4005710,0,0,0,0,0,0,0,0,0
202601,28,427000,155,0790,45720 ,00000 ,613 ,523,44260,2, ,397520178  ,3,6,0,Mathiston town,1,1,147573,0,0,0,0,0,0,0,0,0,0,0,0,0,0,0,0,0,0,0,0,0
202601,28,431000,113,0730,43280 ,00000 ,12813 ,999,32620, ,2,39648      ,3,6,0,McComb,0,0,0,0,0,0,0,0,0,0,0,0,0,0,0,0,0,0,0,0,0,0,0,0
202601,28,439000,033,1394,77400 ,00000 ,1441 ,368,32820, , ,38680      ,3,6,0,Walls town,0,0,0,0,0,0,0,0,0,0,0,0,0,0,0,0,0,0,0,0,0,0,0,0
202601,28,441000,127,0800,46600 ,00000 ,2393 ,298,27140, , ,39114      ,3,6,0,Mendenhall,0,0,0,0,0,0,0,0,0,0,0,0,0,0,0,0,0,0,0,0,0,0,0,0
202601,28,443000,075,0805,46640 ,00000 ,36011 ,999,32940, ,2,39302      ,3,6,0,Meridian,1,1,293178,0,0,0,0,0,0,0,0,0,0,0,0,0,0,0,0,0,0,0,0,0
202601,28,445000,011,0810,46720 ,00000 ,371 ,999,17380, , ,387590348  ,3,6,0,Merigold town,0,0,0,0,0,0,0,0,0,0,0,0,0,0,0,0,0,0,0,0,0,0,0,0
202601,28,447000,151,0812,46880 ,00000 ,935 ,999,24740, , ,38760      ,3,6,0,Metcalfe town,0,0,0,0,0,0,0,0,0,0,0,0,0,0,0,0,0,0,0,0,0,0,0,0
202601,28,455000,077,0830,48560 ,00000 ,1447 ,999,99999, , ,39654      ,3,6,0,Monticello town,0,0,0,0,0,0,0,0,0,0,0,0,0,0,0,0,0,0,0,0,0,0,0,0
202601,28,459000,133,0840,48760 ,00000 ,2059 ,999,99999, , ,38761      ,3,6,0,Moorhead,0,0,0,0,0,0,0,0,0,0,0,0,0,0,0,0,0,0,0,0,0,0,0,0
202601,28,463000,123,0845,49080 ,00000 ,3522 ,298,27140, , ,39117      ,3,6,0,Morton,1,1,287588,0,0,0,0,0,0,0,0,0,0,0,0,0,0,0,0,0,0,0,0,0
202601,28,465000,059,0850,49240 ,00000 ,13226 ,999,25060, , ,39563      ,3,6,0,Moss Point,0,0,0,0,0,0,0,0,0,0,0,0,0,0,0,0,0,0,0,0,0,0,0,0
202601,28,467000,011,0855,49320 ,00000 ,1341 ,999,17380, , ,38762      ,3,6,0,Mound Bayou,0,0,0,0,0,0,0,0,0,0,0,0,0,0,0,0,0,0,0,0,0,0,0,0
202601,28,469000,031,0860,49520 ,00000 ,896 ,999,99999, , ,39119      ,3,6,1,Mount Olive town,0,0,0,0,0,0,0,0,0,0,0,0,0,0,0,0,0,0,0,0,0,0,0,0
202601,28,473000,001,0870,50440 ,00000 ,14362 ,999,35020, ,2,391211185  ,3,6,0,Natchez,1,1,112875,0,0,0,0,0,0,0,0,0,0,0,0,0,0,0,0,0,0,0,0,0
202601,28,479000,095,0880,50880 ,00000 ,1064 ,999,99999,2, ,38858      ,3,6,0,Nettleton,0,0,0,0,0,0,0,0,0,0,0,0,0,0,0,0,0,0,0,0,0,0,0,0
202601,28,481000,145,0885,51000 ,00000 ,8771 ,999,99999, , ,38652      ,3,6,1,New Albany,1,1,425000,0,0,0,0,0,0,0,0,0,1,1,425000,0,0,0,0,0,0,0,0,0
202601,28,483000,111,0890,51040 ,00000 ,593 ,279,25620, , ,39462      ,3,6,0,New Augusta town,0,0,0,0,0,0,0,0,0,0,0,0,0,0,0,0,0,0,0,0,0,0,0,0
202601,28,485000,077,0894,51360 ,00000 ,413 ,999,99999, , ,391400173  ,3,6,0,New Hebron town,0,0,0,0,0,0,0,0,0,0,0,0,0,0,0,0,0,0,0,0,0,0,0,0
202601,28,491000,101,0900,51720 ,00000 ,3123 ,999,99999, , ,39345      ,3,6,0,Newton,0,0,0,0,0,0,0,0,0,0,0,0,0,0,0,0,0,0,0,0,0,0,0,0
202601,28,499000,103,    ,99990 ,00000 ,6361 ,523,18060, , ,39341      ,3,6,0,Noxubee County Unincorporated Area,0,0,0,0,0,0,0,0,0,0,0,0,0,0,0,0,0,0,0,0,0,0,0,0
202601,28,503000,059,0930,53520 ,00000 ,17791 ,999,25060, , ,39564      ,3,6,1,Ocean Springs,3,3,609400,0,0,0,0,0,0,0,0,0,3,3,609400,0,0,0,0,0,0,0,0,0
202601,28,505000,017,0935,53680 ,00000 ,2577 ,999,99999, , ,38860      ,3,6,0,Okolona,0,0,0,0,0,0,0,0,0,0,0,0,0,0,0,0,0,0,0,0,0,0,0,0
202601,28,509000,033,0940,54040 ,00000 ,39646 ,368,32820, , ,38654      ,3,6,1,Olive Branch,14,14,1974800,0,0,0,0,0,0,0,0,0,14,14,1974800,0,0,0,0,0,0,0,0,0
202601,28,513000,071,0955,54840 ,00000 ,28635 ,999,37060, ,2,38655      ,3,6,0,Oxford,16,16,5620849,1,2,474730,0,0,0,0,0,0,0,0,0,0,0,0,0,0,0,0,0,0
202601,28,515000,011,0960,54920 ,00000 ,238 ,999,17380, , ,38764      ,3,6,0,Pace town,0,0,0,0,0,0,0,0,0,0,0,0,0,0,0,0,0,0,0,0,0,0,0,0
202601,28,517000,023,0965,54960 ,00000 ,227 ,999,32940,2, ,39347      ,3,6,0,Pachuta village,0,0,0,0,0,0,0,0,0,0,0,0,0,0,0,0,0,0,0,0,0,0,0,0
202601,28,523000,059,0975,55360 ,00000 ,21542 ,999,25060, , ,395670908  ,3,6,0,Pascagoula,0,0,0,0,0,0,0,0,0,0,0,0,0,0,0,0,0,0,0,0,0,0,0,0
202601,28,525000,047,0980,55400 ,00000 ,6500 ,999,25060, , ,39571      ,3,6,1,Pass Christian,4,4,1200000,0,0,0,0,0,0,0,0,0,4,4,1200000,0,0,0,0,0,0,0,0,0
202601,28,527000,121,0985,55760 ,00000 ,26560 ,298,27140, , ,39208      ,3,6,1,Pearl,5,5,1706100,0,0,0,0,0,0,0,0,0,5,5,1706100,0,0,0,0,0,0,0,0,0
202601,28,529000,109,    ,99990 ,00000 ,42184 ,406,38100, , ,39470      ,3,6,1,Pearl River County Unincorporated Area,29,29,5390842,0,0,0,0,0,0,0,0,0,29,29,5390842,0,0,0,0,0,0,0,0,0
202601,28,531000,121,0990,56200 ,00000 ,1388 ,298,27140, , ,391450132  ,3,6,0,Pelahatchie town,1,1,150000,0,0,0,0,0,0,0,0,0,0,0,0,0,0,0,0,0,0,0,0,0
202601,28,535000,035,0995,56800 ,00000 ,10692 ,279,25620, , ,39465      ,3,6,1,Petal,0,0,0,0,0,0,0,0,0,0,0,0,0,0,0,0,0,0,0,0,0,0,0,0
202601,28,537000,099,1000,56960 ,00000 ,7003 ,999,99999, , ,39350      ,3,6,0,Philadelphia,0,0,0,0,0,0,0,0,0,0,0,0,0,0,0,0,0,0,0,0,0,0,0,0
202601,28,539000,109,1005,57160 ,00000 ,10886 ,406,38100, ,2,39466      ,3,6,0,Picayune,3,3,610199,0,0,0,0,0,0,0,0,0,0,0,0,0,0,0,0,0,0,0,0,0
202601,28,541000,051,1010,57200 ,00000 ,976 ,298,27140, , ,391460297  ,3,6,0,Pickens town,0,0,0,0,0,0,0,0,0,0,0,0,0,0,0,0,0,0,0,0,0,0,0,0
202601,28,547000,081,1025,58440 ,00000 ,1125 ,539,46180, , ,38862      ,3,6,0,Plantersville town,0,0,0,0,0,0,0,0,0,0,0,0,0,0,0,0,0,0,0,0,0,0,0,0
202601,28,551000,115,1030,59160 ,00000 ,6227 ,999,99999, , ,38863      ,3,6,0,Pontotoc,1,1,98947,0,0,0,0,0,0,2,10,125000,0,0,0,0,0,0,0,0,0,0,0,0
202601,28,557000,109,1040,59480 ,00000 ,2780 ,406,38100, , ,39470      ,3,6,0,Poplarville,0,0,0,0,0,0,0,0,0,0,0,0,0,0,0,0,0,0,0,0,0,0,0,0
202601,28,559000,021,1045,59560 ,00000 ,1287 ,999,99999, , ,39150      ,3,6,0,Port Gibson,0,0,0,0,0,0,0,0,0,0,0,0,0,0,0,0,0,0,0,0,0,0,0,0
202601,28,561000,093,1050,59720 ,00000 ,463 ,368,32820, , ,38659      ,3,6,0,Potts Camp town,0,0,0,0,0,0,0,0,0,0,0,0,0,0,0,0,0,0,0,0,0,0,0,0
202601,28,565000,065,1060,59920 ,00000 ,925 ,999,99999, , ,39474      ,3,6,0,Prentiss town,0,0,0,0,0,0,0,0,0,0,0,0,0,0,0,0,0,0,0,0,0,0,0,0
202601,28,569000,073,1070,60480 ,00000 ,2398 ,279,25620, , ,39475      ,3,6,0,Purvis,0,0,0,0,0,0,0,0,0,0,0,0,0,0,0,0,0,0,0,0,0,0,0,0
202601,28,571000,023,1075,60720 ,00000 ,2041 ,999,32940, , ,39355      ,3,6,0,Quitman,0,0,0,0,0,0,0,0,0,0,0,0,0,0,0,0,0,0,0,0,0,0,0,0
202601,28,573000,119,    ,99990 ,00000 ,2899 ,999,99999,2, ,38646      ,3,6,0,Quitman County Unincorporated Area,0,0,0,0,0,0,0,0,0,0,0,0,0,0,0,0,0,0,0,0,0,0,0,0
202601,28,577000,121,    ,99990 ,00000 ,81927 ,298,27140,2, ,39042      ,3,6,1,Rankin County Unincorporated Area,17,17,5032284,0,0,0,0,0,0,0,0,0,17,17,5032284,0,0,0,0,0,0,0,0,0
202601,28,579000,049,1090,61160 ,00000 ,2082 ,298,27140, , ,39154      ,3,6,0,Raymond,0,0,0,0,0,0,0,0,0,0,0,0,0,0,0,0,0,0,0,0,0,0,0,0
202601,28,581000,011,1092,61890 ,00000 ,761 ,999,17380, , ,38732      ,3,6,0,Renova town,1,1,180000,0,0,0,0,0,0,0,0,0,0,0,0,0,0,0,0,0,0,0,0,0
202601,28,583000,121,1093,62400 ,00000 ,7270 ,298,27140, , ,392180370  ,3,6,1,Richland,0,0,0,0,0,0,0,0,0,0,0,0,0,0,0,0,0,0,0,0,0,0,0,0
202601,28,585000,111,1095,62480 ,00000 ,992 ,279,25620, , ,39476      ,3,6,0,Richton town,0,0,0,0,0,0,0,0,0,0,0,0,0,0,0,0,0,0,0,0,0,0,0,0
202601,28,587000,089,1100,62520 ,00000 ,23938 ,298,27140, , ,39157      ,3,6,1,Ridgeland,0,0,0,0,0,0,0,0,0,0,0,0,0,0,0,0,0,0,0,0,0,0,0,0
202601,28,589000,003,1105,62560 ,00000 ,304 ,539,18420,2, ,38865      ,3,6,0,Rienzi town,0,0,0,0,0,0,0,0,0,0,0,0,0,0,0,0,0,0,0,0,0,0,0,0
202601,28,591000,139,1110,62600 ,00000 ,5189 ,999,99999, , ,386632421  ,3,6,0,Ripley,1,1,209076,0,0,0,0,0,0,0,0,0,0,0,0,0,0,0,0,0,0,0,0,0
202601,28,593000,125,1115,63560 ,00000 ,1849 ,999,99999, , ,39159      ,3,6,0,Rolling Fork,0,0,0,0,0,0,0,0,0,0,0,0,0,0,0,0,0,0,0,0,0,0,0,0
202601,28,595000,011,1125,63720 ,00000 ,1559 ,999,17380, , ,38769      ,3,6,0,Rosedale,0,0,0,0,0,0,0,0,0,0,0,0,0,0,0,0,0,0,0,0,0,0,0,0
202601,28,599000,133,1135,64200 ,00000 ,2511 ,999,99999, , ,38771      ,3,6,0,Ruleville,0,0,0,0,0,0,0,0,0,0,0,0,0,0,0,0,0,0,0,0,0,0,0,0
202601,28,601000,007,1140,64800 ,00000 ,128 ,999,99999, , ,39160      ,3,6,0,Sallis town,0,0,0,0,0,0,0,0,0,0,0,0,0,0,0,0,0,0,0,0,0,0,0,0
202601,28,603000,081,1145,64840 ,00000 ,5071 ,539,46180, , ,38866      ,3,6,0,Saltillo,0,0,0,0,0,0,0,0,0,1,5,755208,0,0,0,0,0,0,0,0,0,0,0,0
202601,28,607000,107,1155,65560 ,00000 ,1529 ,999,99999, , ,38666      ,3,6,0,Sardis town,0,0,0,0,0,0,0,0,0,0,0,0,0,0,0,0,0,0,0,0,0,0,0,0
202601,28,609000,163,1160,65680 ,00000 ,51 ,298,27140, , ,39162      ,3,6,0,Satartia village,0,0,0,0,0,0,0,0,0,0,0,0,0,0,0,0,0,0,0,0,0,0,0,0
202601,28,621000,137,1180,66440 ,00000 ,7614 ,368,32820, , ,38668      ,3,6,0,Senatobia,2,2,462724,0,0,0,0,0,0,0,0,0,0,0,0,0,0,0,0,0,0,0,0,0
202601,28,623000,081,1185,66720 ,00000 ,1765 ,539,46180, , ,38868      ,3,6,0,Shannon town,0,0,0,0,0,0,0,0,0,0,0,0,0,0,0,0,0,0,0,0,0,0,0,0
202601,28,625000,125,    ,99990 ,00000 ,1451 ,999,99999,2, ,39159      ,3,6,0,Sharkey County Unincorporated Area,0,0,0,0,0,0,0,0,0,0,0,0,0,0,0,0,0,0,0,0,0,0,0,0
202601,28,627000,011,1190,67000 ,00000 ,1649 ,999,17380,2, ,38773      ,3,6,0,Shaw,0,0,0,0,0,0,0,0,0,0,0,0,0,0,0,0,0,0,0,0,0,0,0,0
202601,28,631000,011,1195,67040 ,00000 ,1910 ,999,17380, , ,38774      ,3,6,0,Shelby,0,0,0,0,0,0,0,0,0,0,0,0,0,0,0,0,0,0,0,0,0,0,0,0
202601,28,633000,115,1200,67200 ,00000 ,519 ,999,99999,2, ,38869      ,3,6,0,Sherman town,2,2,605281,0,0,0,0,0,0,0,0,0,0,0,0,0,0,0,0,0,0,0,0,0
202601,28,639000,103,1210,67640 ,00000 ,422 ,523,18060, , ,39361      ,3,6,0,Shuqualak town,0,0,0,0,0,0,0,0,0,0,0,0,0,0,0,0,0,0,0,0,0,0,0,0
202601,28,647000,127,    ,99990 ,00000 ,19521 ,298,27140, , ,38114      ,3,6,0,Simpson County Unincorporated Area,0,0,0,0,0,0,0,0,0,0,0,0,0,0,0,0,0,0,0,0,0,0,0,0
202601,28,655000,095,1240,68720 ,00000 ,738 ,999,99999, , ,38870      ,3,6,0,Smithville town,0,0,0,0,0,0,0,0,0,0,0,0,0,0,0,0,0,0,0,0,0,0,0,0
202601,28,656000,009,1241,68960 ,00000 ,291 ,368,32820, , ,38603      ,3,6,0,Snow Lake Shores town,0,0,0,0,0,0,0,0,0,0,0,0,0,0,0,0,0,0,0,0,0,0,0,0
202601,28,659000,033,1245,69280 ,00000 ,56644 ,368,32820, , ,38671      ,3,6,1,Southaven,3,3,320000,0,0,0,0,0,0,0,0,0,3,3,320000,0,0,0,0,0,0,0,0,0
202601,28,661000,105,1250,70240 ,00000 ,25540 ,523,44260, ,2,39759      ,3,6,1,Starkville,5,5,1640000,0,0,0,0,0,0,0,0,0,5,5,1640000,0,0,0,0,0,0,0,0,0
202601,28,667000,131,    ,99990 ,00000 ,13836 ,999,25060, , ,39577      ,3,6,0,Stone County Unincorporated Area,4,4,611146,0,0,0,0,0,0,0,0,0,0,0,0,0,0,0,0,0,0,0,0,0
202601,28,669000,023,1265,70760 ,00000 ,946 ,999,32940, , ,39363      ,3,6,0,Stonewall town,0,0,0,0,0,0,0,0,0,0,0,0,0,0,0,0,0,0,0,0,0,0,0,0
202601,28,673000,113,1275,71480 ,00000 ,1549 ,999,32620, , ,39666      ,3,6,0,Summit town,0,0,0,0,0,0,0,0,0,0,0,0,0,0,0,0,0,0,0,0,0,0,0,0
202601,28,675000,135,1280,71520 ,00000 ,264 ,999,99999, , ,38957      ,3,6,0,Sumner town,0,0,0,0,0,0,0,0,0,0,0,0,0,0,0,0,0,0,0,0,0,0,0,0
202601,28,677000,073,1285,71560 ,00000 ,1926 ,279,25620, , ,39482      ,3,6,0,Sumrall town,3,3,470044,0,0,0,0,0,0,0,0,0,0,0,0,0,0,0,0,0,0,0,0,0
202601,28,681000,133,1290,71600 ,00000 ,960 ,999,99999, , ,387780127  ,3,6,0,Sunflower town,0,0,0,0,0,0,0,0,0,0,0,0,0,0,0,0,0,0,0,0,0,0,0,0
202601,28,687000,137,    ,99990 ,00000 ,19391 ,368,32820, , ,38668      ,3,6,1,Tate County Unincorporated Area,6,6,1602000,0,0,0,0,0,0,0,0,0,6,6,1602000,0,0,0,0,0,0,0,0,0
202601,28,689000,071,1300,72360 ,00000 ,457 ,999,37060, , ,386730006  ,3,6,0,Taylor village,0,0,0,0,0,0,0,0,0,0,0,0,0,0,0,0,0,0,0,0,0,0,0,0
202601,28,691000,129,1305,72400 ,00000 ,1241 ,999,99999, , ,39168      ,3,6,0,Taylorsville town,0,0,0,0,0,0,0,0,0,0,0,0,0,0,0,0,0,0,0,0,0,0,0,0
202601,28,693000,051,1310,72440 ,00000 ,1905 ,298,27140, , ,39169      ,3,6,0,Tchula town,1,1,227274,0,0,0,0,0,0,0,0,0,0,0,0,0,0,0,0,0,0,0,0,0
202601,28,695000,049,1315,72680 ,00000 ,1241 ,298,27140, , ,39170      ,3,6,0,Terry town,1,1,130000,0,0,0,0,0,0,0,0,0,0,0,0,0,0,0,0,0,0,0,0,0
202601,28,709000,143,    ,99990 ,00000 ,8569 ,368,32820, , ,38676      ,3,6,0,Tunica County Unincorporated Area,6,6,1349679,0,0,0,0,0,0,0,0,0,0,0,0,0,0,0,0,0,0,0,0,0
202601,28,711000,143,1340,74760 ,00000 ,823 ,368,32820, , ,386760395  ,3,6,0,Tunica town,0,0,0,0,0,0,0,0,0,0,0,0,0,0,0,0,0,0,0,0,0,0,0,0
202601,28,713000,081,1345,74840 ,00000 ,38303 ,539,46180, ,2,38801      ,3,6,1,Tupelo,7,7,3249408,0,0,0,0,0,0,0,0,0,7,7,3249408,0,0,0,0,0,0,0,0,0
202601,28,715000,135,1350,75040 ,00000 ,3401 ,999,99999, , ,38963      ,3,6,0,Tutwiler town,0,0,0,0,0,0,0,0,0,0,0,0,0,0,0,0,0,0,0,0,0,0,0,0
202601,28,717000,147,1355,75160 ,00000 ,1419 ,999,32620, , ,39667      ,3,6,0,Tylertown town,0,0,0,0,0,0,0,0,0,0,0,0,0,0,0,0,0,0,0,0,0,0,0,0
202601,28,725000,049,1370,75760 ,00000 ,889 ,298,27140, , ,39175      ,3,6,0,Utica town,0,0,0,0,0,0,0,0,0,0,0,0,0,0,0,0,0,0,0,0,0,0,0,0
202601,28,729000,013,1380,76320 ,00000 ,1259 ,999,99999, , ,38878      ,3,6,0,Vardaman town,0,0,0,0,0,0,0,0,0,0,0,0,0,0,0,0,0,0,0,0,0,0,0,0
202601,28,731000,081,1385,76560 ,00000 ,3209 ,539,46180, , ,388792363  ,3,6,0,Verona,0,0,0,0,0,0,0,0,0,0,0,0,0,0,0,0,0,0,0,0,0,0,0,0
202601,28,733000,149,1390,76720 ,00000 ,21351 ,298,46980, ,2,39180      ,3,6,1,Vicksburg,0,0,0,0,0,0,0,0,0,0,0,0,0,0,0,0,0,0,0,0,0,0,0,0
202601,28,735000,079,1400,77520 ,00000 ,1658 ,999,99999, , ,391890069  ,3,6,0,Walnut Grove town,0,0,0,0,0,0,0,0,0,0,0,0,0,0,0,0,0,0,0,0,0,0,0,0
202601,28,743000,149,    ,99990 ,00000 ,23490 ,298,46980, , ,39183      ,3,6,0,Warren County Unincorporated Area,0,0,0,0,0,0,0,0,0,0,0,0,0,0,0,0,0,0,0,0,0,0,0,0
202601,28,745000,151,    ,99990 ,00000 ,7371 ,999,24740, , ,387021706  ,3,6,0,Washington County Unincorporated Area,0,0,0,0,0,0,0,0,0,0,0,0,0,0,0,0,0,0,0,0,0,0,0,0
202601,28,747000,161,1410,78000 ,00000 ,3221 ,999,37060, , ,389650888  ,3,6,0,Water Valley,2,2,60890,0,0,0,0,0,0,0,0,0,0,0,0,0,0,0,0,0,0,0,0,0
202601,28,749000,045,1415,78200 ,00000 ,6315 ,999,25060, , ,39576      ,3,6,0,Waveland,1,1,250000,0,0,0,0,0,0,0,0,0,0,0,0,0,0,0,0,0,0,0,0,0
202601,28,753000,153,1420,78360 ,00000 ,4866 ,999,99999, , ,39367      ,3,6,1,Waynesboro,0,0,0,0,0,0,0,0,0,0,0,0,0,0,0,0,0,0,0,0,0,0,0,0
202601,28,755000,135,3160,78480 ,00000 ,468 ,999,99999, , ,38966      ,3,6,0,Webb town,0,0,0,0,0,0,0,0,0,0,0,0,0,0,0,0,0,0,0,0,0,0,0,0
202601,28,761000,029,1440,78640 ,00000 ,1815 ,298,27140,2, ,39191      ,3,6,0,Wesson town,0,0,0,0,0,0,0,0,0,0,0,0,0,0,0,0,0,0,0,0,0,0,0,0
202601,28,763000,025,1455,79120 ,00000 ,10378 ,999,99999, , ,39773      ,3,6,1,West Point,0,0,0,0,0,0,0,0,0,0,0,0,0,0,0,0,0,0,0,0,0,0,0,0
202601,28,765000,051,1445,78680 ,00000 ,144 ,298,27140, , ,39192      ,3,6,0,West town,0,0,0,0,0,0,0,0,0,0,0,0,0,0,0,0,0,0,0,0,0,0,0,0
202601,28,767000,131,1460,80160 ,00000 ,4524 ,999,25060, , ,39577      ,3,6,0,Wiggins,0,0,0,0,0,0,0,0,0,0,0,0,0,0,0,0,0,0,0,0,0,0,0,0
202601,28,771000,097,1465,80760 ,00000 ,3830 ,999,24980, , ,38967      ,3,6,0,Winona,0,0,0,0,0,0,0,0,0,0,0,0,0,0,0,0,0,0,0,0,0,0,0,0
202601,28,775000,011,1470,80800 ,00000 ,163 ,999,17380, , ,38781      ,3,6,0,Winstonville town,0,0,0,0,0,0,0,0,0,0,0,0,0,0,0,0,0,0,0,0,0,0,0,0
202601,28,783000,163,1480,81520 ,00000 ,10673 ,298,27140, , ,39194      ,3,6,0,Yazoo City,1,1,72429,0,0,0,0,0,0,0,0,0,0,0,0,0,0,0,0,0,0,0,0,0
202601,37,001000,125,0005,00160 ,00000 ,8339 ,246,38240, , ,28315      ,3,5,1,Aberdeen town,22,22,4669629,0,0,0,0,0,0,0,0,0,22,22,4669629,0,0,0,0,0,0,0,0,0
202601,37,002000,091,0025,00500 ,00000 ,4688 ,999,99999, , ,27910      ,3,5,0,Ahoskie town,0,0,0,0,0,0,0,0,0,0,0,0,0,0,0,0,0,0,0,0,0,0,0,0
202601,37,003000,001,    ,99990 ,00000 ,63006 ,268,15500,2, ,272532803  ,3,5,1,Alamance County Unincorporated Area,55,55,10414500,0,0,0,0,0,0,0,0,0,55,55,10414500,0,0,0,0,0,0,0,0,0
202601,37,006000,003,    ,00000 ,00000 ,35301 ,172,25860, , ,28681      ,3,5,0,Alexander County,7,7,1201499,0,0,0,0,0,0,0,0,0,0,0,0,0,0,0,0,0,0,0,0,0
202601,37,008000,005,    ,00000 ,00000 ,9471 ,999,99999, , ,28675      ,3,5,1,Alleghany County,15,15,9430991,0,0,0,0,0,0,0,0,0,15,15,9430991,0,0,0,0,0,0,0,0,0
202601,37,011000,085,0045,01400 ,00000 ,5355 ,450,11360,2, ,275010278  ,3,5,0,Angier town,32,32,5547867,0,0,0,0,0,0,0,0,0,0,0,0,0,0,0,0,0,0,0,0,0
202601,37,012000,007,    ,99990 ,00000 ,14525 ,172,16740,2, ,28170      ,3,5,0,Anson County Unincorporated Area,4,4,599460,0,0,0,0,0,0,0,0,0,0,0,0,0,0,0,0,0,0,0,0,0
202601,37,014000,183,0055,01520 ,00000 ,64388 ,450,39580, , ,27502      ,3,5,1,Apex town,50,50,13069793,0,0,0,0,0,0,3,62,4950000,50,50,13069793,0,0,0,0,0,0,3,62,4950000
202601,37,019000,009,    ,00000 ,00000 ,24165 ,999,99999, , ,28640      ,3,5,1,Ashe County,2,2,831000,0,0,0,0,0,0,0,0,0,2,2,831000,0,0,0,0,0,0,0,0,0
202601,37,020000,151,0075,02080 ,00000 ,26023 ,268,24660, , ,27203      ,3,5,1,Asheboro,1,1,90000,5,10,1750000,0,0,0,0,0,0,1,1,90000,5,10,1750000,0,0,0,0,0,0
202601,37,021000,021,0095,02140 ,00000 ,92852 ,120,11700, ,1,28802      ,3,5,0,Asheville,18,18,6449594,1,2,362680,0,0,0,1,42,7363045,0,0,0,0,0,0,0,0,0,0,0,0
202601,37,028000,011,    ,99990 ,00000 ,14845 ,999,99999,2, ,28657      ,3,5,1,Avery County Unincorporated Area,7,7,2784029,0,0,0,0,0,0,0,0,0,7,7,2784029,0,0,0,0,0,0,0,0,0
202601,37,032000,019,0158,03150 ,00000 ,186 ,999,48900, , ,28461      ,3,5,1,Bald Head Island village,3,3,1778070,0,0,0,0,0,0,0,0,0,3,3,1778070,0,0,0,0,0,0,0,0,0
202601,37,039000,013,    ,99990 ,00000 ,33878 ,274,47820,2, ,27889      ,3,5,1,Beaufort County Unincorporated Area,7,7,2451497,0,0,0,0,0,0,0,0,0,7,7,2451497,0,0,0,0,0,0,0,0,0
202601,37,040000,031,0215,04260 ,00000 ,4491 ,404,33980, , ,28516      ,3,5,1,Beaufort town,7,7,3208630,0,0,0,0,0,0,0,0,0,7,7,3208630,0,0,0,0,0,0,0,0,0
202601,37,042000,189,0218,04510 ,00000 ,298 ,999,14380,2, ,28604      ,3,5,0,Beech Mountain town,2,2,609795,0,0,0,0,0,0,0,0,0,0,0,0,0,0,0,0,0,0,0,0,0
202601,37,045000,019,0240,04950 ,00000 ,2135 ,999,48900, , ,28451      ,3,5,1,Belville town,0,0,0,0,0,0,0,0,0,0,0,0,0,0,0,0,0,0,0,0,0,0,0,0
202601,37,048000,015,    ,00000 ,00000 ,12930 ,999,99999, , ,27983      ,3,5,1,Bertie County,1,1,374391,0,0,0,0,0,0,0,0,0,1,1,374391,0,0,0,0,0,0,0,0,0
202601,37,055000,021,0285,06140 ,00000 ,8256 ,120,11700, , ,28711      ,3,5,1,Black Mountain town,2,2,593520,0,0,0,0,0,0,0,0,0,2,2,593520,0,0,0,0,0,0,0,0,0
202601,37,056000,017,    ,99990 ,00000 ,25440 ,999,99999,2, ,28337      ,3,5,1,Bladen County Unincorporated Area,4,4,994000,0,0,0,0,0,0,0,0,0,4,4,994000,0,0,0,0,0,0,0,0,0
202601,37,059000,189,0295,06500 ,00000 ,1259 ,999,14380,2, ,28605      ,3,5,0,Blowing Rock town,1,1,1005154,0,0,0,0,0,0,0,0,0,0,0,0,0,0,0,0,0,0,0,0,0
202601,37,060000,019,0304,06760 ,00000 ,6430 ,999,48900, , ,28461      ,3,5,0,Boiling Spring Lakes,7,7,1956118,0,0,0,0,0,0,0,0,0,0,0,0,0,0,0,0,0,0,0,0,0
202601,37,062000,019,0310,06820 ,00000 ,154 ,999,48900, , ,28422      ,3,5,0,Bolivia town,1,1,239000,0,0,0,0,0,0,0,0,0,0,0,0,0,0,0,0,0,0,0,0,0
202601,37,064000,189,0325,07080 ,00000 ,20003 ,999,14380, ,2,28607      ,3,5,1,Boone town,1,1,365000,0,0,0,0,0,0,0,0,0,1,1,365000,0,0,0,0,0,0,0,0,0
202601,37,068000,049,0350,07860 ,00000 ,444 ,404,35100, , ,28519      ,3,5,0,Bridgeton town,0,0,0,0,0,0,0,0,0,0,0,0,0,0,0,0,0,0,0,0,0,0,0,0
202601,37,072000,019,    ,99990 ,00000 ,73230 ,999,48900,2, ,28422      ,3,5,1,Brunswick County Unincorporated Area,199,199,44715931,0,0,0,0,0,0,0,0,0,199,199,44715931,0,0,0,0,0,0,0,0,0
202601,37,075000,021,    ,99990 ,00000 ,149281 ,120,11700,2, ,28801      ,3,5,1,Buncombe County Unincorporated Area,50,50,24610558,0,0,0,0,0,0,0,0,0,50,50,24610558,0,0,0,0,0,0,0,0,0
202601,37,077000,141,0385,08960 ,00000 ,4127 ,999,48900, , ,28425      ,3,5,1,Burgaw town,0,0,0,0,0,0,0,0,0,0,0,0,0,0,0,0,0,0,0,0,0,0,0,0
202601,37,078000,023,    ,99990 ,00000 ,59620 ,172,25860,2, ,286800219  ,3,5,0,Burke County Unincorporated Area,20,20,5153088,0,0,0,0,0,0,0,0,0,0,0,0,0,0,0,0,0,0,0,0,0
202601,37,079000,001,0830,09060 ,00000 ,54751 ,268,15500,2,1,27215      ,3,5,1,Burlington,9,9,1710933,1,2,300000,0,0,0,0,0,0,9,9,1710933,1,2,300000,0,0,0,0,0,0
202601,37,080000,199,0395,09140 ,00000 ,1643 ,999,99999, , ,28714      ,3,5,0,Burnsville town,1,1,220000,0,0,0,0,0,0,0,0,0,0,0,0,0,0,0,0,0,0,0,0,0
202601,37,081000,025,    ,00000 ,00000 ,58606 ,172,16740,2, ,280260707  ,3,5,1,Cabarrus County,121,121,23600183,0,0,0,0,0,0,0,0,0,121,121,23600183,0,0,0,0,0,0,0,0,0
202601,37,083000,019,0399,09540 ,00000 ,2360 ,999,48900, , ,28467      ,3,5,1,Calabash town,2,2,1575000,0,0,0,0,0,0,0,0,0,2,2,1575000,0,0,0,0,0,0,0,0,0
202601,37,084000,027,    ,99990 ,00000 ,43223 ,172,25860,2, ,28645      ,3,5,1,Caldwell County Unincorporated Area,26,26,9305585,0,0,0,0,0,0,0,0,0,26,26,9305585,0,0,0,0,0,0,0,0,0
202601,37,086000,029,    ,00000 ,00000 ,10937 ,545,47260,2, ,27921      ,3,5,1,Camden County,14,14,2925695,0,0,0,0,0,0,0,0,0,14,14,2925695,0,0,0,0,0,0,0,0,0
202601,37,091000,129,0430,10500 ,00000 ,6369 ,999,48900, , ,28428      ,3,5,1,Carolina Beach town,4,4,1184820,0,0,0,0,0,0,0,0,0,4,4,1184820,0,0,0,0,0,0,0,0,0
202601,37,091500,019,0433,10550 ,00000 ,4802 ,999,48900, , ,28467      ,3,5,1,Carolina Shores town,0,0,0,0,0,0,0,0,0,0,0,0,0,0,0,0,0,0,0,0,0,0,0,0
202601,37,092000,135,0435,10620 ,00000 ,21239 ,450,20500, , ,27510      ,3,5,1,Carrboro town,1,1,259000,0,0,0,0,0,0,0,0,0,1,1,259000,0,0,0,0,0,0,0,0,0
202601,37,093000,031,    ,99990 ,00000 ,39353 ,404,33980,2, ,28516      ,3,5,1,Carteret County Unincorporated Area,11,11,6561482,0,0,0,0,0,0,0,0,0,11,11,6561482,0,0,0,0,0,0,0,0,0
202601,37,095000,183,0445,10740 ,00000 ,171318 ,450,39580,2,1,275138005  ,3,5,1,Cary town,26,26,13185018,0,0,0,0,0,0,1,10,1468697,26,26,13185018,0,0,0,0,0,0,1,10,1468697
202601,37,098000,019,0457,10960 ,00000 ,438 ,999,48900, , ,28465      ,3,5,0,Caswell Beach town,0,0,0,0,0,0,0,0,0,0,0,0,0,0,0,0,0,0,0,0,0,0,0,0
202601,37,099000,033,    ,00000 ,00000 ,20356 ,999,99999, , ,27379      ,3,5,1,Caswell County,6,6,1777230,0,0,0,0,0,0,0,0,0,6,6,1777230,0,0,0,0,0,0,0,0,0
202601,37,100000,035,    ,99990 ,00000 ,87061 ,172,25860,2, ,28658      ,3,5,1,Catawba County,154,154,28491284,10,20,2370000,0,0,0,1,30,2675700,154,154,28491284,10,20,2370000,0,0,0,1,30,2675700
202601,37,107000,135,0475,11800 ,00000 ,60666 ,450,20500,2,1,27514      ,3,5,1,Chapel Hill town,5,5,1480083,0,0,0,0,0,0,0,0,0,5,5,1480083,0,0,0,0,0,0,0,0,0
202601,37,109000,037,    ,99990 ,00000 ,60340 ,450,20500,2, ,27312      ,3,5,1,Chatham County Unincorporated Area,40,40,26361079,0,0,0,0,0,0,0,0,0,40,40,26361079,0,0,0,0,0,0,0,0,0
202601,37,110000,039,    ,00000 ,00000 ,25552 ,999,99999, , ,28906      ,3,5,1,Cherokee County,16,16,3729967,0,0,0,0,0,0,0,0,0,16,16,3729967,0,0,0,0,0,0,0,0,0
202601,37,114000,041,    ,99990 ,00000 ,9248 ,999,99999, , ,27932      ,3,5,1,Chowan County,5,5,1094200,0,0,0,0,0,0,0,0,0,5,5,1094200,0,0,0,0,0,0,0,0,0
202601,37,116000,017,0510,12780 ,00000 ,741 ,999,99999, , ,28433      ,3,5,0,Clarkton town,0,0,0,0,0,0,0,0,0,0,0,0,0,0,0,0,0,0,0,0,0,0,0,0
202601,37,117000,043,    ,00000 ,00000 ,11008 ,999,99999, , ,28904      ,3,5,1,Clay County,4,4,1280000,0,0,0,0,0,0,0,0,0,4,4,1280000,0,0,0,0,0,0,0,0,0
202601,37,118000,101,0515,12860 ,00000 ,26458 ,450,39580,2, ,27520      ,3,5,0,Clayton town,27,27,6059723,0,0,0,0,0,0,0,0,0,0,0,0,0,0,0,0,0,0,0,0,0
202601,37,120000,045,    ,99990 ,00000 ,57898 ,172,43140,2, ,28150      ,3,5,1,Cleveland County Unincorporated Area,10,10,3209220,0,0,0,2,6,690000,0,0,0,10,10,3209220,0,0,0,2,6,690000,0,0,0
202601,37,127000,177,0555,13940 ,00000 ,752 ,999,99999, , ,27925      ,3,5,0,Columbia town,0,0,0,0,0,0,0,0,0,0,0,0,0,0,0,0,0,0,0,0,0,0,0,0
202601,37,128000,047,    ,99990 ,00000 ,39259 ,999,99999,2, ,28472      ,3,5,1,Columbus County Unincorporated Area,0,0,0,0,0,0,0,0,0,0,0,0,0,0,0,0,0,0,0,0,0,0,0,0
202601,37,140000,049,    ,99990 ,00000 ,42533 ,404,35100,2, ,285624911  ,3,5,1,Craven County Unincorporated Area,18,18,5970245,0,0,0,0,0,0,0,0,0,18,18,5970245,0,0,0,0,0,0,0,0,0
202601,37,144000,051,    ,99990 ,00000 ,90845 ,246,22180,2, ,28301      ,3,5,1,Cumberland County Unincorporated Area,21,21,6228067,0,0,0,0,0,0,0,0,0,21,21,6228067,0,0,0,0,0,0,0,0,0
202601,37,145000,053,    ,00000 ,00000 ,29052 ,545,47260, , ,279299653  ,3,5,1,Currituck County,29,29,8921755,0,0,0,0,0,0,0,0,0,29,29,8921755,0,0,0,0,0,0,0,0,0
202601,37,148000,055,    ,99990 ,00000 ,18680 ,545,28620, , ,27954      ,3,5,1,Dare County Unincorporated Area,35,35,14149390,0,0,0,0,0,0,0,0,0,35,35,14149390,0,0,0,0,0,0,0,0,0
202601,37,149000,057,    ,99990 ,00000 ,108353 ,268,49180,2, ,27292      ,3,5,1,Davidson County Unincorporated Area,95,95,41783679,0,0,0,0,0,0,0,0,0,95,95,41783679,0,0,0,0,0,0,0,0,0
202601,37,152000,059,    ,00000 ,00000 ,34281 ,268,49180, , ,27028      ,3,5,0,Davie County,12,12,2941722,0,0,0,0,0,0,1,6,236608,0,0,0,0,0,0,0,0,0,0,0,0
202601,37,161500,055,0733,18060 ,00000 ,394 ,545,28620, , ,27949      ,3,5,1,Duck town,2,2,1781868,0,0,0,0,0,0,0,0,0,2,2,1781868,0,0,0,0,0,0,0,0,0
202601,37,162000,085,0745,18320 ,00000 ,9684 ,450,11360, , ,28335      ,3,5,0,Dunn,5,5,823068,0,0,0,0,0,0,0,0,0,0,0,0,0,0,0,0,0,0,0,0,0
202601,37,163000,061,    ,00000 ,00000 ,44532 ,999,99999,2, ,283490950  ,3,5,1,Duplin County,14,14,4302000,0,0,0,0,0,0,0,0,0,14,14,4302000,0,0,0,0,0,0,0,0,0
202601,37,164000,063,0750,19000 ,00000 ,285809 ,450,20500,2,1,27701      ,3,5,0,Durham,118,118,39139038,1,2,332982,0,0,0,1,88,14551414,0,0,0,0,0,0,0,0,0,0,0,0
202601,37,166000,063,    ,99990 ,00000 ,37183 ,450,20500, , ,27701      ,3,5,0,Durham County Unincorporated Area,5,5,3066874,0,0,0,0,0,0,0,0,0,0,0,0,0,0,0,0,0,0,0,0,0
202601,37,172000,157,0790,20080 ,00000 ,14867 ,268,24660, , ,272890070  ,3,5,1,Eden,1,1,110000,0,0,0,0,0,0,0,0,0,1,1,110000,0,0,0,0,0,0,0,0,0
202601,37,174000,065,    ,99990 ,00000 ,20530 ,468,40580,2, ,27886      ,3,5,1,Edgecombe County Unincorporated Area,1,1,411000,0,0,0,0,0,0,0,0,0,1,1,411000,0,0,0,0,0,0,0,0,0
202601,37,176000,139,0805,20580 ,00000 ,17966 ,545,21020,2,2,279090347  ,3,5,1,Elizabeth City,16,16,2347881,0,0,0,0,0,0,0,0,0,16,16,2347881,0,0,0,0,0,0,0,0,0
202601,37,198000,147,0905,22820 ,00000 ,4747 ,274,24780, , ,27828      ,3,5,0,Farmville town,1,1,292121,0,0,0,0,0,0,0,0,0,0,0,0,0,0,0,0,0,0,0,0,0
202601,37,199000,051,0910,22920 ,00000 ,211705 ,246,22180, ,1,28301      ,3,5,1,Fayetteville,28,28,6216525,0,0,0,0,0,0,0,0,0,28,28,6216525,0,0,0,0,0,0,0,0,0
202601,37,201000,161,0928,24080 ,00000 ,7138 ,999,22580, ,2,28043      ,3,5,1,Forest City town,1,1,251000,0,0,0,0,0,0,0,0,0,1,1,251000,0,0,0,0,0,0,0,0,0
202601,37,202000,067,    ,99990 ,00000 ,62989 ,268,49180,2, ,271014037  ,3,5,1,Forsyth County Unincorporated Area,77,77,24287298,0,0,0,0,0,0,0,0,0,77,77,24287298,0,0,0,0,0,0,0,0,0
202601,37,204000,101,0940,24520 ,00000 ,2387 ,450,39580, , ,27524      ,3,5,1,Four Oaks town,7,7,1162960,0,0,0,0,0,0,0,0,0,7,7,1162960,0,0,0,0,0,0,0,0,0
202601,37,206000,069,    ,00000 ,00000 ,62661 ,450,39580,2, ,27549      ,3,5,1,Franklin County,50,50,14800834,0,0,0,0,0,0,0,0,0,50,50,14800834,0,0,0,0,0,0,0,0,0
202601,37,211000,183,0965,25300 ,00000 ,32145 ,450,39580, , ,27526      ,3,5,1,Fuquay-Varina town,37,37,10723608,0,0,0,0,0,0,0,0,0,37,37,10723608,0,0,0,0,0,0,0,0,0
202601,37,214000,183,0975,25480 ,00000 ,32180 ,450,39580, , ,27529      ,3,5,1,Garner town,58,58,12266682,0,0,0,0,0,0,0,0,0,58,58,12266682,0,0,0,0,0,0,0,0,0
202601,37,216000,071,    ,99990 ,00000 ,84949 ,172,16740,2, ,280531578  ,3,5,1,Gaston County Unincorporated Area,161,161,71046354,0,0,0,0,0,0,0,0,0,161,161,71046354,0,0,0,0,0,0,0,0,0
202601,37,219000,073,    ,00000 ,00000 ,11174 ,545,47260, , ,27938      ,3,5,0,Gates County,1,1,185809,0,0,0,0,0,0,0,0,0,0,0,0,0,0,0,0,0,0,0,0,0
202601,37,226000,191,1035,26880 ,00000 ,34447 ,999,24140, ,1,27530      ,3,5,1,Goldsboro,7,7,911100,0,0,0,0,0,0,0,0,0,7,7,911100,0,0,0,0,0,0,0,0,0
202601,37,228000,001,1045,27280 ,00000 ,15766 ,268,15500, , ,27253      ,3,5,1,Graham,4,4,512571,0,0,0,0,0,0,0,0,0,4,4,512571,0,0,0,0,0,0,0,0,0
202601,37,229000,075,    ,00000 ,00000 ,7709 ,999,99999, , ,28771      ,3,5,0,Graham County,2,2,583466,0,0,0,0,0,0,0,0,0,0,0,0,0,0,0,0,0,0,0,0,0
202601,37,233000,077,    ,99990 ,00000 ,38197 ,999,99999, , ,27565      ,3,5,1,Granville County,11,11,6165500,0,0,0,0,0,0,0,0,0,11,11,6165500,0,0,0,0,0,0,0,0,0
202601,37,234000,079,    ,00000 ,00000 ,18849 ,999,99999, , ,28580      ,3,5,1,Greene County,2,2,330000,0,0,0,0,0,0,0,0,0,2,2,330000,0,0,0,0,0,0,0,0,0
202601,37,236000,081,1065,28000 ,00000 ,297878 ,268,24660, ,1,274023136  ,3,5,1,Greensboro,50,50,8893280,0,0,0,0,0,0,0,0,0,50,50,8893280,0,0,0,0,0,0,0,0,0
202601,37,237000,147,1070,28080 ,00000 ,94779 ,274,24780, ,1,27835      ,3,5,1,Greenville,30,30,11899875,12,24,2910000,0,0,0,0,0,0,30,30,11899875,12,24,2910000,0,0,0,0,0,0
202601,37,242000,081,    ,99990 ,00000 ,94670 ,268,24660,2, ,27402      ,3,5,1,Guilford County Unincorporated Area,60,60,3142563,0,0,0,0,0,0,0,0,0,60,60,3142563,0,0,0,0,0,0,0,0,0
202601,37,243000,083,    ,99990 ,00000 ,28667 ,468,40260,2, ,27839      ,3,5,0,Halifax County Unincorporated Area,3,3,1187439,0,0,0,0,0,0,0,0,0,0,0,0,0,0,0,0,0,0,0,0,0
202601,37,248000,085,    ,99990 ,00000 ,110659 ,450,11360,2, ,27546      ,3,5,0,Harnett County Unincorporated Area,107,107,38100004,0,0,0,0,0,0,0,0,0,0,0,0,0,0,0,0,0,0,0,0,0
202601,37,254000,049,1130,30120 ,00000 ,19593 ,404,35100, , ,28532      ,3,5,1,Havelock,0,0,0,0,0,0,0,0,0,0,0,0,0,0,0,0,0,0,0,0,0,0,0,0
202601,37,257000,087,    ,99990 ,00000 ,45480 ,120,48200,2, ,28721      ,3,5,1,Haywood County Unincorporated Area,41,41,16217380,0,0,0,0,0,0,0,0,0,41,41,16217380,0,0,0,0,0,0,0,0,0
202601,37,260000,089,    ,00000 ,00000 ,82543 ,120,11700,2, ,28792      ,3,5,1,Henderson County,27,27,13426947,0,0,0,0,0,0,0,0,0,27,27,13426947,0,0,0,0,0,0,0,0,0
202601,37,262000,091,    ,99990 ,00000 ,14300 ,999,99999,2, ,27986      ,3,5,0,Hertford County Unincorporated Area,0,0,0,0,0,0,0,0,0,0,0,0,0,0,0,0,0,0,0,0,0,0,0,0
202601,37,268000,081,1195,31400 ,00000 ,107930 ,268,24660,2,1,27261      ,3,5,0,High Point,16,16,3140716,0,0,0,0,0,0,2,101,8416667,0,0,0,0,0,0,0,0,0,0,0,0
202601,37,277000,093,    ,99990 ,00000 ,50874 ,246,22180, , ,283760210  ,3,5,1,Hoke County Unincorporated Area,19,19,5624317,0,0,0,0,0,0,0,0,0,19,19,5624317,0,0,0,0,0,0,0,0,0
202601,37,278000,019,1223,31960 ,00000 ,675 ,999,48900, , ,28462      ,3,5,1,Holden Beach town,4,4,3425000,0,0,0,0,0,0,0,0,0,4,4,3425000,0,0,0,0,0,0,0,0,0
202601,37,279000,133,1225,32180 ,00000 ,3092 ,999,27340, , ,28445      ,3,5,1,Holly Ridge town,0,0,0,0,0,0,0,0,0,0,0,0,0,0,0,0,0,0,0,0,0,0,0,0
202601,37,280000,183,1230,32260 ,00000 ,39882 ,450,39580, , ,27540      ,3,5,0,Holly Springs town,31,31,6022774,0,0,0,0,0,0,1,26,3041155,0,0,0,0,0,0,0,0,0,0,0,0
202601,37,282000,051,1240,32640 ,00000 ,15848 ,246,22180, , ,28348      ,3,5,1,Hope Mills town,0,0,0,0,0,0,0,0,0,0,0,0,0,0,0,0,0,0,0,0,0,0,0,0
202601,37,286000,095,    ,00000 ,00000 ,4843 ,999,99999, , ,27885      ,3,5,1,Hyde County,0,0,0,0,0,0,0,0,0,0,0,0,0,0,0,0,0,0,0,0,0,0,0,0
202601,37,289000,097,    ,00000 ,00000 ,113875 ,172,16740,2, ,286870788  ,3,5,1,Iredell County Unincorporated Area,79,79,20190294,1,2,297993,0,0,0,0,0,0,79,79,20190294,1,2,297993,0,0,0,0,0,0
202601,37,290000,099,    ,00000 ,00000 ,40280 ,999,99999,2, ,28779      ,3,5,1,Jackson County,21,21,39006485,0,0,0,0,0,0,0,0,0,21,21,39006485,0,0,0,0,0,0,0,0,0
202601,37,292000,133,1280,34200 ,00000 ,76284 ,999,27340, ,1,28541      ,3,5,1,Jacksonville,4,4,1540000,1,2,1325000,0,0,0,0,0,0,4,4,1540000,1,2,1325000,0,0,0,0,0,0
202601,37,296000,101,    ,99990 ,00000 ,149038 ,450,39580,2, ,27577      ,3,5,1,Johnston County Unincorporated Area,192,192,79748984,0,0,0,0,0,0,0,0,0,192,192,79748984,0,0,0,0,0,0,0,0,0
202601,37,297000,103,    ,00000 ,00000 ,7779 ,404,35100, , ,28585      ,3,5,1,Jones County,0,0,0,0,0,0,0,0,0,0,0,0,0,0,0,0,0,0,0,0,0,0,0,0
202601,37,305000,067,1340,35600 ,00000 ,24826 ,268,49180,2, ,272850728  ,3,5,1,Kernersville town,14,14,2358150,0,0,0,0,0,0,0,0,0,14,14,2358150,0,0,0,0,0,0,0,0,0
202601,37,307000,055,1345,35720 ,00000 ,7413 ,545,28620, ,2,27948      ,3,5,1,Kill Devil Hills town,2,2,635000,0,0,0,0,0,0,0,0,0,2,2,635000,0,0,0,0,0,0,0,0,0
202601,37,309000,169,1347,35760 ,00000 ,6251 ,268,49180,2, ,27021      ,3,5,1,King,10,10,2960167,0,0,0,0,0,0,0,0,0,10,10,2960167,0,0,0,0,0,0,0,0,0
202601,37,310000,045,1350,35880 ,00000 ,10000 ,172,43140,2,2,28086      ,3,5,1,Kings Mountain,3,3,410086,0,0,0,0,0,0,0,0,0,3,3,410086,0,0,0,0,0,0,0,0,0
202601,37,315000,055,1363,36060 ,00000 ,3598 ,545,28620, , ,27949      ,3,5,1,Kitty Hawk town,2,2,1000000,0,0,0,0,0,0,0,0,0,2,2,1000000,0,0,0,0,0,0,0,0,0
202601,37,316000,183,1365,36080 ,00000 ,18122 ,450,39580, , ,275457655  ,3,5,1,Knightdale town,51,51,18983410,0,0,0,0,0,0,0,0,0,51,51,18983410,0,0,0,0,0,0,0,0,0
202601,37,317000,129,1370,36220 ,00000 ,2077 ,999,48900, , ,28449      ,3,5,0,Kure Beach town,1,1,322498,0,0,0,0,0,0,0,0,0,0,0,0,0,0,0,0,0,0,0,0,0
202601,37,320000,047,1385,36640 ,00000 ,1392 ,999,99999,2, ,28450      ,3,5,0,Lake Waccamaw town,0,0,0,0,0,0,0,0,0,0,0,0,0,0,0,0,0,0,0,0,0,0,0,0
202601,37,328000,105,    ,99990 ,00000 ,30701 ,450,41820,2, ,27331      ,3,5,1,Lee County Unincorporated Area,10,10,3737906,0,0,0,0,0,0,0,0,0,10,10,3737906,0,0,0,0,0,0,0,0,0
202601,37,330000,019,1433,37680 ,00000 ,25647 ,999,48900,2, ,28451      ,3,5,1,Leland town,68,68,13010331,0,0,0,0,0,0,0,0,0,68,68,13010331,0,0,0,0,0,0,0,0,0
202601,37,332000,107,    ,99990 ,00000 ,32558 ,999,28820,2, ,28502      ,3,5,1,Lenoir County Unincorporated Area,4,4,1065000,0,0,0,0,0,0,0,0,0,4,4,1065000,0,0,0,0,0,0,0,0,0
202601,37,334000,057,1450,38060 ,00000 ,19141 ,268,49180, , ,27292      ,3,5,1,Lexington,14,14,4340627,0,0,0,0,0,0,0,0,0,14,14,4340627,0,0,0,0,0,0,0,0,0
202601,37,338000,109,    ,00000 ,00000 ,76573 ,172,16740,2, ,28092      ,3,5,1,Lincoln County,69,69,27668562,0,0,0,0,0,0,0,0,0,69,69,27668562,0,0,0,0,0,0,0,0,0
202601,37,351000,155,1530,39700 ,00000 ,20239 ,246,31300, ,2,28359      ,3,5,1,Lumberton,1,1,130000,0,0,0,0,0,0,0,0,0,1,1,130000,0,0,0,0,0,0,0,0,0
202601,37,353000,113,    ,00000 ,00000 ,30893 ,999,99999,2, ,28734      ,3,5,1,Macon County,18,18,8026040,0,0,0,0,0,0,0,0,0,18,18,8026040,0,0,0,0,0,0,0,0,0
202601,37,355000,115,    ,00000 ,00000 ,18369 ,120,11700, , ,28753      ,3,5,0,Madison County,9,9,2583831,0,0,0,0,0,0,0,0,0,0,0,0,0,0,0,0,0,0,0,0,0
202601,37,356000,157,1560,40560 ,00000 ,2108 ,268,24660, , ,27025      ,3,5,1,Madison town,0,0,0,0,0,0,0,0,0,0,0,0,0,0,0,0,0,0,0,0,0,0,0,0
202601,37,361000,055,1580,41060 ,00000 ,1468 ,545,28620, , ,27954      ,3,5,1,Manteo town,0,0,0,0,0,0,0,0,0,0,0,0,0,0,0,0,0,0,0,0,0,0,0,0
202601,37,363000,111,1595,41420 ,00000 ,7937 ,172,32000, ,2,28752      ,3,5,0,Marion,0,0,0,0,0,0,0,0,0,0,0,0,0,0,0,0,0,0,0,0,0,0,0,0
202601,37,367000,117,    ,00000 ,00000 ,14112 ,999,99999, , ,27892      ,3,5,0,Martin County,0,0,0,0,0,0,0,0,0,0,0,0,0,0,0,0,0,0,0,0,0,0,0,0
202601,37,375000,111,    ,99990 ,00000 ,36921 ,172,32000,2, ,28752      ,3,5,0,McDowell County Unincorporated Area,12,12,5968343,0,0,0,0,0,0,0,0,0,0,0,0,0,0,0,0,0,0,0,0,0
202601,37,377000,001,1640,42240 ,00000 ,14096 ,268,15500,2, ,27302      ,3,5,1,Mebane,11,11,2631290,0,0,0,0,0,0,0,0,0,11,11,2631290,0,0,0,0,0,0,0,0,0
202601,37,379000,119,    ,00000 ,00000 ,54338 ,172,16740,2, ,28208      ,3,5,1,Mecklenburg County,73,73,0,0,0,0,0,0,0,3,216,19450564,73,73,0,0,0,0,0,0,0,3,216,19450564
202601,37,387000,121,    ,00000 ,00000 ,12314 ,999,99999, , ,28705      ,3,5,1,Mitchell County,6,6,1815197,0,0,0,0,0,0,0,0,0,6,6,1815197,0,0,0,0,0,0,0,0,0
202601,37,389000,179,1695,43920 ,00000 ,35668 ,172,16740, , ,281110069  ,3,5,1,Monroe,61,61,11166964,0,0,0,0,0,0,2,110,20893430,61,61,11166964,0,0,0,0,0,0,2,110,20893430
202601,37,390000,123,    ,00000 ,00000 ,19431 ,999,99999,2, ,27371      ,3,5,1,Montgomery County,9,9,1987000,0,0,0,0,0,0,0,0,0,9,9,1987000,0,0,0,0,0,0,0,0,0
202601,37,391000,021,1697,44100 ,00000 ,939 ,120,11700, , ,28757      ,3,5,0,Montreat town,0,0,0,0,0,0,0,0,0,0,0,0,0,0,0,0,0,0,0,0,0,0,0,0
202601,37,392000,125,    ,99990 ,00000 ,50891 ,246,38240,2, ,28327      ,3,5,1,Moore County Unincorporated Area,46,46,13549619,0,0,0,0,0,0,0,0,0,46,46,13549619,0,0,0,0,0,0,0,0,0
202601,37,394000,097,1700,44220 ,00000 ,39962 ,172,16740, ,1,28115      ,3,5,1,Mooresville town,21,21,3494445,0,0,0,0,0,0,0,0,0,21,21,3494445,0,0,0,0,0,0,0,0,0
202601,37,395000,031,1705,44320 ,00000 ,9669 ,404,33980, ,2,28557      ,3,5,1,Morehead City town,2,2,1176000,0,0,0,0,0,0,0,0,0,2,2,1176000,0,0,0,0,0,0,0,0,0
202601,37,396000,023,1710,44400 ,00000 ,16625 ,172,25860, ,1,28680      ,3,5,0,Morganton,1,1,150488,0,0,0,0,0,0,1,7,389981,0,0,0,0,0,0,0,0,0,0,0,0
202601,37,398000,183,1715,44520 ,00000 ,30495 ,450,39580,2, ,27560      ,3,5,1,Morrisville town,1,1,254545,0,0,0,0,0,0,0,0,0,1,1,254545,0,0,0,0,0,0,0,0,0
202601,37,408000,055,1762,45880 ,00000 ,2997 ,545,28620, , ,279590099  ,3,5,1,Nags Head town,2,2,4644933,0,0,0,0,0,0,0,0,0,2,2,4644933,0,0,0,0,0,0,0,0,0
202601,37,409000,127,    ,99990 ,00000 ,41562 ,468,40580,2, ,27856      ,3,5,0,Nash County Unincorporated Area,25,25,5177125,0,0,0,0,0,0,0,0,0,0,0,0,0,0,0,0,0,0,0,0,0
202601,37,412000,049,1770,46340 ,00000 ,29940 ,404,35100, ,2,28560      ,3,5,1,New Bern,23,23,3768996,0,0,0,0,0,0,0,0,0,23,23,3768996,0,0,0,0,0,0,0,0,0
202601,37,413000,129,    ,99990 ,00000 ,100857 ,999,48900,2, ,28403      ,3,5,0,New Hanover County Unincorporated Area,79,79,27105892,2,4,873519,1,4,953721,1,113,13952256,0,0,0,0,0,0,0,0,0,0,0,0
202601,37,416000,031,1785,46860 ,00000 ,4636 ,404,33980, , ,28570      ,3,5,1,Newport town,3,3,771997,0,0,0,0,0,0,0,0,0,3,3,771997,0,0,0,0,0,0,0,0,0
202601,37,421000,133,1818,47845 ,00000 ,743 ,999,27340, , ,28460      ,3,5,0,North Topsail Beach town,3,3,1840257,0,0,0,0,0,0,0,0,0,0,0,0,0,0,0,0,0,0,0,0,0
202601,37,422000,193,1820,47880 ,00000 ,4082 ,999,35900, ,2,28659      ,3,5,0,North Wilkesboro town,0,0,0,0,0,0,0,0,0,0,0,0,0,0,0,0,0,0,0,0,0,0,0,0
202601,37,423000,131,    ,00000 ,00000 ,13560 ,468,40260, , ,27845      ,3,5,0,Northampton County,1,1,430644,0,0,0,0,0,0,0,0,0,0,0,0,0,0,0,0,0,0,0,0,0
202601,37,425500,019,1837,48345 ,00000 ,8735 ,999,48900, , ,28465      ,3,5,1,Oak Island town,20,20,7617000,0,0,0,0,0,0,0,0,0,20,20,7617000,0,0,0,0,0,0,0,0,0
202601,37,427000,019,1845,48700 ,00000 ,709 ,999,48900, , ,28469      ,3,5,1,Ocean Isle Beach town,3,3,2925000,0,0,0,0,0,0,0,0,0,3,3,2925000,0,0,0,0,0,0,0,0,0
202601,37,429000,133,    ,99990 ,00000 ,118387 ,999,27340,2, ,28540      ,3,5,1,Onslow County Unincorporated Area,102,102,19167165,3,6,560000,0,0,0,0,0,0,102,102,19167165,3,6,560000,0,0,0,0,0,0
202601,37,430000,135,    ,99990 ,00000 ,57245 ,450,20500,2, ,27278      ,3,5,1,Orange County Unincorporated Area,21,21,9489639,0,0,0,0,0,0,0,0,0,21,21,9489639,0,0,0,0,0,0,0,0,0
202601,37,434000,137,    ,00000 ,00000 ,7524 ,404,35100, , ,28515      ,3,5,1,Pamlico County,1,1,283900,0,0,0,0,0,0,0,0,0,1,1,283900,0,0,0,0,0,0,0,0,0
202601,37,438000,139,    ,99990 ,00000 ,22406 ,545,21020, , ,27909      ,3,5,1,Pasquotank County Unincorporated Area,8,8,2451000,0,0,0,0,0,0,0,0,0,8,8,2451000,0,0,0,0,0,0,0,0,0
202601,37,442000,141,    ,99990 ,00000 ,56858 ,999,48900,2, ,284250005  ,3,5,1,Pender County Unincorporated Area,55,55,16633369,0,0,0,0,0,0,0,0,0,55,55,16633369,0,0,0,0,0,0,0,0,0
202601,37,443000,143,    ,00000 ,00000 ,10904 ,999,99999, , ,27944      ,3,5,1,Perquimans County,13,13,2841339,0,0,0,0,0,0,0,0,0,13,13,2841339,0,0,0,0,0,0,0,0,0
202601,37,444000,145,    ,00000 ,00000 ,31542 ,450,20500, , ,275730037  ,3,5,1,Person County,10,10,4541213,0,0,0,0,0,0,0,0,0,10,10,4541213,0,0,0,0,0,0,0,0,0
202601,37,447000,031,1946,52000 ,00000 ,1315 ,404,33980, , ,28594      ,3,5,1,Pine Knoll Shores town,0,0,0,0,0,0,0,0,0,0,0,0,0,0,0,0,0,0,0,0,0,0,0,0
202601,37,449000,125,1940,51840 ,00000 ,1647 ,246,38240, , ,28373      ,3,5,1,Pinebluff town,0,0,0,0,0,0,0,0,0,0,0,0,0,0,0,0,0,0,0,0,0,0,0,0
202601,37,450000,125,1945,51940 ,00000 ,17014 ,246,38240, ,1,28374      ,3,5,1,Pinehurst village,2,2,3285000,0,0,0,0,0,0,0,0,0,2,2,3285000,0,0,0,0,0,0,0,0,0
202601,37,454000,147,    ,99990 ,00000 ,62511 ,274,24780,2, ,27834      ,3,5,0,Pitt County Unincorporated Area,25,25,4904113,0,0,0,0,0,0,0,0,0,0,0,0,0,0,0,0,0,0,0,0,0
202601,37,457000,149,    ,00000 ,00000 ,17695 ,999,99999,2, ,28722      ,3,5,1,Polk County,10,10,4454957,0,0,0,0,0,0,0,0,0,10,10,4454957,0,0,0,0,0,0,0,0,0
202601,37,458000,007,1985,53140 ,00000 ,2288 ,172,16740, , ,281350099  ,3,5,0,Polkton town,0,0,0,0,0,0,0,0,0,0,0,0,0,0,0,0,0,0,0,0,0,0,0,0
202601,37,465000,093,2015,54580 ,00000 ,4956 ,246,22180, , ,28376      ,3,5,1,Raeford,2,2,592033,0,0,0,0,0,0,0,0,0,2,2,592033,0,0,0,0,0,0,0,0,0
202601,37,466000,183,2020,55000 ,00000 ,473139 ,450,39580,2,1,27602      ,3,5,1,Raleigh,76,76,0,6,12,0,0,0,0,3,675,0,76,76,0,6,12,0,0,0,0,3,675,0
202601,37,469000,151,    ,99990 ,00000 ,90043 ,268,24660,2, ,27203      ,3,5,1,Randolph County Unincorporated Area,36,36,13265286,1,2,619407,0,0,0,0,0,0,36,36,13265286,1,2,619407,0,0,0,0,0,0
202601,37,475000,157,2045,55900 ,00000 ,13993 ,268,24660, , ,27320      ,3,5,1,Reidsville,1,1,205000,0,0,0,0,0,0,0,0,0,1,1,205000,0,0,0,0,0,0,0,0,0
202601,37,482000,153,    ,99990 ,00000 ,27007 ,246,40460,2, ,28379      ,3,5,1,Richmond County Unincorporated Area,6,6,1776100,0,0,0,0,0,0,0,0,0,6,6,1776100,0,0,0,0,0,0,0,0,0
202601,37,484000,083,2080,56900 ,00000 ,14186 ,468,40260, ,2,27870      ,3,5,0,Roanoke Rapids,1,1,292272,0,0,0,0,0,0,0,0,0,0,0,0,0,0,0,0,0,0,0,0,0
202601,37,488000,155,    ,99990 ,00000 ,94154 ,246,31300,2, ,28358      ,3,5,0,Robeson County Unincorporated Area,18,18,3085127,0,0,0,0,0,0,0,0,0,0,0,0,0,0,0,0,0,0,0,0,0
202601,37,489000,153,2105,57260 ,00000 ,8520 ,246,40460, ,2,28379      ,3,5,0,Rockingham,0,0,0,0,0,0,0,0,0,0,0,0,0,0,0,0,0,0,0,0,0,0,0,0
202601,37,490000,157,    ,99990 ,00000 ,53912 ,268,24660,2, ,27375      ,3,5,1,Rockingham County Unincorporated Area,24,24,9744204,0,0,0,0,0,0,0,0,0,24,24,9744204,0,0,0,0,0,0,0,0,0
202601,37,493000,127,2115,57500 ,00000 ,38447 ,468,40580,2,1,27801      ,3,5,0,Rocky Mount,7,7,1001143,0,0,0,0,0,0,0,0,0,0,0,0,0,0,0,0,0,0,0,0,0
202601,37,494000,183,2120,57640 ,00000 ,8882 ,450,39580, , ,27571      ,3,5,0,Rolesville town,24,24,7365996,0,0,0,0,0,0,0,0,0,0,0,0,0,0,0,0,0,0,0,0,0
202601,37,500000,159,    ,00000 ,00000 ,78727 ,172,16740,2, ,28144      ,3,5,1,Rowan County,69,69,33253250,1,2,277000,0,0,0,0,0,0,69,69,33253250,1,2,277000,0,0,0,0,0,0
202601,37,506000,023,2178,58440 ,00000 ,1300 ,172,25860, , ,28671      ,3,5,1,Rutherford College town,1,1,500000,0,0,0,0,0,0,0,0,0,1,1,500000,0,0,0,0,0,0,0,0,0
202601,37,506500,027,    ,58440 ,00000 , ,172,25860, , ,286710406  ,3,5,1,Rutherford College town,0,0,0,0,0,0,0,0,0,0,0,0,0,0,0,0,0,0,0,0,0,0,0,0
202601,37,507000,161,    ,99990 ,00000 ,48795 ,999,22580,2, ,28139      ,3,5,1,Rutherford County Unincorporated Area,13,13,5150905,1,2,250000,0,0,0,0,0,0,13,13,5150905,1,2,250000,0,0,0,0,0,0
202601,37,513000,163,    ,00000 ,00000 ,51609 ,999,99999,2, ,283284778  ,3,5,1,Sampson County,12,12,3334750,0,0,0,0,0,0,0,0,0,12,12,3334750,0,0,0,0,0,0,0,0,0
202601,37,514000,019,2207,59090 ,00000 ,319 ,999,48900, , ,28451      ,3,5,0,Sandy Creek town,0,0,0,0,0,0,0,0,0,0,0,0,0,0,0,0,0,0,0,0,0,0,0,0
202601,37,515000,105,2210,59280 ,00000 ,30361 ,450,41820, ,2,27330      ,3,5,1,Sanford,32,32,4956003,0,0,0,0,0,0,0,0,0,32,32,4956003,0,0,0,0,0,0,0,0,0
202601,37,519000,165,    ,00000 ,00000 ,18011 ,246,29900,2, ,28353      ,3,5,1,Scotland County,4,4,907948,0,0,0,0,0,0,0,0,0,4,4,907948,0,0,0,0,0,0,0,0,0
202601,37,528000,019,2255,60800 ,00000 ,4409 ,999,48900, , ,28459      ,3,5,1,Shallotte town,8,8,2369640,0,0,0,0,0,0,0,0,0,8,8,2369640,0,0,0,0,0,0,0,0,0
202601,37,532000,045,2265,61200 ,00000 ,20145 ,172,43140, ,2,28150      ,3,5,1,Shelby,25,25,5427036,0,0,0,0,0,0,0,0,0,25,25,5427036,0,0,0,0,0,0,0,0,0
202601,37,533000,037,2275,61860 ,00000 ,8415 ,450,20500, , ,27344      ,3,5,0,Siler City town,1,1,287588,0,0,0,0,0,0,0,0,0,0,0,0,0,0,0,0,0,0,0,0,0
202601,37,538000,125,2320,63120 ,00000 ,15070 ,246,38240, ,1,28387      ,3,5,0,Southern Pines town,11,11,2963834,0,0,0,0,0,0,0,0,0,0,0,0,0,0,0,0,0,0,0,0,0
202601,37,539000,055,2324,63130 ,00000 ,2997 ,545,28620, , ,27949      ,3,5,1,Southern Shores town,0,0,0,0,0,0,0,0,0,0,0,0,0,0,0,0,0,0,0,0,0,0,0,0
202601,37,540000,019,2340,63400 ,00000 ,4088 ,999,48900, , ,28461      ,3,5,1,Southport,7,7,2679743,0,0,0,0,0,0,0,0,0,7,7,2679743,0,0,0,0,0,0,0,0,0
202601,37,547000,051,2390,64180 ,00000 ,11980 ,246,22180, , ,28390      ,3,5,1,Spring Lake town,1,1,0,0,0,0,0,0,0,0,0,0,1,1,0,0,0,0,0,0,0,0,0,0
202601,37,549000,141,2183,58620 ,00000 ,428 ,999,48900, , ,284251508  ,3,5,0,St. Helena village,0,0,0,0,0,0,0,0,0,0,0,0,0,0,0,0,0,0,0,0,0,0,0,0
202601,37,549500,019,2184,58630 ,00000 ,6607 ,999,48900, , ,28461      ,3,5,1,St. James town,6,6,1777230,0,0,0,0,0,0,0,0,0,6,6,1777230,0,0,0,0,0,0,0,0,0
202601,37,555000,167,    ,00000 ,00000 ,33152 ,172,10620,2, ,28001      ,3,5,0,Stanly County,23,23,3872805,0,0,0,0,0,0,0,0,0,0,0,0,0,0,0,0,0,0,0,0,0
202601,37,561000,169,    ,99990 ,00000 ,37777 ,268,49180,2, ,27016      ,3,5,1,Stokes County Unincorporated Area,5,5,1348886,0,0,0,0,0,0,0,0,0,5,5,1348886,0,0,0,0,0,0,0,0,0
202601,37,567000,019,2466,65900 ,00000 ,4172 ,999,48900, , ,28468      ,3,5,1,Sunset Beach town,9,9,2994150,0,0,0,0,0,0,0,0,0,9,9,2994150,0,0,0,0,0,0,0,0,0
202601,37,569000,141,2467,66040 ,00000 ,2207 ,999,48900,2, ,28445      ,3,5,1,Surf City town,5,5,1700000,0,0,0,0,0,0,0,0,0,5,5,1700000,0,0,0,0,0,0,0,0,0
202601,37,570000,171,    ,00000 ,00000 ,54642 ,268,34340,2, ,27017      ,3,5,1,Surry County,15,15,4073138,0,0,0,0,0,0,0,0,0,15,15,4073138,0,0,0,0,0,0,0,0,0
202601,37,571000,173,    ,00000 ,00000 ,12736 ,999,99999, , ,28713      ,3,5,0,Swain County,4,4,1369271,0,0,0,0,0,0,0,0,0,0,0,0,0,0,0,0,0,0,0,0,0
202601,37,572000,133,2475,66360 ,00000 ,3394 ,999,27340, , ,28584      ,3,5,1,Swansboro town,1,1,899500,0,0,0,0,0,0,0,0,0,1,1,899500,0,0,0,0,0,0,0,0,0
202601,37,574000,047,6010,66520 ,00000 ,3893 ,999,99999, , ,284630655  ,3,5,0,Tabor City town,3,3,907922,0,0,0,0,0,0,0,0,0,0,0,0,0,0,0,0,0,0,0,0,0
202601,37,576000,065,2495,66700 ,00000 ,10575 ,468,40580, , ,27886      ,3,5,1,Tarboro town,0,0,0,0,0,0,0,0,0,0,0,0,0,0,0,0,0,0,0,0,0,0,0,0
202601,37,580000,057,2510,67420 ,00000 ,26431 ,268,49180,2, ,273610368  ,3,5,0,Thomasville,5,5,830028,0,0,0,0,0,0,0,0,0,0,0,0,0,0,0,0,0,0,0,0,0
202601,37,581000,141,2523,68040 ,00000 ,438 ,999,48900, , ,28445      ,3,5,0,Topsail Beach town,0,0,0,0,0,0,0,0,0,0,0,0,0,0,0,0,0,0,0,0,0,0,0,0
202601,37,582000,175,    ,00000 ,00000 ,25975 ,120,14820, , ,28712      ,3,5,0,Transylvania County,12,12,8097954,0,0,0,0,0,0,0,0,0,0,0,0,0,0,0,0,0,0,0,0,0
202601,37,589000,177,    ,99990 ,00000 ,3022 ,999,99999, , ,27925      ,3,5,0,Tyrrell County Unincorporated Area,1,1,302641,0,0,0,0,0,0,0,0,0,0,0,0,0,0,0,0,0,0,0,0,0
202601,37,590000,179,    ,99990 ,00000 ,78218 ,172,16740,2, ,28110      ,3,5,1,Union County Unincorporated Area,119,119,30895338,0,0,0,0,0,0,0,0,0,119,119,30895338,0,0,0,0,0,0,0,0,0
202601,37,592000,181,    ,00000 ,00000 ,29316 ,450,25780, , ,27536      ,3,5,0,Vance County,5,5,1675469,0,0,0,0,0,0,0,0,0,0,0,0,0,0,0,0,0,0,0,0,0
202601,37,595000,019,2592,69795 ,00000 ,603 ,999,48900, , ,28462      ,3,5,0,Varnamtown town,0,0,0,0,0,0,0,0,0,0,0,0,0,0,0,0,0,0,0,0,0,0,0,0
202601,37,601000,183,    ,99990 ,00000 ,199721 ,450,39580, , ,27602      ,3,5,1,Wake County Unincorporated Area,30,30,21642012,0,0,0,0,0,0,0,0,0,30,30,21642012,0,0,0,0,0,0,0,0,0
202601,37,602000,183,2615,70540 ,00000 ,45936 ,450,39580,2, ,27587      ,3,5,1,Wake Forest town,46,46,8783617,1,2,400000,0,0,0,0,0,0,46,46,8783617,1,2,400000,0,0,0,0,0,0
202601,37,606000,169,2630,70780 ,00000 ,1532 ,268,49180, , ,27052      ,3,5,0,Walnut Cove town,0,0,0,0,0,0,0,0,0,1,5,1000000,0,0,0,0,0,0,0,0,0,0,0,0
202601,37,609000,185,    ,00000 ,00000 ,17552 ,999,99999, , ,27589      ,3,5,0,Warren County,17,17,2615806,0,0,0,0,0,0,0,0,0,0,0,0,0,0,0,0,0,0,0,0,0
202601,37,612000,013,2655,71220 ,00000 ,9487 ,274,47820,2,2,27889      ,3,5,1,Washington,0,0,0,0,0,0,0,0,0,0,0,0,0,0,0,0,0,0,0,0,0,0,0,0
202601,37,613000,187,    ,00000 ,00000 ,7388 ,999,99999, , ,27962      ,3,5,1,Washington County,0,0,0,0,0,0,0,0,0,0,0,0,0,0,0,0,0,0,0,0,0,0,0,0
202601,37,615000,189,    ,99990 ,00000 ,34704 ,999,14380,2, ,28607      ,3,5,1,Watauga County Unincorporated Area,7,7,4834100,1,2,360000,0,0,0,0,0,0,7,7,4834100,1,2,360000,0,0,0,0,0,0
202601,37,616000,141,2665,71320 ,00000 ,247 ,999,48900, , ,28425      ,3,5,0,Watha town,1,1,284266,0,0,0,0,0,0,0,0,0,0,0,0,0,0,0,0,0,0,0,0,0
202601,37,617000,179,2670,71460 ,00000 ,17987 ,172,16740, , ,28173      ,3,5,1,Waxhaw town,0,0,0,0,0,0,0,0,0,0,0,0,0,0,0,0,0,0,0,0,0,0,0,0
202601,37,618000,191,    ,99990 ,00000 ,81775 ,999,24140,2, ,27533      ,3,5,1,Wayne County Unincorporated Area,63,63,10342523,0,0,0,0,0,0,0,0,0,63,63,10342523,0,0,0,0,0,0,0,0,0
202601,37,619000,087,2675,71500 ,00000 ,10557 ,120,48200, ,2,28786      ,3,5,1,Waynesville town,2,2,545000,0,0,0,0,0,0,0,0,0,2,2,545000,0,0,0,0,0,0,0,0,0
202601,37,624000,083,2690,71780 ,00000 ,1456 ,468,40260, , ,27890      ,3,5,0,Weldon town,0,0,0,0,0,0,0,0,0,0,0,0,0,0,0,0,0,0,0,0,0,0,0,0
202601,37,625000,183,2695,71860 ,00000 ,9387 ,450,39580, , ,27591      ,3,5,1,Wendell town,70,70,23629819,0,0,0,0,0,0,0,0,0,70,70,23629819,0,0,0,0,0,0,0,0,0
202601,37,631000,047,2735,73660 ,00000 ,5242 ,999,99999, , ,28472      ,3,5,0,Whiteville,1,1,116563,0,0,0,0,0,0,0,0,0,0,0,0,0,0,0,0,0,0,0,0,0
202601,37,632000,193,    ,99990 ,00000 ,60048 ,999,35900,2, ,28697      ,3,5,1,Wilkes County Unincorporated Area,9,9,3147451,0,0,0,0,0,0,0,0,0,9,9,3147451,0,0,0,0,0,0,0,0,0
202601,37,636000,195,2760,74540 ,00000 ,49479 ,468,48980, ,2,27893      ,3,5,1,Wilson,4,4,2476576,0,0,0,0,0,0,0,0,0,4,4,2476576,0,0,0,0,0,0,0,0,0
202601,37,637000,195,    ,99990 ,00000 ,27067 ,468,48980,2, ,27893      ,3,5,1,Wilson County Unincorporated Area,11,11,3256184,0,0,0,0,0,0,0,0,0,11,11,3256184,0,0,0,0,0,0,0,0,0
202601,37,641000,067,2785,75000 ,00000 ,248112 ,268,49180, ,1,271014037  ,3,5,1,Winston-Salem,122,122,27371725,0,0,0,0,0,0,0,0,0,122,122,27371725,0,0,0,0,0,0,0,0,0
202601,37,642000,147,2790,75060 ,00000 ,10132 ,274,24780, , ,28590      ,3,5,0,Winterville town,3,3,601092,0,0,0,0,0,0,0,0,0,0,0,0,0,0,0,0,0,0,0,0,0
202601,37,646000,129,2815,75820 ,00000 ,2516 ,999,48900, , ,28480      ,3,5,0,Wrightsville Beach town,1,1,333893,0,0,0,0,0,0,0,0,0,0,0,0,0,0,0,0,0,0,0,0,0
202601,37,647000,197,    ,00000 ,00000 ,30840 ,268,49180, , ,27055      ,3,5,0,Yadkin County,8,8,2005957,0,0,0,0,0,0,0,0,0,0,0,0,0,0,0,0,0,0,0,0,0
202601,37,649000,199,    ,99990 ,00000 ,16456 ,999,99999, , ,28714      ,3,5,0,Yancey County Unincorporated Area,6,6,1397690,0,0,0,0,0,0,0,0,0,0,0,0,0,0,0,0,0,0,0,0,0
202601,37,653000,183,6870,76220 ,00000 ,6514 ,450,39580,2, ,27597      ,3,5,1,Zebulon town,20,20,3282653,0,0,0,0,0,0,0,0,0,20,20,3282653,0,0,0,0,0,0,0,0,0
202601,40,002000,123,0010,00200 ,00000 ,16810 ,999,10220, ,2,74820      ,3,7,1,Ada,0,0,0,0,0,0,0,0,0,0,0,0,0,0,0,0,0,0,0,0,0,0,0,0
202601,40,010000,051,0045,01250 ,00000 ,550 ,416,36420, , ,730020027  ,3,7,0,Alex town,0,0,0,0,0,0,0,0,0,0,0,0,0,0,0,0,0,0,0,0,0,0,0,0
202601,40,015000,065,0060,01700 ,00000 ,19813 ,999,11060, ,2,735213964  ,3,7,1,Altus,0,0,0,0,0,0,0,0,0,0,0,0,0,0,0,0,0,0,0,0,0,0,0,0
202601,40,016000,151,0065,01800 ,00000 ,4945 ,999,99999, , ,737172340  ,3,7,0,Alva,0,0,0,0,0,0,0,0,0,0,0,0,0,0,0,0,0,0,0,0,0,0,0,0
202601,40,017000,051,0067,01900 ,00000 ,419 ,416,36420, , ,730040003  ,3,7,0,Amber town,1,1,177200,0,0,0,0,0,0,0,0,0,0,0,0,0,0,0,0,0,0,0,0,0
202601,40,020000,015,0080,02050 ,00000 ,6762 ,999,99999, , ,730050647  ,3,7,0,Anadarko,0,0,0,0,0,0,0,0,0,0,0,0,0,0,0,0,0,0,0,0,0,0,0,0
202601,40,021000,127,0085,02250 ,00000 ,2453 ,999,99999, , ,745232201  ,3,7,0,Antlers,0,0,0,0,0,0,0,0,0,0,0,0,0,0,0,0,0,0,0,0,0,0,0,0
202601,40,023000,039,0095,02500 ,00000 ,796 ,555,48220, , ,736200576  ,3,7,0,Arapaho town,0,0,0,0,0,0,0,0,0,0,0,0,0,0,0,0,0,0,0,0,0,0,0,0
202601,40,024000,109,0097,02550 ,00000 ,247 ,416,36420, , ,730070268  ,3,7,1,Arcadia town,0,0,0,0,0,0,0,0,0,0,0,0,0,0,0,0,0,0,0,0,0,0,0,0
202601,40,025000,019,0100,02600 ,00000 ,24283 ,999,11620, ,2,734020249  ,3,7,1,Ardmore,4,4,606312,0,0,0,0,0,0,0,0,0,4,4,606312,0,0,0,0,0,0,0,0,0
202601,40,026000,079,0105,02650 ,00000 ,1989 ,999,99999, , ,749010277  ,3,7,0,Arkoma town,0,0,0,0,0,0,0,0,0,0,0,0,0,0,0,0,0,0,0,0,0,0,0,0
202601,40,028000,045,0110,02800 ,00000 ,524 ,999,99999, , ,738320344  ,3,7,0,Arnett town,0,0,0,0,0,0,0,0,0,0,0,0,0,0,0,0,0,0,0,0,0,0,0,0
202601,40,029000,125,0115,03000 ,00000 ,393 ,416,43060, , ,748260308  ,3,7,0,Asher town,0,0,0,0,0,0,0,0,0,0,0,0,0,0,0,0,0,0,0,0,0,0,0,0
202601,40,031000,005,0125,03300 ,00000 ,3107 ,999,99999, , ,745250900  ,3,7,0,Atoka,1,1,302641,0,0,0,0,0,0,0,0,0,0,0,0,0,0,0,0,0,0,0,0,0
202601,40,033000,113,0130,03500 ,00000 ,320 ,538,46140, , ,740010097  ,3,7,0,Avant town,0,0,0,0,0,0,0,0,0,0,0,0,0,0,0,0,0,0,0,0,0,0,0,0
202601,40,035000,113,0140,04250 ,00000 ,1243 ,538,46140, , ,740020879  ,3,7,0,Barnsdall,0,0,0,0,0,0,0,0,0,0,0,0,0,0,0,0,0,0,0,0,0,0,0,0
202601,40,037000,147,0145,04450 ,00000 ,35747 ,538,12780,2,2,740036619  ,3,7,1,Bartlesville,1,1,110000,0,0,0,0,0,0,0,0,0,1,1,110000,0,0,0,0,0,0,0,0,0
202601,40,039000,007,0150,04750 ,00000 ,1515 ,999,99999, , ,739320698  ,3,7,0,Beaver town,0,0,0,0,0,0,0,0,0,0,0,0,0,0,0,0,0,0,0,0,0,0,0,0
202601,40,045000,149,0170,05650 ,00000 ,181 ,555,48220, , ,736220038  ,3,7,0,Bessie town,0,0,0,0,0,0,0,0,0,0,0,0,0,0,0,0,0,0,0,0,0,0,0,0
202601,40,046000,109,0175,05700 ,00000 ,19051 ,416,36420, , ,73008      ,3,7,1,Bethany,0,0,0,0,0,0,0,0,0,0,0,0,0,0,0,0,0,0,0,0,0,0,0,0
202601,40,047000,125,0177,05800 ,00000 ,2895 ,416,43060, , ,748018770  ,3,7,0,Bethel Acres town,0,0,0,0,0,0,0,0,0,0,0,0,0,0,0,0,0,0,0,0,0,0,0,0
202601,40,050000,015,0190,06200 ,00000 ,672 ,999,99999, , ,73009      ,3,7,0,Binger town,0,0,0,0,0,0,0,0,0,0,0,0,0,0,0,0,0,0,0,0,0,0,0,0
202601,40,051000,143,0195,06400 ,00000 ,20706 ,538,46140,2, ,74008      ,3,7,1,Bixby,21,21,6581601,0,0,0,0,0,0,0,0,0,21,21,6581601,0,0,0,0,0,0,0,0,0
202601,40,054000,071,0205,06600 ,00000 ,7092 ,999,38620, , ,74631      ,3,7,0,Blackwell,1,1,137900,0,0,0,0,0,0,0,0,0,0,0,0,0,0,0,0,0,0,0,0,0
202601,40,058000,087,0215,06700 ,00000 ,5760 ,416,36420,2, ,73010      ,3,7,0,Blanchard,4,4,1118658,0,0,0,0,0,0,0,0,0,0,0,0,0,0,0,0,0,0,0,0,0
202601,40,060000,025,0225,07300 ,00000 ,1266 ,999,99999, , ,739330129  ,3,7,0,Boise City,0,0,0,0,0,0,0,0,0,0,0,0,0,0,0,0,0,0,0,0,0,0,0,0
202601,40,069000,071,0265,08450 ,00000 ,217 ,999,38620, , ,746320048  ,3,7,0,Braman town,0,0,0,0,0,0,0,0,0,0,0,0,0,0,0,0,0,0,0,0,0,0,0,0
202601,40,073000,037,0285,08900 ,00000 ,4222 ,538,46140, , ,74010      ,3,7,1,Bristow,0,0,0,0,0,0,0,0,0,0,0,0,0,0,0,0,0,0,0,0,0,0,0,0
202601,40,074000,143,0290,09050 ,00000 ,80634 ,538,46140,2, ,74013      ,3,7,1,Broken Arrow,41,41,10002687,0,0,0,0,0,0,0,0,0,41,41,10002687,0,0,0,0,0,0,0,0,0
202601,40,076000,089,0295,09100 ,00000 ,4120 ,999,99999, , ,74728      ,3,7,0,Broken Bow,1,1,269434,1,2,318000,0,0,0,0,0,0,0,0,0,0,0,0,0,0,0,0,0,0
202601,40,081000,059,0810,09850 ,00000 ,1299 ,999,99999, , ,73834      ,3,7,0,Buffalo town,0,0,0,0,0,0,0,0,0,0,0,0,0,0,0,0,0,0,0,0,0,0,0,0
202601,40,084000,149,0325,10250 ,00000 ,2057 ,555,48220, , ,73624      ,3,7,0,Burns Flat town,0,0,0,0,0,0,0,0,0,0,0,0,0,0,0,0,0,0,0,0,0,0,0,0
202601,40,089000,031,0345,10700 ,00000 ,2796 ,334,30020, , ,73527      ,3,7,0,Cache,2,2,3796,0,0,0,0,0,0,0,0,0,0,0,0,0,0,0,0,0,0,0,0,0
202601,40,093000,017,0360,11050 ,00000 ,507 ,416,36420, , ,73014      ,3,7,0,Calumet town,0,0,0,0,0,0,0,0,0,0,0,0,0,0,0,0,0,0,0,0,0,0,0,0
202601,40,094000,063,0365,11100 ,00000 ,294 ,999,99999, , ,745310368  ,3,7,0,Calvin town,0,0,0,0,0,0,0,0,0,0,0,0,0,0,0,0,0,0,0,0,0,0,0,0
202601,40,100000,011,0390,11600 ,00000 ,625 ,999,99999, , ,73724      ,3,7,0,Canton town,0,0,0,0,0,0,0,0,0,0,0,0,0,0,0,0,0,0,0,0,0,0,0,0
202601,40,103500,121,1055,11990 ,00000 , ,999,32540, , ,74432      ,3,7,1,Carlton Landing town,1,1,725000,0,0,0,0,0,0,0,0,0,1,1,725000,0,0,0,0,0,0,0,0,0
202601,40,104000,003,0405,12000 ,00000 ,355 ,999,99999, , ,73726      ,3,7,0,Carmen town,0,0,0,0,0,0,0,0,0,0,0,0,0,0,0,0,0,0,0,0,0,0,0,0
202601,40,107000,047,0417,12200 ,00000 ,85 ,999,21420, , ,737270085  ,3,7,0,Carrier town,0,0,0,0,0,0,0,0,0,0,0,0,0,0,0,0,0,0,0,0,0,0,0,0
202601,40,110000,073,0425,12650 ,00000 ,600 ,999,99999,2, ,73016      ,3,7,1,Cashion town,1,1,440000,0,0,0,0,0,0,0,0,0,1,1,440000,0,0,0,0,0,0,0,0,0
202601,40,113000,131,0435,12900 ,00000 ,5487 ,538,46140,2, ,74015      ,3,7,0,Catoosa,1,1,333311,0,0,0,0,0,0,0,0,0,0,0,0,0,0,0,0,0,0,0,0,0
202601,40,117000,081,0455,13500 ,00000 ,3100 ,416,36420, , ,74834      ,3,7,0,Chandler,0,0,0,0,0,0,0,0,0,0,0,0,0,0,0,0,0,0,0,0,0,0,0,0
202601,40,120000,091,0465,13650 ,00000 ,3335 ,999,99999, , ,74426      ,3,7,0,Checotah,0,0,0,0,0,0,0,0,0,0,0,0,0,0,0,0,0,0,0,0,0,0,0,0
202601,40,121000,131,0470,13700 ,00000 ,1964 ,538,46140, , ,74016      ,3,7,0,Chelsea town,1,1,139007,0,0,0,0,0,0,0,0,0,0,0,0,0,0,0,0,0,0,0,0,0
202601,40,122000,003,0475,13750 ,00000 ,1498 ,999,99999, , ,737281515  ,3,7,0,Cherokee,0,0,0,0,0,0,0,0,0,0,0,0,0,0,0,0,0,0,0,0,0,0,0,0
202601,40,124000,129,0480,13900 ,00000 ,801 ,999,99999, , ,73628      ,3,7,0,Cheyenne town,0,0,0,0,0,0,0,0,0,0,0,0,0,0,0,0,0,0,0,0,0,0,0,0
202601,40,125000,051,0485,13950 ,00000 ,16036 ,416,36420, , ,73018      ,3,7,1,Chickasha,21,21,6216350,0,0,0,0,0,0,0,0,0,21,21,6216350,0,0,0,0,0,0,0,0,0
202601,40,126000,109,0490,14200 ,00000 ,11146 ,416,36420, , ,73020      ,3,7,1,Choctaw,4,4,1583000,0,0,0,0,0,0,0,0,0,4,4,1583000,0,0,0,0,0,0,0,0,0
202601,40,128000,097,0495,14300 ,00000 ,2097 ,999,99999, , ,743370819  ,3,7,0,Chouteau town,1,1,121968,0,0,0,0,0,0,0,0,0,0,0,0,0,0,0,0,0,0,0,0,0
202601,40,131000,131,0500,14700 ,00000 ,18581 ,538,46140, , ,74017      ,3,7,1,Claremore,1,1,72000,0,0,0,0,0,0,0,0,0,1,1,72000,0,0,0,0,0,0,0,0,0
202601,40,132000,131,    ,99990 ,00000 ,55608 ,538,46140,2, ,740177863  ,3,7,1,Claremore-Rogers County Part Unincorporated Area,48,48,14501303,0,0,0,0,0,0,0,0,0,48,48,14501303,0,0,0,0,0,0,0,0,0
202601,40,136000,117,0515,15350 ,00000 ,3251 ,538,46140, , ,74020      ,3,7,0,Cleveland,0,0,0,0,0,0,0,0,0,0,0,0,0,0,0,0,0,0,0,0,0,0,0,0
202601,40,138000,039,0520,15400 ,00000 ,9029 ,555,48220,2, ,73601      ,3,7,0,Clinton,0,0,0,0,0,0,0,0,0,0,0,0,0,0,0,0,0,0,0,0,0,0,0,0
202601,40,141000,029,0525,15800 ,00000 ,1967 ,999,99999, , ,74538      ,3,7,0,Coalgate,0,0,0,0,0,0,0,0,0,0,0,0,0,0,0,0,0,0,0,0,0,0,0,0
202601,40,146000,143,0540,16350 ,00000 ,5599 ,538,46140,2, ,74021      ,3,7,1,Collinsville,4,4,889720,0,0,0,0,0,0,0,0,0,4,4,889720,0,0,0,0,0,0,0,0,0
202601,40,148000,137,0545,16450 ,00000 ,1663 ,334,20340, , ,73529      ,3,7,0,Comanche,0,0,0,0,0,0,0,0,0,0,0,0,0,0,0,0,0,0,0,0,0,0,0,0
202601,40,152000,147,0560,17100 ,00000 ,733 ,538,12780, , ,740220219  ,3,7,0,Copan town,0,0,0,0,0,0,0,0,0,0,0,0,0,0,0,0,0,0,0,0,0,0,0,0
202601,40,158000,145,0585,17800 ,00000 ,9943 ,538,46140, , ,74429      ,3,7,1,Coweta,9,9,2390500,0,0,0,0,0,0,0,0,0,9,9,2390500,0,0,0,0,0,0,0,0,0
202601,40,163000,083,0600,18250 ,00000 ,1411 ,416,36420, , ,730280561  ,3,7,0,Crescent,0,0,0,0,0,0,0,0,0,0,0,0,0,0,0,0,0,0,0,0,0,0,0,0
202601,40,166000,119,0615,18850 ,00000 ,7826 ,999,44660, , ,74023      ,3,7,0,Cushing,0,0,0,0,0,0,0,0,0,0,0,0,0,0,0,0,0,0,0,0,0,0,0,0
202601,40,171000,081,0635,19350 ,00000 ,814 ,416,36420, , ,74026      ,3,7,0,Davenport town,0,0,0,0,0,0,0,0,0,0,0,0,0,0,0,0,0,0,0,0,0,0,0,0
202601,40,174000,099,0645,19450 ,00000 ,2683 ,999,99999,2, ,73030      ,3,7,0,Davis,0,0,0,0,0,0,0,0,0,0,0,0,0,0,0,0,0,0,0,0,0,0,0,0
202601,40,176000,109,0660,19900 ,00000 ,21332 ,416,36420, , ,731155177  ,3,7,1,Del City,0,0,0,0,0,0,0,0,0,0,0,0,0,0,0,0,0,0,0,0,0,0,0,0
202601,40,179000,037,0665,20300 ,00000 ,476 ,538,46140, , ,740280357  ,3,7,0,Depew town,0,0,0,0,0,0,0,0,0,0,0,0,0,0,0,0,0,0,0,0,0,0,0,0
202601,40,182000,147,0680,20550 ,00000 ,3432 ,538,12780, , ,74029      ,3,7,0,Dewey,1,1,287588,0,0,0,0,0,0,0,0,0,0,0,0,0,0,0,0,0,0,0,0,0
202601,40,190000,073,0707,21350 ,00000 ,464 ,999,99999, , ,73734      ,3,7,0,Dover town,0,0,0,0,0,0,0,0,0,0,0,0,0,0,0,0,0,0,0,0,0,0,0,0
202601,40,191000,047,0715,21700 ,00000 ,455 ,999,21420, , ,73735      ,3,7,0,Drummond town,0,0,0,0,0,0,0,0,0,0,0,0,0,0,0,0,0,0,0,0,0,0,0,0
202601,40,192000,037,0720,21750 ,00000 ,2842 ,538,46140,2, ,74030      ,3,7,0,Drumright,0,0,0,0,0,0,0,0,0,0,0,0,0,0,0,0,0,0,0,0,0,0,0,0
202601,40,194000,137,0725,21900 ,00000 ,23431 ,334,20340, ,2,73533      ,3,7,1,Duncan,3,3,411000,0,0,0,0,0,0,0,0,0,3,3,411000,0,0,0,0,0,0,0,0,0
202601,40,195000,013,0730,22050 ,00000 ,15856 ,206,20460, ,2,74701      ,3,7,1,Durant,2,2,190000,0,0,0,0,0,0,0,0,0,2,2,190000,0,0,0,0,0,0,0,0,0
202601,40,199000,065,0747,22550 ,00000 ,424 ,999,11060, , ,735320340  ,3,7,0,East Duke town,0,0,0,0,0,0,0,0,0,0,0,0,0,0,0,0,0,0,0,0,0,0,0,0
202601,40,201000,109,0755,23200 ,00000 ,81405 ,416,36420, , ,730832970  ,3,7,1,Edmond,68,68,18486502,0,0,0,0,0,0,0,0,0,68,68,18486502,0,0,0,0,0,0,0,0,0
202601,40,202000,017,0785,23700 ,00000 ,16749 ,416,36420, , ,73036      ,3,7,0,El Reno,8,8,1089386,1,2,205000,0,0,0,0,0,0,0,0,0,0,0,0,0,0,0,0,0,0
202601,40,204000,031,0765,23450 ,00000 ,2156 ,334,30020, , ,73538      ,3,7,1,Elgin,0,0,0,0,0,0,0,0,0,0,0,0,0,0,0,0,0,0,0,0,0,0,0,0
202601,40,205000,009,0770,23500 ,00000 ,11693 ,555,21120, ,2,73644      ,3,7,0,Elk City,0,0,0,0,0,0,0,0,0,0,0,0,0,0,0,0,0,0,0,0,0,0,0,0
202601,40,208000,049,0780,23600 ,00000 ,697 ,999,99999, , ,734330068  ,3,7,0,Elmore City town,0,0,0,0,0,0,0,0,0,0,0,0,0,0,0,0,0,0,0,0,0,0,0,0
202601,40,210000,047,0790,23950 ,00000 ,49379 ,999,21420, ,1,737021768  ,3,7,1,Enid,0,0,0,0,0,0,0,0,0,0,0,0,0,0,0,0,0,0,0,0,0,0,0,0
202601,40,213000,091,0800,24650 ,00000 ,2813 ,999,99999, , ,744320684  ,3,7,1,Eufaula,2,2,170000,0,0,0,0,0,0,0,0,0,2,2,170000,0,0,0,0,0,0,0,0,0
202601,40,216000,113,0806,24850 ,00000 ,1380 ,538,46140, , ,74637      ,3,7,0,Fairfax town,0,0,0,0,0,0,0,0,0,0,0,0,0,0,0,0,0,0,0,0,0,0,0,0
202601,40,218000,047,0815,24950 ,00000 ,134 ,999,21420, , ,737360059  ,3,7,0,Fairmont town,0,0,0,0,0,0,0,0,0,0,0,0,0,0,0,0,0,0,0,0,0,0,0,0
202601,40,219000,093,0820,25100 ,00000 ,2579 ,999,99999, , ,73737      ,3,7,0,Fairview,0,0,0,0,0,0,0,0,0,0,0,0,0,0,0,0,0,0,0,0,0,0,0,0
202601,40,226000,031,0840,26350 ,00000 ,1177 ,334,30020, , ,735410448  ,3,7,0,Fletcher town,1,1,276556,0,0,0,0,0,0,0,0,0,0,0,0,0,0,0,0,0,0,0,0,0
202601,40,228000,109,0850,26850 ,00000 ,998 ,416,36420, , ,73121      ,3,7,0,Forest Park town,0,0,0,0,0,0,0,0,0,0,0,0,0,0,0,0,0,0,0,0,0,0,0,0
202601,40,230000,015,0860,27100 ,00000 ,634 ,999,99999, , ,73038      ,3,7,0,Fort Cobb town,0,0,0,0,0,0,0,0,0,0,0,0,0,0,0,0,0,0,0,0,0,0,0,0
202601,40,231000,101,0865,27200 ,00000 ,4132 ,538,34780,2, ,74434      ,3,7,0,Fort Gibson town,1,1,240000,0,0,0,0,0,0,0,0,0,0,0,0,0,0,0,0,0,0,0,0,0
202601,40,232000,153,0870,27350 ,00000 ,330 ,999,49260, , ,738410156  ,3,7,0,Fort Supply town,0,0,0,0,0,0,0,0,0,0,0,0,0,0,0,0,0,0,0,0,0,0,0,0
202601,40,237000,141,0895,27800 ,00000 ,3940 ,999,99999, , ,73542      ,3,7,0,Frederick,0,0,0,0,0,0,0,0,0,0,0,0,0,0,0,0,0,0,0,0,0,0,0,0
202601,40,239000,045,0905,28250 ,00000 ,442 ,999,99999, , ,73843      ,3,7,0,Gage town,0,0,0,0,0,0,0,0,0,0,0,0,0,0,0,0,0,0,0,0,0,0,0,0
202601,40,241000,047,0915,28500 ,00000 ,822 ,999,21420, , ,73738      ,3,7,0,Garber,0,0,0,0,0,0,0,0,0,0,0,0,0,0,0,0,0,0,0,0,0,0,0,0
202601,40,246000,011,0930,28900 ,00000 ,1077 ,999,99999,2, ,73040      ,3,7,0,Geary,0,0,0,0,0,0,0,0,0,0,0,0,0,0,0,0,0,0,0,0,0,0,0,0
202601,40,249000,031,0940,29100 ,00000 ,1268 ,334,30020, , ,73543      ,3,7,0,Geronimo town,0,0,0,0,0,0,0,0,0,0,0,0,0,0,0,0,0,0,0,0,0,0,0,0
202601,40,252000,143,0955,29600 ,00000 ,10808 ,538,46140, , ,740330070  ,3,7,1,Glenpool,0,0,0,0,0,0,0,0,0,0,0,0,0,0,0,0,0,0,0,0,0,0,0,0
202601,40,253000,087,0958,29850 ,00000 ,1801 ,416,36420, , ,73093      ,3,7,1,Goldsby town,0,0,0,0,0,0,0,0,0,0,0,0,0,0,0,0,0,0,0,0,0,0,0,0
202601,40,254000,003,0960,29900 ,00000 ,249 ,999,99999, , ,73739      ,3,7,0,Goltry town,0,0,0,0,0,0,0,0,0,0,0,0,0,0,0,0,0,0,0,0,0,0,0,0
202601,40,255000,139,0965,30200 ,00000 ,1293 ,999,25100, , ,73939      ,3,7,0,Goodwell town,0,0,0,0,0,0,0,0,0,0,0,0,0,0,0,0,0,0,0,0,0,0,0,0
202601,40,256000,135,0970,30300 ,00000 ,977 ,999,22900, , ,74435      ,3,7,0,Gore town,0,0,0,0,0,0,0,0,0,0,0,0,0,0,0,0,0,0,0,0,0,0,0,0
202601,40,263000,141,0995,30850 ,00000 ,1038 ,999,99999, , ,73546      ,3,7,0,Grandfield,0,0,0,0,0,0,0,0,0,0,0,0,0,0,0,0,0,0,0,0,0,0,0,0
202601,40,269000,041,1015,31600 ,00000 ,6623 ,999,99999, , ,74344      ,3,7,1,Grove,0,0,0,4,8,1680004,0,0,0,0,0,0,0,0,0,4,8,1680004,0,0,0,0,0,0
202601,40,270000,083,1020,31700 ,00000 ,10191 ,416,36420, , ,73044      ,3,7,1,Guthrie,9,9,2664150,0,0,0,0,0,0,0,0,0,9,9,2664150,0,0,0,0,0,0,0,0,0
202601,40,271000,139,1025,31750 ,00000 ,11442 ,999,25100, ,2,73942      ,3,7,0,Guymon,2,2,605281,0,0,0,0,0,0,0,0,0,0,0,0,0,0,0,0,0,0,0,0,0
202601,40,281000,109,1060,32750 ,00000 ,5095 ,416,36420, , ,73045      ,3,7,0,Harrah,12,12,3451060,0,0,0,0,0,0,0,0,0,0,0,0,0,0,0,0,0,0,0,0,0
202601,40,282000,121,1065,32850 ,00000 ,2125 ,999,32540,2, ,74547      ,3,7,0,Hartshorne,0,0,0,0,0,0,0,0,0,0,0,0,0,0,0,0,0,0,0,0,0,0,0,0
202601,40,284000,101,1070,32900 ,00000 ,2007 ,538,34780, , ,74436      ,3,7,1,Haskell town,1,1,296017,0,0,0,0,0,0,0,0,0,1,1,296017,0,0,0,0,0,0,0,0,0
202601,40,288000,019,1090,33350 ,00000 ,2788 ,999,11620, , ,73438      ,3,7,0,Healdton,0,0,0,0,0,0,0,0,0,0,0,0,0,0,0,0,0,0,0,0,0,0,0,0
202601,40,289000,079,1095,33400 ,00000 ,3414 ,999,99999, , ,749373215  ,3,7,0,Heavener,0,0,0,0,0,0,0,0,0,0,0,0,0,0,0,0,0,0,0,0,0,0,0,0
202601,40,291000,013,1103,33600 ,00000 ,79 ,206,20460, , ,74741      ,3,7,0,Hendrix town,0,0,0,0,0,0,0,0,0,0,0,0,0,0,0,0,0,0,0,0,0,0,0,0
202601,40,292000,073,1105,33700 ,00000 ,2131 ,999,99999, , ,73742      ,3,7,0,Hennessey town,1,1,150000,0,0,0,0,0,0,0,0,0,0,0,0,0,0,0,0,0,0,0,0,0
202601,40,293000,111,1110,33750 ,00000 ,5927 ,538,46140, , ,74437      ,3,7,0,Henryetta,0,0,0,0,0,0,0,0,0,0,0,0,0,0,0,0,0,0,0,0,0,0,0,0
202601,40,296000,015,1135,34750 ,00000 ,3196 ,999,99999, , ,73047      ,3,7,0,Hinton town,0,0,0,0,0,0,0,0,0,0,0,0,0,0,0,0,0,0,0,0,0,0,0,0
202601,40,299000,075,1150,35000 ,00000 ,3756 ,999,99999, , ,73651      ,3,7,0,Hobart,0,0,0,0,0,0,0,0,0,0,0,0,0,0,0,0,0,0,0,0,0,0,0,0
202601,40,301000,063,1160,35400 ,00000 ,5771 ,999,99999, , ,74848      ,3,7,0,Holdenville,0,0,0,0,0,0,0,0,0,0,0,0,0,0,0,0,0,0,0,0,0,0,0,0
202601,40,304000,113,1175,35850 ,00000 ,3565 ,538,46140, , ,74035      ,3,7,0,Hominy,0,0,0,0,0,0,0,0,0,0,0,0,0,0,0,0,0,0,0,0,0,0,0,0
202601,40,305000,139,1180,36000 ,00000 ,1918 ,999,25100, , ,739450067  ,3,7,0,Hooker,0,0,0,0,0,0,0,0,0,0,0,0,0,0,0,0,0,0,0,0,0,0,0,0
202601,40,309000,023,1190,36300 ,00000 ,5310 ,999,99999, , ,74743      ,3,7,0,Hugo,0,0,0,0,0,0,0,0,0,0,0,0,0,0,0,0,0,0,0,0,0,0,0,0
202601,40,310000,021,1192,36400 ,00000 ,590 ,999,45140, , ,74441      ,3,7,0,Hulbert town,0,0,0,0,0,0,0,0,0,0,0,0,0,0,0,0,0,0,0,0,0,0,0,0
202601,40,314000,089,1205,36750 ,00000 ,7010 ,999,99999, , ,74745      ,3,7,0,Idabel,0,0,0,0,0,0,0,0,0,0,0,0,0,0,0,0,0,0,0,0,0,0,0,0
202601,40,315000,031,1210,36850 ,00000 ,344 ,334,30020, , ,735520038  ,3,7,0,Indiahoma town,0,0,0,0,0,0,0,0,0,0,0,0,0,0,0,0,0,0,0,0,0,0,0,0
202601,40,317000,131,1220,37100 ,00000 ,1788 ,538,46140, , ,74036      ,3,7,1,Inola town,0,0,0,0,0,0,0,0,0,0,0,0,0,0,0,0,0,0,0,0,0,0,0,0
202601,40,320000,041,1230,37650 ,00000 ,2448 ,999,99999, , ,74346      ,3,7,0,Jay,1,1,302641,0,0,0,0,0,0,0,0,0,0,0,0,0,0,0,0,0,0,0,0,0
202601,40,323000,143,1240,37800 ,00000 ,16924 ,538,46140, , ,74037      ,3,7,1,Jenks,5,5,1954900,0,0,0,0,0,0,0,0,0,5,5,1954900,0,0,0,0,0,0,0,0,0
202601,40,328000,109,1255,38350 ,00000 ,2692 ,416,36420, , ,73049      ,3,7,1,Jones town,3,3,888050,0,0,0,0,0,0,0,0,0,3,3,888050,0,0,0,0,0,0,0,0,0
202601,40,330000,071,1265,38800 ,00000 ,375 ,999,38620, , ,746410030  ,3,7,0,Kaw City,0,0,0,0,0,0,0,0,0,0,0,0,0,0,0,0,0,0,0,0,0,0,0,0
202601,40,339000,037,1315,39750 ,00000 ,1685 ,538,46140, , ,740410369  ,3,7,1,Kiefer town,3,3,888050,0,0,0,0,0,0,0,0,0,3,3,888050,0,0,0,0,0,0,0,0,0
202601,40,341000,073,1325,39850 ,00000 ,4633 ,999,99999, , ,73750      ,3,7,0,Kingfisher,1,1,65735,0,0,0,0,0,0,0,0,0,0,0,0,0,0,0,0,0,0,0,0,0
202601,40,346000,121,1340,40000 ,00000 ,731 ,999,32540, , ,745530069  ,3,7,0,Kiowa town,1,1,302641,0,0,0,0,0,0,0,0,0,0,0,0,0,0,0,0,0,0,0,0,0
202601,40,348000,133,1350,40200 ,00000 ,1298 ,999,99999,2, ,74849      ,3,7,0,Konawa,0,0,0,0,0,0,0,0,0,0,0,0,0,0,0,0,0,0,0,0,0,0,0,0
202601,40,349000,121,1355,40300 ,00000 ,2053 ,999,32540, , ,745540156  ,3,7,1,Krebs,0,0,0,0,0,0,0,0,0,0,0,0,0,0,0,0,0,0,0,0,0,0,0,0
202601,40,350000,047,1360,40400 ,00000 ,255 ,999,21420, , ,73753      ,3,7,0,Kremlin town,0,0,0,0,0,0,0,0,0,0,0,0,0,0,0,0,0,0,0,0,0,0,0,0
202601,40,351000,047,1365,40700 ,00000 ,611 ,999,21420, , ,737540443  ,3,7,0,Lahoma town,0,0,0,0,0,0,0,0,0,0,0,0,0,0,0,0,0,0,0,0,0,0,0,0
202601,40,352000,109,1370,40800 ,00000 ,88 ,416,36420, , ,73121      ,3,7,0,Lake Aluma town,0,0,0,0,0,0,0,0,0,0,0,0,0,0,0,0,0,0,0,0,0,0,0,0
202601,40,355000,053,1385,41350 ,00000 ,417 ,999,99999, , ,746430187  ,3,7,0,Lamont town,0,0,0,0,0,0,0,0,0,0,0,0,0,0,0,0,0,0,0,0,0,0,0,0
202601,40,357000,083,1395,41550 ,00000 ,1724 ,416,36420, , ,730501256  ,3,7,0,Langston town,1,1,287588,0,0,0,0,0,0,0,0,0,0,0,0,0,0,0,0,0,0,0,0,0
202601,40,359000,059,1400,41700 ,00000 ,1344 ,999,99999, , ,73848      ,3,7,0,Laverne town,0,0,0,0,0,0,0,0,0,0,0,0,0,0,0,0,0,0,0,0,0,0,0,0
202601,40,361000,031,1405,41850 ,00000 ,96867 ,334,30020, ,1,73501      ,3,7,1,Lawton,1,1,126920,1,2,213920,0,0,0,0,0,0,1,1,126920,1,2,213920,0,0,0,0,0,0
202601,40,368000,027,1430,42700 ,00000 ,2152 ,416,36420, , ,73051      ,3,7,0,Lexington,0,0,0,0,0,0,0,0,0,0,0,0,0,0,0,0,0,0,0,0,0,0,0,0
202601,40,373000,049,1435,43150 ,00000 ,2840 ,999,99999, , ,73052      ,3,7,0,Lindsay,0,0,0,0,0,0,0,0,0,0,0,0,0,0,0,0,0,0,0,0,0,0,0,0
202601,40,377000,019,1452,43750 ,00000 ,5054 ,999,11620, , ,734430304  ,3,7,1,Lone Grove,0,0,0,0,0,0,0,0,0,0,0,0,0,0,0,0,0,0,0,0,0,0,0,0
202601,40,378000,075,1455,43850 ,00000 ,438 ,999,99999, , ,73655      ,3,7,0,Lone Wolf town,0,0,0,0,0,0,0,0,0,0,0,0,0,0,0,0,0,0,0,0,0,0,0,0
202601,40,381000,143,1468,44100 ,00000 ,2 ,538,46140, , ,74063      ,3,7,0,Lotsee town,0,0,0,0,0,0,0,0,0,0,0,0,0,0,0,0,0,0,0,0,0,0,0,0
202601,40,385000,109,1485,44500 ,00000 ,1221 ,416,36420, , ,73054      ,3,7,1,Luther town,0,0,0,0,0,0,0,0,0,0,0,0,0,0,0,0,0,0,0,0,0,0,0,0
202601,40,387000,095,1520,45750 ,00000 ,3770 ,999,99999, , ,734462221  ,3,7,1,Madill,0,0,0,0,0,0,0,0,0,0,0,0,0,0,0,0,0,0,0,0,0,0,0,0
202601,40,390000,055,1530,46050 ,00000 ,3010 ,999,99999, , ,73554      ,3,7,0,Mangum,0,0,0,0,0,0,0,0,0,0,0,0,0,0,0,0,0,0,0,0,0,0,0,0
202601,40,392000,037,1540,46200 ,00000 ,3045 ,538,46140,2, ,74044      ,3,7,1,Mannford town,1,1,350000,0,0,0,0,0,0,0,0,0,1,1,350000,0,0,0,0,0,0,0,0,0
202601,40,398000,085,1560,46500 ,00000 ,2626 ,999,99999, , ,73448      ,3,7,0,Marietta,0,0,0,0,0,0,0,0,0,0,0,0,0,0,0,0,0,0,0,0,0,0,0,0
202601,40,400000,137,1570,46600 ,00000 ,4662 ,334,20340, , ,730550113  ,3,7,0,Marlow,1,1,287588,0,0,0,0,0,0,0,0,0,0,0,0,0,0,0,0,0,0,0,0,0
202601,40,408000,049,1595,47150 ,00000 ,1220 ,999,99999,2, ,73057      ,3,7,0,Maysville town,0,0,0,0,0,0,0,0,0,0,0,0,0,0,0,0,0,0,0,0,0,0,0,0
202601,40,409000,121,1490,44800 ,00000 ,18383 ,999,32540, ,2,74502      ,3,7,1,McAlester,1,1,25000,0,0,0,0,0,0,0,0,0,1,1,25000,0,0,0,0,0,0,0,0,0
202601,40,411000,087,    ,99990 ,00000 ,11143 ,416,36420, , ,73080      ,3,7,0,McClain County Unincorporated Area,7,7,1329973,0,0,0,0,0,0,0,0,0,0,0,0,0,0,0,0,0,0,0,0,0
202601,40,415000,125,1510,45350 ,00000 ,4044 ,416,43060, , ,74851      ,3,7,0,McLoud,1,1,204898,0,0,0,0,0,0,0,0,0,0,0,0,0,0,0,0,0,0,0,0,0
202601,40,417000,053,1600,47300 ,00000 ,996 ,999,99999, , ,73759      ,3,7,0,Medford,0,0,0,0,0,0,0,0,0,0,0,0,0,0,0,0,0,0,0,0,0,0,0,0
202601,40,418000,031,1603,47350 ,00000 ,382 ,334,30020, , ,735570231  ,3,7,0,Medicine Park town,1,1,239878,0,0,0,0,0,0,0,0,0,0,0,0,0,0,0,0,0,0,0,0,0
202601,40,419000,081,1605,47450 ,00000 ,1144 ,416,36420, , ,74855      ,3,7,0,Meeker town,0,0,0,0,0,0,0,0,0,0,0,0,0,0,0,0,0,0,0,0,0,0,0,0
202601,40,422000,115,1620,48000 ,00000 ,13570 ,309,33060, ,2,743551288  ,3,7,0,Miami,1,1,195208,0,0,0,0,0,0,0,0,0,0,0,0,0,0,0,0,0,0,0,0,0
202601,40,423000,109,1630,48350 ,00000 ,54371 ,416,36420, , ,73110      ,3,7,1,Midwest City,21,21,3260000,0,0,0,0,0,0,0,0,0,21,21,3260000,0,0,0,0,0,0,0,0,0
202601,40,426000,089,1642,48600 ,00000 ,320 ,999,99999, , ,74750      ,3,7,0,Millerton town,0,0,0,0,0,0,0,0,0,0,0,0,0,0,0,0,0,0,0,0,0,0,0,0
202601,40,427000,051,1645,48750 ,00000 ,1632 ,416,36420, , ,73059      ,3,7,0,Minco,1,1,108643,0,0,0,0,0,0,0,0,0,0,0,0,0,0,0,0,0,0,0,0,0
202601,40,428000,135,1650,49000 ,00000 ,128 ,999,22900, , ,74946      ,3,7,0,Moffett town,0,0,0,0,0,0,0,0,0,0,0,0,0,0,0,0,0,0,0,0,0,0,0,0
202601,40,429000,027,1655,49200 ,00000 ,55081 ,416,36420, , ,73160      ,3,7,1,Moore,11,11,5212682,0,0,0,0,0,0,0,0,0,11,11,5212682,0,0,0,0,0,0,0,0,0
202601,40,430000,153,1660,49250 ,00000 ,1190 ,999,49260, , ,73852      ,3,7,0,Mooreland town,0,0,0,0,0,0,0,0,0,0,0,0,0,0,0,0,0,0,0,0,0,0,0,0
202601,40,431000,111,1665,49400 ,00000 ,1479 ,538,46140, , ,74445      ,3,7,0,Morris,0,0,0,0,0,0,0,0,0,0,0,0,0,0,0,0,0,0,0,0,0,0,0,0
202601,40,433000,037,1675,49550 ,00000 ,1168 ,538,46140,2, ,74047      ,3,7,1,Mounds town,0,0,0,0,0,0,0,0,0,0,0,0,0,0,0,0,0,0,0,0,0,0,0,0
202601,40,434000,075,1680,49600 ,00000 ,409 ,999,99999, , ,735590190  ,3,7,0,Mountain Park town,0,0,0,0,0,0,0,0,0,0,0,0,0,0,0,0,0,0,0,0,0,0,0,0
202601,40,436000,135,1690,49850 ,00000 ,3466 ,999,22900, , ,749480429  ,3,7,0,Muldrow town,0,0,0,0,0,0,0,0,0,0,0,0,0,0,0,0,0,0,0,0,0,0,0,0
202601,40,439000,101,1700,50050 ,00000 ,39223 ,538,34780, ,2,74401      ,3,7,1,Muskogee,0,0,0,0,0,0,0,0,0,0,0,0,0,0,0,0,0,0,0,0,0,0,0,0
202601,40,441000,017,1705,50100 ,00000 ,17395 ,416,36420, , ,73064      ,3,7,0,Mustang,5,5,1492857,0,0,0,0,0,0,0,0,0,0,0,0,0,0,0,0,0,0,0,0,0
202601,40,446000,149,1730,51250 ,00000 ,2915 ,555,48220, , ,73632      ,3,7,0,New Cordell,0,0,0,0,0,0,0,0,0,0,0,0,0,0,0,0,0,0,0,0,0,0,0,0
202601,40,448000,087,1728,51150 ,00000 ,7685 ,416,36420, , ,73065      ,3,7,1,Newcastle,39,39,8488000,0,0,0,0,0,0,0,0,0,39,39,8488000,0,0,0,0,0,0,0,0,0
202601,40,449000,071,1735,51300 ,00000 ,2317 ,999,38620, , ,74647      ,3,7,0,Newkirk,0,0,0,0,0,0,0,0,0,0,0,0,0,0,0,0,0,0,0,0,0,0,0,0
202601,40,450000,109,1745,51800 ,00000 ,3710 ,416,36420, , ,731166431  ,3,7,1,Nichols Hills,2,2,2490000,0,0,0,0,0,0,0,0,0,2,2,2490000,0,0,0,0,0,0,0,0,0
202601,40,451000,109,1746,51850 ,00000 ,2393 ,416,36420, , ,73066      ,3,7,0,Nicoma Park,1,1,287588,0,0,0,0,0,0,0,0,0,0,0,0,0,0,0,0,0,0,0,0,0
202601,40,451500,051,1748,52100 ,00000 ,1002 ,416,36420, , ,73067      ,3,7,0,Ninnekah town,0,0,0,0,0,0,0,0,0,0,0,0,0,0,0,0,0,0,0,0,0,0,0,0
202601,40,452000,027,1750,52150 ,00000 ,6481 ,416,36420, , ,73068      ,3,7,0,Noble,1,1,218182,0,0,0,0,0,0,0,0,0,0,0,0,0,0,0,0,0,0,0,0,0
202601,40,455000,027,1755,52500 ,00000 ,110925 ,416,36420, , ,73070      ,3,7,1,Norman,23,23,1080040,0,0,0,0,0,0,0,0,0,23,23,1080040,0,0,0,0,0,0,0,0,0
202601,40,456000,047,1760,52600 ,00000 ,860 ,999,21420, , ,737016653  ,3,7,0,North Enid town,0,0,0,0,0,0,0,0,0,0,0,0,0,0,0,0,0,0,0,0,0,0,0,0
202601,40,457000,115,1765,52700 ,00000 ,374 ,309,33060, , ,74358      ,3,7,0,North Miami town,0,0,0,0,0,0,0,0,0,0,0,0,0,0,0,0,0,0,0,0,0,0,0,0
202601,40,458000,105,1770,52900 ,00000 ,3731 ,999,99999, , ,74048      ,3,7,0,Nowata,1,1,182814,0,0,0,0,0,0,0,0,0,0,0,0,0,0,0,0,0,0,0,0,0
202601,40,460000,095,1775,53400 ,00000 ,1057 ,999,99999, , ,734460541  ,3,7,0,Oakland town,0,0,0,0,0,0,0,0,0,0,0,0,0,0,0,0,0,0,0,0,0,0,0,0
202601,40,462000,041,1777,53550 ,00000 ,288 ,999,99999,2, ,743590138  ,3,7,0,Oaks town,0,0,0,0,0,0,0,0,0,0,0,0,0,0,0,0,0,0,0,0,0,0,0,0
202601,40,467000,073,1795,54050 ,00000 ,890 ,999,99999,2, ,73762      ,3,7,0,Okarche town,1,1,302641,0,0,0,0,0,0,0,0,0,0,0,0,0,0,0,0,0,0,0,0,0
202601,40,469000,011,1805,54150 ,00000 ,1204 ,999,99999, , ,73763      ,3,7,0,Okeene town,0,0,0,0,0,0,0,0,0,0,0,0,0,0,0,0,0,0,0,0,0,0,0,0
202601,40,470000,107,1810,54200 ,00000 ,3223 ,999,99999, , ,74859      ,3,7,0,Okemah,0,0,0,0,0,0,0,0,0,0,0,0,0,0,0,0,0,0,0,0,0,0,0,0
202601,40,475000,109,1815,55000 ,00000 ,471671 ,416,36420,2,1,73102      ,3,7,1,Oklahoma City,392,392,99073680,10,20,3180000,0,0,0,4,25,3175000,392,392,99073680,10,20,3180000,0,0,0,4,25,3175000
202601,40,477000,109,    ,99990 ,00000 ,22255 ,416,36420, , ,731023431  ,3,7,1,Oklahoma County Unincorporated Area,2,2,780000,0,0,0,0,0,0,0,0,0,2,2,780000,0,0,0,0,0,0,0,0,0
202601,40,478000,111,4670,55150 ,00000 ,12321 ,538,46140, , ,74447      ,3,7,1,Okmulgee,0,0,0,0,0,0,0,0,0,0,0,0,0,0,0,0,0,0,0,0,0,0,0,0
202601,40,483000,139,1840,55850 ,00000 ,356 ,999,25100, , ,739450176  ,3,7,0,Optima town,0,0,0,0,0,0,0,0,0,0,0,0,0,0,0,0,0,0,0,0,0,0,0,0
202601,40,485000,113,    ,99990 ,00000 ,23703 ,538,46140, , ,74056      ,3,7,1,Osage County Unincorporated Area,9,9,0,0,0,0,0,0,0,0,0,0,9,9,0,0,0,0,0,0,0,0,0,0
202601,40,489000,143,1855,56650 ,00000 ,26301 ,538,46140,2, ,74055      ,3,7,1,Owasso,0,0,0,0,0,0,0,0,0,0,0,0,0,0,0,0,0,0,0,0,0,0,0,0
202601,40,493000,135,1872,57150 ,00000 ,85 ,999,22900, , ,74435      ,3,7,0,Paradise Hill town,0,0,0,0,0,0,0,0,0,0,0,0,0,0,0,0,0,0,0,0,0,0,0,0
202601,40,494000,049,1875,57550 ,00000 ,6187 ,999,99999, , ,73075      ,3,7,0,Pauls Valley,0,0,0,0,0,0,0,0,0,0,0,0,0,0,0,0,0,0,0,0,0,0,0,0
202601,40,495000,113,1880,57600 ,00000 ,3584 ,538,46140, , ,74056      ,3,7,0,Pawhuska,0,0,0,0,0,0,0,0,0,0,0,0,0,0,0,0,0,0,0,0,0,0,0,0
202601,40,496000,117,1885,57650 ,00000 ,2196 ,538,46140, , ,74058      ,3,7,0,Pawnee,0,0,0,0,0,0,0,0,0,0,0,0,0,0,0,0,0,0,0,0,0,0,0,0
202601,40,501000,119,1905,58150 ,00000 ,2831 ,999,44660, , ,740590009  ,3,7,0,Perkins,0,0,0,0,0,0,0,0,0,0,0,0,0,0,0,0,0,0,0,0,0,0,0,0
202601,40,502000,103,1910,58250 ,00000 ,5126 ,999,99999, , ,730770798  ,3,7,0,Perry,0,0,0,0,0,0,0,0,0,0,0,0,0,0,0,0,0,0,0,0,0,0,0,0
202601,40,505000,017,1925,58700 ,00000 ,5712 ,416,36420,2, ,73078      ,3,7,0,Piedmont,3,3,1145065,0,0,0,0,0,0,0,0,0,0,0,0,0,0,0,0,0,0,0,0,0
202601,40,510000,079,1933,59750 ,00000 ,4056 ,999,99999, , ,74902      ,3,7,0,Pocola town,2,2,428451,0,0,0,0,0,0,0,0,0,0,0,0,0,0,0,0,0,0,0,0,0
202601,40,511000,071,1935,59850 ,00000 ,25387 ,999,38620, ,2,74601      ,3,7,1,Ponca City,0,0,0,0,0,0,0,0,0,0,0,0,0,0,0,0,0,0,0,0,0,0,0,0
202601,40,513000,053,1940,59950 ,00000 ,856 ,999,99999, , ,73766      ,3,7,0,Pond Creek,0,0,0,0,0,0,0,0,0,0,0,0,0,0,0,0,0,0,0,0,0,0,0,0
202601,40,517000,079,1955,60350 ,00000 ,8520 ,999,99999, , ,74953      ,3,7,0,Poteau,0,0,0,0,0,0,0,0,0,0,0,0,0,0,0,0,0,0,0,0,0,0,0,0
202601,40,519000,081,1960,60500 ,00000 ,2386 ,416,36420,2, ,74864      ,3,7,0,Prague,0,0,0,0,0,0,0,0,0,0,0,0,0,0,0,0,0,0,0,0,0,0,0,0
202601,40,521000,097,1970,61000 ,00000 ,9539 ,999,99999, , ,74362      ,3,7,1,Pryor Creek,1,1,328000,0,0,0,1,3,300000,0,0,0,1,1,328000,0,0,0,1,3,300000,0,0,0
202601,40,523000,087,1975,61150 ,00000 ,5884 ,416,36420,2, ,730804222  ,3,7,0,Purcell,2,2,411077,0,0,0,0,0,0,0,0,0,0,0,0,0,0,0,0,0,0,0,0,0
202601,40,526000,115,1985,61400 ,00000 ,906 ,309,33060, , ,743630706  ,3,7,0,Quapaw town,0,0,0,0,0,0,0,0,0,0,0,0,0,0,0,0,0,0,0,0,0,0,0,0
202601,40,536000,069,2020,62000 ,00000 ,528 ,999,99999, , ,73455      ,3,7,0,Ravia town,0,0,0,0,0,0,0,0,0,0,0,0,0,0,0,0,0,0,0,0,0,0,0,0
202601,40,544000,093,2060,63450 ,00000 ,497 ,999,99999, , ,737680182  ,3,7,0,Ringwood town,0,0,0,0,0,0,0,0,0,0,0,0,0,0,0,0,0,0,0,0,0,0,0,0
202601,40,548000,123,2075,63750 ,00000 ,725 ,999,10220, , ,748650323  ,3,7,0,Roff town,0,0,0,0,0,0,0,0,0,0,0,0,0,0,0,0,0,0,0,0,0,0,0,0
202601,40,551000,135,2080,63800 ,00000 ,3169 ,999,22900, , ,74954      ,3,7,0,Roland town,4,4,408000,0,0,0,0,0,0,0,0,0,0,0,0,0,0,0,0,0,0,0,0,0
202601,40,555000,051,2100,64300 ,00000 ,1231 ,416,36420, , ,73082      ,3,7,0,Rush Springs town,0,0,0,0,0,0,0,0,0,0,0,0,0,0,0,0,0,0,0,0,0,0,0,0
202601,40,557000,097,2115,64950 ,00000 ,1396 ,999,99999, , ,743650276  ,3,7,0,Salina town,0,0,0,0,0,0,0,0,0,0,0,0,0,0,0,0,0,0,0,0,0,0,0,0
202601,40,558000,135,2120,65000 ,00000 ,8880 ,999,22900, , ,74955      ,3,7,1,Sallisaw,6,6,1190000,0,0,0,0,0,0,0,0,0,6,6,1190000,0,0,0,0,0,0,0,0,0
202601,40,560000,143,2125,65300 ,00000 ,18515 ,538,46140,2, ,74063      ,3,7,1,Sand Springs,1,1,347500,0,0,0,0,0,0,0,0,0,1,1,347500,0,0,0,0,0,0,0,0,0
202601,40,561000,037,2135,65400 ,00000 ,20501 ,538,46140,2, ,74066      ,3,7,0,Sapulpa,5,5,1129573,0,0,0,0,0,0,1,8,615385,0,0,0,0,0,0,0,0,0,0,0,0
202601,40,564000,009,2150,65700 ,00000 ,4375 ,555,21120, , ,73662      ,3,7,0,Sayre,0,0,0,0,0,0,0,0,0,0,0,0,0,0,0,0,0,0,0,0,0,0,0,0
202601,40,565000,043,2160,66250 ,00000 ,860 ,999,99999,2, ,73663      ,3,7,0,Seiling,1,1,275000,0,0,0,0,0,0,0,0,0,0,0,0,0,0,0,0,0,0,0,0,0
202601,40,566000,133,2165,66350 ,00000 ,7488 ,999,99999, , ,74868      ,3,7,0,Seminole,1,1,180456,0,0,0,0,0,0,1,5,600000,0,0,0,0,0,0,0,0,0,0,0,0
202601,40,574000,045,2190,66750 ,00000 ,1356 ,999,99999, , ,73858      ,3,7,0,Shattuck town,0,0,0,0,0,0,0,0,0,0,0,0,0,0,0,0,0,0,0,0,0,0,0,0
202601,40,575000,125,2195,66800 ,00000 ,29857 ,416,43060, ,2,74801      ,3,7,1,Shawnee,4,4,2822104,0,0,0,0,0,0,0,0,0,4,4,2822104,0,0,0,0,0,0,0,0,0
202601,40,579000,113,2210,67850 ,00000 ,5267 ,538,46140,2, ,74070      ,3,7,1,Skiatook,0,0,0,0,0,0,0,0,0,0,0,0,0,0,0,0,0,0,0,0,0,0,0,0
202601,40,581000,027,2212,67950 ,00000 ,4137 ,416,36420, , ,73051      ,3,7,1,Slaughterville town,15,15,2019000,0,0,0,0,0,0,0,0,0,15,15,2019000,0,0,0,0,0,0,0,0,0
202601,40,584000,075,2230,68400 ,00000 ,1394 ,999,99999, , ,73566      ,3,7,0,Snyder,0,0,0,0,0,0,0,0,0,0,0,0,0,0,0,0,0,0,0,0,0,0,0,0
202601,40,586000,105,2245,68600 ,00000 ,785 ,999,99999, , ,74072      ,3,7,0,South Coffeyville town,0,0,0,0,0,0,0,0,0,0,0,0,0,0,0,0,0,0,0,0,0,0,0,0
202601,40,589000,109,2260,69200 ,00000 ,3912 ,416,36420, , ,73084      ,3,7,0,Spencer,0,0,0,0,0,0,0,0,0,0,0,0,0,0,0,0,0,0,0,0,0,0,0,0
202601,40,590000,143,2265,69300 ,00000 ,1177 ,538,46140,2, ,74073      ,3,7,1,Sperry town,0,0,0,0,0,0,0,0,0,0,0,0,0,0,0,0,0,0,0,0,0,0,0,0
202601,40,591000,079,2270,69350 ,00000 ,2164 ,999,99999, , ,74959      ,3,7,0,Spiro town,1,1,250717,0,0,0,0,0,0,0,0,0,0,0,0,0,0,0,0,0,0,0,0,0
202601,40,592000,097,2273,69400 ,00000 ,322 ,999,99999, , ,74361      ,3,7,0,Sportsmen Acres town,0,0,0,0,0,0,0,0,0,0,0,0,0,0,0,0,0,0,0,0,0,0,0,0
202601,40,598000,061,2295,70250 ,00000 ,2685 ,999,99999, , ,74462      ,3,7,0,Stigler,0,0,0,0,0,0,0,0,0,0,0,0,0,0,0,0,0,0,0,0,0,0,0,0
202601,40,599000,119,2300,70300 ,00000 ,45688 ,999,44660, ,2,74076      ,3,7,1,Stillwater,6,6,1531736,1,2,175000,0,0,0,0,0,0,6,6,1531736,1,2,175000,0,0,0,0,0,0
202601,40,600000,001,2305,70350 ,00000 ,3949 ,999,99999, , ,749602811  ,3,7,1,Stilwell,0,0,0,0,0,0,0,0,0,0,0,0,0,0,0,0,0,0,0,0,0,0,0,0
202601,40,607000,081,2335,71000 ,00000 ,2687 ,416,36420,2, ,74079      ,3,7,1,Stroud,0,0,0,0,0,0,0,0,0,0,0,0,0,0,0,0,0,0,0,0,0,0,0,0
202601,40,610000,099,2350,71350 ,00000 ,4929 ,999,99999, , ,730864608  ,3,7,0,Sulphur,0,0,0,0,0,0,0,0,0,0,0,0,0,0,0,0,0,0,0,0,0,0,0,0
202601,40,613000,021,2370,72100 ,00000 ,15753 ,999,45140, ,2,74464      ,3,7,1,Tahlequah,2,2,476000,0,0,0,0,0,0,0,0,0,2,2,476000,0,0,0,0,0,0,0,0,0
202601,40,619000,125,2395,72650 ,00000 ,6457 ,416,43060, , ,74873      ,3,7,1,Tecumseh,1,1,150000,0,0,0,0,0,0,0,0,0,1,1,150000,0,0,0,0,0,0,0,0,0
202601,40,620000,033,2400,72750 ,00000 ,1002 ,334,30020, , ,735680040  ,3,7,0,Temple town,0,0,0,0,0,0,0,0,0,0,0,0,0,0,0,0,0,0,0,0,0,0,0,0
202601,40,627000,109,2430,73250 ,00000 ,8929 ,416,36420, , ,73120      ,3,7,1,The Village,0,0,0,0,0,0,0,0,0,0,0,0,0,0,0,0,0,0,0,0,0,0,0,0
202601,40,628000,039,2435,73450 ,00000 ,1181 ,555,48220, , ,73669      ,3,7,0,Thomas,0,0,0,0,0,0,0,0,0,0,0,0,0,0,0,0,0,0,0,0,0,0,0,0
202601,40,630000,141,2440,73850 ,00000 ,847 ,999,99999, , ,735700046  ,3,7,0,Tipton town,0,0,0,0,0,0,0,0,0,0,0,0,0,0,0,0,0,0,0,0,0,0,0,0
202601,40,631000,069,2445,73900 ,00000 ,3034 ,999,99999, , ,73460      ,3,7,0,Tishomingo,0,0,0,0,0,0,0,0,0,0,0,0,0,0,0,0,0,0,0,0,0,0,0,0
202601,40,632000,071,2450,74150 ,00000 ,3216 ,999,38620, , ,74653      ,3,7,0,Tonkawa,0,0,0,0,0,0,0,0,0,0,0,0,0,0,0,0,0,0,0,0,0,0,0,0
202601,40,638000,143,2465,75000 ,00000 ,385613 ,538,46140,2,1,74103      ,3,7,1,Tulsa,24,24,6058744,0,0,0,0,0,0,1,8,1723200,24,24,6058744,0,0,0,0,0,0,1,8,1723200
202601,40,639000,143,    ,99990 ,00000 ,37204 ,538,46140,2, ,74119      ,3,7,0,Tulsa County Unincorporated Area,15,15,6561801,0,0,0,0,0,0,0,0,0,0,0,0,0,0,0,0,0,0,0,0,0
202601,40,642000,051,2475,75450 ,00000 ,6019 ,416,36420, , ,73089      ,3,7,0,Tuttle,5,5,1379802,0,0,0,0,0,0,0,0,0,0,0,0,0,0,0,0,0,0,0,0,0
202601,40,643000,139,2480,75750 ,00000 ,762 ,999,25100, , ,739510234  ,3,7,0,Tyrone town,0,0,0,0,0,0,0,0,0,0,0,0,0,0,0,0,0,0,0,0,0,0,0,0
202601,40,644000,017,2485,75950 ,00000 ,1645 ,416,36420, , ,73090      ,3,7,1,Union City town,0,0,0,0,0,0,0,0,0,0,0,0,0,0,0,0,0,0,0,0,0,0,0,0
202601,40,645000,109,2490,76500 ,00000 ,765 ,416,36420, , ,73129      ,3,7,0,Valley Brook town,0,0,0,0,0,0,0,0,0,0,0,0,0,0,0,0,0,0,0,0,0,0,0,0
202601,40,647000,089,2495,76650 ,00000 ,754 ,999,99999, , ,74764      ,3,7,0,Valliant town,0,0,0,0,0,0,0,0,0,0,0,0,0,0,0,0,0,0,0,0,0,0,0,0
202601,40,650000,051,2505,77000 ,00000 ,530 ,416,36420, , ,730920206  ,3,7,0,Verden town,0,0,0,0,0,0,0,0,0,0,0,0,0,0,0,0,0,0,0,0,0,0,0,0
202601,40,650200,131,2507,77050 ,00000 ,3993 ,538,46140, , ,74019      ,3,7,1,Verdigris town,0,0,0,0,0,0,0,0,0,0,0,0,0,0,0,0,0,0,0,0,0,0,0,0
202601,40,651000,135,2510,77250 ,00000 ,1466 ,999,22900, , ,74962      ,3,7,0,Vian town,0,0,0,0,0,0,0,0,0,0,0,0,0,0,0,0,0,0,0,0,0,0,0,0
202601,40,652000,043,2515,77300 ,00000 ,699 ,999,99999, , ,738590183  ,3,7,0,Vici town,0,0,0,0,0,0,0,0,0,0,0,0,0,0,0,0,0,0,0,0,0,0,0,0
202601,40,653000,035,2520,77550 ,00000 ,5743 ,999,99999, , ,743010329  ,3,7,1,Vinita,0,0,0,0,0,0,0,0,0,0,0,0,0,0,0,0,0,0,0,0,0,0,0,0
202601,40,654000,145,2525,77850 ,00000 ,8323 ,538,46140, , ,74467      ,3,7,0,Wagoner,0,0,0,0,0,0,0,0,0,0,0,0,0,0,0,0,0,0,0,0,0,0,0,0
202601,40,655000,145,    ,99990 ,00000 ,39166 ,538,46140,2, ,74467      ,3,7,1,Wagoner County Unincorporated Area,25,25,10851233,0,0,0,0,0,0,0,0,0,25,25,10851233,0,0,0,0,0,0,0,0,0
202601,40,658000,033,2540,78150 ,00000 ,2551 ,334,30020, , ,73572      ,3,7,0,Walters,0,0,0,0,0,0,0,0,0,0,0,0,0,0,0,0,0,0,0,0,0,0,0,0
202601,40,663000,101,2560,78400 ,00000 ,1641 ,538,34780, , ,744690170  ,3,7,0,Warner town,0,0,0,0,0,0,0,0,0,0,0,0,0,0,0,0,0,0,0,0,0,0,0,0
202601,40,664000,109,2565,78500 ,00000 ,10043 ,416,36420, , ,73122      ,3,7,0,Warr Acres,2,2,500000,0,0,0,0,0,0,0,0,0,0,0,0,0,0,0,0,0,0,0,0,0
202601,40,669000,011,2580,78950 ,00000 ,5111 ,999,99999, , ,73772      ,3,7,0,Watonga,0,0,0,0,0,0,0,0,0,0,0,0,0,0,0,0,0,0,0,0,0,0,0,0
202601,40,671000,047,2590,79200 ,00000 ,1286 ,999,21420, , ,73773      ,3,7,0,Waukomis town,0,0,0,0,0,0,0,0,0,0,0,0,0,0,0,0,0,0,0,0,0,0,0,0
202601,40,674000,151,2605,79350 ,00000 ,927 ,999,99999, , ,738601280  ,3,7,0,Waynoka,1,1,77429,0,0,0,0,0,0,0,0,0,0,0,0,0,0,0,0,0,0,0,0,0
202601,40,675000,039,2610,79450 ,00000 ,10833 ,555,48220, ,2,730964704  ,3,7,1,Weatherford,0,0,0,0,0,0,0,0,0,0,0,0,0,0,0,0,0,0,0,0,0,0,0,0
202601,40,677000,101,2620,79650 ,00000 ,616 ,538,34780, , ,744700216  ,3,7,0,Webbers Falls town,0,0,0,0,0,0,0,0,0,0,0,0,0,0,0,0,0,0,0,0,0,0,0,0
202601,40,679000,107,2630,79800 ,00000 ,998 ,999,99999, , ,748800396  ,3,7,0,Weleetka town,0,0,0,0,0,0,0,0,0,0,0,0,0,0,0,0,0,0,0,0,0,0,0,0
202601,40,680000,081,2635,79900 ,00000 ,788 ,416,36420, , ,748810353  ,3,7,0,Wellston town,1,1,285508,0,0,0,0,0,0,0,0,0,0,0,0,0,0,0,0,0,0,0,0,0
202601,40,685000,133,2650,80550 ,00000 ,3430 ,999,99999, , ,74884      ,3,7,0,Wewoka,0,0,0,0,0,0,0,0,0,0,0,0,0,0,0,0,0,0,0,0,0,0,0,0
202601,40,687000,077,2655,81000 ,00000 ,2843 ,999,99999, , ,74578      ,3,7,0,Wilburton,0,0,0,0,0,0,0,0,0,0,0,0,0,0,0,0,0,0,0,0,0,0,0,0
202601,40,692000,109,2680,82000 ,00000 ,153 ,416,36420, , ,73008      ,3,7,0,Woodlawn Park town,0,0,0,0,0,0,0,0,0,0,0,0,0,0,0,0,0,0,0,0,0,0,0,0
202601,40,695000,153,2685,82150 ,00000 ,12051 ,999,49260, ,2,73801      ,3,7,0,Woodward,0,0,0,0,0,0,0,0,0,0,0,0,0,0,0,0,0,0,0,0,0,0,0,0
202601,40,697000,089,2689,82200 ,00000 ,762 ,999,99999, , ,74766      ,3,7,0,Wright City town,0,0,0,0,0,0,0,0,0,0,0,0,0,0,0,0,0,0,0,0,0,0,0,0
202601,40,699000,049,2700,82400 ,00000 ,2212 ,999,99999, , ,73098      ,3,7,0,Wynnewood,0,0,0,0,0,0,0,0,0,0,0,0,0,0,0,0,0,0,0,0,0,0,0,0
202601,40,701000,119,2710,82500 ,00000 ,1227 ,999,44660, , ,74085      ,3,7,0,Yale,0,0,0,0,0,0,0,0,0,0,0,0,0,0,0,0,0,0,0,0,0,0,0,0
202601,40,703000,017,2720,82950 ,00000 ,22709 ,416,36420, , ,73099      ,3,7,1,Yukon,4,4,1184067,0,0,0,0,0,0,0,0,0,4,4,1184067,0,0,0,0,0,0,0,0,0
202601,45,003000,001,    ,00000 ,00000 ,15373 ,273,24940,2, ,29620      ,3,5,1,Abbeville County,15,15,4075808,0,0,0,0,0,0,0,0,0,15,15,4075808,0,0,0,0,0,0,0,0,0
202601,45,005000,003,0040,00550 ,00000 ,31121 ,999,12260, , ,29802      ,3,5,1,Aiken,5,5,2257036,1,2,120000,0,0,0,0,0,0,5,5,2257036,1,2,120000,0,0,0,0,0,0
202601,45,007000,003,    ,99990 ,00000 ,109191 ,999,12260,2, ,29801      ,3,5,0,Aiken County Unincorporated Area,71,71,28444800,0,0,0,0,0,0,0,0,0,0,0,0,0,0,0,0,0,0,0,0,0
202601,45,009000,005,    ,99990 ,00000 ,3661 ,999,99999,2, ,29810      ,3,5,0,Allendale County Unincorporated Area,0,0,0,0,0,0,0,0,0,0,0,0,0,0,0,0,0,0,0,0,0,0,0,0
202601,45,011000,005,0030,00955 ,00000 ,2829 ,999,99999, , ,29810      ,3,5,0,Allendale town,0,0,0,0,0,0,0,0,0,0,0,0,0,0,0,0,0,0,0,0,0,0,0,0
202601,45,013000,007,0080,01360 ,00000 ,27701 ,273,24860, ,1,29624      ,3,5,1,Anderson,12,12,3011644,0,0,0,0,0,0,0,0,0,12,12,3011644,0,0,0,0,0,0,0,0,0
202601,45,015000,007,    ,99990 ,00000 ,156774 ,273,24860,2, ,29622      ,3,5,1,Anderson County Unincorporated Area,123,123,25104188,0,0,0,0,0,0,0,0,0,123,123,25104188,0,0,0,0,0,0,0,0,0
202601,45,017000,043,0045,01450 ,00000 ,2846 ,396,34680,2, ,295100378  ,3,5,0,Andrews town,0,0,0,0,0,0,0,0,0,0,0,0,0,0,0,0,0,0,0,0,0,0,0,0
202601,45,021000,079,0056,02125 ,00000 ,874 ,192,17900, , ,29206      ,3,5,0,Arcadia Lakes town,0,0,0,0,0,0,0,0,0,0,0,0,0,0,0,0,0,0,0,0,0,0,0,0
202601,45,023000,051,0067,03205 ,00000 ,483 ,396,34820, , ,295975285  ,3,5,0,Atlantic Beach town,0,0,0,0,0,0,0,0,0,1,6,300000,0,0,0,0,0,0,0,0,0,0,0,0
202601,45,025000,051,0070,03430 ,00000 ,978 ,396,34820, , ,29511      ,3,5,1,Aynor town,0,0,0,0,0,0,0,0,0,0,0,0,0,0,0,0,0,0,0,0,0,0,0,0
202601,45,027000,009,    ,00000 ,00000 ,7082 ,999,99999, , ,29003      ,3,5,1,Bamberg County,0,0,0,0,0,0,0,0,0,0,0,0,0,0,0,0,0,0,0,0,0,0,0,0
202601,45,031000,011,0085,04060 ,00000 ,4260 ,999,99999, , ,298120776  ,3,5,0,Barnwell,0,0,0,0,0,0,0,0,0,0,0,0,0,0,0,0,0,0,0,0,0,0,0,0
202601,45,033000,011,    ,99990 ,00000 ,10433 ,999,99999,2, ,29812      ,3,5,1,Barnwell County Unincorporated Area,2,2,769300,0,0,0,0,0,0,0,0,0,2,2,769300,0,0,0,0,0,0,0,0,0
202601,45,035000,063,0093,04300 ,00000 ,4931 ,192,17900,2, ,29070      ,3,5,0,Batesburg Leesville town,1,1,119456,0,0,0,0,0,0,0,0,0,0,0,0,0,0,0,0,0,0,0,0,0
202601,45,039000,013,0300,04690 ,00000 ,13204 ,999,25940, ,1,29902      ,3,5,1,Beaufort,8,8,3841899,0,0,0,0,0,0,0,0,0,8,8,3841899,0,0,0,0,0,0,0,0,0
202601,45,041000,013,    ,99990 ,00000 ,99937 ,999,25940,2, ,29901      ,3,5,1,Beaufort County Unincorporated Area,15,15,10644642,0,0,0,0,0,0,0,0,0,15,15,10644642,0,0,0,0,0,0,0,0,0
202601,45,045000,069,0110,05680 ,00000 ,7455 ,999,99999, , ,295121036  ,3,5,0,Bennettsville,0,0,0,0,0,0,0,0,0,0,0,0,0,0,0,0,0,0,0,0,0,0,0,0
202601,45,047000,015,    ,99990 ,00000 ,133081 ,999,16700, , ,29461      ,3,5,0,Berkeley County Unincorporated Area,77,77,22608621,0,0,0,0,0,0,1,55,5277435,0,0,0,0,0,0,0,0,0,0,0,0
202601,45,051000,061,0130,06310 ,00000 ,2948 ,999,99999, , ,29010      ,3,5,0,Bishopville village,0,0,0,0,0,0,0,0,0,0,0,0,0,0,0,0,0,0,0,0,0,0,0,0
202601,45,059000,013,0155,07210 ,00000 ,28230 ,999,25940, ,1,299100386  ,3,5,0,Bluffton town,21,21,14483841,0,0,0,0,0,0,0,0,0,0,0,0,0,0,0,0,0,0,0,0,0
202601,45,061000,079,0520,07255 ,00000 ,4334 ,192,17900,2, ,290160049  ,3,5,0,Blythewood town,14,14,3827602,0,0,0,0,0,0,0,0,0,0,0,0,0,0,0,0,0,0,0,0,0
202601,45,063000,015,0160,07525 ,00000 ,493 ,999,16700, , ,29431      ,3,5,0,Bonneau town,0,0,0,0,0,0,0,0,0,0,0,0,0,0,0,0,0,0,0,0,0,0,0,0
202601,45,075000,017,    ,00000 ,00000 ,12255 ,192,17900, , ,29135      ,3,5,0,Calhoun County,3,3,686250,0,0,0,0,0,0,0,0,0,0,0,0,0,0,0,0,0,0,0,0,0
202601,45,079000,055,0200,10855 ,00000 ,7288 ,192,17900, , ,29021      ,3,5,1,Camden,0,0,0,0,0,0,0,0,0,0,0,0,0,0,0,0,0,0,0,0,0,0,0,0
202601,45,087000,063,0220,12655 ,00000 ,13246 ,192,17900,2, ,29171      ,3,5,1,Cayce,2,2,300000,0,0,0,0,0,0,0,0,0,2,2,300000,0,0,0,0,0,0,0,0,0
202601,45,091000,077,0225,13015 ,00000 ,5452 ,273,24860, , ,29630      ,3,5,0,Central town,1,1,190285,0,0,0,0,0,0,0,0,0,0,0,0,0,0,0,0,0,0,0,0,0
202601,45,097000,019,1020,13330 ,00000 ,129814 ,999,16700,2,1,29401      ,3,5,0,Charleston,56,56,9077877,0,0,0,0,0,0,1,25,1252592,0,0,0,0,0,0,0,0,0,0,0,0
202601,45,099000,019,    ,99990 ,00000 ,60766 ,999,16700,2, ,294057464  ,3,5,1,Charleston County Unincorporated Area,54,54,33839797,0,0,0,0,0,0,0,0,0,54,54,33839797,0,0,0,0,0,0,0,0,0
202601,45,101000,025,1040,13600 ,00000 ,5554 ,999,99999, , ,29520      ,3,5,0,Cheraw town,0,0,0,0,0,0,0,0,0,0,0,0,0,0,0,0,0,0,0,0,0,0,0,0
202601,45,103000,021,    ,99990 ,00000 ,42705 ,273,23500,2, ,29340      ,3,5,1,Cherokee County Unincorporated Area,4,4,1217950,0,0,0,0,0,0,0,0,0,4,4,1217950,0,0,0,0,0,0,0,0,0
202601,45,111000,023,    ,99990 ,00000 ,23654 ,172,16740,2, ,297060580  ,3,5,1,Chester County Unincorporated Area,9,9,2725204,0,0,0,0,0,0,0,0,0,9,9,2725204,0,0,0,0,0,0,0,0,0
202601,45,113000,025,    ,99990 ,00000 ,33727 ,999,99999,2, ,29709      ,3,5,1,Chesterfield County Unincorporated Area,9,9,1484975,0,0,0,0,0,0,0,0,0,9,9,1484975,0,0,0,0,0,0,0,0,0
202601,45,115000,025,0265,14140 ,00000 ,1401 ,999,99999, , ,297090350  ,3,5,1,Chesterfield town,0,0,0,0,0,0,0,0,0,0,0,0,0,0,0,0,0,0,0,0,0,0,0,0
202601,45,119000,027,    ,99990 ,00000 ,27686 ,999,99999,2, ,29102      ,3,5,0,Clarendon County Unincorporated Area,7,7,1316270,0,0,0,0,0,0,0,0,0,0,0,0,0,0,0,0,0,0,0,0,0
202601,45,123000,077,0275,14950 ,00000 ,17727 ,273,24860,2, ,29631      ,3,5,1,Clemson,1,1,555545,0,0,0,0,0,0,0,0,0,1,1,555545,0,0,0,0,0,0,0,0,0
202601,45,125000,059,0285,15295 ,00000 ,8304 ,273,24860, , ,29325      ,3,5,1,Clinton,5,5,1324995,0,0,0,0,0,0,0,0,0,5,5,1324995,0,0,0,0,0,0,0,0,0
202601,45,129000,091,0295,15355 ,00000 ,6800 ,172,16740, , ,29710      ,3,5,1,Clover town,0,0,0,0,0,0,0,0,0,0,0,0,0,0,0,0,0,0,0,0,0,0,0,0
202601,45,131000,029,    ,99990 ,00000 ,30653 ,999,99999,2, ,29488      ,3,5,0,Colleton County Unincorporated Area,1,1,259455,0,0,0,0,0,0,0,0,0,0,0,0,0,0,0,0,0,0,0,0,0
202601,45,133000,079,0305,16000 ,00000 ,131530 ,192,17900,2,1,29217      ,3,5,1,Columbia,97,97,17719562,3,6,1212000,0,0,0,1,201,23400000,97,97,17719562,3,6,1212000,0,0,0,1,201,23400000
202601,45,135000,051,0315,16405 ,00000 ,26620 ,396,34820, ,1,29526      ,3,5,1,Conway,57,57,15953498,0,0,0,0,0,0,0,0,0,57,57,15953498,0,0,0,0,0,0,0,0,0
202601,45,147000,083,0335,17260 ,00000 ,2465 ,273,43900, , ,293301399  ,3,5,1,Cowpens town,1,1,200000,0,0,0,0,0,0,0,0,0,1,1,200000,0,0,0,0,0,0,0,0,0
202601,45,151000,031,0350,18565 ,00000 ,5901 ,999,22500, , ,29532      ,3,5,0,Darlington,1,1,145433,0,0,0,0,0,0,0,0,0,0,0,0,0,0,0,0,0,0,0,0,0
202601,45,153000,031,    ,99990 ,00000 ,51677 ,999,22500, , ,29532      ,3,5,1,Darlington County Unincorporated Area,9,9,1929290,0,0,0,0,0,0,0,0,0,9,9,1929290,0,0,0,0,0,0,0,0,0
202601,45,157000,033,0360,19420 ,00000 ,6289 ,999,99999, , ,29536      ,3,5,0,Dillon,1,1,101250,0,0,0,0,0,0,0,0,0,0,0,0,0,0,0,0,0,0,0,0,0
202601,45,159000,033,    ,99990 ,00000 ,22026 ,999,99999,2, ,29536      ,3,5,0,Dillon County Unincorporated Area,2,2,210912,0,0,0,0,0,0,0,0,0,0,0,0,0,0,0,0,0,0,0,0,0
202601,45,163000,035,    ,99990 ,00000 ,89123 ,999,16700,2, ,29483      ,3,5,1,Dorchester County Unincorporated Area,65,65,22288304,0,0,0,0,0,0,0,0,0,65,65,22288304,0,0,0,0,0,0,0,0,0
202601,45,169000,077,0390,21985 ,00000 ,21564 ,273,24860,2, ,29640      ,3,5,1,Easley,6,6,2519580,0,0,0,0,0,0,0,0,0,6,6,2519580,0,0,0,0,0,0,0,0,0
202601,45,173000,037,    ,00000 ,00000 ,19560 ,999,12260,2, ,29824      ,3,5,1,Edgefield County,18,18,13228975,0,0,0,0,0,0,0,0,0,18,18,13228975,0,0,0,0,0,0,0,0,0
202601,45,177000,029,0417,23020 ,00000 ,402 ,999,99999, , ,29438      ,3,5,1,Edisto Beach town,1,1,950000,0,0,0,0,0,0,0,0,0,1,1,950000,0,0,0,0,0,0,0,0,0
202601,45,181000,055,0423,23245 ,00000 ,1585 ,192,17900, , ,29045      ,3,5,0,Elgin town,0,0,0,0,0,0,0,0,0,0,0,0,0,0,0,0,0,0,0,0,0,0,0,0
202601,45,187000,049,0445,23830 ,00000 ,1845 ,999,99999, , ,29918      ,3,5,1,Estill town,0,0,0,0,0,0,0,0,0,0,0,0,0,0,0,0,0,0,0,0,0,0,0,0
202601,45,191000,005,0460,24370 ,00000 ,1622 ,999,99999, , ,29827      ,3,5,1,Fairfax town,0,0,0,0,0,0,0,0,0,0,0,0,0,0,0,0,0,0,0,0,0,0,0,0
202601,45,195000,039,    ,99990 ,00000 ,18411 ,192,17900,2, ,29180      ,3,5,1,Fairfield County Unincorporated Area,7,7,3562857,0,0,0,0,0,0,0,0,0,7,7,3562857,0,0,0,0,0,0,0,0,0
202601,45,197000,041,0465,25810 ,00000 ,38467 ,999,22500, ,1,295013456  ,3,5,0,Florence,21,21,3140643,0,0,0,0,0,0,1,5,671875,0,0,0,0,0,0,0,0,0,0,0,0
202601,45,199000,041,    ,99990 ,00000 ,84590 ,999,22500,2, ,29501      ,3,5,0,Florence County Unincorporated Area,16,16,3167576,0,0,0,0,0,0,0,0,0,0,0,0,0,0,0,0,0,0,0,0,0
202601,45,201000,019,2040,26035 ,00000 ,2682 ,999,16700, , ,29439      ,3,5,1,Folly Beach,0,0,0,0,0,0,0,0,0,0,0,0,0,0,0,0,0,0,0,0,0,0,0,0
202601,45,203000,079,0475,26305 ,00000 ,10269 ,192,17900, , ,29206      ,3,5,0,Forest Acres,1,1,517428,0,0,0,0,0,0,0,0,0,0,0,0,0,0,0,0,0,0,0,0,0
202601,45,207000,091,0490,26890 ,00000 ,24929 ,172,16740, , ,29715      ,3,5,0,Fort Mill town,59,59,22126795,0,0,0,0,0,0,1,14,1589205,0,0,0,0,0,0,0,0,0,0,0,0
202601,45,209000,045,0495,27070 ,00000 ,8594 ,273,24860,2, ,29644      ,3,5,1,Fountain Inn,47,47,13904603,0,0,0,0,0,0,0,0,0,47,47,13904603,0,0,0,0,0,0,0,0,0
202601,45,215000,021,0505,28060 ,00000 ,12695 ,273,23500, ,2,29342      ,3,5,0,Gaffney,1,1,104587,1,2,200000,0,0,0,0,0,0,0,0,0,0,0,0,0,0,0,0,0,0
202601,45,217000,063,0509,28780 ,00000 ,1712 ,192,17900, , ,290530429  ,3,5,0,Gaston town,0,0,0,0,0,0,0,0,0,0,0,0,0,0,0,0,0,0,0,0,0,0,0,0
202601,45,219000,043,0513,28870 ,00000 ,8794 ,396,34680, , ,29442      ,3,5,0,Georgetown,5,5,1473324,0,0,0,0,0,0,0,0,0,0,0,0,0,0,0,0,0,0,0,0,0
202601,45,221000,043,    ,99990 ,00000 ,51604 ,396,34680, , ,29442      ,3,5,1,Georgetown County Unincorporated Area,29,29,16081134,0,0,0,0,0,0,0,0,0,29,29,16081134,0,0,0,0,0,0,0,0,0
202601,45,227000,015,0536,29815 ,00000 ,44972 ,999,16700, , ,294451768  ,3,5,0,Goose Creek,32,32,12596911,0,0,0,0,0,0,0,0,0,0,0,0,0,0,0,0,0,0,0,0,0
202601,45,239000,045,0565,30850 ,00000 ,72227 ,273,24860, ,1,29602      ,3,5,1,Greenville,34,34,10168492,0,0,0,0,0,0,0,0,0,34,34,10168492,0,0,0,0,0,0,0,0,0
202601,45,241000,045,    ,99990 ,00000 ,366558 ,273,24860, , ,29601      ,3,5,1,Greenville County Unincorporated Area,171,171,142929783,0,0,0,0,0,0,0,0,0,171,171,142929783,0,0,0,0,0,0,0,0,0
202601,45,245000,047,    ,00000 ,00000 ,43733 ,273,24940,2, ,29648      ,3,5,0,Greenwood County,13,13,3767490,0,0,0,0,0,0,0,0,0,0,0,0,0,0,0,0,0,0,0,0,0
202601,45,247000,045,2520,30985 ,00000 ,26071 ,273,24860,2,1,29651      ,3,5,1,Greer,8,8,1741818,0,0,0,0,0,0,0,0,0,8,8,1741818,0,0,0,0,0,0,0,0,0
202601,45,251000,049,    ,99990 ,00000 ,9489 ,999,99999,2, ,29924      ,3,5,1,Hampton County Unincorporated Area,0,0,0,0,0,0,0,0,0,0,0,0,0,0,0,0,0,0,0,0,0,0,0,0
202601,45,253000,049,0580,31885 ,00000 ,2488 ,999,99999, , ,29924      ,3,5,0,Hampton town,0,0,0,0,0,0,0,0,0,0,0,0,0,0,0,0,0,0,0,0,0,0,0,0
202601,45,255000,015,0582,32065 ,00000 ,28280 ,999,16700, , ,29410      ,3,5,0,Hanahan,5,5,2485474,1,2,436407,0,0,0,0,0,0,0,0,0,0,0,0,0,0,0,0,0,0
202601,45,257000,053,2580,32245 ,00000 ,8438 ,999,25940,2, ,29936      ,3,5,1,Hardeeville,97,97,23030462,0,0,0,0,0,0,0,0,0,97,97,23030462,0,0,0,0,0,0,0,0,0
202601,45,261000,031,0595,32560 ,00000 ,7479 ,999,22500, , ,29551      ,3,5,1,Hartsville,0,0,0,0,0,0,0,0,0,0,0,0,0,0,0,0,0,0,0,0,0,0,0,0
202601,45,265000,089,0605,33145 ,00000 ,385 ,999,99999, , ,29554      ,3,5,0,Hemingway town,0,0,0,0,0,0,0,0,0,0,0,0,0,0,0,0,0,0,0,0,0,0,0,0
202601,45,271000,013,0619,34045 ,00000 ,39619 ,999,25940, ,1,29928      ,3,5,1,Hilton Head Island town,6,6,8687797,0,0,0,4,12,2513392,0,0,0,6,6,8687797,0,0,0,4,12,2513392,0,0,0
202601,45,283000,051,    ,99990 ,00000 ,276534 ,396,34820,2, ,29526      ,3,5,1,Horry County Unincorporated Area,309,309,60622721,0,0,0,0,0,0,0,0,0,309,309,60622721,0,0,0,0,0,0,0,0,0
202601,45,291000,019,0665,36115 ,00000 ,4371 ,999,16700, , ,29451      ,3,5,1,Isle of Palms,4,4,9740685,0,0,0,0,0,0,0,0,0,4,4,9740685,0,0,0,0,0,0,0,0,0
202601,45,299000,015,0680,36475 ,00000 ,83 ,999,16700, , ,294530145  ,3,5,0,Jamestown town,0,0,0,0,0,0,0,0,0,0,0,0,0,0,0,0,0,0,0,0,0,0,0,0
202601,45,301000,053,    ,99990 ,00000 ,19282 ,999,25940, , ,29936      ,3,5,1,Jasper County Unincorporated Area,12,12,3503122,0,0,0,0,0,0,0,0,0,12,12,3503122,0,0,0,0,0,0,0,0,0
202601,45,309000,087,0705,37330 ,00000 ,819 ,273,43900, , ,29353      ,3,5,0,Jonesville town,0,0,0,0,0,0,0,0,0,0,0,0,0,0,0,0,0,0,0,0,0,0,0,0
202601,45,311000,055,    ,99990 ,00000 ,58245 ,192,17900,2, ,29020      ,3,5,1,Kershaw County Unincorporated Area,21,21,7616169,0,0,0,0,0,0,0,0,0,21,21,7616169,0,0,0,0,0,0,0,0,0
202601,45,315000,019,0712,38162 ,00000 ,1765 ,999,16700, , ,29455      ,3,5,0,Kiawah Island town,3,3,859300,0,0,0,0,0,0,0,0,0,0,0,0,0,0,0,0,0,0,0,0,0
202601,45,317000,089,0715,38590 ,00000 ,2989 ,999,99999, , ,29556      ,3,5,0,Kingstree town,0,0,0,0,0,0,0,0,0,0,0,0,0,0,0,0,0,0,0,0,0,0,0,0
202601,45,321000,041,0730,39310 ,00000 ,6445 ,999,22500, , ,29560      ,3,5,1,Lake City,0,0,0,0,0,0,0,0,0,0,0,0,0,0,0,0,0,0,0,0,0,0,0,0
202601,45,325000,031,0740,39805 ,00000 ,930 ,999,22500, , ,290690267  ,3,5,0,Lamar town,0,0,0,0,0,0,0,0,0,0,0,0,0,0,0,0,0,0,0,0,0,0,0,0
202601,45,327000,057,0745,39895 ,00000 ,9156 ,172,16740, , ,297211149  ,3,5,1,Lancaster,17,17,7422133,0,0,0,0,0,0,0,0,0,17,17,7422133,0,0,0,0,0,0,0,0,0
202601,45,329000,057,    ,99990 ,00000 ,87192 ,172,16740,2, ,29721      ,3,5,1,Lancaster County Unincorporated Area,73,73,30837074,0,0,0,0,0,0,0,0,0,73,73,30837074,0,0,0,0,0,0,0,0,0
202601,45,337000,059,0775,40615 ,00000 ,8852 ,273,24860, , ,293602613  ,3,5,0,Laurens,1,1,238476,0,0,0,0,0,0,0,0,0,0,0,0,0,0,0,0,0,0,0,0,0
202601,45,339000,059,    ,99990 ,00000 ,46903 ,273,24860,2, ,29360      ,3,5,1,Laurens County Unincorporated Area,64,64,9788349,0,0,0,0,0,0,0,0,0,64,64,9788349,0,0,0,0,0,0,0,0,0
202601,45,341000,061,    ,99990 ,00000 ,13436 ,999,99999, , ,29010      ,3,5,1,Lee County Unincorporated Area,0,0,0,0,0,0,0,0,0,0,0,0,0,0,0,0,0,0,0,0,0,0,0,0
202601,45,345000,063,    ,99990 ,00000 ,225683 ,192,17900,2, ,29072      ,3,5,1,Lexington County Unincorporated Area,146,146,58795255,0,0,0,0,0,0,0,0,0,146,146,58795255,0,0,0,0,0,0,0,0,0
202601,45,347000,063,0785,41335 ,00000 ,22716 ,192,17900, , ,29072      ,3,5,1,Lexington town,0,0,0,0,0,0,0,0,0,0,0,0,0,0,0,0,0,0,0,0,0,0,0,0
202601,45,349000,077,0790,41380 ,00000 ,3150 ,273,24860, , ,296570716  ,3,5,0,Liberty,1,1,200343,0,0,0,0,0,0,0,0,0,0,0,0,0,0,0,0,0,0,0,0,0
202601,45,359000,029,0815,42280 ,00000 ,111 ,999,99999, , ,290820070  ,3,5,0,Lodge town,0,0,0,0,0,0,0,0,0,0,0,0,0,0,0,0,0,0,0,0,0,0,0,0
202601,45,361000,051,0825,42730 ,00000 ,2807 ,396,34820, , ,29569      ,3,5,0,Loris,3,3,466055,0,0,0,0,0,0,0,0,0,0,0,0,0,0,0,0,0,0,0,0,0
202601,45,371000,061,0855,43360 ,00000 ,317 ,999,99999, , ,290800147  ,3,5,0,Lynchburg town,0,0,0,0,0,0,0,0,0,0,0,0,0,0,0,0,0,0,0,0,0,0,0,0
202601,45,375000,067,0895,44575 ,00000 ,6200 ,999,99999, , ,29571      ,3,5,0,Marion,0,0,0,0,0,0,0,0,0,0,0,0,0,0,0,0,0,0,0,0,0,0,0,0
202601,45,377000,067,    ,99990 ,00000 ,19291 ,999,99999,2, ,29571      ,3,5,0,Marion County Unincorporated Area,5,5,717557,0,0,0,0,0,0,0,0,0,0,0,0,0,0,0,0,0,0,0,0,0
202601,45,379000,069,    ,99990 ,00000 ,15331 ,999,99999,2, ,29512      ,3,5,0,Marlboro County Unincorporated Area,0,0,0,0,0,0,0,0,0,0,0,0,0,0,0,0,0,0,0,0,0,0,0,0
202601,45,381000,045,0900,45115 ,00000 ,25562 ,273,24860, ,1,29662      ,3,5,1,Mauldin,38,38,8457276,0,0,0,0,0,0,0,0,0,38,38,8457276,0,0,0,0,0,0,0,0,0
202601,45,393000,065,    ,99990 ,00000 ,6929 ,999,99999,2, ,29835      ,3,5,1,McCormick County Unincorporated Area,5,5,2485915,0,0,0,0,0,0,0,0,0,5,5,2485915,0,0,0,0,0,0,0,0,0
202601,45,399000,015,0920,47275 ,00000 ,12497 ,999,16700, , ,294610700  ,3,5,1,Moncks Corner town,23,23,9543794,0,0,0,0,0,0,0,0,0,23,23,9543794,0,0,0,0,0,0,0,0,0
202601,45,411000,019,0935,48535 ,00000 ,92799 ,999,16700, , ,29464      ,3,5,1,Mount Pleasant town,17,17,10785000,0,0,0,0,0,0,0,0,0,17,17,10785000,0,0,0,0,0,0,0,0,0
202601,45,415000,051,0945,49075 ,00000 ,35555 ,396,34820, ,1,29577      ,3,5,0,Myrtle Beach,13,13,5529020,0,0,0,0,0,0,0,0,0,0,0,0,0,0,0,0,0,0,0,0,0
202601,45,421000,071,    ,99990 ,00000 ,24845 ,192,35140,2, ,29108      ,3,5,0,Newberry County Unincorporated Area,10,10,4202459,0,0,0,0,0,0,0,0,0,0,0,0,0,0,0,0,0,0,0,0,0
202601,45,423000,071,0955,49570 ,00000 ,10141 ,192,35140, ,2,29108      ,3,5,1,Newberry,11,11,1265000,0,0,0,0,0,0,0,0,0,11,11,1265000,0,0,0,0,0,0,0,0,0
202601,45,431000,003,0985,50695 ,00000 ,23997 ,999,12260,2, ,298616400  ,3,5,1,North Augusta,13,13,7570902,0,0,0,0,0,0,0,0,0,13,13,7570902,0,0,0,0,0,0,0,0,0
202601,45,437000,019,4540,50875 ,00000 ,94303 ,999,16700,2,1,29419      ,3,5,1,North Charleston,24,24,4568973,0,0,0,0,0,0,0,0,0,24,24,4568973,0,0,0,0,0,0,0,0,0
202601,45,441000,051,0992,51280 ,00000 ,17280 ,396,34820, ,1,29582      ,3,5,1,North Myrtle Beach,69,69,22072000,0,0,0,0,0,0,0,0,0,69,69,22072000,0,0,0,0,0,0,0,0,0
202601,45,447000,073,    ,99990 ,00000 ,63905 ,273,42860,2, ,29691      ,3,5,1,Oconee County Unincorporated Area,52,52,22793354,0,0,0,0,0,0,0,0,0,52,52,22793354,0,0,0,0,0,0,0,0,0
202601,45,453000,075,1015,53080 ,00000 ,12460 ,192,36700, ,2,29115      ,3,5,0,Orangeburg,1,1,287588,0,0,0,0,0,0,0,0,0,0,0,0,0,0,0,0,0,0,0,0,0
202601,45,455000,075,    ,99990 ,00000 ,65326 ,192,36700,2, ,291161000  ,3,5,0,Orangeburg County Unincorporated Area,5,5,720197,0,0,0,0,0,0,0,0,0,0,0,0,0,0,0,0,0,0,0,0,0
202601,45,461000,025,1040,54025 ,00000 ,2535 ,999,99999, , ,29728      ,3,5,1,Pageland town,7,7,1750000,0,0,0,0,0,0,0,0,0,7,7,1750000,0,0,0,0,0,0,0,0,0
202601,45,469000,043,1057,55015 ,00000 ,109 ,396,34680, , ,29585      ,3,5,0,Pawleys Island town,1,1,1340000,0,0,0,0,0,0,0,0,0,0,0,0,0,0,0,0,0,0,0,0,0
202601,45,475000,063,1070,55420 ,00000 ,711 ,192,17900, , ,29123      ,3,5,0,Pelion town,0,0,0,0,0,0,0,0,0,0,0,0,0,0,0,0,0,0,0,0,0,0,0,0
202601,45,483000,077,    ,99990 ,00000 ,75399 ,273,24860,2, ,29671      ,3,5,1,Pickens County Unincorporated Area,27,27,16952520,0,0,0,0,0,0,0,0,0,27,27,16952520,0,0,0,0,0,0,0,0,0
202601,45,491000,065,1125,57670 ,00000 ,72 ,999,99999, , ,298450151  ,3,5,0,Plum Branch town,0,0,0,0,0,0,0,0,0,0,0,0,0,0,0,0,0,0,0,0,0,0,0,0
202601,45,495000,013,1135,58030 ,00000 ,14516 ,999,25940, ,1,29935      ,3,5,1,Port Royal town,0,0,0,0,0,0,0,0,0,0,0,0,0,0,0,0,0,0,0,0,0,0,0,0
202601,45,503000,035,1155,59380 ,00000 ,204 ,999,16700, , ,29471      ,3,5,0,Reevesville town,0,0,0,0,0,0,0,0,0,0,0,0,0,0,0,0,0,0,0,0,0,0,0,0
202601,45,505000,023,1170,59920 ,00000 ,259 ,172,16740, , ,29729      ,3,5,0,Richburg town,0,0,0,0,0,0,0,0,0,0,0,0,0,0,0,0,0,0,0,0,0,0,0,0
202601,45,507000,079,    ,99990 ,00000 ,262521 ,192,17900,2, ,29202      ,3,5,0,Richland County Unincorporated Area,71,71,13310036,0,0,0,0,0,0,0,0,0,0,0,0,0,0,0,0,0,0,0,0,0
202601,45,511000,053,5440,60280 ,00000 ,3868 ,999,25940,2, ,299361119  ,3,5,0,Ridgeland town,0,0,0,0,0,0,1,3,529763,0,0,0,0,0,0,0,0,0,0,0,0,0,0,0
202601,45,513000,035,1185,60370 ,00000 ,1841 ,999,16700, , ,29483      ,3,5,0,Ridgeville town,0,0,0,0,0,0,0,0,0,0,0,0,0,0,0,0,0,0,0,0,0,0,0,0
202601,45,517000,091,1195,61405 ,00000 ,76318 ,172,16740, ,1,297311706  ,3,5,1,Rock Hill,44,44,17086772,0,0,0,0,0,0,1,24,5613264,44,44,17086772,0,0,0,0,0,0,1,24,5613264
202601,45,527000,081,    ,99990 ,00000 ,15367 ,192,17900,2, ,29138      ,3,5,1,Saluda County Unincorporated Area,3,3,698128,0,0,0,0,0,0,0,0,0,3,3,698128,0,0,0,0,0,0,0,0,0
202601,45,529000,081,1235,63250 ,00000 ,3566 ,192,17900, , ,29138      ,3,5,0,Saluda town,0,0,0,0,0,0,0,0,0,0,0,0,0,0,0,0,0,0,0,0,0,0,0,0
202601,45,541000,073,1270,65095 ,00000 ,8564 ,273,42860, ,2,29679      ,3,5,0,Seneca,5,5,1947834,0,0,0,0,0,0,1,5,766908,0,0,0,0,0,0,0,0,0,0,0,0
202601,45,547000,045,6060,66580 ,00000 ,25272 ,273,24860, , ,29681      ,3,5,1,Simpsonville,16,16,3805148,0,0,0,0,0,0,0,0,0,16,16,3805148,0,0,0,0,0,0,0,0,0
202601,45,551000,029,1300,67165 ,00000 ,117 ,999,99999, , ,29481      ,3,5,0,Smoaks town,0,0,0,0,0,0,0,0,0,0,0,0,0,0,0,0,0,0,0,0,0,0,0,0
202601,45,559000,031,1315,67435 ,00000 ,522 ,999,22500, , ,29593      ,3,5,0,Society Hill town,0,0,0,0,0,0,0,0,0,0,0,0,0,0,0,0,0,0,0,0,0,0,0,0
202601,45,561000,063,1325,67705 ,00000 ,2485 ,192,17900, , ,291721744  ,3,5,0,South Congaree town,0,0,0,0,0,0,0,0,0,0,0,0,0,0,0,0,0,0,0,0,0,0,0,0
202601,45,563000,083,1340,68290 ,00000 ,37317 ,273,43900, ,1,293041749  ,3,5,0,Spartanburg,2,2,472890,0,0,0,0,0,0,0,0,0,0,0,0,0,0,0,0,0,0,0,0,0
202601,45,565000,083,    ,99990 ,00000 ,252128 ,273,43900,2, ,29303      ,3,5,1,Spartanburg County Unincorporated Area,366,366,62532272,0,0,0,0,0,0,0,0,0,366,366,62532272,0,0,0,0,0,0,0,0,0
202601,45,567000,063,1352,68425 ,00000 ,2732 ,192,17900, , ,29170      ,3,5,0,Springdale town,4,4,871947,0,0,0,0,0,0,0,0,0,0,0,0,0,0,0,0,0,0,0,0,0
202601,45,573000,035,1210,62530 ,00000 ,2194 ,999,16700, , ,294772449  ,3,5,0,St. George town,0,0,0,0,0,0,0,0,0,0,0,0,0,0,0,0,0,0,0,0,0,0,0,0
202601,45,583000,015,1220,62755 ,00000 ,1824 ,999,16700, , ,29479      ,3,5,0,St. Stephen town,0,0,0,0,0,0,0,0,0,0,0,0,0,0,0,0,0,0,0,0,0,0,0,0
202601,45,589000,019,1380,70090 ,00000 ,1938 ,999,16700, , ,29482      ,3,5,0,Sullivan's Island town,1,1,2202609,0,0,0,0,0,0,0,0,0,0,0,0,0,0,0,0,0,0,0,0,0
202601,45,591000,027,1385,70225 ,00000 ,916 ,999,99999, , ,29148      ,3,5,0,Summerton town,0,0,0,0,0,0,0,0,0,0,0,0,0,0,0,0,0,0,0,0,0,0,0,0
202601,45,597000,035,1390,70270 ,00000 ,47224 ,999,16700,2, ,29483      ,3,5,1,Summerville town,32,32,11470325,0,0,0,0,0,0,0,0,0,32,32,11470325,0,0,0,0,0,0,0,0,0
202601,45,603000,085,    ,00000 ,00000 ,65674 ,192,44940, , ,29151      ,3,5,0,Sumter County,23,23,3881334,2,4,381343,0,0,0,0,0,0,0,0,0,0,0,0,0,0,0,0,0,0
202601,45,605000,051,1402,70585 ,00000 ,4580 ,396,34820, , ,29575      ,3,5,0,Surfside Beach town,1,1,361233,0,0,0,0,0,0,0,0,0,0,0,0,0,0,0,0,0,0,0,0,0
202601,45,613000,091,1422,71417 ,00000 ,11696 ,172,16740, , ,29708      ,3,5,1,Tega Cay,9,9,2333593,0,0,0,0,0,0,0,0,0,9,9,2333593,0,0,0,0,0,0,0,0,0
202601,45,617000,045,1430,72430 ,00000 ,8202 ,273,24860, , ,29690      ,3,5,1,Travelers Rest,19,19,7369944,0,0,0,0,0,0,0,0,0,19,19,7369944,0,0,0,0,0,0,0,0,0
202601,45,627000,087,1455,73105 ,00000 ,7535 ,273,43900, , ,29379      ,3,5,0,Union,4,4,368496,0,0,0,0,0,0,0,0,0,0,0,0,0,0,0,0,0,0,0,0,0
202601,45,629000,087,    ,99990 ,00000 ,17782 ,273,43900,2, ,29379      ,3,5,0,Union County Unincorporated Area,2,2,394779,0,0,0,0,0,0,0,0,0,0,0,0,0,0,0,0,0,0,0,0,0
202601,45,639000,029,1490,74275 ,00000 ,5343 ,999,99999, , ,29488      ,3,5,0,Walterboro,0,0,0,1,2,280800,0,0,0,0,0,0,0,0,0,0,0,0,0,0,0,0,0,0
202601,45,653000,063,1525,75850 ,00000 ,18109 ,192,17900, , ,29171      ,3,5,1,West Columbia,15,15,1777676,0,0,0,0,0,0,0,0,0,15,15,1777676,0,0,0,0,0,0,0,0,0
202601,45,665000,089,    ,99990 ,00000 ,25394 ,999,99999,2, ,29556      ,3,5,0,Williamsburg County Unincorporated Area,3,3,506756,0,0,0,0,0,0,0,0,0,0,0,0,0,0,0,0,0,0,0,0,0
202601,45,677000,083,1595,79090 ,00000 ,4507 ,273,43900, , ,29388      ,3,5,1,Woodruff,55,55,17147269,0,0,0,0,0,0,0,0,0,55,55,17147269,0,0,0,0,0,0,0,0,0
202601,45,681000,049,1600,79450 ,00000 ,996 ,999,99999, , ,299453363  ,3,5,1,Yemassee town,0,0,0,0,0,0,0,0,0,0,0,0,0,0,0,0,0,0,0,0,0,0,0,0
202601,45,683000,091,1605,79630 ,00000 ,8637 ,172,16740, , ,29745      ,3,5,0,York,24,24,4436830,0,0,0,0,0,0,0,0,0,0,0,0,0,0,0,0,0,0,0,0,0
202601,45,685000,091,    ,99990 ,00000 ,159149 ,172,16740,2, ,29745      ,3,5,1,York County Unincorporated Area,51,51,26729750,0,0,0,0,0,0,0,0,0,51,51,26729750,0,0,0,0,0,0,0,0,0
202601,47,003000,109,0010,00240 ,00000 ,41 ,999,99999,2, ,38310      ,3,6,0,Adamsville town,0,0,0,0,0,0,0,0,0,0,0,0,0,0,0,0,0,0,0,0,0,0,0,0
202601,47,007000,009,0020,00540 ,00000 ,10382 ,315,28940, , ,37701      ,3,6,0,Alcoa,5,5,1045366,0,0,0,0,0,0,0,0,0,0,0,0,0,0,0,0,0,0,0,0,0
202601,47,011000,141,0030,00640 ,00000 ,4547 ,999,18260, , ,38506      ,3,6,1,Algood,0,0,0,0,0,0,0,0,0,0,0,0,0,0,0,0,0,0,0,0,0,0,0,0
202601,47,013000,049,0032,00660 ,00000 ,639 ,999,99999, , ,372430577  ,3,6,0,Allardt,0,0,0,0,0,0,0,0,0,0,0,0,0,0,0,0,0,0,0,0,0,0,0,0
202601,47,017000,001,    ,99990 ,00000 ,35384 ,315,28940, , ,37716      ,3,6,1,Anderson County Unincorporated Area,12,12,3611726,0,0,0,0,0,0,0,0,0,12,12,3611726,0,0,0,0,0,0,0,0,0
202601,47,019000,055,0040,01640 ,00000 ,1080 ,999,99999,2, ,38449      ,3,6,0,Ardmore,0,0,0,0,0,0,0,0,0,0,0,0,0,0,0,0,0,0,0,0,0,0,0,0
202601,47,025000,021,0240,02180 ,00000 ,4748 ,400,34980, , ,37015      ,3,6,1,Ashland City town,0,0,0,0,0,0,0,0,0,0,0,0,0,0,0,0,0,0,0,0,0,0,0,0
202601,47,027000,107,0055,02320 ,00000 ,14120 ,174,11940, ,2,37303      ,3,6,1,Athens,8,8,1132909,0,0,0,0,0,0,0,0,0,8,8,1132909,0,0,0,0,0,0,0,0,0
202601,47,029000,167,0060,02340 ,00000 ,9732 ,368,32820, , ,38004      ,3,6,0,Atoka town,3,3,580824,0,0,0,0,0,0,0,0,0,0,0,0,0,0,0,0,0,0,0,0,0
202601,47,033000,015,0070,02400 ,00000 ,266 ,400,34980,2, ,37016      ,3,6,1,Auburntown town,0,0,0,0,0,0,0,0,0,0,0,0,0,0,0,0,0,0,0,0,0,0,0,0
202601,47,035000,059,0075,02780 ,00000 ,456 ,304,24620, , ,37745      ,3,6,0,Baileyton town,1,1,287588,0,0,0,0,0,0,0,0,0,0,0,0,0,0,0,0,0,0,0,0,0
202601,47,037000,089,0078,03078 ,00000 ,540 ,315,34100, , ,37890      ,3,6,0,Baneberry,0,0,0,0,0,0,0,0,0,0,0,0,0,0,0,0,0,0,0,0,0,0,0,0
202601,47,039000,157,0400,03440 ,00000 ,59327 ,368,32820, , ,38134      ,3,6,1,Bartlett,10,10,2050008,0,0,0,0,0,0,0,0,0,10,10,2050008,0,0,0,0,0,0,0,0,0
202601,47,041000,141,0090,03680 ,00000 ,1543 ,999,18260, , ,38544      ,3,6,1,Baxter town,6,6,0,0,0,0,0,0,0,0,0,0,6,6,0,0,0,0,0,0,0,0,0,0
202601,47,042000,057,0440,03760 ,00000 ,3118 ,315,28940,2, ,377080520  ,3,6,0,Bean Station,0,0,0,0,0,0,0,0,0,0,0,0,0,0,0,0,0,0,0,0,0,0,0,0
202601,47,043000,003,    ,99990 ,00000 ,26457 ,400,43180, , ,37160      ,3,6,1,Bedford County Unincorporated Area,6,6,2205665,0,0,0,0,0,0,0,0,0,6,6,2205665,0,0,0,0,0,0,0,0,0
202601,47,047000,003,0100,04460 ,00000 ,537 ,400,43180, , ,37020      ,3,6,0,Bell Buckle town,0,0,0,0,0,0,0,0,0,0,0,0,0,0,0,0,0,0,0,0,0,0,0,0
202601,47,049000,037,0500,04620 ,00000 ,2788 ,400,34980, , ,37205      ,3,6,1,Belle Meade,1,1,296017,0,0,0,0,0,0,0,0,0,1,1,296017,0,0,0,0,0,0,0,0,0
202601,47,057000,037,0125,05140 ,00000 ,492 ,400,34980, , ,372043608  ,3,6,0,Berry Hill,1,1,300000,0,0,0,0,0,0,0,0,0,0,0,0,0,0,0,0,0,0,0,0,0
202601,47,059000,109,0130,05380 ,00000 ,727 ,999,99999, , ,38315      ,3,6,0,Bethel Springs town,0,0,0,0,0,0,0,0,0,0,0,0,0,0,0,0,0,0,0,0,0,0,0,0
202601,47,063000,057,0141,06340 ,00000 ,1869 ,315,28940, , ,372430577  ,3,6,0,Blaine,0,0,0,0,0,0,0,0,0,0,0,0,0,0,0,0,0,0,0,0,0,0,0,0
202601,47,067000,009,    ,99990 ,00000 ,88005 ,315,28940, , ,37804      ,3,6,1,Blount County Unincorporated Area,59,59,16233000,0,0,0,0,0,0,0,0,0,59,59,16233000,0,0,0,0,0,0,0,0,0
202601,47,069000,163,0145,06960 ,00000 ,1672 ,304,28700, , ,372430577  ,3,6,0,Bluff City,0,0,0,0,0,0,0,0,0,0,0,0,0,0,0,0,0,0,0,0,0,0,0,0
202601,47,071000,069,0150,07180 ,00000 ,4845 ,999,99999, , ,38008      ,3,6,0,Bolivar,0,0,0,0,0,0,0,0,0,0,0,0,0,0,0,0,0,0,0,0,0,0,0,0
202601,47,073000,047,0152,07840 ,00000 ,260 ,368,32820, , ,38010      ,3,6,0,Braden town,0,0,0,0,0,0,0,0,0,0,0,0,0,0,0,0,0,0,0,0,0,0,0,0
202601,47,075000,053,0155,07860 ,00000 ,974 ,999,27180, , ,383160087  ,3,6,0,Bradford town,0,0,0,0,0,0,0,0,0,0,0,0,0,0,0,0,0,0,0,0,0,0,0,0
202601,47,077000,011,    ,99990 ,00000 ,62417 ,174,17420,2, ,373115000  ,3,6,0,Bradley County Unincorporated Area,20,20,5363560,1,2,360000,0,0,0,0,0,0,0,0,0,0,0,0,0,0,0,0,0,0
202601,47,079000,187,0157,08280 ,00000 ,42876 ,400,34980, , ,370240788  ,3,6,1,Brentwood,13,13,20778618,0,0,0,0,0,0,0,0,0,13,13,20778618,0,0,0,0,0,0,0,0,0
202601,47,081000,167,0165,08500 ,00000 ,2929 ,368,32820, , ,38011      ,3,6,0,Brighton town,0,0,0,0,0,0,0,0,0,0,0,0,0,0,0,0,0,0,0,0,0,0,0,0
202601,47,083000,163,0170,08540 ,00000 ,27142 ,304,28700, ,1,37620      ,3,6,0,Bristol  TN,9,9,760902,0,0,0,1,3,271780,1,5,500000,0,0,0,0,0,0,0,0,0,0,0,0
202601,47,085000,075,0175,08920 ,00000 ,9232 ,999,99999, , ,38012      ,3,6,0,Brownsville,0,0,0,0,0,0,0,0,0,0,0,0,0,0,0,0,0,0,0,0,0,0,0,0
202601,47,087000,017,0180,08960 ,00000 ,1391 ,999,99999, , ,38317      ,3,6,0,Bruceton town,1,1,135000,0,0,0,0,0,0,0,0,0,0,0,0,0,0,0,0,0,0,0,0,0
202601,47,089000,073,0185,09560 ,00000 ,717 ,304,28700, , ,37711      ,3,6,0,Bulls Gap town,0,0,0,0,0,0,0,0,0,0,0,0,0,0,0,0,0,0,0,0,0,0,0,0
202601,47,093000,043,0190,09880 ,00000 ,1550 ,400,34980, , ,37029      ,3,6,1,Burns town,0,0,0,0,0,0,0,0,0,0,0,0,0,0,0,0,0,0,0,0,0,0,0,0
202601,47,099000,005,0200,10560 ,00000 ,3620 ,999,99999, , ,38320      ,3,6,1,Camden,1,1,200000,0,0,0,0,0,0,0,0,0,1,1,200000,0,0,0,0,0,0,0,0,0
202601,47,101000,013,    ,99990 ,00000 ,26901 ,315,28940, , ,37757      ,3,6,1,Campbell County Unincorporated Area,5,5,1480083,0,0,0,0,0,0,0,0,0,5,5,1480083,0,0,0,0,0,0,0,0,0
202601,47,103000,015,    ,99990 ,00000 ,11610 ,400,34980,2, ,37190      ,3,6,1,Cannon County Unincorporated Area,4,4,1657000,0,0,0,0,0,0,0,0,0,4,4,1657000,0,0,0,0,0,0,0,0,0
202601,47,107000,019,    ,99990 ,00000 ,41209 ,304,27740,2, ,37643      ,3,6,0,Carter County Unincorporated Area,10,10,1378331,0,0,0,0,0,0,0,0,0,0,0,0,0,0,0,0,0,0,0,0,0
202601,47,109000,159,0205,11280 ,00000 ,2331 ,400,34980, , ,37030      ,3,6,0,Carthage town,1,1,186091,0,0,0,0,0,0,0,0,0,0,0,0,0,0,0,0,0,0,0,0,0
202601,47,111000,013,0208,11360 ,00000 ,2122 ,315,28940, , ,37714      ,3,6,0,Caryville town,0,0,0,0,0,0,0,0,0,0,0,0,0,0,0,0,0,0,0,0,0,0,0,0
202601,47,113000,147,0213,11980 ,00000 ,312 ,400,34980, , ,372430577  ,3,6,0,Cedar Hill,0,0,0,0,0,0,0,0,0,0,0,0,0,0,0,0,0,0,0,0,0,0,0,0
202601,47,115000,027,0215,12100 ,00000 ,1407 ,999,99999, , ,372430577  ,3,6,0,Celina,0,0,0,0,0,0,0,0,0,0,0,0,0,0,0,0,0,0,0,0,0,0,0,0
202601,47,119000,081,1160,12420 ,00000 ,3561 ,400,34980, , ,37033      ,3,6,0,Centerville town,1,1,226688,0,0,0,0,0,0,0,0,0,0,0,0,0,0,0,0,0,0,0,0,0
202601,47,127000,065,0245,14000 ,00000 ,184742 ,174,16860, ,1,37402      ,3,6,0,Chattanooga,34,34,7613482,2,4,287571,0,0,0,2,35,3496515,0,0,0,0,0,0,0,0,0,0,0,0
202601,47,129000,021,    ,99990 ,00000 ,26528 ,400,34980, , ,37015      ,3,6,1,Cheatham County Unincorporated Area,5,5,2083189,0,0,0,0,0,0,0,0,0,5,5,2083189,0,0,0,0,0,0,0,0,0
202601,47,133000,073,0247,14980 ,00000 ,6643 ,304,28700, , ,37642      ,3,6,1,Church Hill,1,1,250000,0,0,0,0,0,0,0,0,0,1,1,250000,0,0,0,0,0,0,0,0,0
202601,47,135000,025,    ,99990 ,00000 ,22194 ,999,99999, , ,378790318  ,3,6,1,Claiborne County Unincorporated Area,9,9,1860000,0,0,0,0,0,0,0,0,0,9,9,1860000,0,0,0,0,0,0,0,0,0
202601,47,137000,017,0248,15140 ,00000 ,376 ,999,99999, , ,383240117  ,3,6,0,Clarksburg town,0,0,0,0,0,0,0,0,0,0,0,0,0,0,0,0,0,0,0,0,0,0,0,0
202601,47,139000,125,1320,15160 ,00000 ,161247 ,999,17300, ,1,37040      ,3,6,1,Clarksville,50,50,9766946,0,0,0,1,4,451180,6,126,11719221,50,50,9766946,0,0,0,1,4,451180,6,126,11719221
202601,47,141000,027,    ,99990 ,00000 ,6222 ,999,99999, , ,372430577  ,3,6,0,Clay County Unincorporated Area,1,1,153420,0,0,0,0,0,0,0,0,0,0,0,0,0,0,0,0,0,0,0,0,0
202601,47,143000,011,0255,15400 ,00000 ,45948 ,174,17420, ,1,37311      ,3,6,1,Cleveland,32,32,9722340,1,2,360000,1,4,800000,0,0,0,32,32,9722340,1,2,360000,1,4,800000,0,0,0
202601,47,145000,181,0260,15480 ,00000 ,2655 ,999,99999, , ,38425      ,3,6,0,Clifton,0,0,0,0,0,0,0,0,0,0,0,0,0,0,0,0,0,0,0,0,0,0,0,0
202601,47,147000,001,1380,15580 ,00000 ,10119 ,315,28940, , ,37716      ,3,6,1,Clinton,5,5,850000,1,2,409736,0,0,0,0,0,0,5,5,850000,1,2,409736,0,0,0,0,0,0
202601,47,153000,031,    ,99990 ,00000 ,27826 ,400,46100, , ,37355      ,3,6,0,Coffee County Unincorporated Area,12,12,3451060,0,0,0,0,0,0,0,0,0,0,0,0,0,0,0,0,0,0,0,0,0
202601,47,155000,065,0273,16300 ,00000 ,11400 ,174,16860, , ,37315      ,3,6,1,Collegedale,4,4,862500,0,0,0,0,0,0,0,0,0,4,4,862500,0,0,0,0,0,0,0,0,0
202601,47,157000,157,0275,16420 ,00000 ,51441 ,368,32820, , ,38017      ,3,6,1,Collierville town,7,7,4474450,0,0,0,0,0,0,0,0,0,7,7,4474450,0,0,0,0,0,0,0,0,0
202601,47,159000,181,0280,16480 ,00000 ,932 ,999,99999, , ,38452      ,3,6,0,Collinwood,1,1,150000,0,0,0,0,0,0,0,0,0,0,0,0,0,0,0,0,0,0,0,0,0
202601,47,161000,119,1500,16540 ,00000 ,41826 ,400,34980, , ,384013224  ,3,6,1,Columbia,63,63,10664827,0,0,0,0,0,0,0,0,0,63,63,10664827,0,0,0,0,0,0,0,0,0
202601,47,163000,141,0295,16920 ,00000 ,35060 ,999,18260, ,2,38501      ,3,6,1,Cookeville,13,13,3528304,0,0,0,0,0,0,0,0,0,13,13,3528304,0,0,0,0,0,0,0,0,0
202601,47,165800,147,1540,16980 ,00000 ,4612 ,400,34980, , ,37172      ,3,6,1,Coopertown town,1,1,216817,0,0,0,0,0,0,0,0,0,1,1,216817,0,0,0,0,0,0,0,0,0
202601,47,169000,079,0310,17340 ,00000 ,85 ,999,37540, , ,372430577  ,3,6,0,Cottage Grove town,0,0,0,0,0,0,0,0,0,0,0,0,0,0,0,0,0,0,0,0,0,0,0,0
202601,47,171000,167,1640,17680 ,00000 ,8810 ,368,32820, , ,380190768  ,3,6,0,Covington,0,0,0,0,0,0,0,0,0,1,5,689000,0,0,0,0,0,0,0,0,0,0,0,0
202601,47,173000,051,0320,17700 ,00000 ,1668 ,400,49010, , ,37318      ,3,6,1,Cowan,0,0,0,0,0,0,0,0,0,0,0,0,0,0,0,0,0,0,0,0,0,0,0,0
202601,47,175000,035,0322,17840 ,00000 ,758 ,999,18900, , ,372430577  ,3,6,0,Crab Orchard,0,0,0,0,0,0,0,0,0,0,0,0,0,0,0,0,0,0,0,0,0,0,0,0
202601,47,177000,033,    ,99990 ,00000 ,7704 ,999,27180, , ,380011746  ,3,6,0,Crockett County,2,2,531734,0,0,0,0,0,0,0,0,0,0,0,0,0,0,0,0,0,0,0,0,0
202601,47,179000,147,0323,18420 ,00000 ,1839 ,400,34980, , ,37049      ,3,6,0,Cross Plains,0,0,0,0,0,0,0,0,0,0,0,0,0,0,0,0,0,0,0,0,0,0,0,0
202601,47,181000,035,1720,18540 ,00000 ,11899 ,999,18900, ,2,385554232  ,3,6,1,Crossville,4,4,595038,0,0,0,0,0,0,0,0,0,4,4,595038,0,0,0,0,0,0,0,0,0
202601,47,185000,161,0330,18820 ,00000 ,310 ,999,17300, , ,37050      ,3,6,0,Cumberland City town,1,1,286434,0,0,0,0,0,0,0,0,0,0,0,0,0,0,0,0,0,0,0,0,0
202601,47,187000,035,    ,99990 ,00000 ,48388 ,999,18900, , ,38555      ,3,6,0,Cumberland County Unincorporated Area,0,0,0,0,0,0,0,0,0,0,0,0,0,0,0,0,0,0,0,0,0,0,0,0
202601,47,189000,025,0335,18880 ,00000 ,487 ,999,99999, , ,37724      ,3,6,0,Cumberland Gap town,0,0,0,0,0,0,0,0,0,0,0,0,0,0,0,0,0,0,0,0,0,0,0,0
202601,47,191000,089,0345,19380 ,00000 ,3182 ,315,34100, , ,37725      ,3,6,1,Dandridge town,4,4,960000,1,2,510000,1,3,635000,0,0,0,4,4,960000,1,2,510000,1,3,635000,0,0,0
202601,47,195000,143,0350,19700 ,00000 ,7332 ,999,99999, , ,37321      ,3,6,1,Dayton,0,0,0,0,0,0,0,0,0,0,0,0,0,0,0,0,0,0,0,0,0,0,0,0
202601,47,197000,041,    ,99990 ,00000 ,14100 ,999,99999, , ,37243      ,3,6,0,DeKalb County Unincorporated Area,6,6,796915,0,0,0,0,0,0,0,0,0,0,0,0,0,0,0,0,0,0,0,0,0
202601,47,201000,121,0355,19880 ,00000 ,1663 ,174,11940, , ,37322      ,3,6,0,Decatur town,0,0,0,0,0,0,0,0,0,0,0,0,0,0,0,0,0,0,0,0,0,0,0,0
202601,47,205000,051,0365,19920 ,00000 ,2372 ,400,49010, , ,37324      ,3,6,0,Decherd,1,1,180367,0,0,0,0,0,0,0,0,0,0,0,0,0,0,0,0,0,0,0,0,0
202601,47,207000,043,1900,20620 ,00000 ,15543 ,400,34980, , ,37055      ,3,6,1,Dickson,9,9,2653680,0,0,0,0,0,0,0,0,0,9,9,2653680,0,0,0,0,0,0,0,0,0
202601,47,209000,043,    ,99990 ,00000 ,31351 ,400,34980,2, ,37036      ,3,6,1,Dickson County Unincorporated Area,13,13,2589263,0,0,0,0,0,0,0,0,0,13,13,2589263,0,0,0,0,0,0,0,0,0
202601,47,211000,161,0385,21400 ,00000 ,1578 ,999,17300, , ,37058      ,3,6,0,Dover,1,1,138304,0,0,0,0,0,0,0,0,0,0,0,0,0,0,0,0,0,0,0,0,0
202601,47,217000,183,0395,21540 ,00000 ,2907 ,542,32280, , ,38225      ,3,6,0,Dresden town,0,0,0,0,0,0,0,0,0,0,0,0,0,0,0,0,0,0,0,0,0,0,0,0
202601,47,221000,153,2020,22000 ,00000 ,5237 ,174,16860, , ,37327      ,3,6,1,Dunlap,1,1,120000,0,0,0,0,0,0,0,0,0,1,1,120000,0,0,0,0,0,0,0,0,0
202601,47,223000,053,0415,22180 ,00000 ,2203 ,999,27180, , ,383301920  ,3,6,1,Dyer,0,0,0,0,0,0,0,0,0,0,0,0,0,0,0,0,0,0,0,0,0,0,0,0
202601,47,225000,045,    ,99990 ,00000 ,16782 ,999,20540, , ,38024      ,3,6,1,Dyer County Unincorporated Area,1,1,500000,0,0,0,0,0,0,0,0,0,1,1,500000,0,0,0,0,0,0,0,0,0
202601,47,227000,045,2060,22200 ,00000 ,16082 ,999,20540, ,2,38025      ,3,6,1,Dyersburg,1,1,300000,0,0,0,0,0,0,0,0,0,1,1,300000,0,0,0,0,0,0,0,0,0
202601,47,229000,149,0430,22360 ,00000 ,803 ,400,34980, , ,37060      ,3,6,1,Eagleville,0,0,0,0,0,0,0,0,0,0,0,0,0,0,0,0,0,0,0,0,0,0,0,0
202601,47,231000,065,2160,22720 ,00000 ,21205 ,174,16860, , ,37412      ,3,6,1,East Ridge,0,0,0,0,0,0,0,0,0,0,0,0,0,0,0,0,0,0,0,0,0,0,0,0
202601,47,233000,109,0442,22920 ,00000 ,702 ,999,99999, , ,372430577  ,3,6,0,Eastview town,0,0,0,0,0,0,0,0,0,0,0,0,0,0,0,0,0,0,0,0,0,0,0,0
202601,47,235000,019,0445,23500 ,00000 ,13479 ,304,27740, , ,37643      ,3,6,0,Elizabethton,1,1,171894,0,0,0,0,0,0,0,0,0,0,0,0,0,0,0,0,0,0,0,0,0
202601,47,237000,055,0450,23660 ,00000 ,522 ,999,99999, , ,372430577  ,3,6,0,Elkton,0,0,0,0,0,0,0,0,0,0,0,0,0,0,0,0,0,0,0,0,0,0,0,0
202601,47,239000,107,0460,24040 ,00000 ,1538 ,174,11940, , ,37329      ,3,6,0,Englewood town,0,0,0,0,0,0,0,0,0,0,0,0,0,0,0,0,0,0,0,0,0,0,0,0
202601,47,245000,083,0475,24320 ,00000 ,1308 ,999,99999, , ,37061      ,3,6,0,Erin,0,0,0,0,0,0,0,0,0,0,0,0,0,0,0,0,0,0,0,0,0,0,0,0
202601,47,247000,171,0480,24360 ,00000 ,5854 ,304,27740, , ,37650      ,3,6,0,Erwin town,1,1,211603,0,0,0,0,0,0,0,0,0,0,0,0,0,0,0,0,0,0,0,0,0
202601,47,249000,051,0485,24440 ,00000 ,2040 ,400,49010, , ,37330      ,3,6,1,Estill Springs town,0,0,0,0,0,0,0,0,0,0,0,0,0,0,0,0,0,0,0,0,0,0,0,0
202601,47,253000,107,2360,24480 ,00000 ,3527 ,174,11940, , ,37331      ,3,6,0,Etowah,0,0,0,0,0,0,0,0,0,0,0,0,0,0,0,0,0,0,0,0,0,0,0,0
202601,47,255000,187,0495,25440 ,00000 ,9599 ,400,34980, , ,37062      ,3,6,1,Fairview,4,4,2125534,0,0,0,0,0,0,0,0,0,4,4,2125534,0,0,0,0,0,0,0,0,0
202601,47,257000,093,2520,25760 ,00000 ,24045 ,315,28940,2, ,37934      ,3,6,1,Farragut town,20,20,9759500,0,0,0,0,0,0,0,0,0,20,20,9759500,0,0,0,0,0,0,0,0,0
202601,47,261000,047,    ,99990 ,00000 ,24600 ,368,32820, , ,38068      ,3,6,1,Fayette County Unincorporated Area,3,3,2431000,0,0,0,0,0,0,0,0,0,3,3,2431000,0,0,0,0,0,0,0,0,0
202601,47,263000,103,0500,25920 ,00000 ,7009 ,290,22190, ,2,37334      ,3,6,1,Fayetteville,1,1,125000,0,0,0,0,0,0,0,0,0,1,1,125000,0,0,0,0,0,0,0,0,0
202601,47,267000,109,0503,26160 ,00000 ,288 ,999,99999, , ,372430577  ,3,6,0,Finger,0,0,0,0,0,0,0,0,0,0,0,0,0,0,0,0,0,0,0,0,0,0,0,0
202601,47,269000,037,0513,27020 ,00000 ,4721 ,400,34980, , ,37215      ,3,6,1,Forest Hills,0,0,0,0,0,0,0,0,0,0,0,0,0,0,0,0,0,0,0,0,0,0,0,0
202601,47,271000,187,2620,27740 ,00000 ,85316 ,400,34980, ,1,370642530  ,3,6,1,Franklin,20,20,0,0,0,0,0,0,0,0,0,0,20,20,0,0,0,0,0,0,0,0,0,0
202601,47,273000,051,    ,99990 ,00000 ,25165 ,400,49010, , ,37398      ,3,6,1,Franklin County Unincorporated Area,6,6,1221648,0,0,0,0,0,0,0,0,0,6,6,1221648,0,0,0,0,0,0,0,0,0
202601,47,277000,009,0525,28060 ,00000 ,902 ,315,28940, , ,37937      ,3,6,0,Friendsville,1,1,287588,0,0,0,0,0,0,0,0,0,0,0,0,0,0,0,0,0,0,0,0,0
202601,47,281000,087,0535,28420 ,00000 ,951 ,999,18260, , ,372430577  ,3,6,0,Gainesboro town,0,0,0,0,0,0,0,0,0,0,0,0,0,0,0,0,0,0,0,0,0,0,0,0
202601,47,283000,165,0540,28540 ,00000 ,44335 ,400,34980, , ,37066      ,3,6,1,Gallatin,67,67,16136915,0,0,0,0,0,0,0,0,0,67,67,16136915,0,0,0,0,0,0,0,0,0
202601,47,285000,047,0543,28560 ,00000 ,648 ,368,32820, , ,38036      ,3,6,0,Gallaway,0,0,0,0,0,0,0,0,0,0,0,0,0,0,0,0,0,0,0,0,0,0,0,0
202601,47,289000,097,0550,28740 ,00000 ,598 ,999,99999, , ,380370129  ,3,6,0,Gates town,0,0,0,0,0,0,0,0,0,0,0,0,0,0,0,0,0,0,0,0,0,0,0,0
202601,47,291000,155,0555,28800 ,00000 ,3779 ,315,42940, , ,37738      ,3,6,1,Gatlinburg,4,4,1523000,0,0,0,0,0,0,0,0,0,4,4,1523000,0,0,0,0,0,0,0,0,0
202601,47,295000,053,    ,99990 ,00000 ,19438 ,999,27180, , ,38382      ,3,6,1,Gibson County Unincorporated Area,2,2,770430,0,0,0,0,0,0,0,0,0,2,2,770430,0,0,0,0,0,0,0,0,0
202601,47,297000,053,2840,29020 ,00000 ,384 ,999,27180, , ,38338      ,3,6,0,Gibson town,0,0,0,0,0,0,0,0,0,0,0,0,0,0,0,0,0,0,0,0,0,0,0,0
202601,47,299000,055,    ,99990 ,00000 ,19560 ,999,99999, , ,38478      ,3,6,1,Giles County Unincorporated Area,5,5,1422000,0,0,0,0,0,0,0,0,0,5,5,1422000,0,0,0,0,0,0,0,0,0
202601,47,303000,183,0570,29300 ,00000 ,1369 ,542,32280, , ,38229      ,3,6,0,Gleason town,0,0,0,0,0,0,0,0,0,0,0,0,0,0,0,0,0,0,0,0,0,0,0,0
202601,47,305000,037,2900,29920 ,00000 ,10397 ,400,34980,2, ,370721708  ,3,6,1,Goodlettsville,1,1,950000,0,0,0,0,0,0,0,0,0,1,1,950000,0,0,0,0,0,0,0,0,0
202601,47,309000,159,0580,30120 ,00000 ,1245 ,400,34980, , ,385630357  ,3,6,1,Gordonsville town,0,0,0,0,0,0,0,0,0,0,0,0,0,0,0,0,0,0,0,0,0,0,0,0
202601,47,311000,057,    ,99990 ,00000 ,17227 ,315,28940, , ,372430577  ,3,6,0,Grainger County Unincorporated Area,4,4,703641,0,0,0,0,0,0,0,0,0,0,0,0,0,0,0,0,0,0,0,0,0
202601,47,315000,069,0585,30280 ,00000 ,261 ,999,99999,2, ,380390025  ,3,6,0,Grand Junction,0,0,0,0,0,0,0,0,0,0,0,0,0,0,0,0,0,0,0,0,0,0,0,0
202601,47,317000,143,0590,30760 ,00000 ,1570 ,999,99999, , ,373380100  ,3,6,0,Graysville town,0,0,0,0,0,0,0,0,0,0,0,0,0,0,0,0,0,0,0,0,0,0,0,0
202601,47,321000,147,3040,30960 ,00000 ,6905 ,400,34980, , ,370730466  ,3,6,1,Greenbrier town,0,0,0,0,0,0,0,0,0,0,0,0,0,0,0,0,0,0,0,0,0,0,0,0
202601,47,323000,059,    ,99990 ,00000 ,49149 ,304,24620, , ,37743      ,3,6,1,Greene County Unincorporated Area,12,12,4211041,0,0,0,0,0,0,0,0,0,12,12,4211041,0,0,0,0,0,0,0,0,0
202601,47,325000,059,3060,30980 ,00000 ,14940 ,304,24620, ,2,37745      ,3,6,1,Greeneville town,6,6,1810000,0,0,0,0,0,0,0,0,0,6,6,1810000,0,0,0,0,0,0,0,0,0
202601,47,327000,183,0610,31000 ,00000 ,2071 ,542,32280, , ,38230      ,3,6,0,Greenfield,0,0,0,0,0,0,0,0,0,0,0,0,0,0,0,0,0,0,0,0,0,0,0,0
202601,47,329000,061,0612,31490 ,00000 ,1734 ,999,99999, , ,372430577  ,3,6,0,Gruetli-Laager,0,0,0,0,0,0,0,0,0,0,0,0,0,0,0,0,0,0,0,0,0,0,0,0
202601,47,333000,109,0613,31680 ,00000 ,430 ,999,99999, , ,372430577  ,3,6,0,Guys town,0,0,0,0,0,0,0,0,0,0,0,0,0,0,0,0,0,0,0,0,0,0,0,0
202601,47,335000,097,3160,31820 ,00000 ,2041 ,999,99999, , ,38040      ,3,6,0,Halls town,1,1,225000,0,0,0,0,0,0,0,0,0,0,0,0,0,0,0,0,0,0,0,0,0
202601,47,337000,063,    ,99990 ,00000 ,34847 ,315,34100, , ,378143964  ,3,6,1,Hamblen County Unincorporated Area,8,8,3537850,0,0,0,0,0,0,0,0,0,8,8,3537850,0,0,0,0,0,0,0,0,0
202601,47,339000,065,    ,99990 ,00000 ,113696 ,174,16860,2, ,37421      ,3,6,1,Hamilton County Unincorporated Area,68,68,14487682,1,2,200760,2,6,570990,0,0,0,68,68,14487682,1,2,200760,2,6,570990,0,0,0
202601,47,341000,067,    ,99990 ,00000 ,5171 ,999,99999, , ,378690347  ,3,6,0,Hancock County Unincorporated Area,0,0,0,0,0,0,0,0,0,0,0,0,0,0,0,0,0,0,0,0,0,0,0,0
202601,47,343000,069,    ,99990 ,00000 ,13776 ,999,99999,2, ,38008      ,3,6,1,Hardeman County Unincorporated Area,0,0,0,0,0,0,0,0,0,0,0,0,0,0,0,0,0,0,0,0,0,0,0,0
202601,47,350000,025,0628,32640 ,00000 ,4362 ,999,99999, , ,377520979  ,3,6,0,Harrogate,0,0,0,1,2,130000,0,0,0,0,0,0,0,0,0,0,0,0,0,0,0,0,0,0
202601,47,353000,073,    ,99990 ,00000 ,35095 ,304,28700, , ,37857      ,3,6,0,Hawkins County Unincorporated Area,9,9,909078,0,0,0,0,0,0,0,0,0,0,0,0,0,0,0,0,0,0,0,0,0
202601,47,355000,075,    ,99990 ,00000 ,7352 ,999,99999,2, ,38012      ,3,6,0,Haywood County Unincorporated Area,1,1,167379,0,0,0,0,0,0,0,0,0,0,0,0,0,0,0,0,0,0,0,0,0
202601,47,357000,023,0635,33260 ,00000 ,6417 ,999,27180, , ,38340      ,3,6,1,Henderson,0,0,0,0,0,0,0,0,0,0,0,0,0,0,0,0,0,0,0,0,0,0,0,0
202601,47,361000,165,0637,33280 ,00000 ,59323 ,400,34980, , ,37075      ,3,6,1,Hendersonville,10,10,4120890,0,0,0,0,0,0,0,0,0,10,10,4120890,0,0,0,0,0,0,0,0,0
202601,47,363000,097,3320,33360 ,00000 ,929 ,999,99999, , ,380410488  ,3,6,0,Henning town,0,0,0,0,0,0,0,0,0,0,0,0,0,0,0,0,0,0,0,0,0,0,0,0
202601,47,369000,081,    ,99990 ,00000 ,21826 ,400,34980, , ,370330000  ,3,6,0,Hickman County Unincorporated Area,8,8,1353655,0,0,0,0,0,0,0,0,0,0,0,0,0,0,0,0,0,0,0,0,0
202601,47,373000,101,0665,35160 ,00000 ,3968 ,999,99999, , ,38462      ,3,6,1,Hohenwald,0,0,0,0,0,0,0,0,0,0,0,0,0,0,0,0,0,0,0,0,0,0,0,0
202601,47,383000,053,3480,36460 ,00000 ,8034 ,999,27180,2, ,38343      ,3,6,0,Humboldt,1,1,250200,0,0,0,0,0,0,0,0,0,0,0,0,0,0,0,0,0,0,0,0,0
202601,47,389000,017,0690,36580 ,00000 ,3835 ,999,99999, , ,38344      ,3,6,0,Huntingdon town,0,0,0,0,0,0,0,0,0,0,0,0,0,0,0,0,0,0,0,0,0,0,0,0
202601,47,391000,051,0695,36600 ,00000 ,842 ,400,49010, , ,37345      ,3,6,0,Huntland town,0,0,0,0,0,0,0,0,0,0,0,0,0,0,0,0,0,0,0,0,0,0,0,0
202601,47,393000,151,0697,36640 ,00000 ,1285 ,999,99999, , ,37243      ,3,6,0,Huntsville town,0,0,0,0,0,0,0,0,0,0,0,0,0,0,0,0,0,0,0,0,0,0,0,0
202601,47,399000,013,0704,37600 ,00000 ,2066 ,315,28940, , ,37757      ,3,6,0,Jacksboro town,0,0,0,0,0,0,0,0,0,0,0,0,0,0,0,0,0,0,0,0,0,0,0,0
202601,47,401000,113,0705,37640 ,00000 ,67402 ,999,27180, ,1,38302      ,3,6,0,Jackson,11,11,2718810,0,0,0,0,0,0,0,0,0,0,0,0,0,0,0,0,0,0,0,0,0
202601,47,405000,049,0710,37780 ,00000 ,2131 ,999,99999, , ,38556      ,3,6,0,Jamestown,1,1,302641,0,0,0,0,0,0,0,0,0,0,0,0,0,0,0,0,0,0,0,0,0
202601,47,407000,115,3660,37820 ,00000 ,3412 ,174,16860, , ,37347      ,3,6,0,Jasper town,2,2,143681,0,0,0,0,0,0,0,0,0,0,0,0,0,0,0,0,0,0,0,0,0
202601,47,409000,089,0720,37960 ,00000 ,8234 ,315,34100, , ,37760      ,3,6,1,Jefferson City,0,0,0,0,0,0,0,0,0,0,0,0,0,0,0,0,0,0,0,0,0,0,0,0
202601,47,411000,089,    ,99990 ,00000 ,39324 ,315,34100, , ,37725      ,3,6,1,Jefferson County Unincorporated Area,14,14,6266471,0,0,0,0,0,0,0,0,0,14,14,6266471,0,0,0,0,0,0,0,0,0
202601,47,413000,013,0725,38020 ,00000 ,2132 ,315,28940, , ,377622004  ,3,6,0,Jellico,0,0,0,0,0,0,0,0,0,0,0,0,0,0,0,0,0,0,0,0,0,0,0,0
202601,47,419000,179,3720,38320 ,00000 ,65418 ,304,27740,2,1,37601      ,3,6,1,Johnson City,56,56,20609176,0,0,0,0,0,0,0,0,0,56,56,20609176,0,0,0,0,0,0,0,0,0
202601,47,423000,179,3740,38540 ,00000 ,5765 ,304,27740, , ,376591345  ,3,6,1,Jonesborough town,24,24,5488250,1,2,525000,0,0,0,0,0,0,24,24,5488250,1,2,525000,0,0,0,0,0,0
202601,47,425000,053,0745,39140 ,00000 ,676 ,999,27180,2, ,382331218  ,3,6,0,Kenton town,0,0,0,0,0,0,0,0,0,0,0,0,0,0,0,0,0,0,0,0,0,0,0,0
202601,47,429000,115,3780,39400 ,00000 ,1453 ,174,16860, , ,37347      ,3,6,0,Kimball town,1,1,57500,0,0,0,0,0,0,0,0,0,0,0,0,0,0,0,0,0,0,0,0,0
202601,47,433000,163,0750,39560 ,00000 ,51181 ,304,28700,2,1,37660      ,3,6,1,Kingsport,20,20,7341296,0,0,0,0,0,0,0,0,0,20,20,7341296,0,0,0,0,0,0,0,0,0
202601,47,437000,021,0756,39660 ,00000 ,2714 ,400,34980, , ,37082      ,3,6,0,Kingston Springs town,0,0,0,0,0,0,0,0,0,0,0,0,0,0,0,0,0,0,0,0,0,0,0,0
202601,47,439000,093,    ,99990 ,00000 ,261341 ,315,28940, , ,37902      ,3,6,1,Knox County Unincorporated Area,140,140,37894086,0,0,0,0,0,0,0,0,0,140,140,37894086,0,0,0,0,0,0,0,0,0
202601,47,441000,093,0760,40000 ,00000 ,190223 ,315,28940, ,1,37901      ,3,6,0,Knoxville,36,36,8263942,1,2,520000,0,0,0,2,136,24625118,0,0,0,0,0,0,0,0,0,0,0,0
202601,47,443000,013,0770,40180 ,00000 ,6585 ,315,28940, , ,37766      ,3,6,0,La Follette,1,1,68750,0,0,0,0,0,0,0,0,0,0,0,0,0,0,0,0,0,0,0,0,0
202601,47,445000,047,0775,40200 ,00000 ,129 ,368,32820, , ,38046      ,3,6,0,La Grange town,0,0,0,0,0,0,0,0,0,0,0,0,0,0,0,0,0,0,0,0,0,0,0,0
202601,47,447000,149,4060,41200 ,00000 ,35646 ,400,34980, , ,370862705  ,3,6,1,La Vergne,6,6,1071888,0,0,0,0,0,0,0,0,0,6,6,1071888,0,0,0,0,0,0,0,0,0
202601,47,451000,001,0777,40240 ,00000 ,1745 ,315,28940,2, ,37769      ,3,6,0,Rocky Top,0,0,0,0,0,0,0,0,0,0,0,0,0,0,0,0,0,0,0,0,0,0,0,0
202601,47,455000,095,    ,99990 ,00000 ,1400 ,999,99999, , ,38080      ,3,6,0,Lake County Unincorporated Area,0,0,0,0,0,0,0,0,0,0,0,0,0,0,0,0,0,0,0,0,0,0,0,0
202601,47,459000,065,0781,40540 ,00000 ,1866 ,174,16860, , ,373793046  ,3,6,1,Lakesite,2,2,316000,0,0,0,0,0,0,0,0,0,2,2,316000,0,0,0,0,0,0,0,0,0
202601,47,463000,097,    ,99990 ,00000 ,14259 ,999,99999, , ,38063      ,3,6,1,Lauderdale County Unincorporated Area,3,3,1500000,0,0,0,0,0,0,0,0,0,3,3,1500000,0,0,0,0,0,0,0,0,0
202601,47,467000,099,0785,41340 ,00000 ,11066 ,400,29980, ,2,38464      ,3,6,0,Lawrenceburg,1,1,208960,0,0,0,0,0,0,0,0,0,0,0,0,0,0,0,0,0,0,0,0,0
202601,47,469000,189,4100,41520 ,00000 ,38086 ,400,34980, , ,37087      ,3,6,1,Lebanon,30,30,9071498,0,0,0,0,0,0,2,48,1800000,30,30,9071498,0,0,0,0,0,0,2,48,1800000
202601,47,471000,105,0795,41760 ,00000 ,9323 ,315,28940, , ,37771      ,3,6,1,Lenoir City,3,3,1205090,0,0,0,0,0,0,0,0,0,3,3,1205090,0,0,0,0,0,0,0,0,0
202601,47,477000,077,4160,41980 ,00000 ,7866 ,999,99999, , ,38351      ,3,6,0,Lexington,2,2,283665,0,0,0,0,0,0,0,0,0,0,0,0,0,0,0,0,0,0,0,0,0
202601,47,479000,041,0810,42040 ,00000 ,330 ,999,99999, , ,37095      ,3,6,0,Liberty town,0,0,0,0,0,0,0,0,0,0,0,0,0,0,0,0,0,0,0,0,0,0,0,0
202601,47,481000,103,    ,99990 ,00000 ,27007 ,290,22190,2, ,373343032  ,3,6,1,Lincoln County Unincorporated Area,14,14,4110153,0,0,0,0,0,0,0,0,0,14,14,4110153,0,0,0,0,0,0,0,0,0
202601,47,483000,135,4200,42720 ,00000 ,964 ,999,99999, , ,37096      ,3,6,0,Linden town,0,0,0,0,0,0,0,0,0,0,0,0,0,0,0,0,0,0,0,0,0,0,0,0
202601,47,485000,133,4220,43140 ,00000 ,4129 ,999,18260, , ,385701833  ,3,6,1,Livingston town,0,0,0,0,0,0,0,0,0,0,0,0,0,0,0,0,0,0,0,0,0,0,0,0
202601,47,489000,065,4260,43640 ,00000 ,1884 ,174,16860, , ,37350      ,3,6,0,Lookout Mountain town,0,0,0,0,0,0,0,0,0,0,0,0,0,0,0,0,0,0,0,0,0,0,0,0
202601,47,491000,099,0840,43700 ,00000 ,1781 ,400,29980, , ,38469      ,3,6,0,Loretto,0,0,0,0,0,0,0,0,0,0,0,0,0,0,0,0,0,0,0,0,0,0,0,0
202601,47,493000,105,0845,43780 ,00000 ,6009 ,315,28940, , ,37774      ,3,6,1,Loudon,6,6,5744438,0,0,0,0,0,0,0,0,0,6,6,5744438,0,0,0,0,0,0,0,0,0
202601,47,495000,105,    ,99990 ,00000 ,37600 ,315,28940,2, ,377741042  ,3,6,1,Loudon County Unincorporated Area,22,22,14196659,0,0,0,0,0,0,0,0,0,22,22,14196659,0,0,0,0,0,0,0,0,0
202601,47,496000,009,0846,43820 ,00000 ,4139 ,315,28940, , ,37777      ,3,6,0,Louisville,0,0,0,0,0,0,0,0,0,0,0,0,0,0,0,0,0,0,0,0,0,0,0,0
202601,47,499000,127,0850,00000 ,00000 ,6438 ,400,46100, , ,37352      ,3,6,0,Lynchburg-Moore County,2,2,477195,0,0,0,0,0,0,0,0,0,0,0,0,0,0,0,0,0,0,0,0,0
202601,47,501000,055,0860,44420 ,00000 ,311 ,999,99999, , ,384720158  ,3,6,0,Lynnville town,1,1,134006,0,0,0,0,0,0,0,0,0,0,0,0,0,0,0,0,0,0,0,0,0
202601,47,503000,111,    ,99990 ,00000 ,18432 ,400,34980,2, ,37083      ,3,6,0,Macon County Unincorporated Area,12,12,3381882,0,0,0,0,0,0,1,5,645905,0,0,0,0,0,0,0,0,0,0,0,0
202601,47,505000,113,    ,99990 ,00000 ,28987 ,999,27180,2, ,38301      ,3,6,0,Madison County Unincorporated Area,6,6,1159009,0,0,0,0,0,0,0,0,0,0,0,0,0,0,0,0,0,0,0,0,0
202601,47,507000,123,0890,45320 ,00000 ,5024 ,999,99999, , ,373541131  ,3,6,1,Madisonville,0,0,0,0,0,0,0,0,0,0,0,0,0,0,0,0,0,0,0,0,0,0,0,0
202601,47,509000,031,4520,45500 ,00000 ,11262 ,400,46100, ,2,37355      ,3,6,1,Manchester,4,4,1074250,0,0,0,0,0,0,0,0,0,4,4,1074250,0,0,0,0,0,0,0,0,0
202601,47,511000,115,    ,99990 ,00000 ,16360 ,174,16860, , ,37347      ,3,6,1,Marion County Unincorporated Area,18,18,5702449,0,0,0,0,0,0,0,0,0,18,18,5702449,0,0,0,0,0,0,0,0,0
202601,47,513000,117,    ,99990 ,00000 ,19384 ,400,30280,2, ,37091      ,3,6,0,Marshall County,22,22,6240491,0,0,0,1,3,284229,1,6,811594,0,0,0,0,0,0,0,0,0,0,0,0
202601,47,515000,183,0900,46240 ,00000 ,10567 ,542,32280, ,2,38237      ,3,6,0,Martin,0,0,0,0,0,0,0,0,0,0,0,0,0,0,0,0,0,0,0,0,0,0,0,0
202601,47,517000,009,0905,46380 ,00000 ,29995 ,315,28940, , ,378014428  ,3,6,1,Maryville,28,28,6702993,0,0,0,0,0,0,0,0,0,28,28,6702993,0,0,0,0,0,0,0,0,0
202601,47,519000,167,0915,46420 ,00000 ,1535 ,368,32820, , ,38049      ,3,6,0,Mason town,0,0,0,0,0,0,0,0,0,0,0,0,0,0,0,0,0,0,0,0,0,0,0,0
202601,47,523000,119,    ,99990 ,00000 ,40997 ,400,34980, , ,38401      ,3,6,0,Maury County Unincorporated Area,15,15,4668561,0,0,0,0,0,0,0,0,0,0,0,0,0,0,0,0,0,0,0,0,0
202601,47,525000,173,0925,46700 ,00000 ,2452 ,315,28940, , ,37807      ,3,6,0,Maynardville,1,1,74321,0,0,0,0,0,0,0,0,0,0,0,0,0,0,0,0,0,0,0,0,0
202601,47,527000,085,0865,44840 ,00000 ,1743 ,999,99999, , ,37101      ,3,6,0,McEwen,1,1,75000,0,0,0,0,0,0,0,0,0,0,0,0,0,0,0,0,0,0,0,0,0
202601,47,529000,017,0870,44940 ,00000 ,5070 ,999,99999,2, ,38201      ,3,6,0,McKenzie,0,0,0,0,0,0,0,0,0,0,0,0,0,0,0,0,0,0,0,0,0,0,0,0
202601,47,535000,017,0875,45000 ,00000 ,326 ,999,99999, , ,372430577  ,3,6,0,McLemoresville town,0,0,0,0,0,0,0,0,0,0,0,0,0,0,0,0,0,0,0,0,0,0,0,0
202601,47,539000,177,4480,45100 ,00000 ,13776 ,999,32660, ,2,37111      ,3,6,1,McMinnville,3,3,600000,0,0,0,0,0,0,2,14,1056000,3,3,600000,0,0,0,0,0,0,2,14,1056000
202601,47,543000,053,0930,47000 ,00000 ,4379 ,999,27180, , ,38355      ,3,6,1,Medina,2,2,678000,0,0,0,0,0,0,0,0,0,2,2,678000,0,0,0,0,0,0,0,0,0
202601,47,547000,121,    ,99990 ,00000 ,10869 ,174,11940, , ,373227748  ,3,6,0,Meigs County Unincorporated Area,6,6,1718287,0,0,0,0,0,0,0,0,0,0,0,0,0,0,0,0,0,0,0,0,0
202601,47,553000,069,0945,48340 ,00000 ,629 ,999,99999, , ,380520040  ,3,6,0,Middleton,0,0,0,0,0,0,0,0,0,0,0,0,0,0,0,0,0,0,0,0,0,0,0,0
202601,47,555000,053,4800,48660 ,00000 ,7608 ,999,27180, , ,38358      ,3,6,1,Milan,0,0,0,1,2,170000,0,0,0,0,0,0,0,0,0,1,2,170000,0,0,0,0,0,0
202601,47,565000,165,4840,48980 ,00000 ,5287 ,400,34980,2, ,37072      ,3,6,1,Millersville,4,4,0,0,0,0,0,0,0,0,0,0,4,4,0,0,0,0,0,0,0,0,0,0
202601,47,571000,165,0960,49460 ,00000 ,195 ,400,34980, , ,37119      ,3,6,0,Mitchellville,1,1,287588,0,0,0,0,0,0,0,0,0,0,0,0,0,0,0,0,0,0,0,0,0
202601,47,573000,123,    ,99990 ,00000 ,33708 ,999,99999, , ,37354      ,3,6,1,Monroe County Unincorporated Area,13,13,3862500,0,0,0,0,0,0,0,0,0,13,13,3862500,0,0,0,0,0,0,0,0,0
202601,47,575000,061,0963,49740 ,00000 ,718 ,999,99999,2, ,37356      ,3,6,0,Monteagle town,1,1,125000,0,0,0,0,0,0,0,0,0,0,0,0,0,0,0,0,0,0,0,0,0
202601,47,581000,125,    ,99990 ,00000 ,53004 ,999,17300, , ,37040      ,3,6,1,Montgomery County Unincorporated Area,16,16,5080926,1,2,600000,0,0,0,0,0,0,16,16,5080926,1,2,600000,0,0,0,0,0,0
202601,47,585000,177,0975,50220 ,00000 ,727 ,999,32660, , ,37357      ,3,6,0,Morrison town,0,0,0,0,0,0,0,0,0,0,0,0,0,0,0,0,0,0,0,0,0,0,0,0
202601,47,587000,063,0985,50280 ,00000 ,30263 ,315,34100,2,1,37816      ,3,6,1,Morristown,16,16,4544315,2,4,500000,0,0,0,0,0,0,16,16,4544315,2,4,500000,0,0,0,0,0,0
202601,47,589000,047,0990,50300 ,00000 ,549 ,368,32820, , ,38057      ,3,6,0,Moscow,0,0,0,0,0,0,0,0,0,0,0,0,0,0,0,0,0,0,0,0,0,0,0,0
202601,47,591000,059,5020,50320 ,00000 ,2357 ,304,24620, , ,378184010  ,3,6,0,Mosheim town,0,0,0,0,0,0,0,0,0,0,0,0,0,0,0,0,0,0,0,0,0,0,0,0
202601,47,593000,073,0996,50580 ,00000 ,5255 ,304,28700, , ,37642      ,3,6,0,Mount Carmel town,0,0,0,0,0,0,0,0,0,0,0,0,0,0,0,0,0,0,0,0,0,0,0,0
202601,47,595000,189,0998,50780 ,00000 ,38526 ,400,34980, , ,37122      ,3,6,1,Mount Juliet,15,15,4286500,0,0,0,0,0,0,0,0,0,15,15,4286500,0,0,0,0,0,0,0,0,0
202601,47,597000,119,5100,51080 ,00000 ,4972 ,400,34980, , ,38474      ,3,6,1,Mount Pleasant,3,3,888050,0,0,0,0,0,0,0,0,0,3,3,888050,0,0,0,0,0,0,0,0,0
202601,47,599000,091,0995,50400 ,00000 ,2444 ,999,99999, , ,37683      ,3,6,0,Mountain City town,1,1,159005,0,0,0,0,0,0,0,0,0,0,0,0,0,0,0,0,0,0,0,0,0
202601,47,601000,167,1005,51540 ,00000 ,6201 ,368,32820, , ,380586749  ,3,6,1,Munford,2,2,0,0,0,0,0,0,0,0,0,0,2,2,0,0,0,0,0,0,0,0,0,0
202601,47,603000,149,1010,51560 ,00000 ,150757 ,400,34980, ,1,37133      ,3,6,1,Murfreesboro,69,69,18956599,0,0,0,0,0,0,0,0,0,69,69,18956599,0,0,0,0,0,0,0,0,0
202601,47,605000,037,    ,52006 ,00000 ,671295 ,400,34980,2,1,37210      ,3,6,1,Nashville-Davidson,144,144,0,0,0,0,0,0,0,4,402,62557783,144,144,0,0,0,0,0,0,0,4,402,62557783
202601,47,607000,115,1023,52780 ,00000 ,1047 ,174,16860, , ,373800168  ,3,6,0,New Hope,0,0,0,0,0,0,0,0,0,0,0,0,0,0,0,0,0,0,0,0,0,0,0,0
202601,47,609000,085,1025,52820 ,00000 ,1871 ,999,99999, , ,37134      ,3,6,0,New Johnsonville,0,0,0,0,0,0,0,0,0,0,0,0,0,0,0,0,0,0,0,0,0,0,0,0
202601,47,611000,089,1027,52940 ,00000 ,1381 ,315,34100, , ,37820      ,3,6,0,New Market town,1,1,288750,0,0,0,0,0,0,0,0,0,0,0,0,0,0,0,0,0,0,0,0,0
202601,47,613000,025,1040,53140 ,00000 ,2705 ,999,99999, , ,37824      ,3,6,0,New Tazewell town,0,0,0,0,0,0,0,0,0,0,0,0,0,0,0,0,0,0,0,0,0,0,0,0
202601,47,615000,045,5200,52400 ,00000 ,3230 ,999,20540,2, ,380590460  ,3,6,0,Newbern town,0,0,0,0,0,0,0,0,0,0,0,0,0,0,0,0,0,0,0,0,0,0,0,0
202601,47,617000,029,1030,53000 ,00000 ,6894 ,315,35460, ,2,37821      ,3,6,0,Newport,0,0,0,0,0,0,0,0,0,0,0,0,0,0,0,0,0,0,0,0,0,0,0,0
202601,47,619000,107,1045,53380 ,00000 ,738 ,174,11940, , ,37826      ,3,6,0,Niota,0,0,0,0,0,0,0,0,0,0,0,0,0,0,0,0,0,0,0,0,0,0,0,0
202601,47,620000,187,1047,53460 ,00000 ,11145 ,400,34980, , ,371350547  ,3,6,1,Nolensville town,4,4,3450840,0,0,0,0,0,0,0,0,0,4,4,3450840,0,0,0,0,0,0,0,0,0
202601,47,621000,003,1050,53580 ,00000 ,140 ,400,43180, , ,37360      ,3,6,0,Normandy town,0,0,0,0,0,0,0,0,0,0,0,0,0,0,0,0,0,0,0,0,0,0,0,0
202601,47,623000,001,1055,53600 ,00000 ,1612 ,315,28940, , ,37828      ,3,6,0,Norris,0,0,0,0,0,0,0,0,0,0,0,0,0,0,0,0,0,0,0,0,0,0,0,0
202601,47,625000,037,5480,54780 ,00000 ,4432 ,400,34980, , ,37220      ,3,6,1,Oak Hill,2,2,2770100,0,0,0,0,0,0,0,0,0,2,2,2770100,0,0,0,0,0,0,0,0,0
202601,47,627000,001,1080,55120 ,00000 ,26261 ,315,28940,2, ,37831      ,3,6,0,Oak Ridge,10,10,1869178,0,0,0,0,0,0,1,8,709514,0,0,0,0,0,0,0,0,0,0,0,0
202601,47,631000,129,1065,54280 ,00000 ,207 ,315,28940, , ,378290116  ,3,6,0,Oakdale town,0,0,0,0,0,0,0,0,0,0,0,0,0,0,0,0,0,0,0,0,0,0,0,0
202601,47,633000,047,5500,54920 ,00000 ,8669 ,368,32820, , ,38060      ,3,6,1,Oakland town,33,33,9768551,0,0,0,0,0,0,0,0,0,33,33,9768551,0,0,0,0,0,0,0,0,0
202601,47,635000,131,    ,99990 ,00000 ,13364 ,542,46460,2, ,382810327  ,3,6,1,Obion County Unincorporated Area,4,4,1209519,0,0,0,0,0,0,0,0,0,4,4,1209519,0,0,0,0,0,0,0,0,0
202601,47,637000,131,1085,55240 ,00000 ,1043 ,542,46460, , ,38240      ,3,6,0,Obion town,0,0,0,0,0,0,0,0,0,0,0,0,0,0,0,0,0,0,0,0,0,0,0,0
202601,47,645000,151,1091,55860 ,00000 ,3704 ,999,99999, , ,37841      ,3,6,0,Oneida town,0,0,0,0,0,0,0,0,0,0,0,0,0,0,0,0,0,0,0,0,0,0,0,0
202601,47,649000,115,1100,56040 ,00000 ,107 ,174,16860, , ,37380      ,3,6,0,Orme town,0,0,0,0,0,0,0,0,0,0,0,0,0,0,0,0,0,0,0,0,0,0,0,0
202601,47,655000,079,5680,56720 ,00000 ,9952 ,999,37540, ,2,38242      ,3,6,0,Paris,1,1,82448,0,0,0,0,0,0,0,0,0,0,0,0,0,0,0,0,0,0,0,0,0
202601,47,657000,077,1113,56870 ,00000 ,323 ,999,99999, , ,38388      ,3,6,0,Parkers Crossroads,0,0,0,0,0,0,0,0,0,0,0,0,0,0,0,0,0,0,0,0,0,0,0,0
202601,47,661000,039,1120,57080 ,00000 ,2272 ,999,99999, , ,38363      ,3,6,0,Parsons,1,1,159600,0,0,0,0,0,0,0,0,0,0,0,0,0,0,0,0,0,0,0,0,0
202601,47,663000,021,1121,57480 ,00000 ,2056 ,400,34980, , ,37143      ,3,6,0,Pegram town,1,1,287588,0,0,0,0,0,0,0,0,0,0,0,0,0,0,0,0,0,0,0,0,0
202601,47,675000,155,1127,58080 ,00000 ,6237 ,315,42940, , ,378681350  ,3,6,0,Pigeon Forge,0,0,0,1,2,345882,0,0,0,1,12,1299995,0,0,0,0,0,0,0,0,0,0,0,0
202601,47,677000,007,1128,58120 ,00000 ,1781 ,999,99999, , ,373670225  ,3,6,0,Pikeville,0,0,0,0,0,0,0,0,0,0,0,0,0,0,0,0,0,0,0,0,0,0,0,0
202601,47,679000,047,1131,58840 ,00000 ,2128 ,368,32820, , ,38017      ,3,6,1,Piperton,1,1,450000,0,0,0,0,0,0,0,0,0,1,1,450000,0,0,0,0,0,0,0,0,0
202601,47,681000,155,1133,58940 ,00000 ,545 ,315,42940, , ,37876      ,3,6,0,Pittman Center town,1,1,260436,0,0,0,0,0,0,0,0,0,0,0,0,0,0,0,0,0,0,0,0,0
202601,47,683000,035,1140,59240 ,00000 ,558 ,999,18900, , ,38555      ,3,6,0,Pleasant Hill town,0,0,0,0,0,0,0,0,0,0,0,0,0,0,0,0,0,0,0,0,0,0,0,0
202601,47,683500,021,1143,59560 ,00000 ,5055 ,400,34980, , ,37146      ,3,6,1,Pleasant View,1,1,600000,0,0,0,0,0,0,0,0,0,1,1,600000,0,0,0,0,0,0,0,0,0
202601,47,685000,139,    ,99990 ,00000 ,14805 ,174,17420,2, ,37307      ,3,6,0,Polk County Unincorporated Area,14,14,2535608,0,0,0,0,0,0,0,0,0,0,0,0,0,0,0,0,0,0,0,0,0
202601,47,687000,165,6020,60280 ,00000 ,63 ,400,34980,2, ,371481208  ,3,6,1,Portland,12,12,3463141,0,0,0,0,0,0,0,0,0,12,12,3463141,0,0,0,0,0,0,0,0,0
202601,47,689000,115,1148,60500 ,00000 ,1352 ,174,16860, , ,37397      ,3,6,0,Powells Crossroads town,1,1,143864,0,0,0,0,0,0,0,0,0,0,0,0,0,0,0,0,0,0,0,0,0
202601,47,691000,055,1150,61040 ,00000 ,7524 ,999,99999, , ,384780633  ,3,6,0,Pulaski,0,0,0,0,0,0,0,0,0,0,0,0,0,0,0,0,0,0,0,0,0,0,0,0
202601,47,695000,141,    ,99990 ,00000 ,36890 ,999,18260,2, ,38501      ,3,6,1,Putnam County Unincorporated Area,16,16,4963000,0,0,0,0,0,0,0,0,0,16,16,4963000,0,0,0,0,0,0,0,0,0
202601,47,697000,109,1156,61520 ,00000 ,293 ,999,99999, , ,372430577  ,3,6,0,Ramer,0,0,0,0,0,0,0,0,0,0,0,0,0,0,0,0,0,0,0,0,0,0,0,0
202601,47,699000,065,1160,61960 ,00000 ,11881 ,174,16860, , ,374155011  ,3,6,1,Red Bank,0,0,0,0,0,0,0,0,0,0,0,0,0,0,0,0,0,0,0,0,0,0,0,0
202601,47,701000,111,6140,62000 ,00000 ,1124 ,400,34980, , ,372430577  ,3,6,0,Red Boiling Springs,0,0,0,0,0,0,0,0,0,0,0,0,0,0,0,0,0,0,0,0,0,0,0,0
202601,47,703000,143,    ,99990 ,00000 ,22702 ,999,99999,2, ,373211338  ,3,6,1,Rhea County Unincorporated Area,7,7,3103100,0,0,0,0,0,0,0,0,0,7,7,3103100,0,0,0,0,0,0,0,0,0
202601,47,705000,095,6160,63060 ,00000 ,1604 ,999,99999, , ,38080      ,3,6,0,Ridgely town,0,0,0,0,0,0,0,0,0,0,0,0,0,0,0,0,0,0,0,0,0,0,0,0
202601,47,711000,147,6200,63140 ,00000 ,2071 ,400,34980, , ,371520650  ,3,6,1,Ridgetop,0,0,0,0,0,0,0,0,0,0,0,0,0,0,0,0,0,0,0,0,0,0,0,0
202601,47,713000,097,1195,63340 ,00000 ,7624 ,999,99999, , ,38063      ,3,6,0,Ripley,1,1,194000,0,0,0,0,0,0,0,0,0,0,0,0,0,0,0,0,0,0,0,0,0
202601,47,717000,145,    ,99990 ,00000 ,32197 ,315,28940,2, ,37763      ,3,6,1,Roane County Unincorporated Area,17,17,5115950,0,0,0,0,0,0,0,0,0,17,17,5115950,0,0,0,0,0,0,0,0,0
202601,47,719000,147,    ,99990 ,00000 ,30024 ,400,34980,2, ,37172      ,3,6,1,Robertson County Unincorporated Area,8,8,2681487,0,0,0,0,0,0,0,0,0,8,8,2681487,0,0,0,0,0,0,0,0,0
202601,47,721000,009,1202,64160 ,00000 ,851 ,315,28940, , ,37853      ,3,6,0,Rockford,0,0,0,0,0,0,0,0,0,0,0,0,0,0,0,0,0,0,0,0,0,0,0,0
202601,47,723000,145,1210,64440 ,00000 ,5459 ,315,28940, , ,37854      ,3,6,1,Rockwood,3,3,429054,0,0,0,0,0,0,0,0,0,3,3,429054,0,0,0,0,0,0,0,0,0
202601,47,725000,073,1215,64820 ,00000 ,4364 ,304,28700, , ,37857      ,3,6,0,Rogersville town,0,0,0,0,0,0,0,0,0,0,0,0,0,0,0,0,0,0,0,0,0,0,0,0
202601,47,727000,047,1220,65240 ,00000 ,1012 ,368,32820, , ,38066      ,3,6,1,Rossville town,0,0,0,0,0,0,0,0,0,0,0,0,0,0,0,0,0,0,0,0,0,0,0,0
202601,47,729000,149,    ,99990 ,00000 ,98870 ,400,34980, , ,37130      ,3,6,1,Rutherford County Unincorporated Area,44,44,13024734,0,0,0,0,0,0,0,0,0,44,44,13024734,0,0,0,0,0,0,0,0,0
202601,47,731000,053,1225,65760 ,00000 ,1064 ,999,27180, , ,38369      ,3,6,0,Rutherford town,0,0,0,0,0,0,0,0,0,0,0,0,0,0,0,0,0,0,0,0,0,0,0,0
202601,47,735000,071,1245,66340 ,00000 ,521 ,999,99999, , ,372430577  ,3,6,0,Saltillo town,0,0,0,0,0,0,0,0,0,0,0,0,0,0,0,0,0,0,0,0,0,0,0,0
202601,47,743000,071,1265,66720 ,00000 ,6913 ,999,99999, , ,38372      ,3,6,1,Savannah,0,0,0,0,0,0,0,0,0,0,0,0,0,0,0,0,0,0,0,0,0,0,0,0
202601,47,751000,109,1275,66940 ,00000 ,4280 ,999,99999, , ,38375      ,3,6,0,Selmer town,0,0,0,0,0,0,0,0,0,0,0,0,0,0,0,0,0,0,0,0,0,0,0,0
202601,47,755000,155,    ,99990 ,00000 ,70257 ,315,42940, , ,37862      ,3,6,1,Sevier County Unincorporated Area,49,49,14504818,0,0,0,0,0,0,0,0,0,49,49,14504818,0,0,0,0,0,0,0,0,0
202601,47,757000,155,6600,67120 ,00000 ,18426 ,315,42940, ,2,37864      ,3,6,1,Sevierville,2,2,425000,0,0,0,0,0,0,0,0,0,2,2,425000,0,0,0,0,0,0,0,0,0
202601,47,759000,183,1290,67540 ,00000 ,907 ,542,32280, , ,38255      ,3,6,0,Sharon town,0,0,0,0,0,0,0,0,0,0,0,0,0,0,0,0,0,0,0,0,0,0,0,0
202601,47,761000,157,    ,99990 ,00000 ,101318 ,368,32820,2, ,38134      ,3,6,1,Shelby County Unincorporated Area,66,66,0,0,0,0,4,16,2181256,0,0,0,66,66,0,0,0,0,4,16,2181256,0,0,0
202601,47,763000,003,1295,67760 ,00000 ,22326 ,400,43180, ,2,37160      ,3,6,1,Shelbyville,20,20,4264318,0,0,0,0,0,0,0,0,0,20,20,4264318,0,0,0,0,0,0,0,0,0
202601,47,765000,065,1300,68540 ,00000 ,8640 ,174,16860, , ,37377      ,3,6,1,Signal Mountain town,0,0,0,0,0,0,0,0,0,0,0,0,0,0,0,0,0,0,0,0,0,0,0,0
202601,47,773000,159,    ,99990 ,00000 ,15303 ,400,34980, , ,37030      ,3,6,1,Smith County Unincorporated Area,10,10,1615000,0,0,0,0,0,0,0,0,0,10,10,1615000,0,0,0,0,0,0,0,0,0
202601,47,775000,041,1315,69320 ,00000 ,4978 ,999,99999, , ,371661442  ,3,6,0,Smithville,4,4,780716,0,0,0,0,0,0,0,0,0,0,0,0,0,0,0,0,0,0,0,0,0
202601,47,777000,149,6800,69420 ,00000 ,53185 ,400,34980, ,1,37167      ,3,6,1,Smyrna town,43,43,9760122,0,0,0,0,0,0,0,0,0,43,43,9760122,0,0,0,0,0,0,0,0,0
202601,47,779000,067,1325,69460 ,00000 ,1322 ,999,99999, , ,37869      ,3,6,0,Sneedville town,0,0,0,0,0,0,0,0,0,0,0,0,0,0,0,0,0,0,0,0,0,0,0,0
202601,47,781000,065,6840,69560 ,00000 ,13719 ,174,16860, , ,37379      ,3,6,1,Soddy-Daisy,4,4,1241000,0,0,0,0,0,0,0,0,0,4,4,1241000,0,0,0,0,0,0,0,0,0
202601,47,783000,047,6860,69620 ,00000 ,3248 ,368,32820, , ,380680216  ,3,6,1,Somerville town,1,1,296017,0,0,0,0,0,0,0,0,0,1,1,296017,0,0,0,0,0,0,0,0,0
202601,47,785000,159,1338,69680 ,00000 ,1406 ,400,34980, , ,37030      ,3,6,1,South Carthage town,0,0,0,0,0,0,0,0,0,0,0,0,0,0,0,0,0,0,0,0,0,0,0,0
202601,47,787000,131,1350,69900 ,00000 ,2210 ,542,46460, , ,38257      ,3,6,0,South Fulton,0,0,0,0,0,0,0,0,0,0,0,0,0,0,0,0,0,0,0,0,0,0,0,0
202601,47,789000,115,1360,70060 ,00000 ,3009 ,174,16860, , ,37380      ,3,6,0,South Pittsburg,0,0,0,0,0,0,0,0,0,0,0,0,0,0,0,0,0,0,0,0,0,0,0,0
202601,47,791000,185,3960,70180 ,00000 ,4980 ,999,18260, , ,38583      ,3,6,0,Sparta,2,2,291189,0,0,0,0,0,0,0,0,0,0,0,0,0,0,0,0,0,0,0,0,0
202601,47,793000,175,1370,70240 ,00000 ,1710 ,999,99999, , ,38585      ,3,6,0,Spencer,0,0,0,0,0,0,0,0,0,0,0,0,0,0,0,0,0,0,0,0,0,0,0,0
202601,47,797000,119,7040,70580 ,00000 ,11795 ,400,34980,2, ,37174      ,3,6,0,Spring Hill,42,42,10837967,0,0,0,0,0,0,1,5,376841,0,0,0,0,0,0,0,0,0,0,0,0
202601,47,801000,147,7020,70500 ,00000 ,17288 ,400,34980, , ,37172      ,3,6,1,Springfield,17,17,6827095,0,0,0,0,0,0,0,0,0,17,17,6827095,0,0,0,0,0,0,0,0,0
202601,47,803000,099,1235,66160 ,00000 ,824 ,400,29980, , ,372430577  ,3,6,0,St. Joseph,0,0,0,0,0,0,0,0,0,0,0,0,0,0,0,0,0,0,0,0,0,0,0,0
202601,47,811000,163,    ,99990 ,00000 ,78393 ,304,28700, , ,37617      ,3,6,1,Sullivan County Unincorporated Area,19,19,3158206,0,0,0,0,0,0,0,0,0,19,19,3158206,0,0,0,0,0,0,0,0,0
202601,47,813000,165,    ,99990 ,00000 ,57466 ,400,34980, , ,37066      ,3,6,1,Sumner County Unincorporated Area,3,3,1046062,0,0,0,0,0,0,0,0,0,3,3,1046062,0,0,0,0,0,0,0,0,0
202601,47,814000,129,1399,72140 ,00000 ,507 ,315,28940, , ,372430577  ,3,6,0,Sunbright,0,0,0,0,0,0,0,0,0,0,0,0,0,0,0,0,0,0,0,0,0,0,0,0
202601,47,815000,073,7140,72380 ,00000 ,1754 ,304,28700, , ,37873      ,3,6,0,Surgoinsville town,0,0,0,0,0,0,0,0,0,0,0,0,0,0,0,0,0,0,0,0,0,0,0,0
202601,47,819000,123,1405,72540 ,00000 ,5956 ,999,99999,2, ,37874      ,3,6,1,Sweetwater,4,4,600000,0,0,0,0,0,0,0,0,0,4,4,600000,0,0,0,0,0,0,0,0,0
202601,47,821000,025,1410,73120 ,00000 ,2275 ,999,99999, , ,37879      ,3,6,0,Tazewell town,0,0,0,0,0,0,0,0,0,0,0,0,0,0,0,0,0,0,0,0,0,0,0,0
202601,47,823000,123,1415,73260 ,00000 ,909 ,999,99999, , ,373855125  ,3,6,0,Tellico Plains town,0,0,0,0,0,0,0,0,0,0,0,0,0,0,0,0,0,0,0,0,0,0,0,0
202601,47,826000,187,7260,73900 ,00000 ,6973 ,400,34980, , ,37179      ,3,6,1,Thompsons Station town,8,8,2368134,0,0,0,0,0,0,1,6,1033398,8,8,2368134,0,0,0,0,0,0,1,6,1033398
202601,47,827000,167,    ,99990 ,00000 ,31548 ,368,32820,2, ,38019      ,3,6,1,Tipton County Unincorporated Area,3,3,1426045,0,0,0,0,0,0,0,0,0,3,3,1426045,0,0,0,0,0,0,0,0,0
202601,47,829000,095,7300,74540 ,00000 ,3984 ,999,99999, , ,38079      ,3,6,0,Tiptonville town,0,0,0,0,0,0,0,0,0,0,0,0,0,0,0,0,0,0,0,0,0,0,0,0
202601,47,833000,009,1435,74860 ,00000 ,477 ,315,28940, , ,37882      ,3,6,0,Townsend,1,1,208245,0,0,0,0,0,0,0,0,0,0,0,0,0,0,0,0,0,0,0,0,0
202601,47,837000,053,7380,75000 ,00000 ,4147 ,999,27180, , ,38382      ,3,6,0,Trenton,1,1,123750,0,0,0,0,0,0,0,0,0,0,0,0,0,0,0,0,0,0,0,0,0
202601,47,845000,169,0631,00000 ,00000 ,11455 ,400,34980, , ,37074      ,3,6,0,Hartsville-Trousdale County,6,6,973890,0,0,0,0,0,0,0,0,0,0,0,0,0,0,0,0,0,0,0,0,0
202601,47,849000,031,1465,75320 ,00000 ,18544 ,400,46100,2,2,37388      ,3,6,1,Tullahoma,11,11,4023957,0,0,0,0,0,0,0,0,0,11,11,4023957,0,0,0,0,0,0,0,0,0
202601,47,853000,059,7480,75560 ,00000 ,2669 ,304,24620, , ,37743      ,3,6,1,Tusculum,1,1,320000,0,0,0,0,0,0,0,0,0,1,1,320000,0,0,0,0,0,0,0,0,0
202601,47,855300,171,1473,75820 ,00000 ,3579 ,304,27740, , ,376920039  ,3,6,1,Unicoi town,1,1,114000,0,0,0,0,0,0,0,0,0,1,1,114000,0,0,0,0,0,0,0,0,0
202601,47,857000,131,1475,75940 ,00000 ,10328 ,542,46460, ,2,382810009  ,3,6,0,Union City,0,0,0,0,0,0,0,0,0,0,0,0,0,0,0,0,0,0,0,0,0,0,0,0
202601,47,859000,173,    ,99990 ,00000 ,14463 ,315,28940,2, ,37807      ,3,6,1,Union County Unincorporated Area,8,8,2700000,0,0,0,0,0,0,0,0,0,8,8,2700000,0,0,0,0,0,0,0,0,0
202601,47,867000,123,7600,77480 ,00000 ,1580 ,999,99999,2, ,37885      ,3,6,0,Vonore town,1,1,235821,0,0,0,0,0,0,0,0,0,0,0,0,0,0,0,0,0,0,0,0,0
202601,47,871000,177,    ,99990 ,00000 ,26705 ,999,32660,2, ,371110639  ,3,6,0,Warren County Unincorporated Area,16,16,4488552,0,0,0,0,0,0,0,0,0,0,0,0,0,0,0,0,0,0,0,0,0
202601,47,873000,129,1490,78100 ,00000 ,901 ,315,28940, , ,37887      ,3,6,0,Wartburg,0,0,0,0,0,0,0,0,0,0,0,0,0,0,0,0,0,0,0,0,0,0,0,0
202601,47,875000,003,1491,78120 ,00000 ,719 ,400,43180, , ,37183      ,3,6,0,Wartrace town,0,0,0,0,0,0,0,0,0,0,0,0,0,0,0,0,0,0,0,0,0,0,0,0
202601,47,877000,179,    ,99990 ,00000 ,59184 ,304,27740, , ,37659      ,3,6,1,Washington County Unincorporated Area,18,18,8345089,0,0,0,0,0,0,0,0,0,18,18,8345089,0,0,0,0,0,0,0,0,0
202601,47,883000,085,1500,78560 ,00000 ,4118 ,999,99999,2, ,37185      ,3,6,0,Waverly,1,1,141361,0,0,0,0,0,0,0,0,0,0,0,0,0,0,0,0,0,0,0,0,0
202601,47,887000,181,7800,78600 ,00000 ,2371 ,999,99999, , ,38485      ,3,6,0,Waynesboro,0,0,0,0,0,0,0,0,0,0,0,0,0,0,0,0,0,0,0,0,0,0,0,0
202601,47,889000,183,    ,99990 ,00000 ,15340 ,542,32280, , ,38225      ,3,6,1,Weakley County Unincorporated Area,1,1,300000,0,0,0,0,0,0,0,0,0,1,1,300000,0,0,0,0,0,0,0,0,0
202601,47,891000,165,1510,79420 ,00000 ,2429 ,400,34980, , ,37186      ,3,6,0,Westmoreland town,1,1,170000,0,0,0,0,0,0,0,0,0,0,0,0,0,0,0,0,0,0,0,0,0
202601,47,893000,043,1520,79980 ,00000 ,3689 ,400,34980, , ,37187      ,3,6,1,White Bluff town,0,0,0,0,0,0,0,0,0,0,0,0,0,0,0,0,0,0,0,0,0,0,0,0
202601,47,895000,185,    ,99990 ,00000 ,22140 ,999,18260, , ,38583      ,3,6,1,White County Unincorporated Area,5,5,1129517,0,0,0,0,0,0,0,0,0,5,5,1129517,0,0,0,0,0,0,0,0,0
202601,47,897000,147,7860,80200 ,00000 ,6026 ,400,34980,2, ,37188      ,3,6,1,White House,11,11,3256184,0,0,0,0,0,0,0,0,0,11,11,3256184,0,0,0,0,0,0,0,0,0
202601,47,901000,089,1530,80360 ,00000 ,2634 ,315,34100,2, ,37890      ,3,6,0,White Pine town,0,0,0,0,0,0,0,0,0,0,0,0,0,0,0,0,0,0,0,0,0,0,0,0
202601,47,903000,069,7900,80540 ,00000 ,4449 ,999,99999, , ,38075      ,3,6,0,Whiteville town,0,0,0,0,0,0,0,0,0,0,0,0,0,0,0,0,0,0,0,0,0,0,0,0
202601,47,905000,115,1540,80620 ,00000 ,1719 ,174,16860, , ,37397      ,3,6,0,Whitwell,0,0,0,0,0,0,0,0,0,0,0,0,0,0,0,0,0,0,0,0,0,0,0,0
202601,47,907000,187,    ,99990 ,00000 ,55082 ,400,34980, , ,37064      ,3,6,1,Williamson County Unincorporated Area,26,26,7696434,0,0,0,0,0,0,0,0,0,26,26,7696434,0,0,0,0,0,0,0,0,0
202601,47,909000,047,1543,81020 ,00000 ,373 ,368,32820, , ,372430577  ,3,6,0,Williston,0,0,0,0,0,0,0,0,0,0,0,0,0,0,0,0,0,0,0,0,0,0,0,0
202601,47,911000,189,    ,99990 ,00000 ,69982 ,400,34980,2, ,37087      ,3,6,1,Wilson County Unincorporated Area,22,22,9073585,0,0,0,0,0,0,0,0,0,22,22,9073585,0,0,0,0,0,0,0,0,0
202601,47,913000,051,7980,81080 ,00000 ,9097 ,400,49010, ,2,37398      ,3,6,0,Winchester,11,11,2756277,0,0,0,0,0,0,0,0,0,0,0,0,0,0,0,0,0,0,0,0,0
202601,47,915000,151,1550,81280 ,00000 ,1003 ,999,99999, , ,37892      ,3,6,0,Winfield town,1,1,253217,0,0,0,0,0,0,0,0,0,0,0,0,0,0,0,0,0,0,0,0,0
202601,47,921000,053,1565,82360 ,00000 ,252 ,999,27180, , ,372430577  ,3,6,0,Yorkville,0,0,0,0,0,0,0,0,0,0,0,0,0,0,0,0,0,0,0,0,0,0,0,0
202601,48,001500,189,0010,00160 ,00000 ,1939 ,352,38380,2, ,79311      ,3,7,0,Abernathy,0,0,0,0,0,0,0,0,0,0,0,0,0,0,0,0,0,0,0,0,0,0,0,0
202601,48,003000,441,0015,01000 ,00000 ,118720 ,101,10180,2,1,79604      ,3,7,1,Abilene,70,70,20721168,21,42,6786196,0,0,0,0,0,0,70,70,20721168,21,42,6786196,0,0,0,0,0,0
202601,48,004500,113,0020,01240 ,00000 ,16218 ,206,19100, , ,750019010  ,3,7,1,Addison town,0,0,0,0,0,0,0,0,0,0,0,0,0,0,0,0,0,0,0,0,0,0,0,0
202601,48,006000,215,0035,01576 ,00000 ,20556 ,365,32580, , ,78516      ,3,7,1,Alamo,8,8,1227000,0,0,0,0,0,0,0,0,0,8,8,1227000,0,0,0,0,0,0,0,0,0
202601,48,006500,029,0040,01600 ,00000 ,8668 ,484,41700, , ,78209      ,3,7,0,Alamo Heights,0,0,0,0,0,0,0,0,0,0,0,0,0,0,0,0,0,0,0,0,0,0,0,0
202601,48,008500,367,0052,01744 ,00000 ,5335 ,206,19100, , ,76008      ,3,7,1,Aledo,6,6,3660750,0,0,0,0,0,0,0,0,0,6,6,3660750,0,0,0,0,0,0,0,0,0
202601,48,009000,249,0055,01852 ,00000 ,18591 ,204,10860, ,2,78333      ,3,7,0,Alice,0,0,0,0,0,0,0,0,0,0,0,0,0,0,0,0,0,0,0,0,0,0,0,0
202601,48,009500,085,0065,01924 ,00000 ,109379 ,206,19100, , ,75013      ,3,7,1,Allen,6,6,3330090,0,0,0,0,0,0,0,0,0,6,6,3330090,0,0,0,0,0,0,0,0,0
202601,48,010500,043,0070,02104 ,00000 ,6036 ,999,99999, , ,79830      ,3,7,0,Alpine,0,0,0,0,0,0,0,0,0,0,0,0,0,0,0,0,0,0,0,0,0,0,0,0
202601,48,011500,215,0083,02212 ,00000 ,18785 ,365,32580, , ,78573      ,3,7,1,Alton,16,16,1104890,2,4,255240,0,0,0,0,0,0,16,16,1104890,2,4,255240,0,0,0,0,0,0
202601,48,012000,251,0085,02260 ,00000 ,4624 ,206,19100, , ,76009      ,3,7,1,Alvarado,1,1,400000,0,0,0,0,0,0,0,0,0,1,1,400000,0,0,0,0,0,0,0,0,0
202601,48,012500,039,0090,02272 ,00000 ,27140 ,288,26420, , ,77511      ,3,7,1,Alvin,17,17,5032284,0,0,0,0,0,0,0,0,0,17,17,5032284,0,0,0,0,0,0,0,0,0
202601,48,013000,497,0095,02284 ,00000 ,1591 ,206,19100, , ,76225      ,3,7,1,Alvord town,0,0,0,0,0,0,0,0,0,0,0,0,0,0,0,0,0,0,0,0,0,0,0,0
202601,48,013500,375,0100,03000 ,00000 ,101225 ,108,11100,2,1,791051971  ,3,7,1,Amarillo,55,55,16280918,0,0,0,0,0,0,0,0,0,55,55,16280918,0,0,0,0,0,0,0,0,0
202601,48,015000,279,0105,03084 ,00000 ,652 ,999,99999, , ,793120560  ,3,7,0,Amherst,0,0,0,0,0,0,0,0,0,0,0,0,0,0,0,0,0,0,0,0,0,0,0,0
202601,48,015500,071,0110,03144 ,00000 ,2333 ,288,26420, , ,77514      ,3,7,0,Anahuac,1,1,287588,0,0,0,0,0,0,0,0,0,0,0,0,0,0,0,0,0,0,0,0,0
202601,48,016500,003,0115,03216 ,00000 ,14331 ,372,11380, ,2,79714      ,3,7,1,Andrews,14,14,3500000,0,0,0,0,0,0,0,0,0,14,14,3500000,0,0,0,0,0,0,0,0,0
202601,48,018000,039,0120,03264 ,00000 ,19521 ,288,26420, , ,775161480  ,3,7,0,Angleton,15,15,4313825,0,0,0,0,0,0,0,0,0,0,0,0,0,0,0,0,0,0,0,0,0
202601,48,018500,349,0127,03288 ,00000 ,427 ,206,18620, , ,75109      ,3,7,0,Angus,0,0,0,0,0,0,0,0,0,0,0,0,0,0,0,0,0,0,0,0,0,0,0,0
202601,48,019000,085,0130,03300 ,00000 ,16945 ,206,19100, , ,75409      ,3,7,1,Anna,56,56,16576934,0,0,0,0,0,0,0,0,0,56,56,16576934,0,0,0,0,0,0,0,0,0
202601,48,020500,367,0132,03336 ,00000 ,3319 ,206,19100, , ,76008      ,3,7,0,Annetta town,0,0,0,0,0,0,0,0,0,0,0,0,0,0,0,0,0,0,0,0,0,0,0,0
202601,48,021000,387,0135,03360 ,00000 ,285 ,999,37580, , ,755500107  ,3,7,0,Annona town,0,0,0,0,0,0,0,0,0,0,0,0,0,0,0,0,0,0,0,0,0,0,0,0
202601,48,022000,141,0145,03432 ,00000 ,5257 ,238,21340, , ,798211269  ,3,7,0,Anthony town,0,0,0,0,0,0,0,0,0,0,0,0,0,0,0,0,0,0,0,0,0,0,0,0
202601,48,022500,219,0150,03540 ,00000 ,1089 ,352,31180, , ,79313      ,3,7,0,Anton,0,0,0,0,0,0,0,0,0,0,0,0,0,0,0,0,0,0,0,0,0,0,0,0
202601,48,024000,007,    ,99990 ,00000 ,10661 ,204,18580, , ,783352000  ,3,7,0,Aransas County Unincorporated Area,3,3,733906,0,0,0,0,0,0,0,0,0,0,0,0,0,0,0,0,0,0,0,0,0
202601,48,025500,409,0155,03600 ,00000 ,7648 ,204,18580,2, ,78336      ,3,7,0,Aransas Pass,5,5,1195886,0,0,0,0,0,0,0,0,0,0,0,0,0,0,0,0,0,0,0,0,0
202601,48,026000,009,0165,03696 ,00000 ,1723 ,999,48660, , ,76351      ,3,7,0,Archer City,0,0,0,0,0,0,0,0,0,0,0,0,0,0,0,0,0,0,0,0,0,0,0,0
202601,48,027000,157,0167,03708 ,00000 ,2775 ,288,26420, , ,77583      ,3,7,0,Arcola,0,0,0,0,0,0,0,0,0,0,0,0,0,0,0,0,0,0,0,0,0,0,0,0
202601,48,027500,121,0170,03768 ,00000 ,4619 ,206,19100, , ,762260609  ,3,7,1,Argyle,3,3,888050,0,0,0,0,0,0,0,0,0,3,3,888050,0,0,0,0,0,0,0,0,0
202601,48,028000,439,0175,04000 ,00000 ,398864 ,206,19100, ,1,760043231  ,3,7,1,Arlington,64,64,10540725,0,0,0,0,0,0,0,0,0,64,64,10540725,0,0,0,0,0,0,0,0,0
202601,48,029000,423,0180,04156 ,00000 ,1046 ,540,46340, , ,75750      ,3,7,0,Arp,0,0,0,0,0,0,0,0,0,0,0,0,0,0,0,0,0,0,0,0,0,0,0,0
202601,48,029500,127,0185,04300 ,00000 ,1011 ,999,99999, , ,78827      ,3,7,0,Asherton,0,0,0,0,0,0,0,0,0,0,0,0,0,0,0,0,0,0,0,0,0,0,0,0
202601,48,031000,213,0195,04504 ,00000 ,12770 ,206,11980, ,2,75751      ,3,7,1,Athens,0,0,0,0,0,0,0,0,0,0,0,0,0,0,0,0,0,0,0,0,0,0,0,0
202601,48,031500,067,0200,04516 ,00000 ,5424 ,999,99999, , ,75551      ,3,7,1,Atlanta,5,5,675000,0,0,0,0,0,0,0,0,0,5,5,675000,0,0,0,0,0,0,0,0,0
202601,48,032000,121,0205,04600 ,00000 ,6433 ,206,19100, , ,76227      ,3,7,1,Aubrey,22,22,5269576,0,0,0,0,0,0,0,0,0,22,22,5269576,0,0,0,0,0,0,0,0,0
202601,48,032500,497,0207,04672 ,00000 ,1522 ,206,19100, , ,76078      ,3,7,0,Aurora,0,0,0,0,0,0,0,0,0,0,0,0,0,0,0,0,0,0,0,0,0,0,0,0
202601,48,033000,453,0210,05000 ,00000 ,937492 ,999,12420,2,1,78767      ,3,7,1,Austin,157,157,46504185,6,12,1405219,0,0,0,12,314,44484630,157,157,46504185,6,12,1405219,0,0,0,12,314,44484630
202601,48,034000,015,    ,99990 ,00000 ,16373 ,288,26420, , ,77418      ,3,7,0,Austin County Unincorporated Area,13,13,3735042,0,0,0,0,0,0,0,0,0,0,0,0,0,0,0,0,0,0,0,0,0
202601,48,034500,391,0215,05036 ,00000 ,144 ,999,99999, , ,77950      ,3,7,0,Austwell,0,0,0,0,0,0,0,0,0,0,0,0,0,0,0,0,0,0,0,0,0,0,0,0
202601,48,036500,439,0230,05168 ,00000 ,11248 ,206,19100,2, ,76020      ,3,7,1,Azle,7,7,2072117,0,0,0,0,0,0,0,0,0,7,7,2072117,0,0,0,0,0,0,0,0,0
202601,48,038000,039,0370,05288 ,00000 ,777 ,288,26420, , ,775156032  ,3,7,0,Baileys Prairie village,0,0,0,0,0,0,0,0,0,0,0,0,0,0,0,0,0,0,0,0,0,0,0,0
202601,48,039000,113,0250,05372 ,00000 ,24831 ,206,19100, , ,75181      ,3,7,1,Balch Springs,14,14,4144234,0,0,0,0,0,0,0,0,0,14,14,4144234,0,0,0,0,0,0,0,0,0
202601,48,039500,029,0255,05384 ,00000 ,3117 ,484,41700, , ,78201      ,3,7,0,Balcones Heights,0,0,0,0,0,0,0,0,0,0,0,0,0,0,0,0,0,0,0,0,0,0,0,0
202601,48,040000,399,0260,05456 ,00000 ,3689 ,999,99999, , ,76821      ,3,7,0,Ballinger,0,0,0,0,0,0,0,0,0,0,0,0,0,0,0,0,0,0,0,0,0,0,0,0
202601,48,041000,019,0270,05528 ,00000 ,907 ,484,41700, , ,78003      ,3,7,0,Bandera,0,0,0,0,0,0,0,0,0,0,0,0,0,0,0,0,0,0,0,0,0,0,0,0
202601,48,042000,049,0275,05552 ,00000 ,1504 ,999,15220, , ,76823      ,3,7,0,Bangs,0,0,0,0,0,0,0,0,0,0,0,0,0,0,0,0,0,0,0,0,0,0,0,0
202601,48,042500,139,0280,05612 ,00000 ,709 ,206,19100, , ,75101      ,3,7,0,Bardwell,0,0,0,0,0,0,0,0,0,0,0,0,0,0,0,0,0,0,0,0,0,0,0,0
202601,48,044500,491,0300,05732 ,00000 ,1052 ,999,12420,2, ,76511      ,3,7,0,Bartlett,0,0,0,0,0,0,0,0,0,0,0,0,0,0,0,0,0,0,0,0,0,0,0,0
202601,48,045000,121,0303,05768 ,00000 ,1845 ,206,19100, , ,76226      ,3,7,1,Bartonville town,1,1,2000000,0,0,0,0,0,0,0,0,0,1,1,2000000,0,0,0,0,0,0,0,0,0
202601,48,045500,021,0305,05864 ,00000 ,9743 ,999,12420, , ,78602      ,3,7,1,Bastrop,16,16,4728874,0,0,0,0,0,0,0,0,0,16,16,4728874,0,0,0,0,0,0,0,0,0
202601,48,046000,021,    ,99990 ,00000 ,67479 ,999,12420, , ,786023848  ,3,7,1,Bastrop County Unincorporated Area,85,85,25177425,1,2,234203,0,0,0,0,0,0,85,85,25177425,1,2,234203,0,0,0,0,0,0
202601,48,046500,321,0310,05984 ,00000 ,17474 ,288,13060, ,2,77414      ,3,7,1,Bay City,13,13,1926875,0,0,0,0,0,0,0,0,0,13,13,1926875,0,0,0,0,0,0,0,0,0
202601,48,047500,167,0311,06060 ,00000 ,1637 ,288,26420, , ,77563      ,3,7,0,Bayou Vista,1,1,186409,0,0,0,0,0,0,0,0,0,0,0,0,0,0,0,0,0,0,0,0,0
202601,48,048000,391,0313,06104 ,00000 ,322 ,999,99999, , ,78340      ,3,7,0,Bayside town,1,1,201095,0,0,0,0,0,0,0,0,0,0,0,0,0,0,0,0,0,0,0,0,0
202601,48,049000,201,0315,06128 ,00000 ,73099 ,288,26420,2,1,77520      ,3,7,1,Baytown,15,15,3125286,0,0,0,0,0,0,0,0,0,15,15,3125286,0,0,0,0,0,0,0,0,0
202601,48,049500,061,0316,06140 ,00000 ,404 ,154,15180, , ,785664468  ,3,7,0,Bayview town,0,0,0,0,0,0,0,0,0,0,0,0,0,0,0,0,0,0,0,0,0,0,0,0
202601,48,050000,071,0317,06200 ,00000 ,2825 ,288,26420, , ,77523      ,3,7,1,Beach City,0,0,0,0,0,0,0,0,0,0,0,0,0,0,0,0,0,0,0,0,0,0,0,0
202601,48,050300,209,0318,06242 ,00000 ,500 ,999,12420, , ,78735      ,3,7,0,Bear Creek village,0,0,0,0,0,0,0,0,0,0,0,0,0,0,0,0,0,0,0,0,0,0,0,0
202601,48,050500,157,0319,06272 ,00000 ,679 ,288,26420, , ,77417      ,3,7,1,Beasley,4,4,1184067,0,0,0,0,0,0,0,0,0,4,4,1184067,0,0,0,0,0,0,0,0,0
202601,48,051000,245,0320,07000 ,00000 ,115473 ,999,13140, ,1,77704      ,3,7,1,Beaumont,7,7,0,0,0,0,0,0,0,0,0,0,7,7,0,0,0,0,0,0,0,0,0,0
202601,48,052000,439,0330,07132 ,00000 ,48352 ,206,19100, , ,76021      ,3,7,0,Bedford,0,0,0,0,0,0,0,0,0,0,0,0,0,0,0,0,0,0,0,0,0,0,0,0
202601,48,052500,453,0333,07156 ,00000 ,6983 ,999,12420, , ,78738      ,3,7,0,Bee Cave,0,0,0,0,0,0,0,0,0,0,0,0,0,0,0,0,0,0,0,0,0,0,0,0
202601,48,053500,025,0335,07192 ,00000 ,14164 ,999,13300, ,2,78102      ,3,7,0,Beeville,1,1,123024,0,0,0,0,0,0,0,0,0,0,0,0,0,0,0,0,0,0,0,0,0
202601,48,054500,201,0345,07300 ,00000 ,18906 ,288,26420, , ,77401      ,3,7,0,Bellaire,3,3,862765,0,0,0,0,0,0,0,0,0,0,0,0,0,0,0,0,0,0,0,0,0
202601,48,055500,309,0355,07408 ,00000 ,10835 ,999,47380, , ,76705      ,3,7,0,Bellmead,1,1,133119,0,0,0,0,0,0,0,0,0,0,0,0,0,0,0,0,0,0,0,0,0
202601,48,056000,181,0360,07420 ,00000 ,1516 ,206,43300, , ,75414      ,3,7,0,Bells town,1,1,190000,0,0,0,0,0,0,0,0,0,0,0,0,0,0,0,0,0,0,0,0,0
202601,48,056500,015,0365,07432 ,00000 ,4202 ,288,26420, , ,77418      ,3,7,1,Bellville,0,0,0,0,0,0,0,0,0,0,0,0,0,0,0,0,0,0,0,0,0,0,0,0
202601,48,057000,027,0370,07492 ,00000 ,23196 ,999,28660, , ,76513      ,3,7,1,Belton,16,16,313483,4,8,1320000,0,0,0,0,0,0,16,16,313483,4,8,1320000,0,0,0,0,0,0
202601,48,058000,439,0380,07552 ,00000 ,23312 ,206,19100, , ,76126      ,3,7,1,Benbrook,0,0,0,0,0,0,0,0,0,0,0,0,0,0,0,0,0,0,0,0,0,0,0,0
202601,48,059000,213,0389,07852 ,00000 ,1066 ,206,11980, , ,75763      ,3,7,1,Berryville town,0,0,0,0,0,0,0,0,0,0,0,0,0,0,0,0,0,0,0,0,0,0,0,0
202601,48,059500,053,0391,07864 ,00000 ,1520 ,999,99999, , ,78605      ,3,7,1,Bertram,2,2,504000,0,0,0,0,0,0,0,0,0,2,2,504000,0,0,0,0,0,0,0,0,0
202601,48,060000,309,0400,08104 ,00000 ,1980 ,999,47380, , ,76711      ,3,7,0,Beverly Hills,0,0,0,0,0,0,0,0,0,0,0,0,0,0,0,0,0,0,0,0,0,0,0,0
202601,48,060500,245,0402,08128 ,00000 ,1209 ,999,13140, , ,77713      ,3,7,0,Bevil Oaks,0,0,0,0,0,0,0,0,0,0,0,0,0,0,0,0,0,0,0,0,0,0,0,0
202601,48,061000,029,    ,99990 ,00000 ,289350 ,484,41700, , ,78223      ,3,7,1,Bexar County Unincorporated Area,0,0,0,0,0,0,0,0,0,0,0,0,0,0,0,0,0,0,0,0,0,0,0,0
202601,48,061500,383,0405,08212 ,00000 ,3348 ,999,99999, , ,76932      ,3,7,0,Big Lake,0,0,0,0,0,0,0,0,0,0,0,0,0,0,0,0,0,0,0,0,0,0,0,0
202601,48,062000,459,0410,08224 ,00000 ,1412 ,999,30980, , ,75755      ,3,7,0,Big Sandy town,0,0,0,0,0,0,0,0,0,0,0,0,0,0,0,0,0,0,0,0,0,0,0,0
202601,48,062500,227,0415,08236 ,00000 ,28077 ,999,13700, ,2,797202657  ,3,7,1,Big Spring,0,0,0,0,0,0,0,0,0,0,0,0,0,0,0,0,0,0,0,0,0,0,0,0
202601,48,063500,355,0430,08392 ,00000 ,3043 ,204,18580, , ,78343      ,3,7,0,Bishop,0,0,0,0,0,0,0,0,0,0,0,0,0,0,0,0,0,0,0,0,0,0,0,0
202601,48,065000,031,0440,08536 ,00000 ,2156 ,999,99999, , ,78606      ,3,7,0,Blanco,0,0,0,0,0,0,0,0,0,0,0,0,0,0,0,0,0,0,0,0,0,0,0,0
202601,48,066000,049,0445,08596 ,00000 ,368 ,999,15220, , ,76432      ,3,7,0,Blanket town,0,0,0,0,0,0,0,0,0,0,0,0,0,0,0,0,0,0,0,0,0,0,0,0
202601,48,067000,349,0455,08788 ,00000 ,831 ,206,18620, , ,76626      ,3,7,0,Blooming Grove town,0,0,0,0,0,0,0,0,0,0,0,0,0,0,0,0,0,0,0,0,0,0,0,0
202601,48,067500,277,0465,08812 ,00000 ,1576 ,999,37580, , ,75416      ,3,7,0,Blossom,1,1,150000,0,0,0,0,0,0,0,0,0,0,0,0,0,0,0,0,0,0,0,0,0
202601,48,068000,439,0470,08860 ,00000 ,2410 ,206,19100, , ,761310000  ,3,7,0,Blue Mound,0,0,0,0,0,0,0,0,0,0,0,0,0,0,0,0,0,0,0,0,0,0,0,0
202601,48,068500,085,0475,08872 ,00000 ,919 ,206,19100, , ,754244375  ,3,7,0,Blue Ridge,0,0,0,0,0,0,0,0,0,0,0,0,0,0,0,0,0,0,0,0,0,0,0,0
202601,48,069500,259,0485,09160 ,00000 ,19066 ,484,41700, , ,78006      ,3,7,0,Boerne,34,34,6800000,0,0,0,0,0,0,0,0,0,0,0,0,0,0,0,0,0,0,0,0,0
202601,48,070000,387,0490,09172 ,00000 ,1063 ,999,37580, , ,75417      ,3,7,0,Bogata,0,0,0,0,0,0,0,0,0,0,0,0,0,0,0,0,0,0,0,0,0,0,0,0
202601,48,070500,147,0500,09328 ,00000 ,10471 ,206,14300, ,2,75418      ,3,7,1,Bonham,0,0,0,1,2,270000,0,0,0,0,0,0,0,0,0,1,2,270000,0,0,0,0,0,0
202601,48,071500,295,0505,09448 ,00000 ,1424 ,999,99999,2, ,79005      ,3,7,0,Booker town,0,0,0,0,0,0,0,0,0,0,0,0,0,0,0,0,0,0,0,0,0,0,0,0
202601,48,073000,233,0510,09556 ,00000 ,12225 ,108,14420, ,2,790085250  ,3,7,0,Borger,0,0,0,0,0,0,0,0,0,0,0,0,0,0,0,0,0,0,0,0,0,0,0,0
202601,48,074000,369,0515,09628 ,00000 ,1755 ,999,99999, , ,79009      ,3,7,0,Bovina,0,0,0,0,0,0,0,0,0,0,0,0,0,0,0,0,0,0,0,0,0,0,0,0
202601,48,074500,337,0520,09640 ,00000 ,5140 ,999,99999, , ,76230      ,3,7,1,Bowie,1,1,180000,0,0,0,0,0,0,0,0,0,1,1,180000,0,0,0,0,0,0,0,0,0
202601,48,075500,497,0525,09748 ,00000 ,1555 ,206,19100, , ,76023      ,3,7,1,Boyd town,19,19,5624317,0,0,0,0,0,0,0,0,0,19,19,5624317,0,0,0,0,0,0,0,0,0
202601,48,076000,271,0530,09868 ,00000 ,1679 ,999,99999, , ,788320526  ,3,7,1,Brackettville,0,0,0,0,0,0,0,0,0,0,0,0,0,0,0,0,0,0,0,0,0,0,0,0
202601,48,076500,307,0535,09916 ,00000 ,5178 ,999,99999, , ,76825      ,3,7,0,Brady,0,0,0,0,0,0,0,0,0,0,0,0,0,0,0,0,0,0,0,0,0,0,0,0
202601,48,077000,039,0545,10072 ,00000 ,3063 ,288,26420, , ,77422      ,3,7,0,Brazoria,0,0,0,0,0,0,0,0,0,0,0,0,0,0,0,0,0,0,0,0,0,0,0,0
202601,48,077500,039,    ,99990 ,00000 ,121135 ,288,26420,2, ,77515      ,3,7,1,Brazoria County Unincorporated Area,72,72,21862422,0,0,0,0,0,0,0,0,0,72,72,21862422,0,0,0,0,0,0,0,0,0
202601,48,077800,015,0547,10090 ,00000 ,472 ,288,26420, , ,774749224  ,3,7,0,Brazos Country,0,0,0,0,0,0,0,0,0,0,0,0,0,0,0,0,0,0,0,0,0,0,0,0
202601,48,078500,429,0550,10132 ,00000 ,5400 ,999,99999, , ,764243503  ,3,7,0,Breckenridge,0,0,0,0,0,0,0,0,0,0,0,0,0,0,0,0,0,0,0,0,0,0,0,0
202601,48,079000,395,0555,10144 ,00000 ,962 ,999,17780, , ,766290000  ,3,7,0,Bremond,1,1,301000,0,0,0,0,0,0,0,0,0,0,0,0,0,0,0,0,0,0,0,0,0
202601,48,079500,477,0560,10156 ,00000 ,17736 ,288,14780, ,2,77834      ,3,7,1,Brenham,19,19,3798719,0,0,0,0,0,0,0,0,0,19,19,3798719,0,0,0,0,0,0,0,0,0
202601,48,080500,453,0562,10197 ,00000 ,1887 ,999,12420, , ,78669      ,3,7,1,Briarcliff village,0,0,0,0,0,0,0,0,0,0,0,0,0,0,0,0,0,0,0,0,0,0,0,0
202601,48,081500,361,0565,10252 ,00000 ,7810 ,999,13140, , ,77611      ,3,7,0,Bridge City,0,0,0,0,0,0,0,0,0,0,0,0,0,0,0,0,0,0,0,0,0,0,0,0
202601,48,082000,497,0570,10264 ,00000 ,6637 ,206,19100, , ,76426      ,3,7,1,Bridgeport,11,11,2102640,0,0,0,0,0,0,0,0,0,11,11,2102640,0,0,0,0,0,0,0,0,0
202601,48,084000,081,0575,10528 ,00000 ,979 ,999,99999, , ,76933      ,3,7,0,Bronte town,1,1,302641,0,0,0,0,0,0,0,0,0,0,0,0,0,0,0,0,0,0,0,0,0
202601,48,085000,473,0580,10636 ,00000 ,6095 ,288,26420, , ,77423      ,3,7,1,Brookshire,0,0,0,0,0,0,0,0,0,0,0,0,0,0,0,0,0,0,0,0,0,0,0,0
202601,48,085500,039,0581,10648 ,00000 ,1582 ,288,26420, , ,77581      ,3,7,1,Brookside Village,0,0,0,0,0,0,0,0,0,0,0,0,0,0,0,0,0,0,0,0,0,0,0,0
202601,48,086000,049,    ,99990 ,00000 ,14257 ,999,15220, , ,768010000  ,3,7,0,Brown County Unincorporated Area,7,7,1889057,0,0,0,0,0,0,0,0,0,0,0,0,0,0,0,0,0,0,0,0,0
202601,48,087000,445,0585,10720 ,00000 ,9236 ,999,99999, , ,79316      ,3,7,0,Brownfield,0,0,0,0,0,0,0,0,0,0,0,0,0,0,0,0,0,0,0,0,0,0,0,0
202601,48,087500,213,0590,10756 ,00000 ,1293 ,206,11980, , ,757560303  ,3,7,1,Brownsboro,0,0,0,0,0,0,0,0,0,0,0,0,0,0,0,0,0,0,0,0,0,0,0,0
202601,48,088000,061,0595,10768 ,00000 ,183428 ,154,15180, ,1,785220911  ,3,7,0,Brownsville,43,43,8502550,0,0,0,0,0,0,1,19,440220,0,0,0,0,0,0,0,0,0,0,0,0
202601,48,088500,049,0600,10780 ,00000 ,18208 ,999,15220, ,2,76801      ,3,7,1,Brownwood,1,1,247000,0,0,0,0,0,0,0,0,0,1,1,247000,0,0,0,0,0,0,0,0,0
202601,48,089500,309,0603,10828 ,00000 ,1700 ,999,47380,2, ,76524      ,3,7,0,Bruceville-Eddy,0,0,0,1,2,240000,0,0,0,0,0,0,0,0,0,0,0,0,0,0,0,0,0,0
202601,48,090000,041,0610,10912 ,00000 ,88165 ,999,17780, ,1,77805      ,3,7,1,Bryan,53,53,9751717,0,0,0,0,0,0,0,0,0,53,53,9751717,0,0,0,0,0,0,0,0,0
202601,48,090500,237,0615,10960 ,00000 ,533 ,999,99999, , ,76427      ,3,7,0,Bryson,0,0,0,0,0,0,0,0,0,0,0,0,0,0,0,0,0,0,0,0,0,0,0,0
202601,48,091000,331,0618,11020 ,00000 ,518 ,999,99999, , ,76518      ,3,7,0,Buckholts town,0,0,0,0,0,0,0,0,0,0,0,0,0,0,0,0,0,0,0,0,0,0,0,0
202601,48,092000,209,0625,11080 ,00000 ,17544 ,999,12420, , ,78610      ,3,7,1,Buda,2,2,592410,0,0,0,0,0,0,0,0,0,2,2,592410,0,0,0,0,0,0,0,0,0
202601,48,093000,441,0635,11128 ,00000 ,582 ,101,10180, , ,79508      ,3,7,0,Buffalo Gap town,1,1,187167,0,0,0,0,0,0,0,0,0,0,0,0,0,0,0,0,0,0,0,0,0
202601,48,094000,423,0640,11212 ,00000 ,3827 ,540,46340,2, ,75757      ,3,7,1,Bullard town,6,6,1776100,0,0,0,0,0,0,0,0,0,6,6,1776100,0,0,0,0,0,0,0,0,0
202601,48,094200,091,0642,11224 ,00000 ,5509 ,484,41700, , ,78163      ,3,7,1,Bulverde,11,11,3256184,0,0,0,0,0,0,0,0,0,11,11,3256184,0,0,0,0,0,0,0,0,0
202601,48,094500,201,0650,11300 ,00000 ,3901 ,288,26420, , ,77024      ,3,7,0,Bunker Hill Village,1,1,1894314,0,0,0,0,0,0,0,0,0,0,0,0,0,0,0,0,0,0,0,0,0
202601,48,095000,485,0655,11368 ,00000 ,11405 ,999,48660, , ,76354      ,3,7,1,Burkburnett,1,1,296205,0,0,0,0,0,0,0,0,0,1,1,296205,0,0,0,0,0,0,0,0,0
202601,48,096000,251,0660,11428 ,00000 ,39511 ,206,19100,2, ,76028      ,3,7,1,Burleson,7,7,2072117,0,0,0,0,0,0,0,0,0,7,7,2072117,0,0,0,0,0,0,0,0,0
202601,48,097500,053,0665,11464 ,00000 ,6539 ,999,99999, , ,786117369  ,3,7,1,Burnet,23,23,6812715,0,0,0,0,0,0,0,0,0,23,23,6812715,0,0,0,0,0,0,0,0,0
202601,48,098000,053,    ,99990 ,00000 ,24948 ,999,99999, , ,78611      ,3,7,1,Burnet County Unincorporated Area,18,18,3500000,0,0,0,0,0,0,0,0,0,18,18,3500000,0,0,0,0,0,0,0,0,0
202601,48,100500,231,0675,11716 ,00000 ,1709 ,206,19100, , ,75135      ,3,7,1,Caddo Mills,0,0,0,0,0,0,0,0,0,0,0,0,0,0,0,0,0,0,0,0,0,0,0,0
202601,48,101000,051,0680,11836 ,00000 ,4495 ,999,17780, , ,77836      ,3,7,1,Caldwell,1,1,121752,0,0,0,0,0,0,0,0,0,1,1,121752,0,0,0,0,0,0,0,0,0
202601,48,101500,055,    ,99990 ,00000 ,21641 ,999,12420, , ,786442701  ,3,7,0,Caldwell County Unincorporated Area,15,15,3191964,0,0,0,0,0,0,0,0,0,0,0,0,0,0,0,0,0,0,0,0,0
202601,48,102000,057,    ,99990 ,00000 ,7178 ,544,38920, , ,77979      ,3,7,1,Calhoun County Unincorporated Area,7,7,3611844,0,0,0,0,0,0,0,0,0,7,7,3611844,0,0,0,0,0,0,0,0,0
202601,48,103000,097,0682,11968 ,00000 ,367 ,206,23620, , ,76240      ,3,7,0,Callisburg,1,1,251000,0,0,0,0,0,0,0,0,0,0,0,0,0,0,0,0,0,0,0,0,0
202601,48,103500,395,0685,11992 ,00000 ,1136 ,999,17780, , ,77837      ,3,7,0,Calvert,0,0,0,0,0,0,0,0,0,0,0,0,0,0,0,0,0,0,0,0,0,0,0,0
202601,48,104000,331,0695,12040 ,00000 ,5410 ,999,99999, , ,76520      ,3,7,0,Cameron,0,0,0,0,0,0,0,0,0,0,0,0,0,0,0,0,0,0,0,0,0,0,0,0
202601,48,104500,061,    ,99990 ,00000 ,104596 ,154,15180, , ,78586      ,3,7,1,Cameron County Unincorporated Area,18,18,5328300,0,0,0,0,0,0,0,0,0,18,18,5328300,0,0,0,0,0,0,0,0,0
202601,48,105500,385,0705,12388 ,00000 ,720 ,999,99999, , ,78833      ,3,7,0,Camp Wood,0,0,0,0,0,0,0,0,0,0,0,0,0,0,0,0,0,0,0,0,0,0,0,0
202601,48,106500,211,0710,12412 ,00000 ,2677 ,999,99999, , ,79014      ,3,7,0,Canadian,0,0,0,0,0,0,0,0,0,0,0,0,0,0,0,0,0,0,0,0,0,0,0,0
202601,48,107000,213,0713,12472 ,00000 ,223 ,206,11980, , ,75148      ,3,7,0,Caney City town,0,0,0,0,0,0,0,0,0,0,0,0,0,0,0,0,0,0,0,0,0,0,0,0
202601,48,107500,467,0715,12496 ,00000 ,3941 ,999,99999, , ,751030245  ,3,7,0,Canton,6,6,1725530,0,0,0,0,0,0,0,0,0,0,0,0,0,0,0,0,0,0,0,0,0
202601,48,108000,381,0725,12532 ,00000 ,16387 ,108,11100, , ,79015      ,3,7,1,Canyon,3,3,888050,0,0,0,0,0,0,0,0,0,3,3,888050,0,0,0,0,0,0,0,0,0
202601,48,109500,149,0732,12916 ,00000 ,254 ,999,99999, , ,78932      ,3,7,0,Carmine,0,0,0,0,0,0,0,0,0,0,0,0,0,0,0,0,0,0,0,0,0,0,0,0
202601,48,110000,127,0735,12988 ,00000 ,5221 ,999,99999, , ,78834      ,3,7,0,Carrizo Springs,0,0,0,0,0,0,0,0,0,0,0,0,0,0,0,0,0,0,0,0,0,0,0,0
202601,48,111000,113,0740,13024 ,00000 ,56361 ,206,19100,2, ,75006      ,3,7,1,Carrollton,3,3,888050,0,0,0,0,0,0,0,0,0,3,3,888050,0,0,0,0,0,0,0,0,0
202601,48,112500,365,0745,13108 ,00000 ,6354 ,999,99999, , ,75633      ,3,7,0,Carthage,1,1,302641,0,0,0,0,0,0,0,0,0,0,0,0,0,0,0,0,0,0,0,0,0
202601,48,113500,029,0750,13276 ,00000 ,4448 ,484,41700, , ,78213      ,3,7,0,Castle Hills,0,0,0,0,0,0,0,0,0,0,0,0,0,0,0,0,0,0,0,0,0,0,0,0
202601,48,114500,325,0755,13312 ,00000 ,3199 ,484,41700, , ,78009      ,3,7,1,Castroville,6,6,3471400,0,0,0,0,0,0,0,0,0,6,6,3471400,0,0,0,0,0,0,0,0,0
202601,48,115000,113,0765,13492 ,00000 ,47317 ,206,19100,2, ,75104      ,3,7,1,Cedar Hill,18,18,0,0,0,0,0,0,0,0,0,0,18,18,0,0,0,0,0,0,0,0,0,0
202601,48,116500,491,0767,13552 ,00000 ,72629 ,999,12420,2, ,78613      ,3,7,1,Cedar Park,0,0,0,0,0,0,0,0,0,0,0,0,0,0,0,0,0,0,0,0,0,0,0,0
202601,48,117000,231,0770,13672 ,00000 ,931 ,206,19100, , ,754230399  ,3,7,0,Celeste,0,0,0,0,0,0,0,0,0,0,0,0,0,0,0,0,0,0,0,0,0,0,0,0
202601,48,117500,085,0775,13684 ,00000 ,20005 ,206,19100,2, ,75009      ,3,7,1,Celina,140,140,41442336,0,0,0,0,0,0,0,0,0,140,140,41442336,0,0,0,0,0,0,0,0,0
202601,48,118000,419,0780,13732 ,00000 ,5043 ,999,99999, , ,75935      ,3,7,0,Center,0,0,0,0,0,0,0,0,0,0,0,0,0,0,0,0,0,0,0,0,0,0,0,0
202601,48,119000,071,    ,99990 ,00000 ,27212 ,288,26420, , ,775141180  ,3,7,1,Chambers County Unincorporated Area,34,34,0,0,0,0,0,0,0,0,0,0,34,34,0,0,0,0,0,0,0,0,0,0
202601,48,119500,213,0790,14224 ,00000 ,3219 ,206,11980, , ,75758      ,3,7,1,Chandler,2,2,500000,0,0,0,0,0,0,0,0,0,2,2,500000,0,0,0,0,0,0,0,0,0
202601,48,120500,013,0800,14404 ,00000 ,1909 ,484,41700, , ,78011      ,3,7,0,Charlotte,0,0,0,0,0,0,0,0,0,0,0,0,0,0,0,0,0,0,0,0,0,0,0,0
202601,48,122500,497,0805,14620 ,00000 ,1199 ,206,19100, , ,76431      ,3,7,0,Chico,0,0,0,0,0,0,0,0,0,0,0,0,0,0,0,0,0,0,0,0,0,0,0,0
202601,48,123000,075,0810,14668 ,00000 ,5902 ,999,99999, , ,79201      ,3,7,0,Childress,0,0,0,0,0,0,0,0,0,0,0,0,0,0,0,0,0,0,0,0,0,0,0,0
202601,48,125000,029,0814,14716 ,00000 ,1314 ,484,41700, , ,78263      ,3,7,0,China Grove town,0,0,0,0,0,0,0,0,0,0,0,0,0,0,0,0,0,0,0,0,0,0,0,0
202601,48,127000,187,0826,14920 ,00000 ,33465 ,484,41700,2, ,78108      ,3,7,0,Cibolo,20,20,4364031,0,0,0,0,0,0,1,7,859740,0,0,0,0,0,0,0,0,0,0,0,0
202601,48,127500,133,0837,15004 ,00000 ,3850 ,999,99999, , ,76437      ,3,7,0,Cisco,0,0,0,0,0,0,0,0,0,0,0,0,0,0,0,0,0,0,0,0,0,0,0,0
202601,48,128200,121,1193,20540 ,00000 ,442 ,206,19100, , ,76247      ,3,7,0,DISH town,1,1,287588,0,0,0,0,0,0,0,0,0,0,0,0,0,0,0,0,0,0,0,0,0
202601,48,128500,387,0843,15160 ,00000 ,3053 ,999,37580, , ,75426      ,3,7,0,Clarksville,1,1,100000,0,0,0,0,0,0,0,0,0,0,0,0,0,0,0,0,0,0,0,0,0
202601,48,129000,183,0845,15172 ,00000 ,945 ,999,30980,2, ,75693      ,3,7,0,Clarksville City,0,0,0,0,0,0,0,0,0,0,0,0,0,0,0,0,0,0,0,0,0,0,0,0
202601,48,130000,011,0850,15196 ,00000 ,1200 ,108,11100, , ,79019      ,3,7,0,Claude,0,0,0,0,0,0,0,0,0,0,0,0,0,0,0,0,0,0,0,0,0,0,0,0
202601,48,131000,167,0855,15328 ,00000 ,1209 ,288,26420, , ,77565      ,3,7,1,Clear Lake Shores,0,0,0,0,0,0,0,0,0,0,0,0,0,0,0,0,0,0,0,0,0,0,0,0
202601,48,131500,251,0860,15364 ,00000 ,31999 ,206,19100, , ,76031      ,3,7,0,Cleburne,35,35,10045278,0,0,0,0,0,0,1,5,435064,0,0,0,0,0,0,0,0,0,0,0,0
202601,48,132000,291,1360,15436 ,00000 ,8407 ,288,26420,2, ,77327      ,3,7,1,Cleveland,0,0,0,0,0,0,0,0,0,0,0,0,0,0,0,0,0,0,0,0,0,0,0,0
202601,48,132500,035,0870,15472 ,00000 ,3410 ,999,47380, , ,766340231  ,3,7,0,Clifton,0,0,0,0,0,0,0,0,0,0,0,0,0,0,0,0,0,0,0,0,0,0,0,0
202601,48,133000,141,0873,15544 ,00000 ,1115 ,238,21340, , ,79836      ,3,7,1,Clint town,0,0,0,0,0,0,0,0,0,0,0,0,0,0,0,0,0,0,0,0,0,0,0,0
202601,48,133500,039,0880,15652 ,00000 ,11724 ,288,26420, , ,775314612  ,3,7,0,Clute,1,1,236905,0,0,0,0,0,0,0,0,0,0,0,0,0,0,0,0,0,0,0,0,0
202601,48,134000,059,0885,15676 ,00000 ,3881 ,101,10180, , ,795101155  ,3,7,0,Clyde,1,1,229000,0,0,0,0,0,0,0,0,0,0,0,0,0,0,0,0,0,0,0,0,0
202601,48,134500,227,0890,15700 ,00000 ,960 ,999,13700, , ,79511      ,3,7,0,Coahoma town,1,1,302641,0,0,0,0,0,0,0,0,0,0,0,0,0,0,0,0,0,0,0,0,0
202601,48,135500,113,0895,15796 ,00000 ,4088 ,206,19100, , ,75211      ,3,7,1,Cockrell Hill,0,0,0,0,0,0,0,0,0,0,0,0,0,0,0,0,0,0,0,0,0,0,0,0
202601,48,137500,083,0900,15916 ,00000 ,4204 ,999,99999, , ,76834      ,3,7,0,Coleman,1,1,251795,0,0,0,0,0,0,0,0,0,0,0,0,0,0,0,0,0,0,0,0,0
202601,48,138500,041,0905,15976 ,00000 ,119260 ,999,17780, ,1,77842      ,3,7,1,College Station,21,21,5779385,0,0,0,1,3,562500,0,0,0,21,21,5779385,0,0,0,1,3,562500,0,0,0
202601,48,139000,439,0910,15988 ,00000 ,27085 ,206,19100, , ,76034      ,3,7,1,Colleyville,4,4,5200000,0,0,0,0,0,0,0,0,0,4,4,5200000,0,0,0,0,0,0,0,0,0
202601,48,139500,085,    ,99990 ,00000 ,37248 ,206,19100, , ,75071      ,3,7,0,Collin County Unincorporated Area,0,0,0,0,0,0,0,0,0,0,0,0,0,0,0,0,0,0,0,0,0,0,0,0
202601,48,140500,181,0915,16036 ,00000 ,1983 ,206,43300, , ,76233      ,3,7,0,Collinsville town,1,1,365759,0,0,0,0,0,0,0,0,0,0,0,0,0,0,0,0,0,0,0,0,0
202601,48,141500,335,0920,16120 ,00000 ,3875 ,999,99999, , ,79512      ,3,7,0,Colorado City,0,0,0,0,0,0,0,0,0,0,0,0,0,0,0,0,0,0,0,0,0,0,0,0
202601,48,142500,089,0925,16168 ,00000 ,3699 ,999,99999, , ,78934      ,3,7,1,Columbus,4,4,887000,0,0,0,0,0,0,0,0,0,4,4,887000,0,0,0,0,0,0,0,0,0
202601,48,143000,091,    ,99990 ,00000 ,73568 ,484,41700, , ,781323760  ,3,7,1,Comal County Unincorporated Area,62,62,18353035,0,0,0,0,0,0,0,0,0,62,62,18353035,0,0,0,0,0,0,0,0,0
202601,48,143500,093,0930,16192 ,00000 ,4219 ,999,99999, , ,76442      ,3,7,0,Comanche,0,0,0,1,2,249820,0,0,0,0,0,0,0,0,0,0,0,0,0,0,0,0,0,0
202601,48,144500,061,0935,16204 ,00000 ,3037 ,154,15180, , ,78535      ,3,7,1,Combes town,5,5,565000,0,0,0,0,0,0,0,0,0,5,5,565000,0,0,0,0,0,0,0,0,0
202601,48,145500,257,0937,16216 ,00000 ,1621 ,206,19100,2, ,75159      ,3,7,1,Combine,0,0,0,0,0,0,0,0,0,0,0,0,0,0,0,0,0,0,0,0,0,0,0,0
202601,48,146000,231,0945,16240 ,00000 ,9700 ,206,19100, , ,75428      ,3,7,1,Commerce,0,0,0,0,0,0,0,0,0,0,0,0,0,0,0,0,0,0,0,0,0,0,0,0
202601,48,147500,339,0955,16432 ,00000 ,96214 ,288,26420, ,1,77305      ,3,7,1,Conroe,63,63,14604462,0,0,0,0,0,0,0,0,0,63,63,14604462,0,0,0,0,0,0,0,0,0
202601,48,148000,029,0957,16468 ,00000 ,28814 ,484,41700, , ,78109      ,3,7,0,Converse,20,20,3430236,0,0,0,0,0,0,0,0,0,0,0,0,0,0,0,0,0,0,0,0,0
202601,48,150000,119,0965,16564 ,00000 ,2005 ,999,99999, , ,75432      ,3,7,1,Cooper,2,2,592410,0,0,0,0,0,0,0,0,0,2,2,592410,0,0,0,0,0,0,0,0,0
202601,48,150500,113,0970,16612 ,00000 ,40124 ,206,19100,2, ,750199478  ,3,7,1,Coppell,1,1,296017,0,0,0,0,0,0,0,0,0,1,1,296017,0,0,0,0,0,0,0,0,0
202601,48,151500,121,0976,16636 ,00000 ,1533 ,206,19100, , ,75077      ,3,7,1,Copper Canyon town,0,0,0,0,0,0,0,0,0,0,0,0,0,0,0,0,0,0,0,0,0,0,0,0
202601,48,152000,099,0975,16624 ,00000 ,32804 ,999,28660,2, ,76522      ,3,7,1,Copperas Cove,3,3,364105,0,0,0,0,0,0,0,0,0,3,3,364105,0,0,0,0,0,0,0,0,0
202601,48,153000,121,0977,16696 ,00000 ,22365 ,206,19100, , ,76208      ,3,7,1,Corinth,18,18,5328300,0,0,0,0,0,0,0,0,0,18,18,5328300,0,0,0,0,0,0,0,0,0
202601,48,154000,355,0980,17000 ,00000 ,327248 ,204,18580,2,1,78408      ,3,7,0,Corpus Christi,73,73,20993947,0,0,0,0,0,0,1,5,717580,0,0,0,0,0,0,0,0,0,0,0,0
202601,48,155000,121,0983,21310 ,00000 ,52 ,206,19100, , ,76226      ,3,7,0,Draper town,0,0,0,0,0,0,0,0,0,0,0,0,0,0,0,0,0,0,0,0,0,0,0,0
202601,48,155500,373,0985,17036 ,00000 ,1702 ,999,99999, , ,75939      ,3,7,0,Corrigan town,1,1,286434,0,0,0,0,0,0,0,0,0,0,0,0,0,0,0,0,0,0,0,0,0
202601,48,156000,349,0990,17060 ,00000 ,23811 ,206,18620, ,2,75110      ,3,7,0,Corsicana,5,5,960955,0,0,0,0,0,0,0,0,0,0,0,0,0,0,0,0,0,0,0,0,0
202601,48,157500,257,0992,17200 ,00000 ,209 ,206,19100, , ,75158      ,3,7,0,Cottonwood,1,1,200000,0,0,0,0,0,0,0,0,0,0,0,0,0,0,0,0,0,0,0,0,0
202601,48,158000,053,0993,17208 ,00000 ,1313 ,999,99999, , ,78657      ,3,7,0,Cottonwood Shores,1,1,302641,0,0,0,0,0,0,0,0,0,0,0,0,0,0,0,0,0,0,0,0,0
202601,48,158500,283,0995,17216 ,00000 ,4133 ,999,99999, , ,78014      ,3,7,0,Cotulla,0,0,0,0,0,0,0,0,0,0,0,0,0,0,0,0,0,0,0,0,0,0,0,0
202601,48,159500,217,1001,17372 ,00000 ,283 ,999,99999, , ,76636      ,3,7,0,Covington,0,0,0,0,0,0,0,0,0,0,0,0,0,0,0,0,0,0,0,0,0,0,0,0
202601,48,160000,257,1007,17504 ,00000 ,4268 ,206,19100, , ,75114      ,3,7,1,Crandall,35,35,8421426,0,0,0,0,0,0,0,0,0,35,35,8421426,0,0,0,0,0,0,0,0,0
202601,48,160500,103,1010,17516 ,00000 ,3649 ,999,99999, , ,79731      ,3,7,0,Crane,0,0,0,0,0,0,0,0,0,0,0,0,0,0,0,0,0,0,0,0,0,0,0,0
202601,48,162000,309,1015,17564 ,00000 ,870 ,999,47380, , ,76638      ,3,7,0,Crawford town,0,0,0,0,0,0,0,0,0,0,0,0,0,0,0,0,0,0,0,0,0,0,0,0
202601,48,162500,453,1017,17612 ,00000 ,223 ,999,12420, , ,78610      ,3,7,0,Creedmoor,0,0,0,0,0,0,0,0,0,0,0,0,0,0,0,0,0,0,0,0,0,0,0,0
202601,48,162600,221,1019,17648 ,00000 ,535 ,206,24180,2, ,76035      ,3,7,0,Cresson,0,0,0,0,0,0,0,0,0,0,0,0,0,0,0,0,0,0,0,0,0,0,0,0
202601,48,163000,225,1020,17744 ,00000 ,6350 ,999,99999, , ,75835      ,3,7,0,Crockett,0,0,0,0,0,0,0,0,0,0,0,0,0,0,0,0,0,0,0,0,0,0,0,0
202601,48,164500,107,1030,17768 ,00000 ,1557 ,352,31180, , ,79322      ,3,7,0,Crosbyton,0,0,0,0,0,0,0,0,0,0,0,0,0,0,0,0,0,0,0,0,0,0,0,0
202601,48,165000,059,1035,17816 ,00000 ,997 ,101,10180, , ,764430129  ,3,7,0,Cross Plains town,0,0,0,0,0,0,0,0,0,0,0,0,0,0,0,0,0,0,0,0,0,0,0,0
202601,48,165500,121,1037,17852 ,00000 ,1578 ,206,19100, , ,76227      ,3,7,1,Cross Roads town,0,0,0,0,0,0,0,0,0,0,0,0,0,0,0,0,0,0,0,0,0,0,0,0
202601,48,165700,251,1038,17917 ,00000 ,315 ,206,19100, , ,760972042  ,3,7,0,Cross Timber town,1,1,625000,0,0,0,0,0,0,0,0,0,0,0,0,0,0,0,0,0,0,0,0,0
202601,48,167000,439,1045,17960 ,00000 ,17551 ,206,19100,2, ,76036      ,3,7,1,Crowley,23,23,6808384,0,0,0,2,8,1230301,1,5,861165,23,23,6808384,0,0,0,2,8,1230301,1,5,861165
202601,48,167500,507,1050,18020 ,00000 ,7175 ,999,99999, , ,78839      ,3,7,0,Crystal City,0,0,0,0,0,0,0,0,0,0,0,0,0,0,0,0,0,0,0,0,0,0,0,0
202601,48,168000,123,1055,18092 ,00000 ,8225 ,999,99999, , ,77954      ,3,7,0,Cuero,0,0,0,0,0,0,0,0,0,0,0,0,0,0,0,0,0,0,0,0,0,0,0,0
202601,48,169000,223,1060,18128 ,00000 ,794 ,206,44860, , ,75433      ,3,7,0,Cumby,0,0,0,0,0,0,0,0,0,0,0,0,0,0,0,0,0,0,0,0,0,0,0,0
202601,48,169500,073,1062,18152 ,00000 ,140 ,540,27380, , ,75759      ,3,7,0,Cuney town,0,0,0,0,0,0,0,0,0,0,0,0,0,0,0,0,0,0,0,0,0,0,0,0
202601,48,170500,339,1066,18260 ,00000 ,1490 ,288,26420, , ,773060364  ,3,7,0,Cut and Shoot,0,0,0,0,0,0,0,0,0,0,0,0,0,0,0,0,0,0,0,0,0,0,0,0
202601,48,171000,343,1070,18464 ,00000 ,2393 ,999,34420, , ,75638      ,3,7,0,Daingerfield,0,0,0,0,0,0,0,0,0,0,0,0,0,0,0,0,0,0,0,0,0,0,0,0
202601,48,171500,291,1073,18476 ,00000 ,1175 ,288,26420, , ,77533      ,3,7,0,Daisetta,0,0,0,0,0,0,0,0,0,0,0,0,0,0,0,0,0,0,0,0,0,0,0,0
202601,48,172000,111,1080,18524 ,00000 ,5691 ,999,99999,2, ,790222005  ,3,7,0,Dalhart,1,1,302641,0,0,0,0,0,0,0,0,0,0,0,0,0,0,0,0,0,0,0,0,0
202601,48,174000,113,1085,19000 ,00000 ,1258858 ,206,19100,2,1,75203      ,3,7,1,Dallas,69,69,20425151,4,8,1292609,1,4,1100000,2,747,98016993,69,69,20425151,4,8,1292609,1,4,1100000,2,747,98016993
202601,48,176000,113,    ,99990 ,00000 ,7198 ,206,19100, , ,752025202  ,3,7,1,Dallas County Unincorporated Area,19,19,5624317,0,0,0,0,0,0,0,0,0,19,19,5624317,0,0,0,0,0,0,0,0,0
202601,48,176500,439,1090,19084 ,00000 ,2358 ,206,19100, , ,760165809  ,3,7,0,Dalworthington Gardens,0,0,0,0,0,0,0,0,0,0,0,0,0,0,0,0,0,0,0,0,0,0,0,0
202601,48,177000,039,1092,19120 ,00000 ,1757 ,288,26420, , ,77534      ,3,7,1,Danbury,1,1,105325,0,0,0,0,0,0,0,0,0,1,1,105325,0,0,0,0,0,0,0,0,0
202601,48,177500,295,1095,19288 ,00000 ,328 ,999,99999, , ,79024      ,3,7,0,Darrouzett town,0,0,0,0,0,0,0,0,0,0,0,0,0,0,0,0,0,0,0,0,0,0,0,0
202601,48,178500,349,1100,19420 ,00000 ,798 ,206,18620, , ,76639      ,3,7,0,Dawson town,0,0,0,0,0,0,0,0,0,0,0,0,0,0,0,0,0,0,0,0,0,0,0,0
202601,48,179000,291,1105,19432 ,00000 ,8628 ,288,26420, , ,77535      ,3,7,1,Dayton,16,16,964990,0,0,0,0,0,0,0,0,0,16,16,964990,0,0,0,0,0,0,0,0,0
202601,48,180000,037,1775,19648 ,00000 ,1611 ,999,45500, , ,75559      ,3,7,0,De Kalb,0,0,0,0,0,0,0,0,0,0,0,0,0,0,0,0,0,0,0,0,0,0,0,0
202601,48,181000,113,1155,20092 ,00000 ,52910 ,206,19100, , ,75115      ,3,7,1,DeSoto,3,3,0,0,0,0,0,0,0,0,0,0,3,3,0,0,0,0,0,0,0,0,0,0
202601,48,183000,497,1110,19528 ,00000 ,7572 ,206,19100, , ,76234      ,3,7,1,Decatur,0,0,0,0,0,0,0,0,0,0,0,0,0,0,0,0,0,0,0,0,0,0,0,0
202601,48,183500,201,1115,19624 ,00000 ,32913 ,288,26420, , ,77536      ,3,7,1,Deer Park,1,1,314050,0,0,0,0,0,0,0,0,0,1,1,314050,0,0,0,0,0,0,0,0,0
202601,48,184000,465,1130,19792 ,00000 ,35722 ,999,19620, ,2,78840      ,3,7,0,Del Rio,2,2,566852,0,0,0,0,0,0,0,0,0,0,0,0,0,0,0,0,0,0,0,0,0
202601,48,185500,181,1135,19900 ,00000 ,25792 ,206,43300, ,1,75021      ,3,7,1,Denison,1,1,296017,0,0,0,0,0,0,0,0,0,1,1,296017,0,0,0,0,0,0,0,0,0
202601,48,186000,121,1140,19972 ,00000 ,147515 ,206,19100, ,1,76201      ,3,7,1,Denton,67,67,27303019,1,2,750689,0,0,0,10,297,51244431,67,67,27303019,1,2,750689,0,0,0,10,297,51244431
202601,48,186500,121,    ,99990 ,00000 ,116538 ,206,19100, , ,76208      ,3,7,0,Denton County Unincorporated Area,130,130,30395040,10,20,2896522,1,4,548161,1,5,637931,0,0,0,0,0,0,0,0,0,0,0,0
202601,48,187000,501,1145,19984 ,00000 ,4883 ,999,99999,2, ,79323      ,3,7,0,Denver City town,0,0,0,0,0,0,0,0,0,0,0,0,0,0,0,0,0,0,0,0,0,0,0,0
202601,48,187500,277,1150,20020 ,00000 ,507 ,999,37580,2, ,75435      ,3,7,0,Deport,0,0,0,0,0,0,0,0,0,0,0,0,0,0,0,0,0,0,0,0,0,0,0,0
202601,48,189500,325,1165,20152 ,00000 ,4938 ,484,41700, , ,78016      ,3,7,0,Devine,0,0,0,0,0,0,0,0,0,0,0,0,0,0,0,0,0,0,0,0,0,0,0,0
202601,48,190000,005,1168,20308 ,00000 ,5123 ,999,31260, , ,75941      ,3,7,0,Diboll,1,1,265170,0,0,0,0,0,0,0,0,0,0,0,0,0,0,0,0,0,0,0,0,0
202601,48,191500,167,1180,20344 ,00000 ,21216 ,288,26420, , ,77539      ,3,7,0,Dickinson,3,3,911705,0,0,0,0,0,0,0,0,0,0,0,0,0,0,0,0,0,0,0,0,0
202601,48,192000,163,1185,20428 ,00000 ,4527 ,999,99999, , ,78017      ,3,7,0,Dilley,0,0,0,0,0,0,0,0,0,0,0,0,0,0,0,0,0,0,0,0,0,0,0,0
202601,48,193000,069,1190,20464 ,00000 ,4005 ,999,99999, , ,79027      ,3,7,0,Dimmitt,0,0,0,0,0,0,0,0,0,0,0,0,0,0,0,0,0,0,0,0,0,0,0,0
202601,48,194500,067,1203,20848 ,00000 ,86 ,999,99999, , ,75572      ,3,7,0,Domino town,0,0,0,0,0,0,0,0,0,0,0,0,0,0,0,0,0,0,0,0,0,0,0,0
202601,48,195500,215,1205,20884 ,00000 ,16316 ,365,32580, , ,78537      ,3,7,0,Donna,0,0,0,0,0,0,0,0,0,0,0,0,0,0,0,0,0,0,0,0,0,0,0,0
202601,48,196500,121,1209,21028 ,00000 ,3101 ,206,19100, , ,75077      ,3,7,0,Double Oak town,0,0,0,0,0,0,0,0,0,0,0,0,0,0,0,0,0,0,0,0,0,0,0,0
202601,48,197000,067,1210,21112 ,00000 ,214 ,999,99999, , ,75560      ,3,7,0,Douglassville town,0,0,0,0,0,0,0,0,0,0,0,0,0,0,0,0,0,0,0,0,0,0,0,0
202601,48,197500,209,1213,21424 ,00000 ,6587 ,999,12420, , ,78620      ,3,7,1,Dripping Springs,53,53,32029350,0,0,0,0,0,0,0,0,0,53,53,32029350,0,0,0,0,0,0,0,0,0
202601,48,198500,143,1220,21484 ,00000 ,3552 ,999,44500, , ,76446      ,3,7,0,Dublin,0,0,0,0,0,0,0,0,0,0,0,0,0,0,0,0,0,0,0,0,0,0,0,0
202601,48,199000,341,1225,21556 ,00000 ,13612 ,999,20300, ,2,79029      ,3,7,0,Dumas,2,2,454980,0,0,0,0,0,0,0,0,0,0,0,0,0,0,0,0,0,0,0,0,0
202601,48,199500,113,1230,21628 ,00000 ,38189 ,206,19100, , ,75116      ,3,7,1,Duncanville,0,0,0,0,0,0,0,0,0,0,0,0,0,0,0,0,0,0,0,0,0,0,0,0
202601,48,200500,089,1235,21844 ,00000 ,3770 ,999,99999, , ,774340038  ,3,7,0,Eagle Lake,1,1,150000,0,0,0,0,0,0,0,0,0,0,0,0,0,0,0,0,0,0,0,0,0
202601,48,201000,323,1240,21892 ,00000 ,29515 ,999,20580, ,1,788534019  ,3,7,0,Eagle Pass,3,3,860364,0,0,0,0,0,0,0,0,0,0,0,0,0,0,0,0,0,0,0,0,0
202601,48,201500,049,1245,21904 ,00000 ,3296 ,999,15220, , ,76801      ,3,7,1,Early,0,0,0,0,0,0,0,0,0,0,0,0,0,0,0,0,0,0,0,0,0,0,0,0
202601,48,202000,279,1250,21928 ,00000 ,951 ,999,99999, , ,79031      ,3,7,0,Earth,0,0,0,0,0,0,0,0,0,0,0,0,0,0,0,0,0,0,0,0,0,0,0,0
202601,48,203000,379,1268,22276 ,00000 ,991 ,999,99999, , ,75472      ,3,7,1,East Tawakoni,0,0,0,0,0,0,0,0,0,0,0,0,0,0,0,0,0,0,0,0,0,0,0,0
202601,48,203500,133,1260,22132 ,00000 ,3864 ,999,99999, , ,764480749  ,3,7,0,Eastland,1,1,156765,0,0,0,0,0,0,0,0,0,0,0,0,0,0,0,0,0,0,0,0,0
202601,48,204000,133,    ,99990 ,00000 ,6180 ,999,99999, , ,764480327  ,3,7,1,Eastland County Unincorporated Area,0,0,0,0,0,0,0,0,0,0,0,0,0,0,0,0,0,0,0,0,0,0,0,0
202601,48,204500,183,1265,22192 ,00000 ,470 ,999,30980, , ,756078126  ,3,7,0,Easton,0,0,0,0,0,0,0,0,0,0,0,0,0,0,0,0,0,0,0,0,0,0,0,0
202601,48,206000,147,1270,22516 ,00000 ,746 ,206,14300, , ,75439      ,3,7,0,Ector,1,1,287588,0,0,0,0,0,0,0,0,0,0,0,0,0,0,0,0,0,0,0,0,0
202601,48,206500,215,1275,22528 ,00000 ,3277 ,365,32580, , ,78538      ,3,7,0,Edcouch,0,0,0,0,0,0,0,0,0,0,0,0,0,0,0,0,0,0,0,0,0,0,0,0
202601,48,207000,095,1280,22552 ,00000 ,1339 ,999,99999, , ,768370915  ,3,7,0,Eden,0,0,0,0,0,0,0,0,0,0,0,0,0,0,0,0,0,0,0,0,0,0,0,0
202601,48,207500,439,1285,22588 ,00000 ,3012 ,206,19100, , ,76134      ,3,7,0,Edgecliff Village town,1,1,185727,0,0,0,0,0,0,0,0,0,0,0,0,0,0,0,0,0,0,0,0,0
202601,48,208000,467,1290,22612 ,00000 ,1565 ,999,99999, , ,75117      ,3,7,0,Edgewood town,0,0,0,0,0,0,0,0,0,0,0,0,0,0,0,0,0,0,0,0,0,0,0,0
202601,48,208500,215,1295,22660 ,00000 ,102374 ,365,32580, ,1,78540      ,3,7,1,Edinburg,87,87,25753452,0,0,0,15,56,2897150,0,0,480000,87,87,25753452,0,0,0,15,56,2897150,0,0,480000
202601,48,209500,239,1300,22720 ,00000 ,5755 ,999,99999, , ,779572724  ,3,7,0,Edna,0,0,0,0,0,0,0,0,0,0,0,0,0,0,0,0,0,0,0,0,0,0,0,0
202601,48,211000,481,1310,22864 ,00000 ,11502 ,288,20900, ,2,77437      ,3,7,0,El Campo,0,0,0,0,0,0,0,0,0,0,0,0,0,0,0,0,0,0,0,0,0,0,0,0
202601,48,211500,479,1315,22905 ,00000 ,3092 ,999,29700, , ,78046      ,3,7,0,El Cenizo,0,0,0,0,0,0,0,0,0,0,0,0,0,0,0,0,0,0,0,0,0,0,0,0
202601,48,212000,201,1336,23164 ,00000 ,2736 ,288,26420, , ,77586      ,3,7,0,El Lago,1,1,287588,0,0,0,0,0,0,0,0,0,0,0,0,0,0,0,0,0,0,0,0,0
202601,48,212500,141,1340,24000 ,00000 ,681534 ,238,21340, ,1,79901      ,3,7,0,El Paso,99,99,23281350,3,6,776710,1,3,395428,1,7,825186,0,0,0,0,0,0,0,0,0,0,0,0
202601,48,213500,413,1320,22960 ,00000 ,1566 ,999,99999, , ,76936      ,3,7,0,Eldorado,0,0,0,0,0,0,0,0,0,0,0,0,0,0,0,0,0,0,0,0,0,0,0,0
202601,48,214000,485,1325,22984 ,00000 ,2737 ,999,48660, , ,76360      ,3,7,0,Electra,0,0,0,0,0,0,0,0,0,0,0,0,0,0,0,0,0,0,0,0,0,0,0,0
202601,48,214500,021,1330,23044 ,00000 ,9715 ,999,12420,2, ,78621      ,3,7,1,Elgin,8,8,2802298,0,0,0,0,0,0,0,0,0,8,8,2802298,0,0,0,0,0,0,0,0,0
202601,48,215000,001,1335,23140 ,00000 ,1277 ,999,37300, , ,758390944  ,3,7,0,Elkhart town,0,0,0,0,0,0,0,0,0,0,0,0,0,0,0,0,0,0,0,0,0,0,0,0
202601,48,215500,139,    ,99990 ,00000 ,60701 ,206,19100, , ,75165      ,3,7,1,Ellis County Unincorporated Area,15,15,4440250,0,0,0,0,0,0,0,0,0,15,15,4440250,0,0,0,0,0,0,0,0,0
202601,48,216000,029,1339,23272 ,00000 ,2143 ,484,41700,2, ,78112      ,3,7,1,Elmendorf,31,31,6638810,0,0,0,0,0,0,0,0,0,31,31,6638810,0,0,0,0,0,0,0,0,0
202601,48,216500,215,1345,24036 ,00000 ,7120 ,365,32580, , ,78543      ,3,7,1,Elsa,2,2,398000,0,0,0,0,0,0,0,0,0,2,2,398000,0,0,0,0,0,0,0,0,0
202601,48,217500,379,1355,24216 ,00000 ,1367 ,999,99999, , ,75440      ,3,7,0,Emory,0,0,0,0,0,0,0,0,0,0,0,0,0,0,0,0,0,0,0,0,0,0,0,0
202601,48,218000,213,1358,24228 ,00000 ,343 ,206,11980, , ,75156      ,3,7,0,Enchanted Oaks town,1,1,529675,0,0,0,0,0,0,0,0,0,0,0,0,0,0,0,0,0,0,0,0,0
202601,48,218500,283,1360,24240 ,00000 ,578 ,999,99999, , ,780190120  ,3,7,0,Encinal,0,0,0,0,0,0,0,0,0,0,0,0,0,0,0,0,0,0,0,0,0,0,0,0
202601,48,219000,139,2225,24348 ,00000 ,20678 ,206,19100, , ,75119      ,3,7,1,Ennis,26,26,7696434,1,2,323152,0,0,0,0,0,0,26,26,7696434,1,2,323152,0,0,0,0,0,0
202601,48,219900,427,2230,24552 ,00000 ,2650 ,365,40100, , ,78584      ,3,7,0,Escobares,0,0,0,0,0,0,0,0,0,0,0,0,0,0,0,0,0,0,0,0,0,0,0,0
202601,48,220500,439,1380,24768 ,00000 ,57332 ,206,19100, , ,76039      ,3,7,1,Euless,34,34,0,0,0,0,0,0,0,0,0,0,34,34,0,0,0,0,0,0,0,0,0,0
202601,48,221500,213,1385,24828 ,00000 ,1020 ,206,11980, , ,75124      ,3,7,0,Eustace,0,0,0,0,0,0,0,0,0,0,0,0,0,0,0,0,0,0,0,0,0,0,0,0
202601,48,222000,099,1392,24864 ,00000 ,275 ,999,28660, , ,76525      ,3,7,0,Evant town,0,0,0,0,0,0,0,0,0,0,0,0,0,0,0,0,0,0,0,0,0,0,0,0
202601,48,223000,439,1395,24912 ,00000 ,6127 ,206,19100, , ,76140      ,3,7,0,Everman,6,6,867210,0,0,0,0,0,0,0,0,0,0,0,0,0,0,0,0,0,0,0,0,0
202601,48,223500,029,1406,25168 ,00000 ,7419 ,484,41700,2, ,780154707  ,3,7,1,Fair Oaks Ranch,5,5,1480083,0,0,0,0,0,0,0,0,0,5,5,1480083,0,0,0,0,0,0,0,0,0
202601,48,225000,161,1405,25104 ,00000 ,2874 ,999,99999, , ,75840      ,3,7,0,Fairfield,0,0,0,0,0,0,0,0,0,0,0,0,0,0,0,0,0,0,0,0,0,0,0,0
202601,48,225400,121,    ,50920 ,00000 , ,206,19100, , ,760783940  ,3,7,0,New Fairview,0,0,0,0,0,0,0,0,0,0,0,0,0,0,0,0,0,0,0,0,0,0,0,0
202601,48,226000,085,1407,25224 ,00000 ,9358 ,206,19100, , ,75069      ,3,7,0,Fairview town,2,2,575177,0,0,0,0,0,0,0,0,0,0,0,0,0,0,0,0,0,0,0,0,0
202601,48,226500,047,1415,25368 ,00000 ,4717 ,204,10860, , ,78355      ,3,7,0,Falfurrias,0,0,0,0,0,0,0,0,0,0,0,0,0,0,0,0,0,0,0,0,0,0,0,0
202601,48,227000,255,1420,25392 ,00000 ,706 ,999,99999, , ,78113      ,3,7,0,Falls City,0,0,0,0,0,0,0,0,0,0,0,0,0,0,0,0,0,0,0,0,0,0,0,0
202601,48,228500,113,1425,25452 ,00000 ,51373 ,206,19100, , ,752349010  ,3,7,0,Farmers Branch,6,6,1725264,0,0,0,0,0,0,1,28,4451910,0,0,0,0,0,0,0,0,0,0,0,0
202601,48,229000,085,1430,25488 ,00000 ,3711 ,206,19100, , ,254881430  ,3,7,1,Farmersville,14,14,4144234,0,0,0,0,0,0,0,0,0,14,14,4144234,0,0,0,0,0,0,0,0,0
202601,48,229500,369,1435,25548 ,00000 ,1275 ,999,99999, , ,79325      ,3,7,0,Farwell,0,0,0,0,0,0,0,0,0,0,0,0,0,0,0,0,0,0,0,0,0,0,0,0
202601,48,230000,397,1440,25572 ,00000 ,17434 ,206,19100, , ,75087      ,3,7,1,Fate,30,30,8880501,0,0,0,0,0,0,0,0,0,30,30,8880501,0,0,0,0,0,0,0,0,0
202601,48,231000,149,1445,25644 ,00000 ,257 ,999,99999, , ,78940      ,3,7,0,Fayetteville,0,0,0,0,0,0,0,0,0,0,0,0,0,0,0,0,0,0,0,0,0,0,0,0
202601,48,231500,139,1450,25752 ,00000 ,3067 ,206,19100,2, ,75125      ,3,7,1,Ferris,0,0,0,0,0,0,0,0,0,0,0,0,0,0,0,0,0,0,0,0,0,0,0,0
202601,48,232500,149,1455,26028 ,00000 ,1453 ,999,99999, , ,78941      ,3,7,0,Flatonia town,0,0,0,0,0,0,0,0,0,0,0,0,0,0,0,0,0,0,0,0,0,0,0,0
202601,48,233000,491,1460,26136 ,00000 ,1304 ,999,12420, , ,76527      ,3,7,0,Florence,0,0,0,0,0,0,0,0,0,0,0,0,0,0,0,0,0,0,0,0,0,0,0,0
202601,48,233500,493,1465,26160 ,00000 ,8144 ,484,41700, , ,78114      ,3,7,0,Floresville,7,7,1909464,0,0,0,0,0,0,0,0,0,0,0,0,0,0,0,0,0,0,0,0,0
202601,48,234000,121,1467,26232 ,00000 ,81180 ,206,19100,2, ,75028      ,3,7,1,Flower Mound town,7,7,2072117,6,12,4050305,3,12,3550620,0,0,0,7,7,2072117,6,12,4050305,3,12,3550620,0,0,0
202601,48,235500,153,1470,26268 ,00000 ,2654 ,352,38380, , ,792352717  ,3,7,0,Floydada,0,0,0,0,0,0,0,0,0,0,0,0,0,0,0,0,0,0,0,0,0,0,0,0
202601,48,236500,295,1475,26328 ,00000 ,424 ,999,99999, , ,79034      ,3,7,0,Follett,0,0,0,0,0,0,0,0,0,0,0,0,0,0,0,0,0,0,0,0,0,0,0,0
202601,48,237000,439,1480,26544 ,00000 ,12943 ,206,19100, , ,76119      ,3,7,1,Forest Hill,0,0,0,0,0,0,0,0,0,0,0,0,0,0,0,0,0,0,0,0,0,0,0,0
202601,48,237500,257,1485,26604 ,00000 ,29246 ,206,19100, , ,75126      ,3,7,1,Forney,11,11,3256184,0,0,0,0,0,0,0,0,0,11,11,3256184,0,0,0,0,0,0,0,0,0
202601,48,238500,157,    ,99990 ,00000 ,499220 ,288,26420,2, ,77469      ,3,7,1,Fort Bend County Unincorporated Area,576,576,170505612,0,0,0,0,0,0,13,312,53736696,576,576,170505612,0,0,0,0,0,0,13,312,53736696
202601,48,239500,371,1495,26808 ,00000 ,8373 ,999,99999, , ,79735      ,3,7,0,Fort Stockton,1,1,221650,0,0,0,0,0,0,0,0,0,0,0,0,0,0,0,0,0,0,0,0,0
202601,48,240500,439,1500,27000 ,00000 ,918105 ,206,19100,2,1,76102      ,3,7,1,Fort Worth,284,284,0,2,4,0,3,11,0,11,354,0,284,284,0,2,4,0,3,11,0,11,354,0
202601,48,241000,395,1505,27288 ,00000 ,1643 ,999,17780, , ,77856      ,3,7,1,Franklin,0,0,0,0,0,0,0,0,0,0,0,0,0,0,0,0,0,0,0,0,0,0,0,0
202601,48,242000,001,2500,27300 ,00000 ,1138 ,999,37300,2, ,757630186  ,3,7,0,Frankston town,0,0,0,0,0,0,0,0,0,0,0,0,0,0,0,0,0,0,0,0,0,0,0,0
202601,48,242500,171,1515,27348 ,00000 ,11519 ,484,23240, ,2,78624      ,3,7,0,Fredericksburg,3,3,639443,0,0,0,0,0,0,0,0,0,0,0,0,0,0,0,0,0,0,0,0,0
202601,48,243000,039,1525,27420 ,00000 ,12126 ,288,26420, , ,77541      ,3,7,1,Freeport,3,3,525000,0,0,0,0,0,0,0,0,0,3,3,525000,0,0,0,0,0,0,0,0,0
202601,48,244500,167,1532,27648 ,00000 ,28632 ,288,26420,2, ,77546      ,3,7,1,Friendswood,1,1,800000,0,0,0,0,0,0,0,0,0,1,1,800000,0,0,0,0,0,0,0,0,0
202601,48,246000,369,1535,27660 ,00000 ,3774 ,999,99999, , ,79035      ,3,7,0,Friona,0,0,0,0,0,0,0,0,0,0,0,0,0,0,0,0,0,0,0,0,0,0,0,0
202601,48,246500,085,1540,27684 ,00000 ,128993 ,206,19100,2, ,75034      ,3,7,1,Frisco,59,59,17464985,0,0,0,0,0,0,0,0,0,59,59,17464985,0,0,0,0,0,0,0,0,0
202601,48,248000,341,1542,27696 ,00000 ,7 ,999,20300,2, ,79036      ,3,7,0,Fritch,0,0,0,0,0,0,0,0,0,0,0,0,0,0,0,0,0,0,0,0,0,0,0,0
202601,48,248500,349,1550,27768 ,00000 ,638 ,206,18620, , ,76641      ,3,7,0,Frost,1,1,286434,0,0,0,0,0,0,0,0,0,0,0,0,0,0,0,0,0,0,0,0,0
202601,48,249500,157,1559,27876 ,00000 ,17136 ,288,26420, , ,77441      ,3,7,1,Fulshear,100,100,29601669,0,0,0,0,0,0,0,0,0,100,100,29601669,0,0,0,0,0,0,0,0,0
202601,48,250000,007,1561,27888 ,00000 ,1480 ,204,18580, , ,78358      ,3,7,0,Fulton town,1,1,229393,0,0,0,0,0,0,0,0,0,0,0,0,0,0,0,0,0,0,0,0,0
202601,48,251000,097,1563,27984 ,00000 ,16876 ,206,23620, ,2,76240      ,3,7,0,Gainesville,7,7,1950818,0,0,0,0,0,0,0,0,0,0,0,0,0,0,0,0,0,0,0,0,0
202601,48,251500,201,1565,27996 ,00000 ,10559 ,288,26420, , ,77547      ,3,7,0,Galena Park,0,0,0,0,0,0,0,0,0,0,0,0,0,0,0,0,0,0,0,0,0,0,0,0
202601,48,252500,167,1570,28068 ,00000 ,50085 ,288,26420, ,1,77550      ,3,7,0,Galveston,17,17,4368919,0,0,0,0,0,0,0,0,0,0,0,0,0,0,0,0,0,0,0,0,0
202601,48,253000,167,    ,99990 ,00000 ,41051 ,288,26420, , ,775500000  ,3,7,1,Galveston County Unincorporated Area,2,2,592033,0,0,0,0,0,0,0,0,0,2,2,592033,0,0,0,0,0,0,0,0,0
202601,48,253500,239,1573,28080 ,00000 ,2085 ,999,99999, , ,77962      ,3,7,0,Ganado,0,0,0,0,0,0,0,0,0,0,0,0,0,0,0,0,0,0,0,0,0,0,0,0
202601,48,254000,091,1577,28248 ,00000 ,4266 ,484,41700, , ,78266      ,3,7,1,Garden Ridge,0,0,0,0,0,0,0,0,0,0,0,0,0,0,0,0,0,0,0,0,0,0,0,0
202601,48,255000,113,1580,29000 ,00000 ,237940 ,206,19100,2, ,750469002  ,3,7,1,Garland,0,0,0,0,0,0,0,0,0,0,0,0,0,0,0,0,0,0,0,0,0,0,0,0
202601,48,256000,139,1585,29036 ,00000 ,891 ,206,19100, , ,75119      ,3,7,0,Garrett town,0,0,0,0,0,0,0,0,0,0,0,0,0,0,0,0,0,0,0,0,0,0,0,0
202601,48,256500,347,1590,29060 ,00000 ,869 ,999,34860, , ,75946      ,3,7,0,Garrison,0,0,0,0,0,0,0,0,0,0,0,0,0,0,0,0,0,0,0,0,0,0,0,0
202601,48,257500,169,    ,99990 ,00000 ,1099 ,352,31180, , ,793563210  ,3,7,0,Garza County Unincorporated Area,0,0,0,0,0,0,0,0,0,0,0,0,0,0,0,0,0,0,0,0,0,0,0,0
202601,48,258000,099,1595,29168 ,00000 ,12550 ,999,28660, , ,76528      ,3,7,1,Gatesville,0,0,0,0,0,0,0,0,0,5,70,9916956,0,0,0,0,0,0,0,0,0,5,70,9916956
202601,48,258500,297,1605,29348 ,00000 ,2598 ,999,99999, , ,780223789  ,3,7,0,George West,0,0,0,0,0,0,0,0,0,0,0,0,0,0,0,0,0,0,0,0,0,0,0,0
202601,48,259000,491,1600,29336 ,00000 ,85538 ,999,12420, ,1,78627      ,3,7,1,Georgetown,137,137,0,0,0,0,0,0,0,0,0,0,137,137,0,0,0,0,0,0,0,0,0,0
202601,48,259500,309,1607,29408 ,00000 ,1127 ,999,47380, , ,76705      ,3,7,1,Gholson,0,0,0,0,0,0,0,0,0,0,0,0,0,0,0,0,0,0,0,0,0,0,0,0
202601,48,260000,287,1610,29432 ,00000 ,5148 ,999,99999, , ,78942      ,3,7,1,Giddings,2,2,592410,0,0,0,0,0,0,0,0,0,2,2,592410,0,0,0,0,0,0,0,0,0
202601,48,261000,459,1620,29564 ,00000 ,5188 ,999,30980, , ,75644      ,3,7,0,Gilmer,1,1,301523,0,0,0,0,0,0,0,0,0,0,0,0,0,0,0,0,0,0,0,0,0
202601,48,261500,183,1625,29660 ,00000 ,3859 ,999,30980,2, ,75647      ,3,7,0,Gladewater,1,1,287588,0,0,0,0,0,0,0,0,0,0,0,0,0,0,0,0,0,0,0,0,0
202601,48,263000,425,1630,29876 ,00000 ,2736 ,999,99999, , ,76043      ,3,7,1,Glen Rose,6,6,2423000,0,0,0,0,0,0,0,0,0,6,6,2423000,0,0,0,0,0,0,0,0,0
202601,48,263500,113,1627,29840 ,00000 ,10922 ,206,19100,2, ,75154      ,3,7,1,Glenn Heights,0,0,0,0,0,0,0,0,0,0,0,0,0,0,0,0,0,0,0,0,0,0,0,0
202601,48,264500,251,1635,29972 ,00000 ,1712 ,206,19100, , ,76044      ,3,7,1,Godley,18,18,5328300,0,0,0,0,0,0,0,0,0,18,18,5328300,0,0,0,0,0,0,0,0,0
202601,48,266000,175,1650,30080 ,00000 ,1985 ,544,47020, , ,779630939  ,3,7,0,Goliad,0,0,0,0,0,0,0,0,0,0,0,0,0,0,0,0,0,0,0,0,0,0,0,0
202601,48,267000,145,1653,30092 ,00000 ,448 ,999,47380,2, ,76655      ,3,7,0,Golinda,0,0,0,0,0,0,0,0,0,0,0,0,0,0,0,0,0,0,0,0,0,0,0,0
202601,48,268000,177,1655,30116 ,00000 ,7596 ,999,99999, , ,78629      ,3,7,0,Gonzales,1,1,234024,0,0,0,0,0,0,0,0,0,0,0,0,0,0,0,0,0,0,0,0,0
202601,48,269000,349,1657,30188 ,00000 ,197 ,206,18620, , ,75144      ,3,7,0,Goodlow,0,0,0,0,0,0,0,0,0,0,0,0,0,0,0,0,0,0,0,0,0,0,0,0
202601,48,272000,503,1680,30392 ,00000 ,8568 ,999,99999, , ,76450      ,3,7,0,Graham,1,1,100500,0,0,0,0,0,0,0,0,0,0,0,0,0,0,0,0,0,0,0,0,0
202601,48,272500,221,1685,30416 ,00000 ,11101 ,206,24180, ,2,76048      ,3,7,1,Granbury,13,13,3890103,0,0,0,0,0,0,0,0,0,13,13,3890103,0,0,0,0,0,0,0,0,0
202601,48,273000,113,1695,30464 ,00000 ,133811 ,206,19100,2, ,75050      ,3,7,1,Grand Prairie,30,30,1234421,0,0,0,0,0,0,0,0,0,30,30,1234421,0,0,0,0,0,0,0,0,0
202601,48,274500,467,1700,30476 ,00000 , ,999,99999, , ,75140      ,3,7,0,Grand Saline,0,0,0,0,0,0,0,0,0,0,0,0,0,0,0,0,0,0,0,0,0,0,0,0
202601,48,275500,251,1705,30512 ,00000 ,55780 ,206,19100, , ,76050      ,3,7,0,Grandview,2,2,575177,0,0,0,0,0,0,0,0,0,0,0,0,0,0,0,0,0,0,0,0,0
202601,48,276000,491,1710,30548 ,00000 ,1514 ,999,12420, , ,76530      ,3,7,0,Granger,0,0,0,0,0,0,0,0,0,0,0,0,0,0,0,0,0,0,0,0,0,0,0,0
202601,48,276500,053,1712,30584 ,00000 ,5162 ,999,99999, , ,78654      ,3,7,0,Granite Shoals,4,4,1242793,0,0,0,0,0,0,0,0,0,0,0,0,0,0,0,0,0,0,0,0,0
202601,48,276700,215,1713,30608 ,00000 ,317 ,365,32580, , ,78572      ,3,7,0,Granjeno,0,0,0,0,0,0,0,0,0,0,0,0,0,0,0,0,0,0,0,0,0,0,0,0
202601,48,277000,225,1715,30632 ,00000 ,1429 ,999,99999, , ,75844      ,3,7,0,Grapeland,0,0,0,0,0,0,0,0,0,0,0,0,0,0,0,0,0,0,0,0,0,0,0,0
202601,48,278500,439,1720,30644 ,00000 ,55780 ,206,19100,2,1,76051      ,3,7,1,Grapevine,1,1,1150000,0,0,0,0,0,0,0,0,0,1,1,1150000,0,0,0,0,0,0,0,0,0
202601,48,280000,257,1721,30752 ,00000 ,388 ,206,19100, , ,75158      ,3,7,0,Grays Prairie village,0,0,0,0,0,0,0,0,0,0,0,0,0,0,0,0,0,0,0,0,0,0,0,0
202601,48,280500,181,    ,99990 ,00000 ,41384 ,206,43300,2, ,75090      ,3,7,0,Grayson County Unincorporated Area,0,0,0,0,0,0,0,0,0,0,0,0,0,0,0,0,0,0,0,0,0,0,0,0
202601,48,281000,231,1728,30920 ,00000 ,29374 ,206,19100, , ,754031049  ,3,7,1,Greenville,26,26,5765625,0,0,0,0,0,0,0,0,0,26,26,5765625,0,0,0,0,0,0,0,0,0
202601,48,282000,409,1735,31064 ,00000 ,1866 ,204,18580, , ,78359      ,3,7,0,Gregory,0,0,0,0,0,0,0,0,0,0,0,0,0,0,0,0,0,0,0,0,0,0,0,0
202601,48,282500,029,1737,31100 ,00000 ,575 ,484,41700, , ,78023      ,3,7,0,Grey Forest,0,0,0,0,0,0,0,0,0,0,0,0,0,0,0,0,0,0,0,0,0,0,0,0
202601,48,283500,293,1745,31280 ,00000 ,4173 ,999,99999, , ,76642      ,3,7,0,Groesbeck,0,0,0,0,0,0,0,0,0,0,0,0,0,0,0,0,0,0,0,0,0,0,0,0
202601,48,284000,065,1750,31292 ,00000 ,547 ,108,11100, , ,790390217  ,3,7,0,Groom town,0,0,0,0,0,0,0,0,0,0,0,0,0,0,0,0,0,0,0,0,0,0,0,0
202601,48,284500,245,1755,31328 ,00000 ,15268 ,999,13140, , ,77619      ,3,7,1,Groves,0,0,0,0,0,0,0,0,0,0,0,0,0,0,0,0,0,0,0,0,0,0,0,0
202601,48,285000,455,1760,31340 ,00000 ,1030 ,999,99999, , ,75845      ,3,7,0,Groveton,0,0,0,0,0,0,0,0,0,0,0,0,0,0,0,0,0,0,0,0,0,0,0,0
202601,48,285500,195,1770,31412 ,00000 ,1111 ,999,99999, , ,79040      ,3,7,0,Gruver,0,0,0,0,0,0,0,0,0,0,0,0,0,0,0,0,0,0,0,0,0,0,0,0
202601,48,286500,213,1773,31592 ,00000 ,6309 ,206,11980, , ,751564398  ,3,7,1,Gun Barrel City,1,1,296017,0,0,0,0,0,0,0,0,0,1,1,296017,0,0,0,0,0,0,0,0,0
202601,48,287000,181,1775,31616 ,00000 ,1748 ,206,43300, , ,75058      ,3,7,0,Gunter,3,3,1900507,0,0,0,0,0,0,0,0,0,0,0,0,0,0,0,0,0,0,0,0,0
202601,48,288000,121,1783,31715 ,00000 ,1094 ,206,19100, , ,75034      ,3,7,0,Hackberry town,0,0,0,0,0,0,0,0,0,0,0,0,0,0,0,0,0,0,0,0,0,0,0,0
202601,48,288500,189,1785,31820 ,00000 ,2006 ,352,38380, , ,79041      ,3,7,0,Hale Center,0,0,0,0,0,0,0,0,0,0,0,0,0,0,0,0,0,0,0,0,0,0,0,0
202601,48,289000,189,    ,99990 ,00000 ,7924 ,352,38380,2, ,790728050  ,3,7,0,Hale County Unincorporated Area,0,0,0,0,0,0,0,0,0,0,0,0,0,0,0,0,0,0,0,0,0,0,0,0
202601,48,290000,285,1790,31868 ,00000 ,2642 ,999,99999, , ,77964      ,3,7,0,Hallettsville,1,1,84333,0,0,0,0,0,0,0,0,0,0,0,0,0,0,0,0,0,0,0,0,0
202601,48,290500,309,2940,31880 ,00000 ,454 ,999,47380, , ,76705      ,3,7,0,Hallsburg,0,0,0,0,0,0,0,0,0,0,0,0,0,0,0,0,0,0,0,0,0,0,0,0
202601,48,291000,203,1795,31904 ,00000 ,4406 ,999,30980, , ,756500899  ,3,7,0,Hallsville,0,0,0,0,0,0,0,0,0,0,0,0,0,0,0,0,0,0,0,0,0,0,0,0
202601,48,291500,439,1800,31928 ,00000 ,43728 ,206,19100, , ,76117      ,3,7,0,Haltom City,10,10,1698405,0,0,0,0,0,0,0,0,0,0,0,0,0,0,0,0,0,0,0,0,0
202601,48,292000,193,1805,31952 ,00000 ,3025 ,999,99999, , ,765311920  ,3,7,0,Hamilton,0,0,0,0,0,0,0,0,0,0,0,0,0,0,0,0,0,0,0,0,0,0,0,0
202601,48,293500,253,1810,31964 ,00000 ,1997 ,101,10180,2, ,79520      ,3,7,0,Hamlin,0,0,0,0,0,0,0,0,0,0,0,0,0,0,0,0,0,0,0,0,0,0,0,0
202601,48,296000,199,    ,99990 ,00000 ,33820 ,999,13140, , ,77625      ,3,7,1,Hardin County Unincorporated Area,20,20,5924100,0,0,0,0,0,0,0,0,0,20,20,5924100,0,0,0,0,0,0,0,0,0
202601,48,296500,291,2970,32240 ,00000 ,966 ,288,26420, , ,77561      ,3,7,0,Hardin,0,0,0,0,0,0,0,0,0,0,0,0,0,0,0,0,0,0,0,0,0,0,0,0
202601,48,297000,027,1819,32312 ,00000 ,33071 ,999,28660, , ,76548      ,3,7,1,Harker Heights,1,1,125000,1,2,270000,0,0,0,0,0,0,1,1,125000,1,2,270000,0,0,0,0,0,0
202601,48,297500,061,1820,32372 ,00000 ,65176 ,154,15180, ,1,78550      ,3,7,0,Harlingen,14,14,2620445,2,4,530917,0,0,0,1,5,255753,0,0,0,0,0,0,0,0,0,0,0,0
202601,48,298000,201,    ,99990 ,00000 ,1967577 ,288,26420, , ,77092      ,3,7,1,Harris County Unincorporated Area,933,933,276183569,0,0,0,0,0,0,0,0,0,933,933,276183569,0,0,0,0,0,0,0,0,0
202601,48,299000,069,1825,32576 ,00000 ,1016 ,999,99999, , ,79043      ,3,7,0,Hart,0,0,0,0,0,0,0,0,0,0,0,0,0,0,0,0,0,0,0,0,0,0,0,0
202601,48,300000,207,1835,32696 ,00000 ,3204 ,999,99999, , ,79521      ,3,7,0,Haskell,0,0,0,0,0,0,0,0,0,0,0,0,0,0,0,0,0,0,0,0,0,0,0,0
202601,48,301500,439,1837,32720 ,00000 ,2137 ,206,19100,2, ,76052      ,3,7,1,Haslet,26,26,7696434,0,0,0,0,0,0,0,0,0,26,26,7696434,0,0,0,0,0,0,0,0,0
202601,48,301700,231,1839,32810 ,00000 ,562 ,206,19100, , ,75474      ,3,7,0,Hawk Cove,1,1,287588,0,0,0,0,0,0,0,0,0,0,0,0,0,0,0,0,0,0,0,0,0
202601,48,302000,499,1840,32816 ,00000 ,1345 ,999,99999, , ,757650329  ,3,7,0,Hawkins,0,0,0,0,0,0,0,0,0,0,0,0,0,0,0,0,0,0,0,0,0,0,0,0
202601,48,303500,209,    ,99990 ,00000 ,91351 ,999,12420, , ,78640      ,3,7,0,Hays County Unincorporated Area,97,97,19720963,0,0,0,0,0,0,0,0,0,0,0,0,0,0,0,0,0,0,0,0,0
202601,48,304000,395,1845,32972 ,00000 ,4340 ,999,17780, , ,77859      ,3,7,0,Hearne,2,2,575177,0,0,0,0,0,0,0,0,0,0,0,0,0,0,0,0,0,0,0,0,0
202601,48,304500,397,1847,32984 ,00000 ,9718 ,206,19100,2, ,75087      ,3,7,0,Heath,6,6,1724017,0,0,0,0,0,0,0,0,0,0,0,0,0,0,0,0,0,0,0,0,0
202601,48,305000,121,1851,33020 ,00000 ,212 ,206,19100,2, ,750118916  ,3,7,0,Hebron town,0,0,0,0,0,0,0,0,0,0,0,0,0,0,0,0,0,0,0,0,0,0,0,0
202601,48,306000,201,1860,33068 ,00000 ,2600 ,288,26420, , ,77024      ,3,7,1,Hedwig Village,1,1,296017,0,0,0,0,0,0,0,0,0,1,1,296017,0,0,0,0,0,0,0,0,0
202601,48,306500,029,1863,33146 ,00000 ,10277 ,484,41700, , ,78023      ,3,7,0,Helotes,4,4,1147835,0,0,0,0,0,0,0,0,0,0,0,0,0,0,0,0,0,0,0,0,0
202601,48,307000,403,1865,33188 ,00000 ,1211 ,999,99999, , ,75948      ,3,7,0,Hemphill,0,0,0,0,0,0,0,0,0,0,0,0,0,0,0,0,0,0,0,0,0,0,0,0
202601,48,308000,473,1870,33200 ,00000 ,8835 ,288,26420, , ,77445      ,3,7,0,Hempstead,4,4,1150353,0,0,0,0,0,0,0,0,0,0,0,0,0,0,0,0,0,0,0,0,0
202601,48,308500,401,1875,33212 ,00000 ,13049 ,999,30980, , ,75652      ,3,7,0,Henderson,0,0,0,0,0,0,0,0,0,0,0,0,0,0,0,0,0,0,0,0,0,0,0,0
202601,48,309500,077,1880,33284 ,00000 ,3133 ,999,48660, , ,763650409  ,3,7,1,Henrietta,0,0,0,0,0,0,0,0,0,0,0,0,0,0,0,0,0,0,0,0,0,0,0,0
202601,48,310000,117,1885,33320 ,00000 ,14389 ,999,25820, ,2,79045      ,3,7,0,Hereford,1,1,302641,1,2,249820,0,0,0,0,0,0,0,0,0,0,0,0,0,0,0,0,0,0
202601,48,310500,309,1888,33428 ,00000 ,15113 ,999,47380, , ,766434100  ,3,7,1,Hewitt,6,6,2273699,0,0,0,0,0,0,0,0,0,6,6,2273699,0,0,0,0,0,0,0,0,0
202601,48,311000,121,1889,33476 ,00000 ,4999 ,206,19100, , ,75065      ,3,7,1,Hickory Creek town,0,0,0,0,0,0,0,0,0,0,0,0,0,0,0,0,0,0,0,0,0,0,0,0
202601,48,311500,193,3120,33548 ,00000 ,1437 ,999,99999,2, ,76457      ,3,7,0,Hico,1,1,100602,0,0,0,0,0,0,0,0,0,0,0,0,0,0,0,0,0,0,0,0,0
202601,48,312000,215,1895,33560 ,00000 ,14305 ,365,32580, , ,78557      ,3,7,0,Hidalgo,9,9,2583421,0,0,0,0,0,0,0,0,0,0,0,0,0,0,0,0,0,0,0,0,0
202601,48,312500,215,    ,99990 ,00000 ,256346 ,365,32580, , ,78542      ,3,7,1,Hidalgo County Unincorporated Area,109,109,0,0,0,0,0,0,0,0,0,0,109,109,0,0,0,0,0,0,0,0,0,0
202601,48,312800,423,1897,33578 ,00000 ,3208 ,540,46340, , ,75771      ,3,7,0,Hideaway,1,1,274691,0,0,0,0,0,0,0,0,0,0,0,0,0,0,0,0,0,0,0,0,0
202601,48,313400,053,1903,33794 ,00000 ,445 ,999,99999, , ,78654      ,3,7,0,Highland Haven,0,0,0,0,0,0,0,0,0,0,0,0,0,0,0,0,0,0,0,0,0,0,0,0
202601,48,313500,113,1905,33824 ,00000 ,9050 ,206,19100, , ,75205      ,3,7,1,Highland Park town,2,2,592033,0,0,0,0,0,0,0,0,0,2,2,592033,0,0,0,0,0,0,0,0,0
202601,48,314000,121,1915,33848 ,00000 ,16885 ,206,19100, , ,75077      ,3,7,1,Highland Village,0,0,0,0,0,0,0,0,0,0,0,0,0,0,0,0,0,0,0,0,0,0,0,0
202601,48,314500,029,1920,33968 ,00000 ,1110 ,484,41700, , ,78232      ,3,7,0,Hill Country Village,0,0,0,0,0,0,0,0,0,0,0,0,0,0,0,0,0,0,0,0,0,0,0,0
202601,48,315500,039,1923,34018 ,00000 ,706 ,288,26420, , ,775121172  ,3,7,0,Hillcrest Village,0,0,0,0,0,0,0,0,0,0,0,0,0,0,0,0,0,0,0,0,0,0,0,0
202601,48,316000,217,1925,34088 ,00000 ,8516 ,999,99999, , ,76645      ,3,7,0,Hillsboro,2,2,432719,0,0,0,0,0,0,0,0,0,0,0,0,0,0,0,0,0,0,0,0,0
202601,48,316500,201,1930,34148 ,00000 ,806 ,288,26420, , ,77055      ,3,7,0,Hilshire Village,1,1,287588,0,0,0,0,0,0,0,0,0,0,0,0,0,0,0,0,0,0,0,0,0
202601,48,317000,167,1935,34220 ,00000 ,7884 ,288,26420, , ,77563      ,3,7,1,Hitchcock,0,0,0,0,0,0,0,0,0,0,0,0,0,0,0,0,0,0,0,0,0,0,0,0
202601,48,318000,039,1938,34502 ,00000 ,1225 ,288,26420, , ,775158403  ,3,7,0,Holiday Lakes town,0,0,0,0,0,0,0,0,0,0,0,0,0,0,0,0,0,0,0,0,0,0,0,0
202601,48,318500,027,1940,34508 ,00000 ,1189 ,999,28660, , ,76534      ,3,7,0,Holland town,1,1,230000,0,0,0,0,0,0,0,0,0,0,0,0,0,0,0,0,0,0,0,0,0
202601,48,319000,009,1945,34532 ,00000 ,1717 ,999,48660, , ,76366      ,3,7,1,Holliday,1,1,300000,0,0,0,0,0,0,0,0,0,1,1,300000,0,0,0,0,0,0,0,0,0
202601,48,319500,029,1950,34628 ,00000 ,3328 ,484,41700, , ,78232      ,3,7,0,Hollywood Park town,0,0,0,0,0,0,0,0,0,0,0,0,0,0,0,0,0,0,0,0,0,0,0,0
202601,48,320000,325,1955,34676 ,00000 ,9492 ,484,41700, , ,78861      ,3,7,1,Hondo,1,1,156000,0,0,0,0,0,0,0,0,0,1,1,156000,0,0,0,0,0,0,0,0,0
202601,48,320500,147,1960,34700 ,00000 ,1738 ,206,14300, , ,75446      ,3,7,0,Honey Grove,0,0,0,0,0,0,0,0,0,0,0,0,0,0,0,0,0,0,0,0,0,0,0,0
202601,48,321500,037,1970,34736 ,00000 ,2709 ,999,45500, , ,75561      ,3,7,0,Hooks,0,0,0,0,0,0,0,0,0,0,0,0,0,0,0,0,0,0,0,0,0,0,0,0
202601,48,322500,141,1973,34832 ,00000 ,20257 ,238,21340, , ,79928      ,3,7,1,Horizon City,9,9,2664150,0,0,0,0,0,0,0,0,0,9,9,2664150,0,0,0,0,0,0,0,0,0
202601,48,322900,299,1974,34862 ,00000 ,3277 ,999,99999,2, ,78657      ,3,7,1,Horseshoe Bay,4,4,1184820,0,0,0,0,0,0,0,0,0,4,4,1184820,0,0,0,0,0,0,0,0,0
202601,48,323500,201,1975,35000 ,00000 ,2268194 ,288,26420,2,1,77251      ,3,7,1,Houston,253,253,74892222,70,140,29288014,0,0,0,8,466,69722902,253,253,74892222,70,140,29288014,0,0,0,8,466,69722902
202601,48,325500,129,1978,35072 ,00000 ,398 ,999,99999, , ,79226      ,3,7,0,Howardwick,1,1,58333,0,0,0,0,0,0,0,0,0,0,0,0,0,0,0,0,0,0,0,0,0
202601,48,326000,181,1980,35084 ,00000 ,3390 ,206,43300, , ,754590518  ,3,7,1,Howe town,9,9,2664150,0,0,0,0,0,0,0,0,0,9,9,2664150,0,0,0,0,0,0,0,0,0
202601,48,326500,217,1985,35180 ,00000 ,1418 ,999,99999, , ,76648      ,3,7,0,Hubbard,0,0,0,0,0,0,0,0,0,0,0,0,0,0,0,0,0,0,0,0,0,0,0,0
202601,48,327000,005,1986,35228 ,00000 ,5288 ,999,31260, , ,75904      ,3,7,1,Hudson,1,1,200000,0,0,0,0,0,0,0,0,0,1,1,200000,0,0,0,0,0,0,0,0,0
202601,48,327500,367,1989,35254 ,00000 ,3564 ,206,19100, , ,760877812  ,3,7,1,Hudson Oaks,0,0,0,0,0,0,0,0,0,0,0,0,0,0,0,0,0,0,0,0,0,0,0,0
202601,48,328500,067,1990,35300 ,00000 ,1666 ,999,99999,2, ,75656      ,3,7,0,Hughes Springs,0,0,0,0,0,0,0,0,0,0,0,0,0,0,0,0,0,0,0,0,0,0,0,0
202601,48,329500,201,1995,35348 ,00000 ,15539 ,288,26420, , ,77338      ,3,7,0,Humble,1,1,431417,1,2,388840,0,0,0,0,0,0,0,0,0,0,0,0,0,0,0,0,0,0
202601,48,330500,201,2000,35480 ,00000 ,4824 ,288,26420, , ,77024      ,3,7,1,Hunters Creek Village,2,2,4200000,0,0,0,0,0,0,0,0,0,2,2,4200000,0,0,0,0,0,0,0,0,0
202601,48,331000,005,3310,35492 ,00000 ,2079 ,999,31260, , ,75949      ,3,7,1,Huntington,0,0,0,0,0,0,0,0,0,0,0,0,0,0,0,0,0,0,0,0,0,0,0,0
202601,48,331500,471,2010,35528 ,00000 ,41392 ,288,26660, ,2,77320      ,3,7,1,Huntsville,10,10,2189365,0,0,0,0,0,0,0,0,0,10,10,2189365,0,0,0,0,0,0,0,0,0
202601,48,332000,439,3320,35576 ,00000 ,38172 ,206,19100, , ,76054      ,3,7,1,Hurst,4,4,1184067,0,0,0,0,0,0,0,0,0,4,4,1184067,0,0,0,0,0,0,0,0,0
202601,48,332500,113,2020,35612 ,00000 ,6020 ,206,19100, , ,75141      ,3,7,1,Hutchins,7,7,2072117,0,0,0,0,0,0,0,0,0,7,7,2072117,0,0,0,0,0,0,0,0,0
202601,48,333500,491,2023,35624 ,00000 ,29987 ,999,12420, , ,786344203  ,3,7,1,Hutto,48,48,23698430,0,0,0,0,0,0,0,0,0,48,48,23698430,0,0,0,0,0,0,0,0,0
202601,48,334500,303,2027,35732 ,00000 ,2313 ,352,31180, , ,79329      ,3,7,0,Idalou,0,0,0,0,0,0,0,0,0,0,0,0,0,0,0,0,0,0,0,0,0,0,0,0
202601,48,335000,441,2029,35816 ,00000 ,31 ,101,10180, , ,79604      ,3,7,0,Impact town,0,0,0,0,0,0,0,0,0,0,0,0,0,0,0,0,0,0,0,0,0,0,0,0
202601,48,335500,061,2034,35918 ,00000 ,864 ,154,15180, , ,78566      ,3,7,0,Indian Lake town,0,0,0,0,0,0,0,0,0,0,0,0,0,0,0,0,0,0,0,0,0,0,0,0
202601,48,336000,409,2037,36008 ,00000 ,10043 ,204,18580,2, ,78362      ,3,7,1,Ingleside,1,1,235000,0,0,0,0,0,0,0,0,0,1,1,235000,0,0,0,0,0,0,0,0,0
202601,48,336100,409,2038,36020 ,00000 ,608 ,204,18580, , ,78362      ,3,7,0,Ingleside on the Bay,1,1,305154,0,0,0,0,0,0,0,0,0,0,0,0,0,0,0,0,0,0,0,0,0
202601,48,336500,265,3400,36032 ,00000 ,1871 ,484,28500, , ,780253264  ,3,7,0,Ingram,0,0,0,0,0,0,0,0,0,0,0,0,0,0,0,0,0,0,0,0,0,0,0,0
202601,48,337000,039,2042,36092 ,00000 ,4888 ,288,26420, , ,77583      ,3,7,1,Iowa Colony village,61,61,18057018,0,0,0,0,0,0,0,0,0,61,61,18057018,0,0,0,0,0,0,0,0,0
202601,48,337500,485,2045,36104 ,00000 ,6431 ,999,48660, , ,76367      ,3,7,1,Iowa Park,4,4,1184820,1,2,234203,1,4,591250,0,0,0,4,4,1184820,1,2,234203,1,4,591250,0,0,0
202601,48,339500,113,2060,37000 ,00000 ,240916 ,206,19100, ,1,75060      ,3,7,1,Irving,5,5,4240914,0,0,0,0,0,0,0,0,0,5,5,4240914,0,0,0,0,0,0,0,0,0
202601,48,340000,139,2065,37072 ,00000 ,1964 ,206,19100, , ,76651      ,3,7,1,Italy town,0,0,0,0,0,0,0,0,0,0,0,0,0,0,0,0,0,0,0,0,0,0,0,0
202601,48,340500,217,2070,37084 ,00000 ,1783 ,999,99999, , ,76055      ,3,7,1,Itasca,1,1,296205,0,0,0,0,0,0,0,0,0,1,1,296205,0,0,0,0,0,0,0,0,0
202601,48,340800,457,3445,37112 ,00000 ,1438 ,999,99999, , ,75979      ,3,7,1,Ivanhoe,0,0,0,0,0,0,0,0,0,0,0,0,0,0,0,0,0,0,0,0,0,0,0,0
202601,48,341000,201,2075,37156 ,00000 ,10302 ,288,26420, , ,77029      ,3,7,1,Jacinto City,1,1,125000,0,0,0,0,0,0,0,0,0,1,1,125000,0,0,0,0,0,0,0,0,0
202601,48,342000,237,2080,37168 ,00000 ,4447 ,999,99999, , ,76458      ,3,7,0,Jacksboro,0,0,0,0,0,0,0,0,0,0,0,0,0,0,0,0,0,0,0,0,0,0,0,0
202601,48,343000,073,2085,37216 ,00000 ,14829 ,540,27380, ,2,75766      ,3,7,0,Jacksonville,0,0,0,0,0,0,0,0,0,0,0,0,0,0,0,0,0,0,0,0,0,0,0,0
202601,48,343500,167,2087,37252 ,00000 ,1076 ,288,26420, , ,77554      ,3,7,0,Jamaica Beach,1,1,265088,0,0,0,0,0,0,0,0,0,0,0,0,0,0,0,0,0,0,0,0,0
202601,48,343800,491,2088,37396 ,00000 ,2077 ,999,12420, , ,76537      ,3,7,1,Jarrell,11,11,3258255,0,0,0,0,0,0,0,0,0,11,11,3258255,0,0,0,0,0,0,0,0,0
202601,48,344000,241,2090,37420 ,00000 ,7597 ,999,99999, , ,75951      ,3,7,1,Jasper,0,0,0,0,0,0,0,0,0,0,0,0,0,0,0,0,0,0,0,0,0,0,0,0
202601,48,346000,315,2100,37528 ,00000 ,1924 ,999,99999, , ,75657      ,3,7,0,Jefferson,1,1,302641,0,0,0,0,0,0,0,0,0,0,0,0,0,0,0,0,0,0,0,0,0
202601,48,346500,245,    ,99990 ,00000 ,32450 ,999,13140, , ,77705      ,3,7,1,Jefferson County Unincorporated Area,5,5,2132852,0,0,0,0,0,0,0,0,0,5,5,2132852,0,0,0,0,0,0,0,0,0
202601,48,347000,201,2105,37612 ,00000 ,7767 ,288,26420, , ,770401999  ,3,7,0,Jersey Village,0,0,0,0,0,0,0,0,0,0,0,0,0,0,0,0,0,0,0,0,0,0,0,0
202601,48,347500,289,2110,37648 ,00000 ,1224 ,999,99999, , ,75846      ,3,7,0,Jewett,0,0,0,0,0,0,0,0,0,0,0,0,0,0,0,0,0,0,0,0,0,0,0,0
202601,48,349000,419,2115,37684 ,00000 ,793 ,999,99999,2, ,75954      ,3,7,0,Joaquin,0,0,0,0,0,0,0,0,0,0,0,0,0,0,0,0,0,0,0,0,0,0,0,0
202601,48,349500,031,2120,37780 ,00000 ,2202 ,999,99999, , ,78636      ,3,7,0,Johnson City,1,1,249148,0,0,0,0,0,0,0,0,0,0,0,0,0,0,0,0,0,0,0,0,0
202601,48,350000,251,    ,99990 ,00000 ,75894 ,206,19100, , ,760335537  ,3,7,0,Johnson County Unincorporated Area,35,35,10045334,0,0,0,1,3,438026,0,0,0,0,0,0,0,0,0,0,0,0,0,0,0
202601,48,351500,039,3535,37984 ,00000 ,2062 ,288,26420, , ,77541      ,3,7,0,Jones Creek village,0,0,0,0,0,0,0,0,0,0,0,0,0,0,0,0,0,0,0,0,0,0,0,0
202601,48,352000,453,2127,38020 ,00000 ,2169 ,999,12420, , ,78645      ,3,7,1,Jonestown,0,0,0,0,0,0,0,0,0,0,0,0,0,0,0,0,0,0,0,0,0,0,0,0
202601,48,352500,085,2130,38068 ,00000 ,2377 ,206,19100,2, ,75164      ,3,7,1,Josephine,77,77,13767280,0,0,0,0,0,0,0,0,0,77,77,13767280,0,0,0,0,0,0,0,0,0
202601,48,353500,251,2135,38080 ,00000 ,8202 ,206,19100, , ,760583302  ,3,7,1,Joshua,1,1,121931,0,0,0,0,0,0,0,0,0,1,1,121931,0,0,0,0,0,0,0,0,0
202601,48,354000,013,3555,38116 ,00000 ,4436 ,484,41700, , ,78026      ,3,7,1,Jourdanton,4,4,632775,4,8,800000,0,0,0,0,0,0,4,4,632775,4,8,800000,0,0,0,0,0,0
202601,48,354500,267,2145,38248 ,00000 ,2434 ,999,99999, , ,76849      ,3,7,0,Junction,0,0,0,0,0,0,0,0,0,0,0,0,0,0,0,0,0,0,0,0,0,0,0,0
202601,48,355000,121,2150,38332 ,00000 ,4718 ,206,19100, , ,76247      ,3,7,1,Justin,28,28,9987433,0,0,0,0,0,0,0,0,0,28,28,9987433,0,0,0,0,0,0,0,0,0
202601,48,355500,255,3575,38452 ,00000 ,3406 ,999,99999, , ,78118      ,3,7,1,Karnes City,0,0,0,0,0,0,0,0,0,0,0,0,0,0,0,0,0,0,0,0,0,0,0,0
202601,48,356000,255,    ,99990 ,00000 ,6896 ,999,99999, , ,78118      ,3,7,0,Karnes County Unincorporated Area,4,4,726301,0,0,0,0,0,0,0,0,0,0,0,0,0,0,0,0,0,0,0,0,0
202601,48,357000,201,2160,38476 ,00000 ,18773 ,288,26420,2, ,774920617  ,3,7,1,Katy,13,13,6773145,0,0,0,0,0,0,0,0,0,13,13,6773145,0,0,0,0,0,0,0,0,0
202601,48,358000,257,2165,38488 ,00000 ,8576 ,206,19100, , ,75142      ,3,7,1,Kaufman,0,0,0,0,0,0,0,0,0,0,0,0,0,0,0,0,0,0,0,0,0,0,0,0
202601,48,358500,257,    ,99990 ,00000 ,68022 ,206,19100, , ,75142      ,3,7,0,Kaufman County Unincorporated Area,10,10,2875883,0,0,0,0,0,0,0,0,0,0,0,0,0,0,0,0,0,0,0,0,0
202601,48,359000,251,2170,38548 ,00000 ,6588 ,206,19100, , ,76059      ,3,7,1,Keene,11,11,3256184,0,0,0,0,0,0,0,0,0,11,11,3256184,0,0,0,0,0,0,0,0,0
202601,48,359500,439,2175,38632 ,00000 ,46939 ,206,19100, , ,762440770  ,3,7,1,Keller,2,2,592033,0,0,0,0,0,0,0,0,0,2,2,592033,0,0,0,0,0,0,0,0,0
202601,48,360000,167,2183,38776 ,00000 ,2048 ,288,26420, , ,775653002  ,3,7,1,Kemah,0,0,0,0,0,0,0,0,0,0,0,0,0,0,0,0,0,0,0,0,0,0,0,0
202601,48,360500,257,2190,38788 ,00000 ,1251 ,206,19100, , ,75143      ,3,7,0,Kemp,0,0,0,0,0,0,0,0,0,0,0,0,0,0,0,0,0,0,0,0,0,0,0,0
202601,48,360600,281,2191,38800 ,00000 ,1160 ,999,28660, , ,765390660  ,3,7,0,Kempner,0,0,0,0,0,0,0,0,0,0,0,0,0,0,0,0,0,0,0,0,0,0,0,0
202601,48,361000,259,    ,99990 ,00000 ,27000 ,484,41700, , ,780062027  ,3,7,0,Kendall County Unincorporated Area,0,0,0,0,0,0,0,0,0,0,0,0,0,0,0,0,0,0,0,0,0,0,0,0
202601,48,361500,157,2192,38848 ,00000 ,458 ,288,26420, , ,774510809  ,3,7,0,Kendleton,0,0,0,0,0,0,0,0,0,0,0,0,0,0,0,0,0,0,0,0,0,0,0,0
202601,48,362000,255,2195,38860 ,00000 ,3388 ,999,99999, , ,78119      ,3,7,0,Kenedy,1,1,120000,0,0,0,0,0,0,0,0,0,0,0,0,0,0,0,0,0,0,0,0,0
202601,48,364000,439,2200,38896 ,00000 ,8620 ,206,19100, , ,76060      ,3,7,1,Kennedale,0,0,0,0,0,0,0,0,0,0,0,0,0,0,0,0,0,0,0,0,0,0,0,0
202601,48,365000,349,2205,38992 ,00000 ,1519 ,206,18620, , ,75144      ,3,7,0,Kerens,0,0,0,0,0,0,0,0,0,0,0,0,0,0,0,0,0,0,0,0,0,0,0,0
202601,48,365500,495,2210,39004 ,00000 ,6367 ,999,99999, , ,797450261  ,3,7,0,Kermit,0,0,0,0,0,0,0,0,0,0,0,0,0,0,0,0,0,0,0,0,0,0,0,0
202601,48,366500,265,2215,39040 ,00000 ,23831 ,484,28500, ,2,780285301  ,3,7,0,Kerrville,6,6,1722138,0,0,0,0,0,0,1,17,1904889,0,0,0,0,0,0,0,0,0,0,0,0
202601,48,367000,183,2220,39124 ,00000 ,11371 ,999,30980,2, ,75662      ,3,7,1,Kilgore,2,2,592410,0,0,0,0,0,0,0,0,0,2,2,592410,0,0,0,0,0,0,0,0,0
202601,48,368000,027,2230,39148 ,00000 ,153991 ,999,28660, ,1,76541      ,3,7,1,Killeen,39,39,11551995,4,8,936813,0,0,0,0,0,0,39,39,11551995,4,8,936813,0,0,0,0,0,0
202601,48,369500,273,2235,39352 ,00000 ,24989 ,204,28780, ,2,78363      ,3,7,1,Kingsville,1,1,430208,0,0,0,0,0,0,0,0,0,1,1,430208,0,0,0,0,0,0,0,0,0
202601,48,370500,029,2240,39448 ,00000 ,8719 ,484,41700, , ,78219      ,3,7,0,Kirby,0,0,0,0,0,0,0,0,0,0,0,0,0,0,0,0,0,0,0,0,0,0,0,0
202601,48,371000,241,2245,39460 ,00000 ,2032 ,999,99999, , ,75956      ,3,7,0,Kirbyville,0,0,0,0,0,0,0,0,0,0,0,0,0,0,0,0,0,0,0,0,0,0,0,0
202601,48,374500,199,2270,39868 ,00000 ,2109 ,999,13140, , ,77625      ,3,7,1,Kountze,0,0,0,0,0,0,0,0,0,0,0,0,0,0,0,0,0,0,0,0,0,0,0,0
202601,48,375500,121,2278,39916 ,00000 ,1871 ,206,19100, , ,762276204  ,3,7,1,Krugerville,0,0,0,0,0,0,0,0,0,0,0,0,0,0,0,0,0,0,0,0,0,0,0,0
202601,48,376000,121,2280,39928 ,00000 ,5412 ,206,19100, , ,76249      ,3,7,1,Krum,0,0,0,0,0,0,0,0,0,0,0,0,0,0,0,0,0,0,0,0,0,0,0,0
202601,48,376400,041,2281,39940 ,00000 ,410 ,999,17780, , ,77862      ,3,7,0,Kurten town,0,0,0,0,0,0,0,0,0,0,0,0,0,0,0,0,0,0,0,0,0,0,0,0
202601,48,376500,209,2283,39952 ,00000 ,51558 ,999,12420, , ,78640      ,3,7,1,Kyle,34,34,12034773,0,0,0,0,0,0,0,0,0,34,34,12034773,0,0,0,0,0,0,0,0,0
202601,48,377000,061,2300,40204 ,00000 ,7240 ,154,15180, , ,785595002  ,3,7,0,La Feria,6,6,1019491,0,0,0,0,0,0,0,0,0,0,0,0,0,0,0,0,0,0,0,0,0
202601,48,377500,149,2305,40276 ,00000 ,4681 ,999,99999, , ,78945      ,3,7,0,La Grange,0,0,0,0,0,0,0,0,0,0,0,0,0,0,0,0,0,0,0,0,0,0,0,0
202601,48,378500,215,2322,40384 ,00000 ,4581 ,365,32580, , ,785600180  ,3,7,1,La Joya,0,0,0,0,0,0,0,0,0,0,0,0,0,0,0,0,0,0,0,0,0,0,0,0
202601,48,379000,167,2370,41116 ,00000 ,17642 ,288,26420, , ,77568      ,3,7,0,La Marque,6,6,1725530,0,0,0,0,0,0,0,0,0,0,0,0,0,0,0,0,0,0,0,0,0
202601,48,379500,201,2384,41440 ,00000 ,35775 ,288,26420, , ,77571      ,3,7,1,La Porte,4,4,1184067,0,0,0,0,0,0,0,0,0,4,4,1184067,0,0,0,0,0,0,0,0,0
202601,48,380500,493,2415,41764 ,00000 ,1449 ,484,41700, , ,78121      ,3,7,1,La Vernia,2,2,1000000,0,0,0,0,0,0,0,0,0,2,2,1000000,0,0,0,0,0,0,0,0,0
202601,48,381000,215,2417,41788 ,00000 ,2935 ,365,32580, , ,78562      ,3,7,0,La Villa,2,2,284832,0,0,0,0,0,0,0,0,0,0,0,0,0,0,0,0,0,0,0,0,0
202601,48,382000,325,2288,40108 ,00000 ,1263 ,484,41700, , ,780390112  ,3,7,0,LaCoste,0,0,0,0,0,0,0,0,0,0,0,0,0,0,0,0,0,0,0,0,0,0,0,0
202601,48,382500,309,2290,40168 ,00000 ,6803 ,999,47380, , ,76715      ,3,7,0,Lacy-Lakeview,1,1,180658,0,0,0,0,0,0,0,0,0,0,0,0,0,0,0,0,0,0,0,0,0
202601,48,383500,453,2303,40264 ,00000 ,7943 ,999,12420, , ,78645      ,3,7,0,Lago Vista,12,12,4394506,0,0,0,0,0,0,0,0,0,0,0,0,0,0,0,0,0,0,0,0,0
202601,48,384000,061,2315,40336 ,00000 ,3217 ,154,15180, , ,78578      ,3,7,0,Laguna Vista town,1,1,287588,0,0,0,0,0,0,0,0,0,0,0,0,0,0,0,0,0,0,0,0,0
202601,48,384500,497,2327,40450 ,00000 ,405 ,206,19100, , ,76426      ,3,7,0,Lake Bridgeport,0,0,0,0,0,0,0,0,0,0,0,0,0,0,0,0,0,0,0,0,0,0,0,0
202601,48,385500,121,2332,40516 ,00000 ,8124 ,206,19100, , ,75065      ,3,7,1,Lake Dallas,0,0,0,0,0,0,0,0,0,0,0,0,0,0,0,0,0,0,0,0,0,0,0,0
202601,48,386000,039,2337,40588 ,00000 ,27063 ,288,26420, , ,77566      ,3,7,1,Lake Jackson,0,0,0,0,0,0,0,0,0,0,0,0,0,0,0,0,0,0,0,0,0,0,0,0
202601,48,386500,381,2354,40804 ,00000 ,898 ,108,11100, , ,79118      ,3,7,0,Lake Tanglewood village,0,0,0,0,0,0,0,0,0,0,0,0,0,0,0,0,0,0,0,0,0,0,0,0
202601,48,387000,439,2365,41056 ,00000 ,4867 ,206,19100, , ,76135      ,3,7,1,Lake Worth,4,4,900000,0,0,0,0,0,0,0,0,0,4,4,900000,0,0,0,0,0,0,0,0,0
202601,48,387500,183,2341,40696 ,00000 ,997 ,999,30980, , ,75603      ,3,7,0,Lakeport,1,1,210000,0,0,0,0,0,0,0,0,0,0,0,0,0,0,0,0,0,0,0,0,0
202601,48,388000,009,2352,40756 ,00000 ,1008 ,999,48660, , ,763080287  ,3,7,1,Lakeside City town,0,0,0,0,0,0,0,0,0,0,0,0,0,0,0,0,0,0,0,0,0,0,0,0
202601,48,389500,439,2349,40744 ,00000 ,1586 ,206,19100, , ,76108      ,3,7,0,Lakeside town,0,0,0,0,0,0,0,0,0,0,0,0,0,0,0,0,0,0,0,0,0,0,0,0
202601,48,390500,453,2358,40984 ,00000 ,16216 ,999,12420, , ,787345159  ,3,7,0,Lakeway,3,3,879633,0,0,0,0,0,0,0,0,0,0,0,0,0,0,0,0,0,0,0,0,0
202601,48,391000,121,2361,41050 ,00000 ,1002 ,206,19100, , ,75068      ,3,7,0,Lakewood Village,0,0,0,0,0,0,0,0,0,0,0,0,0,0,0,0,0,0,0,0,0,0,0,0
202601,48,392500,115,2375,41164 ,00000 ,9131 ,999,99999, , ,79331      ,3,7,0,Lamesa,0,0,0,0,0,0,0,0,0,0,0,0,0,0,0,0,0,0,0,0,0,0,0,0
202601,48,393000,281,2380,41188 ,00000 ,8119 ,999,28660, , ,76550      ,3,7,0,Lampasas,1,1,298800,0,0,0,0,0,0,0,0,0,0,0,0,0,0,0,0,0,0,0,0,0
202601,48,394000,113,2381,41212 ,00000 ,39265 ,206,19100, , ,75146      ,3,7,1,Lancaster,3,3,0,0,0,0,0,0,0,0,0,0,3,3,0,0,0,0,0,0,0,0,0,0
202601,48,394500,479,2389,41464 ,00000 ,263640 ,999,29700, ,1,78040      ,3,7,0,Laredo,70,70,19498691,1,2,248345,1,3,361101,1,13,1329432,0,0,0,0,0,0,0,0,0,0,0,0
202601,48,396000,085,2418,41800 ,00000 ,3993 ,206,19100, , ,75166      ,3,7,1,Lavon,32,32,9472534,6,12,1938913,0,0,0,0,0,0,32,32,9472534,6,12,1938913,0,0,0,0,0,0
202601,48,397000,167,2431,41980 ,00000 ,106483 ,288,26420,2, ,77573      ,3,7,0,League City,56,56,11856840,0,0,0,0,0,0,0,0,0,0,0,0,0,0,0,0,0,0,0,0,0
202601,48,399000,491,2434,42016 ,00000 ,68027 ,999,12420,2, ,786460319  ,3,7,1,Leander,56,56,16587480,0,0,0,0,0,0,0,0,0,56,56,16587480,0,0,0,0,0,0,0,0,0
202601,48,400000,287,    ,99990 ,00000 ,10993 ,999,99999, , ,789423245  ,3,7,0,Lee County Unincorporated Area,0,0,0,0,0,0,0,0,0,0,0,0,0,0,0,0,0,0,0,0,0,0,0,0
202601,48,401500,029,2440,42388 ,00000 ,12301 ,484,41700, , ,782382399  ,3,7,0,Leon Valley,2,2,575177,0,0,0,0,0,0,0,0,0,0,0,0,0,0,0,0,0,0,0,0,0
202601,48,402500,147,2439,42352 ,00000 ,2068 ,206,14300, , ,75452      ,3,7,0,Leonard,0,0,0,0,0,0,0,0,0,0,0,0,0,0,0,0,0,0,0,0,0,0,0,0
202601,48,403500,219,2445,42448 ,00000 ,13497 ,352,31180, , ,79336      ,3,7,0,Levelland,1,1,308610,0,0,0,0,0,0,0,0,0,0,0,0,0,0,0,0,0,0,0,0,0
202601,48,404500,121,2450,42508 ,00000 ,110858 ,206,19100,2, ,75029      ,3,7,1,Lewisville,1,1,296017,0,0,0,0,0,0,0,0,0,1,1,296017,0,0,0,0,0,0,0,0,0
202601,48,405000,287,2455,42532 ,00000 ,1256 ,999,99999, , ,78947      ,3,7,0,Lexington town,1,1,190000,0,0,0,0,0,0,0,0,0,0,0,0,0,0,0,0,0,0,0,0,0
202601,48,405500,291,2460,42568 ,00000 ,9506 ,288,26420, , ,77575      ,3,7,1,Liberty,0,0,0,0,0,0,0,0,0,0,0,0,0,0,0,0,0,0,0,0,0,0,0,0
202601,48,406000,291,    ,99990 ,00000 ,59002 ,288,26420,2, ,77575      ,3,7,1,Liberty County Unincorporated Area,45,45,10070409,0,0,0,0,0,0,0,0,0,45,45,10070409,0,0,0,0,0,0,0,0,0
202601,48,406200,491,2462,42664 ,00000 ,3549 ,999,12420, , ,786421920  ,3,7,0,Liberty Hill,23,23,6660964,0,0,0,0,0,0,1,9,920376,0,0,0,0,0,0,0,0,0,0,0,0
202601,48,407500,423,2465,42820 ,00000 ,6730 ,540,46340, , ,75771      ,3,7,1,Lindale,4,4,1184067,0,0,0,0,0,0,0,0,0,4,4,1184067,0,0,0,0,0,0,0,0,0
202601,48,408500,097,2475,42868 ,00000 ,1159 ,206,23620, , ,76250      ,3,7,0,Lindsay,0,0,0,0,0,0,0,0,0,0,0,0,0,0,0,0,0,0,0,0,0,0,0,0
202601,48,410000,121,2483,43012 ,00000 ,56625 ,206,19100, , ,750685060  ,3,7,1,Little Elm,30,30,1129038,0,0,0,0,0,0,0,0,0,30,30,1129038,0,0,0,0,0,0,0,0,0
202601,48,410500,027,2486,43066 ,00000 ,2048 ,999,28660, , ,76554      ,3,7,0,Little River-Academy,0,0,0,0,0,0,0,0,0,0,0,0,0,0,0,0,0,0,0,0,0,0,0,0
202601,48,411000,279,2485,43024 ,00000 ,5755 ,999,99999, , ,793391267  ,3,7,0,Littlefield,0,0,0,0,0,0,0,0,0,0,0,0,0,0,0,0,0,0,0,0,0,0,0,0
202601,48,411500,029,2487,43096 ,00000 ,16661 ,484,41700, , ,78233      ,3,7,0,Live Oak,3,3,733414,0,0,0,0,0,0,0,0,0,0,0,0,0,0,0,0,0,0,0,0,0
202601,48,413000,373,2490,43132 ,00000 ,5503 ,999,99999,2, ,77351      ,3,7,1,Livingston,0,0,0,0,0,0,0,0,0,0,0,0,0,0,0,0,0,0,0,0,0,0,0,0
202601,48,413500,299,2495,43144 ,00000 ,3508 ,999,99999, , ,78643      ,3,7,1,Llano,0,0,0,0,0,0,0,0,0,0,0,0,0,0,0,0,0,0,0,0,0,0,0,0
202601,48,414000,299,    ,99990 ,00000 ,14363 ,999,99999, , ,78643      ,3,7,1,Llano County Unincorporated Area,0,0,0,0,0,0,0,0,0,0,0,0,0,0,0,0,0,0,0,0,0,0,0,0
202601,48,414500,055,2500,43240 ,00000 ,14069 ,999,12420, , ,78644      ,3,7,1,Lockhart,4,4,1184820,0,0,0,0,0,0,1,30,9533569,4,4,1184820,0,0,0,0,0,0,1,30,9533569
202601,48,415000,153,2505,43252 ,00000 ,1619 ,352,38380, , ,79241      ,3,7,0,Lockney town,0,0,0,0,0,0,0,0,0,0,0,0,0,0,0,0,0,0,0,0,0,0,0,0
202601,48,415500,213,2507,43354 ,00000 ,785 ,206,11980, , ,75148      ,3,7,1,Log Cabin,0,0,0,0,0,0,0,0,0,0,0,0,0,0,0,0,0,0,0,0,0,0,0,0
202601,48,416500,231,2520,43636 ,00000 ,699 ,206,19100, , ,75453      ,3,7,1,Lone Oak,0,0,0,0,0,0,0,0,0,0,0,0,0,0,0,0,0,0,0,0,0,0,0,0
202601,48,417000,343,2525,43684 ,00000 ,1473 ,999,34420, , ,756680218  ,3,7,0,Lone Star,0,0,0,0,0,0,0,0,0,0,0,0,0,0,0,0,0,0,0,0,0,0,0,0
202601,48,417500,183,2530,43888 ,00000 ,79801 ,999,30980,2,1,75601      ,3,7,1,Longview,9,9,2665845,0,0,0,0,0,0,0,0,0,9,9,2665845,0,0,0,0,0,0,0,0,0
202601,48,418500,335,2535,43996 ,00000 ,567 ,999,99999, , ,79532      ,3,7,0,Loraine town,0,0,0,0,0,0,0,0,0,0,0,0,0,0,0,0,0,0,0,0,0,0,0,0
202601,48,419000,309,2537,44020 ,00000 ,1756 ,999,47380, , ,76655      ,3,7,0,Lorena,1,1,302641,0,0,0,0,0,0,0,0,0,0,0,0,0,0,0,0,0,0,0,0,0
202601,48,419500,107,2538,44032 ,00000 ,1110 ,352,31180, , ,79343      ,3,7,0,Lorenzo,0,0,0,0,0,0,0,0,0,0,0,0,0,0,0,0,0,0,0,0,0,0,0,0
202601,48,420000,061,2548,44116 ,00000 ,7826 ,154,15180, , ,78566      ,3,7,1,Los Fresnos,3,3,403400,0,0,0,0,0,0,0,0,0,3,3,403400,0,0,0,0,0,0,0,0,0
202601,48,420200,061,2549,44128 ,00000 ,1058 ,154,15180, , ,78587      ,3,7,0,Los Indios town,1,1,287588,0,0,0,0,0,0,0,0,0,0,0,0,0,0,0,0,0,0,0,0,0
202601,48,421000,145,2554,44176 ,00000 ,744 ,999,47380, , ,76656      ,3,7,0,Lott,0,0,0,0,0,0,0,0,0,0,0,0,0,0,0,0,0,0,0,0,0,0,0,0
202601,48,422500,085,2562,44308 ,00000 ,1743 ,206,19100, , ,75069      ,3,7,1,Lowry Crossing,6,6,1776100,0,0,0,0,0,0,0,0,0,6,6,1776100,0,0,0,0,0,0,0,0,0
202601,48,423000,303,2565,45000 ,00000 ,262611 ,352,31180, ,1,79457      ,3,7,1,Lubbock,131,131,40846474,0,0,0,1,4,668499,5,96,10689610,131,131,40846474,0,0,0,1,4,668499,5,96,10689610
202601,48,424000,085,2567,45012 ,00000 ,8819 ,206,19100, , ,75002      ,3,7,1,Lucas,0,0,0,0,0,0,0,0,0,0,0,0,0,0,0,0,0,0,0,0,0,0,0,0
202601,48,426000,005,2575,45072 ,00000 ,34955 ,999,31260, ,2,759020190  ,3,7,0,Lufkin,4,4,1210562,0,0,0,0,0,0,0,0,0,0,0,0,0,0,0,0,0,0,0,0,0
202601,48,426500,055,2580,45096 ,00000 ,5807 ,999,12420,2, ,78648      ,3,7,1,Luling,0,0,0,1,2,234203,0,0,0,0,0,0,0,0,0,1,2,234203,0,0,0,0,0,0
202601,48,427000,199,2582,45120 ,00000 ,13383 ,999,13140, , ,77657      ,3,7,1,Lumberton,6,6,1777230,0,0,0,0,0,0,0,0,0,6,6,1777230,0,0,0,0,0,0,0,0,0
202601,48,427500,489,2585,45228 ,00000 ,2513 ,154,39700, , ,78569      ,3,7,1,Lyford,1,1,87780,0,0,0,0,0,0,0,0,0,1,1,87780,0,0,0,0,0,0,0,0,0
202601,48,428500,013,2590,45288 ,00000 ,2460 ,484,41700,2, ,78052      ,3,7,1,Lytle,9,9,2664150,0,0,0,0,0,0,0,0,0,9,9,2664150,0,0,0,0,0,0,0,0,0
202601,48,430500,257,2593,45324 ,00000 ,3445 ,206,19100,2, ,751470293  ,3,7,1,Mabank town,2,2,340000,0,0,0,0,0,0,0,0,0,2,2,340000,0,0,0,0,0,0,0,0,0
202601,48,431500,313,2630,45996 ,00000 ,4782 ,999,99999, , ,77864      ,3,7,0,Madisonville,0,0,0,0,0,0,0,0,0,0,0,0,0,0,0,0,0,0,0,0,0,0,0,0
202601,48,432000,339,2632,46056 ,00000 ,2224 ,288,26420, , ,77354      ,3,7,1,Magnolia,17,17,5032284,0,0,0,0,0,0,0,0,0,17,17,5032284,0,0,0,0,0,0,0,0,0
202601,48,432500,213,2635,46224 ,00000 ,2314 ,206,11980, , ,75148      ,3,7,0,Malakoff,0,0,0,0,0,0,0,0,0,0,0,0,0,0,0,0,0,0,0,0,0,0,0,0
202601,48,433000,217,2640,46260 ,00000 ,285 ,999,99999, , ,766603112  ,3,7,0,Malone town,0,0,0,0,0,0,0,0,0,0,0,0,0,0,0,0,0,0,0,0,0,0,0,0
202601,48,433500,453,2645,46440 ,00000 ,15767 ,999,12420, , ,78653      ,3,7,0,Manor,38,38,13488797,1,2,230188,0,0,0,0,0,0,0,0,0,0,0,0,0,0,0,0,0,0
202601,48,435000,439,2650,46452 ,00000 ,70746 ,206,19100,2, ,76063      ,3,7,1,Mansfield,24,24,7104400,0,0,0,0,0,0,0,0,0,24,24,7104400,0,0,0,0,0,0,0,0,0
202601,48,435500,039,2652,46500 ,00000 ,13867 ,288,26420, , ,77578      ,3,7,1,Manvel,92,92,41282080,0,0,0,0,0,0,0,0,0,92,92,41282080,0,0,0,0,0,0,0,0,0
202601,48,436000,053,2660,46584 ,00000 ,7114 ,999,99999, , ,78654      ,3,7,0,Marble Falls,11,11,3132355,0,0,0,0,0,0,0,0,0,0,0,0,0,0,0,0,0,0,0,0,0
202601,48,436500,377,2665,46620 ,00000 ,1591 ,999,99999, , ,79843      ,3,7,1,Marfa,0,0,0,0,0,0,0,0,0,0,0,0,0,0,0,0,0,0,0,0,0,0,0,0
202601,48,437500,187,2670,46692 ,00000 ,1281 ,484,41700, , ,78124      ,3,7,1,Marion,0,0,0,0,0,0,0,0,0,0,0,0,0,0,0,0,0,0,0,0,0,0,0,0
202601,48,438500,145,2680,46740 ,00000 ,5551 ,999,47380, , ,76661      ,3,7,0,Marlin,0,0,0,0,0,0,0,0,0,0,0,0,0,0,0,0,0,0,0,0,0,0,0,0
202601,48,439500,203,2690,46776 ,00000 ,22523 ,999,30980, , ,756710698  ,3,7,1,Marshall,3,3,506700,0,0,0,0,0,0,0,0,0,3,3,506700,0,0,0,0,0,0,0,0,0
202601,48,440500,309,2705,46824 ,00000 ,1981 ,999,47380,2, ,76664      ,3,7,0,Mart,0,0,0,0,0,0,0,0,0,0,0,0,0,0,0,0,0,0,0,0,0,0,0,0
202601,48,441500,055,2708,46848 ,00000 ,1212 ,999,12420, , ,786550365  ,3,7,0,Martindale,0,0,0,0,0,0,0,0,0,0,0,0,0,0,0,0,0,0,0,0,0,0,0,0
202601,48,442000,319,2710,46968 ,00000 ,2347 ,999,99999, , ,768560068  ,3,7,0,Mason,1,1,287588,0,0,0,0,0,0,0,0,0,0,0,0,0,0,0,0,0,0,0,0,0
202601,48,442500,319,    ,99990 ,00000 ,1997 ,999,99999, , ,76856      ,3,7,0,Mason County Unincorporated Area,0,0,0,0,0,0,0,0,0,0,0,0,0,0,0,0,0,0,0,0,0,0,0,0
202601,48,443500,321,    ,99990 ,00000 ,14706 ,288,13060, , ,77414      ,3,7,1,Matagorda County Unincorporated Area,12,12,2018251,0,0,0,0,0,0,0,0,0,12,12,2018251,0,0,0,0,0,0,0,0,0
202601,48,444000,409,2720,47040 ,00000 ,4671 ,204,18580, , ,783682351  ,3,7,0,Mathis,1,1,164889,0,0,0,0,0,0,0,0,0,0,0,0,0,0,0,0,0,0,0,0,0
202601,48,444500,037,2725,47088 ,00000 ,1063 ,999,45500, , ,75567      ,3,7,0,Maud,0,0,0,0,0,0,0,0,0,0,0,0,0,0,0,0,0,0,0,0,0,0,0,0
202601,48,445500,139,2730,47268 ,00000 ,1046 ,206,19100, , ,760640400  ,3,7,0,Maypearl,0,0,0,0,0,0,0,0,0,0,0,0,0,0,0,0,0,0,0,0,0,0,0,0
202601,48,446000,215,2595,45384 ,00000 ,143751 ,365,32580, ,1,785050220  ,3,7,1,McAllen,73,73,14592370,8,16,2093825,0,0,0,0,0,0,73,73,14592370,8,16,2093825,0,0,0,0,0,0
202601,48,446500,461,2600,45432 ,00000 ,2036 ,999,99999, , ,797521409  ,3,7,0,McCamey,0,0,0,0,0,0,0,0,0,0,0,0,0,0,0,0,0,0,0,0,0,0,0,0
202601,48,447500,309,2605,45672 ,00000 ,5413 ,999,47380,2, ,76657      ,3,7,0,McGregor,2,2,379765,0,0,0,0,0,0,1,5,514286,0,0,0,0,0,0,0,0,0,0,0,0
202601,48,448000,085,2610,45744 ,00000 ,208272 ,206,19100, , ,75069      ,3,7,1,McKinney,130,130,45285792,0,0,0,0,0,0,0,0,0,130,130,45285792,0,0,0,0,0,0,0,0,0
202601,48,449000,397,2617,45804 ,00000 ,3815 ,206,19100, , ,75032      ,3,7,1,McLendon-Chisholm,14,14,3371308,0,0,0,0,0,0,0,0,0,14,14,3371308,0,0,0,0,0,0,0,0,0
202601,48,450500,445,2735,47316 ,00000 ,577 ,999,99999, , ,79345      ,3,7,0,Meadow,0,0,0,0,0,0,0,0,0,0,0,0,0,0,0,0,0,0,0,0,0,0,0,0
202601,48,451000,053,2736,47330 ,00000 ,1733 ,999,99999, , ,786546611  ,3,7,0,Meadowlakes,0,0,0,0,0,0,0,0,0,0,0,0,0,0,0,0,0,0,0,0,0,0,0,0
202601,48,451500,157,2737,47337 ,00000 ,4813 ,288,26420, , ,77477      ,3,7,0,Meadows Place,0,0,0,0,0,0,0,0,0,0,0,0,0,0,0,0,0,0,0,0,0,0,0,0
202601,48,453000,085,2745,47496 ,00000 ,13793 ,206,19100, , ,754540409  ,3,7,1,Melissa,28,28,8288467,0,0,0,0,0,0,0,0,0,28,28,8288467,0,0,0,0,0,0,0,0,0
202601,48,453500,307,2750,47568 ,00000 ,164 ,999,99999, , ,76858      ,3,7,0,Melvin town,0,0,0,0,0,0,0,0,0,0,0,0,0,0,0,0,0,0,0,0,0,0,0,0
202601,48,454000,191,2755,47616 ,00000 ,1996 ,999,99999, , ,79245      ,3,7,0,Memphis,0,0,0,0,0,0,0,0,0,0,0,0,0,0,0,0,0,0,0,0,0,0,0,0
202601,48,455500,215,2765,47700 ,00000 ,16598 ,365,32580, , ,785700837  ,3,7,0,Mercedes,11,11,2903240,1,2,131167,1,4,572111,0,0,0,0,0,0,0,0,0,0,0,0,0,0,0
202601,48,456000,035,2770,47760 ,00000 ,1502 ,999,47380, , ,76665      ,3,7,0,Meridian,0,0,0,0,0,0,0,0,0,0,0,0,0,0,0,0,0,0,0,0,0,0,0,0
202601,48,456500,441,2775,47796 ,00000 ,2629 ,101,10180, , ,79536      ,3,7,0,Merkel town,0,0,0,0,0,0,0,0,0,0,0,0,0,0,0,0,0,0,0,0,0,0,0,0
202601,48,458000,113,2795,47892 ,00000 ,138775 ,206,19100,2, ,751490137  ,3,7,1,Mesquite,32,32,9472534,0,0,0,0,0,0,0,0,0,32,32,9472534,0,0,0,0,0,0,0,0,0
202601,48,458500,293,2800,47916 ,00000 ,7287 ,999,99999, , ,76667      ,3,7,0,Mexia,2,2,605281,0,0,0,0,0,0,0,0,0,0,0,0,0,0,0,0,0,0,0,0,0
202601,48,460000,329,2807,48072 ,00000 ,147069 ,372,33260,2,1,79702      ,3,7,1,Midland,62,62,18784800,0,0,0,0,0,0,0,0,0,62,62,18784800,0,0,0,0,0,0,0,0,0
202601,48,461000,139,2811,48096 ,00000 ,35146 ,206,19100, , ,76065      ,3,7,1,Midlothian,53,53,15688884,0,0,0,0,0,0,0,0,0,53,53,15688884,0,0,0,0,0,0,0,0,0
202601,48,463500,399,2826,48396 ,00000 ,894 ,999,99999, , ,76861      ,3,7,1,Miles,0,0,0,0,0,0,0,0,0,0,0,0,0,0,0,0,0,0,0,0,0,0,0,0
202601,48,464000,139,2829,48408 ,00000 ,756 ,206,19100, , ,76670      ,3,7,0,Milford town,1,1,93333,0,0,0,0,0,0,0,0,0,0,0,0,0,0,0,0,0,0,0,0,0
202601,48,466000,499,2834,48648 ,00000 ,4951 ,999,99999, , ,75773      ,3,7,1,Mineola,0,0,0,0,0,0,0,0,0,0,0,0,0,0,0,0,0,0,0,0,0,0,0,0
202601,48,466500,363,2835,48684 ,00000 ,15023 ,206,33420,2,2,76068      ,3,7,0,Mineral Wells,1,1,287588,0,0,0,0,0,0,0,0,0,0,0,0,0,0,0,0,0,0,0,0,0
202601,48,467500,363,2845,48720 ,00000 ,256 ,206,33420, , ,76463      ,3,7,0,Mingus,0,0,0,0,0,0,0,0,0,0,0,0,0,0,0,0,0,0,0,0,0,0,0,0
202601,48,468000,215,2850,48768 ,00000 ,84496 ,365,32580, ,1,78572      ,3,7,1,Mission,27,27,5248284,4,8,550000,0,0,0,3,72,9440495,27,27,5248284,4,8,550000,0,0,0,3,72,9440495
202601,48,468500,157,2855,48804 ,00000 ,70351 ,288,26420,2, ,77489      ,3,7,1,Missouri City,4,4,1184067,0,0,0,0,0,0,0,0,0,4,4,1184067,0,0,0,0,0,0,0,0,0
202601,48,470500,475,2860,48936 ,00000 ,7857 ,999,99999,2, ,79756      ,3,7,0,Monahans,0,0,0,0,0,0,0,0,0,0,0,0,0,0,0,0,0,0,0,0,0,0,0,0
202601,48,471500,071,2864,49068 ,00000 ,7137 ,288,26420,2, ,77580      ,3,7,0,Mont Belvieu,11,11,2463018,0,0,0,0,0,0,0,0,0,0,0,0,0,0,0,0,0,0,0,0,0
202601,48,473000,339,2868,49128 ,00000 ,1639 ,288,26420, , ,77316      ,3,7,1,Montgomery,10,10,2960167,0,0,0,0,0,0,0,0,0,10,10,2960167,0,0,0,0,0,0,0,0,0
202601,48,473500,339,    ,99990 ,00000 ,494227 ,288,26420,2, ,773012893  ,3,7,1,Montgomery County Unincorporated Area,545,545,161329095,0,0,0,1,3,461363,0,0,0,545,545,161329095,0,0,0,1,3,461363,0,0,0
202601,48,474000,309,2870,49200 ,00000 ,1433 ,999,47380, , ,76557      ,3,7,0,Moody,1,1,124667,0,0,0,0,0,0,0,0,0,0,0,0,0,0,0,0,0,0,0,0,0
202601,48,476500,201,2885,49380 ,00000 ,337 ,288,26420,2, ,77571      ,3,7,0,Morgans Point,0,0,0,0,0,0,0,0,0,0,0,0,0,0,0,0,0,0,0,0,0,0,0,0
202601,48,477000,027,2886,49392 ,00000 ,4785 ,999,28660, , ,76513      ,3,7,1,Morgans Point Resort,0,0,0,0,0,0,0,0,0,0,0,0,0,0,0,0,0,0,0,0,0,0,0,0
202601,48,478000,079,2890,49464 ,00000 ,1840 ,352,31180, , ,79346      ,3,7,0,Morton,0,0,0,0,0,0,0,0,0,0,0,0,0,0,0,0,0,0,0,0,0,0,0,0
202601,48,480500,449,2910,49800 ,00000 ,16020 ,999,34420, ,2,75455      ,3,7,1,Mount Pleasant,1,1,296205,0,0,0,0,0,0,0,0,0,1,1,296205,0,0,0,0,0,0,0,0,0
202601,48,481000,159,2915,49860 ,00000 ,2769 ,999,99999, , ,75457      ,3,7,0,Mount Vernon town,0,0,0,0,0,0,0,0,0,0,0,0,0,0,0,0,0,0,0,0,0,0,0,0
202601,48,481500,209,2897,49600 ,00000 ,858 ,999,12420, , ,78610      ,3,7,0,Mountain City,0,0,0,0,0,0,0,0,0,0,0,0,0,0,0,0,0,0,0,0,0,0,0,0
202601,48,482000,097,2920,49932 ,00000 ,1664 ,206,23620, , ,76252      ,3,7,1,Muenster,1,1,296017,0,0,0,0,0,0,0,0,0,1,1,296017,0,0,0,0,0,0,0,0,0
202601,48,482500,017,2925,49968 ,00000 ,4822 ,999,99999, , ,79347      ,3,7,0,Muleshoe,0,0,0,0,0,0,0,0,0,0,0,0,0,0,0,0,0,0,0,0,0,0,0,0
202601,48,484000,213,2937,50076 ,00000 ,610 ,206,11980, , ,75778      ,3,7,0,Murchison,0,0,0,0,0,0,0,0,0,0,0,0,0,0,0,0,0,0,0,0,0,0,0,0
202601,48,484500,085,2940,50100 ,00000 ,20844 ,206,19100, , ,75094      ,3,7,0,Murphy,1,1,782824,0,0,0,0,0,0,0,0,0,0,0,0,0,0,0,0,0,0,0,0,0
202601,48,486000,453,2943,50200 ,00000 ,528 ,999,12420,2, ,78610      ,3,7,0,Mustang Ridge,0,0,0,0,0,0,0,0,0,0,0,0,0,0,0,0,0,0,0,0,0,0,0,0
202601,48,487000,347,2945,50256 ,00000 ,32461 ,999,34860, ,2,759635030  ,3,7,0,Nacogdoches,2,2,487377,0,0,0,0,0,0,0,0,0,0,0,0,0,0,0,0,0,0,0,0,0
202601,48,488500,037,2955,50352 ,00000 ,3781 ,999,45500, , ,75569      ,3,7,1,Nash,0,0,0,0,0,0,0,0,0,0,0,0,0,0,0,0,0,0,0,0,0,0,0,0
202601,48,489000,201,2956,50376 ,00000 ,3907 ,288,26420, , ,770588448  ,3,7,0,Nassau Bay,0,0,0,0,0,0,0,0,0,0,0,0,0,0,0,0,0,0,0,0,0,0,0,0
202601,48,489500,325,2957,50400 ,00000 ,1622 ,484,41700, , ,78059      ,3,7,0,Natalia,0,0,0,0,0,0,0,0,0,0,0,0,0,0,0,0,0,0,0,0,0,0,0,0
202601,48,490000,349,    ,99990 ,00000 ,18875 ,206,18620,2, ,751104672  ,3,7,0,Navarro County Unincorporated Area,25,25,6385448,0,0,0,0,0,0,0,0,0,0,0,0,0,0,0,0,0,0,0,0,0
202601,48,490500,349,2960,50448 ,00000 ,217 ,206,18620, , ,75110      ,3,7,0,Navarro town,0,0,0,0,0,0,0,0,0,0,0,0,0,0,0,0,0,0,0,0,0,0,0,0
202601,48,491000,185,5150,50472 ,00000 ,8374 ,999,99999, , ,77868      ,3,7,1,Navasota,2,2,331488,0,0,0,0,0,0,0,0,0,2,2,331488,0,0,0,0,0,0,0,0,0
202601,48,492000,245,2970,50580 ,00000 ,17184 ,999,13140, , ,77627      ,3,7,0,Nederland,1,1,286433,0,0,0,0,0,0,0,0,0,0,0,0,0,0,0,0,0,0,0,0,0
202601,48,492500,157,2975,50628 ,00000 ,3131 ,288,26420, , ,77461      ,3,7,0,Needville,0,0,0,0,0,0,0,0,0,0,0,0,0,0,0,0,0,0,0,0,0,0,0,0
202601,48,493500,085,2978,50760 ,00000 ,1327 ,206,19100, , ,75173      ,3,7,1,Nevada,0,0,0,0,0,0,0,0,0,0,0,0,0,0,0,0,0,0,0,0,0,0,0,0
202601,48,494000,187,5190,50796 ,00000 ,626 ,484,41700, , ,781559383  ,3,7,0,New Berlin,1,1,287588,0,0,0,0,0,0,0,0,0,0,0,0,0,0,0,0,0,0,0,0,0
202601,48,494500,037,5195,50808 ,00000 ,4568 ,999,45500, , ,75570      ,3,7,1,New Boston,0,0,0,0,0,0,0,0,0,0,0,0,0,0,0,0,0,0,0,0,0,0,0,0
202601,48,495000,091,2990,50820 ,00000 ,79459 ,484,41700,2,1,781301747  ,3,7,1,New Braunfels,62,62,18353035,0,0,0,0,0,0,0,0,0,62,62,18353035,0,0,0,0,0,0,0,0,0
202601,48,496500,303,2997,50916 ,00000 ,841 ,352,31180, , ,79350      ,3,7,0,New Deal town,0,0,0,0,0,0,0,0,0,0,0,0,0,0,0,0,0,0,0,0,0,0,0,0
202601,48,497000,305,3002,51012 ,00000 ,375 ,352,31180, , ,79383      ,3,7,0,New Home,0,0,0,0,0,0,0,0,0,0,0,0,0,0,0,0,0,0,0,0,0,0,0,0
202601,48,497500,085,3003,51036 ,00000 ,641 ,206,19100, , ,750714103  ,3,7,0,New Hope town,0,0,0,0,0,0,0,0,0,0,0,0,0,0,0,0,0,0,0,0,0,0,0,0
202601,48,498500,073,3007,51336 ,00000 ,1187 ,540,27380, , ,75780      ,3,7,0,New Summerfield,0,0,0,0,0,0,0,0,0,0,0,0,0,0,0,0,0,0,0,0,0,0,0,0
202601,48,500000,497,2980,50772 ,00000 ,1251 ,206,19100,2, ,76071      ,3,7,0,Newark,1,1,153451,0,0,0,0,0,0,0,0,0,0,0,0,0,0,0,0,0,0,0,0,0
202601,48,500500,503,2995,50868 ,00000 ,567 ,999,99999, , ,76372      ,3,7,0,Newcastle,0,0,0,0,0,0,0,0,0,0,0,0,0,0,0,0,0,0,0,0,0,0,0,0
202601,48,503000,209,5270,51492 ,00000 ,453 ,999,12420,2, ,786404807  ,3,7,0,Niederwald,9,9,2723765,0,0,0,0,0,0,0,0,0,0,0,0,0,0,0,0,0,0,0,0,0
202601,48,503500,177,3020,51588 ,00000 ,2502 ,999,99999,2, ,78140      ,3,7,0,Nixon,0,0,0,0,0,0,0,0,0,0,0,0,0,0,0,0,0,0,0,0,0,0,0,0
202601,48,505500,027,3028,51708 ,00000 ,6150 ,999,28660, , ,76559      ,3,7,1,Nolanville,22,22,5460461,0,0,0,0,0,0,0,0,0,22,22,5460461,0,0,0,0,0,0,0,0,0
202601,48,506500,423,3031,51756 ,00000 ,722 ,540,46340, , ,75703      ,3,7,1,Noonday,1,1,600000,0,0,0,0,0,0,0,0,0,1,1,600000,0,0,0,0,0,0,0,0,0
202601,48,509000,439,3050,52356 ,00000 ,71949 ,206,19100, , ,761800609  ,3,7,1,North Richland Hills,3,3,0,0,0,0,0,0,0,0,0,0,3,3,0,0,0,0,0,0,0,0,0,0
202601,48,510000,121,3043,52212 ,00000 ,4354 ,206,19100, , ,76226      ,3,7,1,Northlake town,33,33,9768551,0,0,0,0,0,0,0,0,0,33,33,9768551,0,0,0,0,0,0,0,0,0
202601,48,511000,355,    ,99990 ,00000 ,15643 ,204,18580, , ,784013602  ,3,7,0,Nueces County Unincorporated Area,0,0,0,0,0,0,0,0,0,0,0,0,0,0,0,0,0,0,0,0,0,0,0,0
202601,48,513000,257,3057,52902 ,00000 ,704 ,206,19100, , ,751420309  ,3,7,0,Oak Grove town,0,0,0,0,0,0,0,0,0,0,0,0,0,0,0,0,0,0,0,0,0,0,0,0
202601,48,513500,139,3059,53115 ,00000 ,1498 ,206,19100, , ,75154      ,3,7,1,Oak Leaf,1,1,530000,0,0,0,0,0,0,0,0,0,1,1,530000,0,0,0,0,0,0,0,0,0
202601,48,514000,121,3062,53130 ,00000 ,6820 ,206,19100, , ,75068      ,3,7,1,Oak Point,9,9,6755096,0,0,0,0,0,0,0,0,0,9,9,6755096,0,0,0,0,0,0,0,0,0
202601,48,514500,339,3066,53190 ,00000 ,3159 ,288,26420, , ,77385      ,3,7,0,Oak Ridge North,0,0,0,0,0,0,0,0,0,0,0,0,0,0,0,0,0,0,0,0,0,0,0,0
202601,48,515000,097,3063,53154 ,00000 ,255 ,206,23620, , ,762401530  ,3,7,0,Oak Ridge town,0,0,0,0,0,0,0,0,0,0,0,0,0,0,0,0,0,0,0,0,0,0,0,0
202601,48,515500,257,3064,53160 ,00000 ,806 ,206,19100, , ,75142      ,3,7,0,Oak Ridge town,3,3,862765,0,0,0,0,0,0,0,0,0,0,0,0,0,0,0,0,0,0,0,0,0
202601,48,516000,349,3068,53217 ,00000 ,427 ,206,18620, , ,751100209  ,3,7,0,Oak Valley town,0,0,0,0,0,0,0,0,0,0,0,0,0,0,0,0,0,0,0,0,0,0,0,0
202601,48,518000,409,3075,53376 ,00000 ,2380 ,204,18580, , ,78370      ,3,7,0,Odem,0,0,0,0,0,0,0,0,0,0,0,0,0,0,0,0,0,0,0,0,0,0,0,0
202601,48,518500,135,3080,53388 ,00000 ,123200 ,372,36220,2,1,79760      ,3,7,1,Odessa,76,76,17120105,0,0,0,0,0,0,0,0,0,76,76,17120105,0,0,0,0,0,0,0,0,0
202601,48,520000,071,3100,53824 ,00000 ,1308 ,288,26420,2, ,775801169  ,3,7,1,Old River-Winfree,2,2,700000,0,0,0,0,0,0,0,0,0,2,2,700000,0,0,0,0,0,0,0,0,0
202601,48,521000,029,3110,53988 ,00000 ,2461 ,484,41700, , ,78212      ,3,7,0,Olmos Park,0,0,0,0,0,0,0,0,0,0,0,0,0,0,0,0,0,0,0,0,0,0,0,0
202601,48,521500,503,3115,54000 ,00000 ,3074 ,999,99999, , ,76374      ,3,7,0,Olney,1,1,302641,0,0,0,0,0,0,0,0,0,0,0,0,0,0,0,0,0,0,0,0,0
202601,48,522000,279,3120,54012 ,00000 ,2025 ,999,99999, , ,79064      ,3,7,0,Olton,0,0,0,0,0,0,0,0,0,0,0,0,0,0,0,0,0,0,0,0,0,0,0,0
202601,48,522500,343,3125,54024 ,00000 ,975 ,999,34420, , ,75571      ,3,7,0,Omaha,0,0,0,0,0,0,0,0,0,0,0,0,0,0,0,0,0,0,0,0,0,0,0,0
202601,48,523000,373,3127,54048 ,00000 ,3167 ,999,99999, , ,77360      ,3,7,0,Onalaska,2,2,356780,0,0,0,0,0,0,0,0,0,0,0,0,0,0,0,0,0,0,0,0,0
202601,48,524000,361,3130,54132 ,00000 ,17832 ,999,13140, , ,776310520  ,3,7,0,Orange,4,4,1095005,0,0,0,0,0,0,1,5,511320,0,0,0,0,0,0,0,0,0,0,0,0
202601,48,524500,361,    ,99990 ,00000 ,40787 ,999,13140, , ,77630      ,3,7,0,Orange County Unincorporated Area,6,6,1305427,0,0,0,0,0,0,0,0,0,0,0,0,0,0,0,0,0,0,0,0,0
202601,48,525000,249,3135,54168 ,00000 ,1296 ,204,10860, , ,78372      ,3,7,0,Orange Grove,0,0,0,0,0,0,0,0,0,0,0,0,0,0,0,0,0,0,0,0,0,0,0,0
202601,48,525500,157,3137,54192 ,00000 ,412 ,288,26420, , ,774640059  ,3,7,0,Orchard,0,0,0,0,0,0,0,0,0,0,0,0,0,0,0,0,0,0,0,0,0,0,0,0
202601,48,526000,459,3140,54216 ,00000 ,1254 ,999,30980, , ,75683      ,3,7,0,Ore City,0,0,0,0,0,0,0,0,0,0,0,0,0,0,0,0,0,0,0,0,0,0,0,0
202601,48,526500,401,3145,54432 ,00000 ,2307 ,999,30980, , ,75684      ,3,7,0,Overton,0,0,0,0,0,0,0,0,0,0,0,0,0,0,0,0,0,0,0,0,0,0,0,0
202601,48,528000,139,3147,54444 ,00000 ,3935 ,206,19100,2, ,75154      ,3,7,1,Ovilla,0,0,0,0,0,0,0,0,0,0,0,0,0,0,0,0,0,0,0,0,0,0,0,0
202601,48,528500,039,3149,54528 ,00000 ,1212 ,288,26420, , ,77541      ,3,7,0,Oyster Creek,0,0,0,0,0,0,0,0,0,0,0,0,0,0,0,0,0,0,0,0,0,0,0,0
202601,48,529000,101,3155,54600 ,00000 ,1064 ,999,99999, , ,792480759  ,3,7,0,Paducah town,0,0,0,0,0,0,0,0,0,0,0,0,0,0,0,0,0,0,0,0,0,0,0,0
202601,48,530000,321,3160,54684 ,00000 ,4545 ,288,13060, , ,774650845  ,3,7,0,Palacios,1,1,235423,0,0,0,0,0,0,0,0,0,0,0,0,0,0,0,0,0,0,0,0,0
202601,48,530500,001,3165,54708 ,00000 ,17819 ,999,37300, ,2,75801      ,3,7,1,Palestine,1,1,336000,0,0,0,0,0,0,0,0,0,1,1,336000,0,0,0,0,0,0,0,0,0
202601,48,530700,381,3168,54726 ,00000 ,367 ,108,11100, , ,791183844  ,3,7,0,Palisades village,0,0,0,0,0,0,0,0,0,0,0,0,0,0,0,0,0,0,0,0,0,0,0,0
202601,48,531000,061,3173,54798 ,00000 ,1231 ,154,15180, , ,785526369  ,3,7,0,Palm Valley,0,0,0,0,0,0,0,0,0,0,0,0,0,0,0,0,0,0,0,0,0,0,0,0
202601,48,531500,139,3170,54744 ,00000 ,2169 ,206,19100, , ,75152      ,3,7,0,Palmer town,1,1,236407,0,0,0,0,0,0,0,0,0,0,0,0,0,0,0,0,0,0,0,0,0
202601,48,532000,215,3172,54780 ,00000 ,2719 ,365,32580, , ,78573      ,3,7,0,Palmhurst,0,0,0,0,0,0,0,0,0,0,0,0,0,0,0,0,0,0,0,0,0,0,0,0
202601,48,532500,215,3174,54804 ,00000 ,5839 ,365,32580, , ,78572      ,3,7,0,Palmview,3,3,501893,0,0,0,0,0,0,0,0,0,0,0,0,0,0,0,0,0,0,0,0,0
202601,48,533500,179,3177,54912 ,00000 ,16860 ,999,37420, ,2,79065      ,3,7,0,Pampa,0,0,0,0,0,0,0,0,0,0,0,0,0,0,0,0,0,0,0,0,0,0,0,0
202601,48,534000,065,3180,54960 ,00000 ,2272 ,108,11100, , ,79068      ,3,7,0,Panhandle town,1,1,297000,0,0,0,0,0,0,0,0,0,0,0,0,0,0,0,0,0,0,0,0,0
202601,48,535000,339,3183,55008 ,00000 ,2446 ,288,26420, , ,77304      ,3,7,0,Panorama Village,0,0,0,0,0,0,0,0,0,0,0,0,0,0,0,0,0,0,0,0,0,0,0,0
202601,48,535500,439,3185,55020 ,00000 ,2496 ,206,19100, , ,760133215  ,3,7,0,Pantego town,0,0,0,0,0,0,0,0,0,0,0,0,0,0,0,0,0,0,0,0,0,0,0,0
202601,48,535700,497,3187,55056 ,00000 ,594 ,206,19100, , ,760730314  ,3,7,1,Paradise,0,0,0,0,0,0,0,0,0,0,0,0,0,0,0,0,0,0,0,0,0,0,0,0
202601,48,536000,277,3195,55080 ,00000 ,24872 ,999,37580, ,2,754619037  ,3,7,1,Paris,0,0,0,0,0,0,0,0,0,0,0,0,0,0,0,0,0,0,0,0,0,0,0,0
202601,48,536500,085,3197,55152 ,00000 ,5442 ,206,19100, , ,75002      ,3,7,1,Parker,4,4,1184067,0,0,0,0,0,0,0,0,0,4,4,1184067,0,0,0,0,0,0,0,0,0
202601,48,538000,201,3200,56000 ,00000 ,149440 ,288,26420, ,1,77506      ,3,7,1,Pasadena,3,3,604100,0,0,0,0,0,0,0,0,0,3,3,604100,0,0,0,0,0,0,0,0,0
202601,48,538500,473,3201,56108 ,00000 ,646 ,288,26420, , ,77466      ,3,7,0,Pattison,0,0,0,0,0,0,0,0,0,0,0,0,0,0,0,0,0,0,0,0,0,0,0,0
202601,48,539000,339,3202,56156 ,00000 ,2207 ,288,26420, , ,77372      ,3,7,0,Patton Village,0,0,0,0,0,0,0,0,0,0,0,0,0,0,0,0,0,0,0,0,0,0,0,0
202601,48,540000,039,3215,56348 ,00000 ,117350 ,288,26420,2, ,77581      ,3,7,1,Pearland,0,0,0,0,0,0,0,0,0,0,0,0,0,0,0,0,0,0,0,0,0,0,0,0
202601,48,541000,163,3225,56384 ,00000 ,10620 ,999,99999, , ,78061      ,3,7,0,Pearsall,1,1,101809,0,0,0,0,0,0,0,0,0,0,0,0,0,0,0,0,0,0,0,0,0
202601,48,542500,139,3232,56485 ,00000 ,714 ,206,19100, , ,75154      ,3,7,0,Pecan Hill,0,0,0,0,0,0,0,0,0,0,0,0,0,0,0,0,0,0,0,0,0,0,0,0
202601,48,543000,389,3235,73493 ,00000 ,10488 ,999,45880, ,2,79772      ,3,7,0,Town of Pecos,2,2,384370,0,0,0,0,0,0,0,0,0,0,0,0,0,0,0,0,0,0,0,0,0
202601,48,544000,439,3238,56640 ,00000 ,2100 ,206,19100, , ,76020      ,3,7,0,Pelican Bay,0,0,0,0,0,0,0,0,0,0,0,0,0,0,0,0,0,0,0,0,0,0,0,0
202601,48,544700,215,3242,56696 ,00000 ,4596 ,365,32580, , ,78576      ,3,7,0,Penitas,1,1,95825,0,0,0,0,0,0,0,0,0,0,0,0,0,0,0,0,0,0,0,0,0
202601,48,546000,357,3245,56912 ,00000 ,8314 ,999,99999, , ,79070      ,3,7,0,Perryton,0,0,0,0,0,0,0,0,0,0,0,0,0,0,0,0,0,0,0,0,0,0,0,0
202601,48,546500,189,3250,56996 ,00000 ,1111 ,352,38380, , ,79250      ,3,7,0,Petersburg,0,0,0,0,0,0,0,0,0,0,0,0,0,0,0,0,0,0,0,0,0,0,0,0
202601,48,548000,453,3258,57176 ,00000 ,66575 ,999,12420,2, ,78660      ,3,7,1,Pflugerville,45,45,9497000,9,18,1529760,1,4,600300,0,0,0,45,45,9497000,9,18,1529760,1,4,600300,0,0,0
202601,48,548500,215,3260,57200 ,00000 ,79513 ,365,32580, ,1,785771729  ,3,7,1,Pharr,3,3,0,0,0,0,12,48,1940000,1,5,20000000,3,3,0,0,0,0,12,48,1940000,1,5,20000000
202601,48,549000,121,5785,57476 ,00000 ,4670 ,206,19100,2, ,76258      ,3,7,1,Pilot Point,40,40,11840668,0,0,0,0,0,0,0,0,0,40,40,11840668,0,0,0,0,0,0,0,0,0
202601,48,550500,361,3280,57608 ,00000 ,1959 ,999,13140, , ,776302995  ,3,7,0,Pinehurst,0,0,0,0,0,0,0,0,0,0,0,0,0,0,0,0,0,0,0,0,0,0,0,0
202601,48,551000,403,3285,57644 ,00000 ,794 ,999,99999, , ,75968      ,3,7,0,Pineland,0,0,0,0,0,0,0,0,0,0,0,0,0,0,0,0,0,0,0,0,0,0,0,0
202601,48,551500,201,3290,57800 ,00000 ,3416 ,288,26420, , ,770631537  ,3,7,0,Piney Point Village,0,0,0,0,0,0,0,0,0,0,0,0,0,0,0,0,0,0,0,0,0,0,0,0
202601,48,552000,063,3295,57908 ,00000 ,4680 ,999,34420, , ,75686      ,3,7,0,Pittsburg,2,2,605281,0,0,0,0,0,0,0,0,0,0,0,0,0,0,0,0,0,0,0,0,0
202601,48,552500,501,3300,57968 ,00000 ,1655 ,999,99999, , ,79355      ,3,7,0,Plains town,0,0,0,0,0,0,0,0,0,0,0,0,0,0,0,0,0,0,0,0,0,0,0,0
202601,48,553000,189,3305,57980 ,00000 ,19670 ,352,38380, ,2,79072      ,3,7,0,Plainview,0,0,0,0,0,0,0,0,0,0,0,0,0,0,0,0,0,0,0,0,0,0,0,0
202601,48,553500,085,3310,58016 ,00000 ,285110 ,206,19100,2,1,750860358  ,3,7,1,Plano,3,3,888050,0,0,0,0,0,0,0,0,0,3,3,888050,0,0,0,0,0,0,0,0,0
202601,48,555000,485,3313,58400 ,00000 ,338 ,999,48660, , ,76367      ,3,7,0,Pleasant Valley town,0,0,0,0,0,0,0,0,0,0,0,0,0,0,0,0,0,0,0,0,0,0,0,0
202601,48,555500,013,3312,58280 ,00000 ,11007 ,484,41700, , ,78064      ,3,7,1,Pleasanton,4,4,1184067,0,0,0,0,0,0,0,0,0,4,4,1184067,0,0,0,0,0,0,0,0,0
202601,48,556500,379,3318,58532 ,00000 ,925 ,999,99999, , ,75475      ,3,7,0,Point,1,1,286433,0,0,0,0,0,0,0,0,0,0,0,0,0,0,0,0,0,0,0,0,0
202601,48,557500,057,3320,58568 ,00000 ,652 ,544,38920, , ,77978      ,3,7,0,Point Comfort,0,0,0,0,0,0,0,0,0,0,0,0,0,0,0,0,0,0,0,0,0,0,0,0
202601,48,557700,453,3321,58586 ,00000 ,1053 ,999,12420, , ,786458558  ,3,7,1,Point Venture village,1,1,360000,0,0,0,0,0,0,0,0,0,1,1,360000,0,0,0,0,0,0,0,0,0
202601,48,558000,373,    ,99990 ,00000 ,42154 ,999,99999,2, ,77351      ,3,7,1,Polk County Unincorporated Area,53,53,15698865,0,0,0,0,0,0,0,0,0,53,53,15698865,0,0,0,0,0,0,0,0,0
202601,48,558500,121,3322,58664 ,00000 ,2415 ,206,19100, , ,76259      ,3,7,1,Ponder town,0,0,0,0,0,0,0,0,0,0,0,0,0,0,0,0,0,0,0,0,0,0,0,0
202601,48,559000,355,3330,58808 ,00000 ,4409 ,204,18580, , ,783734128  ,3,7,0,Port Aransas,18,18,4817085,0,0,0,0,0,0,1,5,371585,0,0,0,0,0,0,0,0,0,0,0,0
202601,48,559500,245,3335,58820 ,00000 ,53914 ,999,13140,2,1,77641      ,3,7,1,Port Arthur,1,1,0,0,0,0,0,0,0,0,0,0,1,1,0,0,0,0,0,0,0,0,0,0
202601,48,560000,061,3340,58892 ,00000 ,6226 ,154,15180, , ,78578      ,3,7,1,Port Isabel,3,3,355000,0,0,0,0,0,0,0,0,0,3,3,355000,0,0,0,0,0,0,0,0,0
202601,48,560500,057,3350,58916 ,00000 ,11671 ,544,38920, ,2,77979      ,3,7,1,Port Lavaca,1,1,356000,0,0,0,0,0,0,0,0,0,1,1,356000,0,0,0,0,0,0,0,0,0
202601,48,561000,245,3355,58940 ,00000 ,12596 ,999,13140, , ,77651      ,3,7,1,Port Neches,1,1,229330,0,0,0,0,0,0,0,0,0,1,1,229330,0,0,0,0,0,0,0,0,0
202601,48,562000,409,3345,58904 ,00000 ,17768 ,204,18580,2, ,78374      ,3,7,0,Portland,7,7,2011806,0,0,0,0,0,0,0,0,0,0,0,0,0,0,0,0,0,0,0,0,0
202601,48,562500,169,3365,59012 ,00000 ,5123 ,352,31180, , ,79356      ,3,7,0,Post,0,0,0,0,0,0,0,0,0,0,0,0,0,0,0,0,0,0,0,0,0,0,0,0
202601,48,563000,257,3367,59065 ,00000 ,626 ,206,19100, , ,75142      ,3,7,0,Post Oak Bend,1,1,450000,0,0,0,0,0,0,0,0,0,0,0,0,0,0,0,0,0,0,0,0,0
202601,48,563500,013,3370,59084 ,00000 ,3542 ,484,41700, , ,780650378  ,3,7,1,Poteet,0,0,0,0,0,0,0,0,0,0,0,0,0,0,0,0,0,0,0,0,0,0,0,0
202601,48,564000,493,3375,59096 ,00000 ,2332 ,484,41700, , ,78147      ,3,7,0,Poth town,0,0,0,0,0,0,0,0,0,0,0,0,0,0,0,0,0,0,0,0,0,0,0,0
202601,48,565000,181,3380,59132 ,00000 ,2511 ,206,43300, , ,75076      ,3,7,1,Pottsboro town,1,1,350000,0,0,0,0,0,0,0,0,0,1,1,350000,0,0,0,0,0,0,0,0,0
202601,48,566500,473,3387,59336 ,00000 ,7013 ,288,26420, , ,774460817  ,3,7,0,Prairie View,1,1,183100,0,0,0,0,0,0,0,0,0,0,0,0,0,0,0,0,0,0,0,0,0
202601,48,567000,249,3390,59384 ,00000 ,2525 ,204,10860, , ,78375      ,3,7,0,Premont,0,0,0,0,0,0,0,0,0,0,0,0,0,0,0,0,0,0,0,0,0,0,0,0
202601,48,567500,377,3395,59396 ,00000 ,3770 ,999,99999, , ,79845      ,3,7,0,Presidio,1,1,215673,0,0,0,0,0,0,0,0,0,0,0,0,0,0,0,0,0,0,0,0,0
202601,48,568500,061,3405,59540 ,00000 ,5271 ,154,15180, , ,78552      ,3,7,1,Primera town,1,1,125000,0,0,0,0,0,0,0,0,0,1,1,125000,0,0,0,0,0,0,0,0,0
202601,48,569000,085,3410,59576 ,00000 ,15699 ,206,19100, , ,754078825  ,3,7,1,Princeton,142,142,42034370,0,0,0,0,0,0,0,0,0,142,142,42034370,0,0,0,0,0,0,0,0,0
202601,48,569400,215,3413,59636 ,00000 ,5979 ,365,32580, , ,78579      ,3,7,1,Progreso,2,2,73000,0,0,0,0,0,0,0,0,0,2,2,73000,0,0,0,0,0,0,0,0,0
202601,48,569500,215,3414,59642 ,00000 ,270 ,365,32580, , ,785790760  ,3,7,1,Progreso Lakes,0,0,0,0,0,0,0,0,0,0,0,0,0,0,0,0,0,0,0,0,0,0,0,0
202601,48,570000,085,3415,59696 ,00000 ,25731 ,206,19100,2, ,75078      ,3,7,0,Prosper town,13,13,3738648,0,0,0,0,0,0,1,14,2009224,0,0,0,0,0,0,0,0,0,0,0,0
202601,48,570300,121,6017,59748 ,00000 ,7564 ,206,19100, , ,76227      ,3,7,1,Providence Village town,29,29,11881125,0,0,0,0,0,0,0,0,0,29,29,11881125,0,0,0,0,0,0,0,0,0
202601,48,571500,197,3435,60044 ,00000 ,2533 ,999,99999, , ,792520629  ,3,7,0,Quanah,0,0,0,0,0,0,0,0,0,0,0,0,0,0,0,0,0,0,0,0,0,0,0,0
202601,48,572000,067,3440,60080 ,00000 ,1414 ,999,99999, , ,75572      ,3,7,0,Queen City,0,0,0,0,0,0,0,0,0,0,0,0,0,0,0,0,0,0,0,0,0,0,0,0
202601,48,572500,231,3445,60140 ,00000 ,1545 ,206,19100, , ,75474      ,3,7,1,Quinlan,0,0,0,0,0,0,0,0,0,0,0,0,0,0,0,0,0,0,0,0,0,0,0,0
202601,48,573000,039,3447,60164 ,00000 ,97 ,288,26420, , ,77541      ,3,7,0,Quintana town,0,0,0,0,0,0,0,0,0,0,0,0,0,0,0,0,0,0,0,0,0,0,0,0
202601,48,574000,499,3451,60188 ,00000 ,1859 ,999,99999, , ,757832855  ,3,7,0,Quitman,0,0,0,0,0,0,0,0,0,0,0,0,0,0,0,0,0,0,0,0,0,0,0,0
202601,48,575000,107,3453,60356 ,00000 ,1746 ,352,31180, , ,79357      ,3,7,0,Ralls,0,0,0,0,0,0,0,0,0,0,0,0,0,0,0,0,0,0,0,0,0,0,0,0
202601,48,575500,061,3463,60544 ,00000 ,2446 ,154,15180, , ,78575      ,3,7,1,Rancho Viejo town,0,0,0,0,0,0,0,0,0,0,0,0,0,0,0,0,0,0,0,0,0,0,0,0
202601,48,578000,303,3473,60672 ,00000 ,1126 ,352,31180, , ,79366      ,3,7,0,Ransom Canyon town,0,0,0,0,0,0,0,0,0,0,0,0,0,0,0,0,0,0,0,0,0,0,0,0
202601,48,578300,147,3477,60752 ,00000 ,228 ,206,14300, , ,75476      ,3,7,0,Ravenna,0,0,0,0,0,0,0,0,0,0,0,0,0,0,0,0,0,0,0,0,0,0,0,0
202601,48,578500,489,3480,60836 ,00000 ,10767 ,154,39700, ,2,78580      ,3,7,1,Raymondville,0,0,0,0,0,0,0,0,0,0,0,0,0,0,0,0,0,0,0,0,0,0,0,0
202601,48,580000,139,3490,61196 ,00000 ,14098 ,206,19100, , ,75154      ,3,7,1,Red Oak,10,10,3584274,0,0,0,0,0,0,0,0,0,10,10,3584274,0,0,0,0,0,0,0,0,0
202601,48,581000,037,3492,61340 ,00000 ,1104 ,999,45500, , ,755730209  ,3,7,0,Redwater,0,0,0,0,0,0,0,0,0,0,0,0,0,0,0,0,0,0,0,0,0,0,0,0
202601,48,582000,391,    ,99990 ,00000 ,2324 ,999,99999, , ,78377      ,3,7,1,Refugio County Unincorporated Area,0,0,0,0,0,0,0,0,0,0,0,0,0,0,0,0,0,0,0,0,0,0,0,0
202601,48,582500,391,3500,61436 ,00000 ,2711 ,999,99999, , ,78377      ,3,7,0,Refugio town,0,0,0,0,0,0,0,0,0,0,0,0,0,0,0,0,0,0,0,0,0,0,0,0
202601,48,584000,277,3506,61592 ,00000 , ,999,37580, , ,75462      ,3,7,1,Reno,1,1,175628,0,0,0,0,0,0,0,0,0,1,1,175628,0,0,0,0,0,0,0,0,0
202601,48,584500,367,3507,61604 ,00000 ,3465 ,206,19100,2, ,76020      ,3,7,0,Reno,2,2,595595,0,0,0,0,0,0,0,0,0,0,0,0,0,0,0,0,0,0,0,0,0
202601,48,585000,349,3509,61616 ,00000 ,384 ,206,18620, , ,75110      ,3,7,0,Retreat town,0,0,0,0,0,0,0,0,0,0,0,0,0,0,0,0,0,0,0,0,0,0,0,0
202601,48,585500,497,3510,61700 ,00000 ,1872 ,206,19100, , ,76078      ,3,7,0,Rhome,0,0,0,0,0,0,0,0,0,0,0,0,0,0,0,0,0,0,0,0,0,0,0,0
202601,48,586500,349,3515,61736 ,00000 ,983 ,206,18620, , ,75155      ,3,7,0,Rice,1,1,287588,0,0,0,0,0,0,0,0,0,0,0,0,0,0,0,0,0,0,0,0,0
202601,48,587500,113,3520,61796 ,00000 ,85958 ,206,19100,2,1,750830309  ,3,7,1,Richardson,4,4,5450000,0,0,0,0,0,0,0,0,0,4,4,5450000,0,0,0,0,0,0,0,0,0
202601,48,588000,439,3530,61844 ,00000 ,7841 ,206,19100, , ,76118      ,3,7,0,Richland Hills,2,2,575177,0,0,0,0,0,0,0,0,0,0,0,0,0,0,0,0,0,0,0,0,0
202601,48,589000,349,3525,61820 ,00000 ,273 ,206,18620, , ,76681      ,3,7,0,Richland town,0,0,0,0,0,0,0,0,0,0,0,0,0,0,0,0,0,0,0,0,0,0,0,0
202601,48,589500,157,3540,61892 ,00000 ,12483 ,288,26420, , ,77469      ,3,7,1,Richmond,0,0,0,0,0,0,0,0,0,0,0,0,0,0,0,0,0,0,0,0,0,0,0,0
202601,48,590000,039,3545,61904 ,00000 ,4015 ,288,26420, , ,77531      ,3,7,0,Richwood,1,1,402367,0,0,0,0,0,0,0,0,0,0,0,0,0,0,0,0,0,0,0,0,0
202601,48,591000,061,3560,62180 ,00000 ,2639 ,154,15180, , ,78583      ,3,7,0,Rio Hondo,0,0,0,0,0,0,0,0,0,0,0,0,0,0,0,0,0,0,0,0,0,0,0,0
202601,48,591500,251,3565,62240 ,00000 ,1095 ,206,19100, , ,76093      ,3,7,0,Rio Vista,1,1,233129,0,0,0,0,0,0,0,0,0,0,0,0,0,0,0,0,0,0,0,0,0
202601,48,592500,439,3575,62384 ,00000 ,7539 ,206,19100, , ,76114      ,3,7,1,River Oaks,0,0,0,0,0,0,0,0,0,0,0,0,0,0,0,0,0,0,0,0,0,0,0,0
202601,48,593500,121,3580,62504 ,00000 ,9753 ,206,19100,2, ,76262      ,3,7,1,Roanoke,0,0,0,0,0,0,0,0,0,0,0,0,0,0,0,0,0,0,0,0,0,0,0,0
202601,48,595500,395,    ,99990 ,00000 ,9074 ,999,17780, , ,778560427  ,3,7,1,Robertson County Unincorporated Area,1,1,296205,0,0,0,0,0,0,0,0,0,1,1,296205,0,0,0,0,0,0,0,0,0
202601,48,596000,309,3595,62588 ,00000 ,12091 ,999,47380, , ,767065619  ,3,7,1,Robinson,2,2,592410,1,2,234203,0,0,0,0,0,0,2,2,592410,1,2,234203,0,0,0,0,0,0
202601,48,596500,355,3600,62600 ,00000 ,11133 ,204,18580, , ,78380      ,3,7,1,Robstown,0,0,0,0,0,0,0,0,0,0,0,0,0,0,0,0,0,0,0,0,0,0,0,0
202601,48,598000,331,3615,62672 ,00000 ,5448 ,999,99999, , ,76567      ,3,7,1,Rockdale,0,0,0,0,0,0,0,0,0,0,0,0,0,0,0,0,0,0,0,0,0,0,0,0
202601,48,598500,007,3620,62804 ,00000 ,10847 ,204,18580, , ,78382      ,3,7,1,Rockport,4,4,1184067,0,0,0,0,0,0,0,0,0,4,4,1184067,0,0,0,0,0,0,0,0,0
202601,48,599500,397,3630,62828 ,00000 ,47415 ,206,19100, , ,75087      ,3,7,1,Rockwall,36,36,10656601,0,0,0,0,0,0,0,0,0,36,36,10656601,0,0,0,0,0,0,0,0,0
202601,48,601000,027,3635,62924 ,00000 ,1253 ,999,28660, , ,76569      ,3,7,0,Rogers town,0,0,0,0,0,0,0,0,0,0,0,0,0,0,0,0,0,0,0,0,0,0,0,0
202601,48,602000,453,3640,63008 ,00000 ,1571 ,999,12420, , ,78746      ,3,7,0,Rollingwood,1,1,250859,0,0,0,0,0,0,0,0,0,0,0,0,0,0,0,0,0,0,0,0,0
202601,48,603000,339,3647,63044 ,00000 ,2035 ,288,26420, , ,77357      ,3,7,1,Roman Forest,1,1,250000,0,0,0,0,0,0,0,0,0,1,1,250000,0,0,0,0,0,0,0,0,0
202601,48,603500,219,3650,63140 ,00000 ,419 ,352,31180, , ,79358      ,3,7,0,Ropesville,0,0,0,0,0,0,0,0,0,0,0,0,0,0,0,0,0,0,0,0,0,0,0,0
202601,48,604000,353,6455,63176 ,00000 ,1305 ,101,45020, , ,795450340  ,3,7,0,Roscoe,0,0,0,0,0,0,0,0,0,0,0,0,0,0,0,0,0,0,0,0,0,0,0,0
202601,48,605000,199,3662,63272 ,00000 ,435 ,999,13140, , ,77657      ,3,7,0,Rose Hill Acres,0,0,0,0,0,0,0,0,0,0,0,0,0,0,0,0,0,0,0,0,0,0,0,0
202601,48,605500,145,3660,63188 ,00000 ,1344 ,999,47380, , ,76570      ,3,7,0,Rosebud,0,0,0,0,0,0,0,0,0,0,0,0,0,0,0,0,0,0,0,0,0,0,0,0
202601,48,606000,157,3665,63284 ,00000 ,39350 ,288,26420, , ,774710032  ,3,7,0,Rosenberg,19,19,5464178,0,0,0,0,0,0,0,0,0,0,0,0,0,0,0,0,0,0,0,0,0
202601,48,609000,491,3675,63500 ,00000 ,135908 ,999,12420,2,1,78664      ,3,7,1,Round Rock,23,23,6812715,0,0,0,0,0,0,0,0,0,23,23,6812715,0,0,0,0,0,0,0,0,0
202601,48,609500,149,3680,63524 ,00000 ,93 ,999,99999, , ,78954      ,3,7,0,Round Top town,0,0,0,0,0,0,0,0,0,0,0,0,0,0,0,0,0,0,0,0,0,0,0,0
202601,48,610000,113,3685,63572 ,00000 ,59855 ,206,19100,2, ,75088      ,3,7,1,Rowlett,22,22,11678401,0,0,0,0,0,0,0,0,0,22,22,11678401,0,0,0,0,0,0,0,0,0
202601,48,612000,397,3695,63668 ,00000 ,12652 ,206,19100,2, ,751890638  ,3,7,1,Royse City,48,48,15300510,0,0,0,0,0,0,0,0,0,48,48,15300510,0,0,0,0,0,0,0,0,0
202601,48,613000,497,3703,63782 ,00000 ,1627 ,206,19100, , ,76426      ,3,7,0,Runaway Bay,1,1,287588,0,0,0,0,0,0,0,0,0,0,0,0,0,0,0,0,0,0,0,0,0
202601,48,614500,073,3710,63848 ,00000 ,5664 ,540,27380, , ,75785      ,3,7,1,Rusk,0,0,0,0,0,0,0,0,0,0,0,0,0,0,0,0,0,0,0,0,0,0,0,0
202601,48,617000,113,3720,64064 ,00000 ,18113 ,206,19100,2, ,75048      ,3,7,1,Sachse,1,1,421200,0,0,0,0,0,0,0,0,0,1,1,421200,0,0,0,0,0,0,0,0,0
202601,48,617500,181,3722,64088 ,00000 ,383 ,206,43300, , ,762640543  ,3,7,0,Sadler,1,1,350000,0,0,0,0,0,0,0,0,0,0,0,0,0,0,0,0,0,0,0,0,0
202601,48,618000,439,3725,64112 ,00000 ,24860 ,206,19100, , ,761790070  ,3,7,1,Saginaw,0,0,0,0,0,0,0,0,0,0,0,0,0,0,0,0,0,0,0,0,0,0,0,0
202601,48,618400,027,3736,64268 ,00000 ,2379 ,999,28660, , ,765710218  ,3,7,0,Salado village,3,3,907922,0,0,0,0,0,0,0,0,0,0,0,0,0,0,0,0,0,0,0,0,0
202601,48,618500,451,3740,64472 ,00000 ,101612 ,999,41660,2,1,76903      ,3,7,1,San Angelo,21,21,6220305,0,0,0,0,0,0,0,0,0,21,21,6220305,0,0,0,0,0,0,0,0,0
202601,48,619000,029,3745,65000 ,00000 ,1567087 ,484,41700,2,1,78204      ,3,7,1,San Antonio,275,275,81404589,0,0,0,0,0,0,6,225,84763052,275,275,81404589,0,0,0,0,0,0,6,225,84763052
202601,48,620000,405,3750,65024 ,00000 ,1865 ,999,99999, , ,75972      ,3,7,0,San Augustine,0,0,0,0,0,0,0,0,0,0,0,0,0,0,0,0,0,0,0,0,0,0,0,0
202601,48,620500,061,3755,65036 ,00000 ,24085 ,154,15180, , ,78586      ,3,7,1,San Benito,7,7,2072117,0,0,0,0,0,0,0,0,0,7,7,2072117,0,0,0,0,0,0,0,0,0
202601,48,622000,015,3775,65372 ,00000 ,831 ,288,26420, , ,77473      ,3,7,0,San Felipe town,0,0,0,0,0,0,0,0,0,0,0,0,0,0,0,0,0,0,0,0,0,0,0,0
202601,48,622500,407,    ,99990 ,00000 ,25168 ,288,26420,2, ,77331      ,3,7,0,San Jacinto County Unincorporated Area,34,34,7477104,0,0,0,0,0,0,0,0,0,0,0,0,0,0,0,0,0,0,0,0,0
202601,48,623000,215,3785,65516 ,00000 ,37034 ,365,32580, , ,78589      ,3,7,1,San Juan,13,13,2044414,0,0,0,0,0,0,0,0,0,13,13,2044414,0,0,0,0,0,0,0,0,0
202601,48,623500,453,3787,65552 ,00000 ,507 ,999,12420, , ,78652      ,3,7,0,San Leanna village,1,1,200733,0,0,0,0,0,0,0,0,0,0,0,0,0,0,0,0,0,0,0,0,0
202601,48,624500,209,3795,65600 ,00000 ,66344 ,999,12420,2,1,78666      ,3,7,0,San Marcos,34,34,8855312,0,0,0,1,3,232500,2,38,3952797,0,0,0,0,0,0,0,0,0,0,0,0
202601,48,625000,409,3800,65612 ,00000 ,366 ,204,18580, , ,783684365  ,3,7,0,San Patricio,0,0,0,0,0,0,0,0,0,0,0,0,0,0,0,0,0,0,0,0,0,0,0,0
202601,48,625500,409,    ,99990 ,00000 ,12735 ,204,18580,2, ,78387      ,3,7,1,San Patricio County Unincorporated Area,8,8,1444465,0,0,0,0,0,0,0,0,0,8,8,1444465,0,0,0,0,0,0,0,0,0
202601,48,627000,411,6760,65648 ,00000 ,3141 ,999,99999, , ,768770788  ,3,7,0,San Saba,0,0,0,0,0,0,0,0,0,0,0,0,0,0,0,0,0,0,0,0,0,0,0,0
202601,48,627500,367,3758,65066 ,00000 ,327 ,206,19100, , ,760980125  ,3,7,0,Sanctuary town,0,0,0,0,0,0,0,0,0,0,0,0,0,0,0,0,0,0,0,0,0,0,0,0
202601,48,628500,121,3780,65408 ,00000 ,9132 ,206,19100,2, ,76266      ,3,7,0,Sanger,3,3,856885,0,0,0,0,0,0,0,0,0,0,0,0,0,0,0,0,0,0,0,0,0
202601,48,629000,439,3815,65660 ,00000 ,5704 ,206,19100, , ,76114      ,3,7,1,Sansom Park,0,0,0,0,0,0,0,0,0,0,0,0,0,0,0,0,0,0,0,0,0,0,0,0
202601,48,629700,187,3821,65690 ,00000 ,745 ,484,41700, , ,78124      ,3,7,0,Santa Clara,1,1,287588,0,0,0,0,0,0,0,0,0,0,0,0,0,0,0,0,0,0,0,0,0
202601,48,630000,167,3825,65726 ,00000 ,13461 ,288,26420, , ,77510      ,3,7,0,Santa Fe,22,22,6184343,0,0,0,0,0,0,0,0,0,0,0,0,0,0,0,0,0,0,0,0,0
202601,48,630500,061,3830,65768 ,00000 ,2684 ,154,15180, , ,78593      ,3,7,0,Santa Rosa town,0,0,0,0,0,0,0,0,0,0,0,0,0,0,0,0,0,0,0,0,0,0,0,0
202601,48,631000,147,3840,66008 ,00000 ,864 ,206,14300, , ,754790176  ,3,7,0,Savoy,0,0,0,0,0,0,0,0,0,0,0,0,0,0,0,0,0,0,0,0,0,0,0,0
202601,48,632500,187,3844,66128 ,00000 ,39135 ,484,41700,2, ,78154      ,3,7,1,Schertz,37,37,0,0,0,0,0,0,0,0,0,0,37,37,0,0,0,0,0,0,0,0,0,0
202601,48,633500,149,3850,66188 ,00000 ,2935 ,999,99999, , ,78956      ,3,7,1,Schulenburg,0,0,0,0,0,0,0,0,0,0,0,0,0,0,0,0,0,0,0,0,0,0,0,0
202601,48,637000,201,3856,66392 ,00000 ,13879 ,288,26420,2, ,77586      ,3,7,1,Seabrook,2,2,1114000,0,0,0,0,0,0,0,0,0,2,2,1114000,0,0,0,0,0,0,0,0,0
202601,48,637500,057,3860,66416 ,00000 ,1500 ,544,38920, , ,77983      ,3,7,1,Seadrift,0,0,0,0,0,0,0,0,0,0,0,0,0,0,0,0,0,0,0,0,0,0,0,0
202601,48,638000,113,3865,66428 ,00000 ,17150 ,206,19100,2, ,75159      ,3,7,1,Seagoville,22,22,3702627,0,0,0,0,0,0,0,0,0,22,22,3702627,0,0,0,0,0,0,0,0,0
202601,48,639000,165,3870,66440 ,00000 ,2994 ,999,99999, , ,79359      ,3,7,0,Seagraves,0,0,0,0,0,0,0,0,0,0,0,0,0,0,0,0,0,0,0,0,0,0,0,0
202601,48,639500,015,3875,66464 ,00000 ,6443 ,288,26420, , ,77474      ,3,7,0,Sealy,8,8,2045947,0,0,0,0,0,0,0,0,0,0,0,0,0,0,0,0,0,0,0,0,0
202601,48,640000,187,3880,66644 ,00000 ,30165 ,484,41700, , ,78155      ,3,7,1,Seguin,42,42,12432701,0,0,0,0,0,0,0,0,0,42,42,12432701,0,0,0,0,0,0,0,0,0
202601,48,640500,029,3883,66704 ,00000 ,10033 ,484,41700,2, ,78154      ,3,7,1,Selma,1,1,296017,0,0,0,0,0,0,0,0,0,1,1,296017,0,0,0,0,0,0,0,0,0
202601,48,642000,165,3884,66764 ,00000 ,7952 ,999,99999, , ,79360      ,3,7,0,Seminole,1,1,302641,0,0,0,0,0,0,0,0,0,0,0,0,0,0,0,0,0,0,0,0,0
202601,48,643000,213,3892,66908 ,00000 ,1499 ,206,11980,2, ,75143      ,3,7,0,Seven Points,1,1,217500,0,0,0,0,0,0,0,0,0,0,0,0,0,0,0,0,0,0,0,0,0
202601,48,644000,023,3895,66968 ,00000 ,2557 ,999,99999,2, ,76380      ,3,7,0,Seymour,0,0,0,0,0,0,0,0,0,0,0,0,0,0,0,0,0,0,0,0,0,0,0,0
202601,48,645000,121,3897,67100 ,00000 ,2958 ,206,19100, , ,76208      ,3,7,1,Shady Shores town,0,0,0,0,0,0,0,0,0,0,0,0,0,0,0,0,0,0,0,0,0,0,0,0
202601,48,645500,303,3900,67136 ,00000 ,2613 ,352,31180, , ,79363      ,3,7,0,Shallowater,0,0,0,0,0,0,0,0,0,0,0,0,0,0,0,0,0,0,0,0,0,0,0,0
202601,48,646000,483,3905,67160 ,00000 ,1720 ,999,99999, , ,79079      ,3,7,0,Shamrock,0,0,0,0,0,0,0,0,0,0,0,0,0,0,0,0,0,0,0,0,0,0,0,0
202601,48,646500,029,3910,67268 ,00000 ,4024 ,484,41700, , ,78231      ,3,7,1,Shavano Park,0,0,0,0,0,0,0,0,0,0,0,0,0,0,0,0,0,0,0,0,0,0,0,0
202601,48,647500,339,3913,67400 ,00000 ,3101 ,288,26420, , ,77381      ,3,7,1,Shenandoah,0,0,0,0,0,0,0,0,0,0,0,0,0,0,0,0,0,0,0,0,0,0,0,0
202601,48,648000,407,3917,67424 ,00000 ,2424 ,288,26420, , ,77371      ,3,7,0,Shepherd,1,1,287588,0,0,0,0,0,0,0,0,0,0,0,0,0,0,0,0,0,0,0,0,0
202601,48,648500,181,3920,67496 ,00000 ,45136 ,206,43300, ,1,750911106  ,3,7,1,Sherman,27,27,7992451,0,0,0,0,0,0,0,0,0,27,27,7992451,0,0,0,0,0,0,0,0,0
202601,48,649500,285,3925,67640 ,00000 ,2174 ,999,99999, , ,77984      ,3,7,1,Shiner,0,0,0,0,0,0,0,0,0,0,0,0,0,0,0,0,0,0,0,0,0,0,0,0
202601,48,650500,201,3927,67688 ,00000 ,1578 ,288,26420,2, ,77571      ,3,7,0,Shoreacres,0,0,0,0,0,0,0,0,0,0,0,0,0,0,0,0,0,0,0,0,0,0,0,0
202601,48,651000,199,3935,67832 ,00000 ,6610 ,999,13140, , ,77656      ,3,7,1,Silsbee,0,0,0,0,0,0,0,0,0,0,0,0,0,0,0,0,0,0,0,0,0,0,0,0
202601,48,652000,157,3942,67964 ,00000 ,884 ,288,26420, , ,774760007  ,3,7,0,Simonton,0,0,0,0,0,0,0,0,0,0,0,0,0,0,0,0,0,0,0,0,0,0,0,0
202601,48,652500,409,3945,68036 ,00000 ,5281 ,204,18580, , ,78387      ,3,7,0,Sinton,10,10,2875883,0,0,0,0,0,0,0,0,0,0,0,0,0,0,0,0,0,0,0,0,0
202601,48,653000,065,3950,68120 ,00000 ,444 ,108,11100, , ,79080      ,3,7,0,Skellytown town,0,0,0,0,0,0,0,0,0,0,0,0,0,0,0,0,0,0,0,0,0,0,0,0
202601,48,653500,303,3955,68180 ,00000 ,5975 ,352,31180, , ,79364      ,3,7,1,Slaton,0,0,0,0,0,0,0,0,0,0,0,0,0,0,0,0,0,0,0,0,0,0,0,0
202601,48,654000,177,3960,68300 ,00000 ,576 ,999,99999, , ,781590189  ,3,7,0,Smiley,0,0,0,0,0,0,0,0,0,0,0,0,0,0,0,0,0,0,0,0,0,0,0,0
202601,48,655000,021,3965,68456 ,00000 ,4664 ,999,12420, , ,78957      ,3,7,1,Smithville,0,0,0,0,0,0,0,0,0,0,0,0,0,0,0,0,0,0,0,0,0,0,0,0
202601,48,655500,219,3967,68504 ,00000 ,480 ,352,31180, , ,793670203  ,3,7,0,Smyer town,0,0,0,0,0,0,0,0,0,0,0,0,0,0,0,0,0,0,0,0,0,0,0,0
202601,48,656000,051,3969,68576 ,00000 ,548 ,999,17780, , ,77878      ,3,7,0,Snook,0,0,0,0,0,0,0,0,0,0,0,0,0,0,0,0,0,0,0,0,0,0,0,0
202601,48,656500,415,3970,68624 ,00000 ,11005 ,999,43660, ,2,795501341  ,3,7,1,Snyder,0,0,0,0,0,0,0,0,0,0,0,0,0,0,0,0,0,0,0,0,0,0,0,0
202601,48,657000,141,3971,68636 ,00000 ,35883 ,238,21340, , ,79927      ,3,7,0,Socorro,7,7,1601040,0,0,0,0,0,0,0,0,0,0,0,0,0,0,0,0,0,0,0,0,0
202601,48,657500,029,3975,68708 ,00000 ,1983 ,484,41700, , ,78069      ,3,7,1,Somerset,0,0,0,0,0,0,0,0,0,0,0,0,0,0,0,0,0,0,0,0,0,0,0,0
202601,48,658500,051,3980,68720 ,00000 ,1443 ,999,17780, , ,77879      ,3,7,0,Somerville,0,0,0,0,0,0,0,0,0,0,0,0,0,0,0,0,0,0,0,0,0,0,0,0
202601,48,659000,435,3990,68756 ,00000 ,2764 ,999,99999, , ,76950      ,3,7,0,Sonora,0,0,0,0,0,0,0,0,0,0,0,0,0,0,0,0,0,0,0,0,0,0,0,0
202601,48,659500,199,3992,68828 ,00000 ,1948 ,999,13140, , ,776592827  ,3,7,1,Sour Lake,0,0,0,0,0,0,0,0,0,0,0,0,0,0,0,0,0,0,0,0,0,0,0,0
202601,48,660000,201,4000,69020 ,00000 ,17446 ,288,26420, , ,77587      ,3,7,1,South Houston,0,0,0,0,0,0,0,0,0,0,0,0,0,0,0,0,0,0,0,0,0,0,0,0
202601,48,661000,061,4011,69140 ,00000 ,2752 ,154,15180, , ,78597      ,3,7,0,South Padre Island town,2,2,1240417,0,0,0,0,0,0,0,0,0,0,0,0,0,0,0,0,0,0,0,0,0
202601,48,662000,439,4005,69032 ,00000 ,31368 ,206,19100,2, ,76092      ,3,7,1,Southlake,3,3,5096017,0,0,0,0,0,0,0,0,0,3,3,5096017,0,0,0,0,0,0,0,0,0
202601,48,662500,181,4009,69104 ,00000 ,1176 ,206,43300, , ,76268      ,3,7,0,Southmayd town,1,1,287588,0,0,0,0,0,0,0,0,0,0,0,0,0,0,0,0,0,0,0,0,0
202601,48,663000,201,4015,69272 ,00000 ,1885 ,288,26420, , ,770053617  ,3,7,0,Southside Place,0,0,0,0,0,0,0,0,0,0,0,0,0,0,0,0,0,0,0,0,0,0,0,0
202601,48,663500,195,4025,69476 ,00000 ,3178 ,999,99999, , ,79081      ,3,7,0,Spearman,0,0,0,0,0,0,0,0,0,0,0,0,0,0,0,0,0,0,0,0,0,0,0,0
202601,48,664000,339,4027,69548 ,00000 ,2292 ,288,26420, , ,773721087  ,3,7,0,Splendora,0,0,0,0,0,0,0,0,0,0,0,0,0,0,0,0,0,0,0,0,0,0,0,0
202601,48,665000,201,4050,69830 ,00000 ,4302 ,288,26420, , ,77055      ,3,7,1,Spring Valley Village,3,3,888050,0,0,0,0,0,0,0,0,0,3,3,888050,0,0,0,0,0,0,0,0,0
202601,48,666000,367,7195,69800 ,00000 ,3304 ,206,19100,2, ,76082      ,3,7,0,Springtown,6,6,1715998,0,0,0,0,0,0,0,0,0,0,0,0,0,0,0,0,0,0,0,0,0
202601,48,667000,029,3730,64172 ,00000 ,2529 ,484,41700, , ,781520040  ,3,7,1,St. Hedwig town,2,2,570000,0,0,0,0,0,0,0,0,0,2,2,570000,0,0,0,0,0,0,0,0,0
202601,48,667500,337,3732,64184 ,00000 ,1032 ,999,99999,2, ,76265      ,3,7,0,Saint Jo,0,0,0,0,0,0,0,0,0,0,0,0,0,0,0,0,0,0,0,0,0,0,0,0
202601,48,668000,085,3733,64220 ,00000 ,1039 ,206,19100, , ,750988046  ,3,7,0,St. Paul town,0,0,0,0,0,0,0,0,0,0,0,0,0,0,0,0,0,0,0,0,0,0,0,0
202601,48,668500,157,4060,69908 ,00000 ,16759 ,288,26420,2, ,77477      ,3,7,0,Stafford,2,2,575177,0,0,0,0,0,0,1,25,3144369,0,0,0,0,0,0,0,0,0,0,0,0
202601,48,669500,339,4063,69932 ,00000 ,604 ,288,26420, , ,773554854  ,3,7,0,Stagecoach town,0,0,0,0,0,0,0,0,0,0,0,0,0,0,0,0,0,0,0,0,0,0,0,0
202601,48,670500,253,4065,69980 ,00000 ,2876 ,101,10180,2, ,79553      ,3,7,0,Stamford,0,0,0,0,0,0,0,0,0,0,0,0,0,0,0,0,0,0,0,0,0,0,0,0
202601,48,671000,317,4070,70040 ,00000 ,3056 ,372,33260, , ,79782      ,3,7,1,Stanton,0,0,0,0,0,0,0,0,0,0,0,0,0,0,0,0,0,0,0,0,0,0,0,0
202601,48,671400,061,    ,70070 ,00000 , ,154,15180, , ,78521      ,3,7,0,Starbase,0,0,0,0,0,0,0,0,0,0,0,0,0,0,0,0,0,0,0,0,0,0,0,0
202601,48,671500,213,4073,70076 ,00000 ,487 ,206,11980, , ,751480949  ,3,7,1,Star Harbor,1,1,296017,0,0,0,0,0,0,0,0,0,1,1,296017,0,0,0,0,0,0,0,0,0
202601,48,673000,143,4075,70208 ,00000 ,21687 ,999,44500, ,2,76401      ,3,7,1,Stephenville,1,1,237828,0,0,0,0,0,0,0,0,0,1,1,237828,0,0,0,0,0,0,0,0,0
202601,48,675000,493,4087,70376 ,00000 ,1672 ,484,41700, , ,78160      ,3,7,0,Stockdale,0,0,0,0,0,0,0,0,0,0,0,0,0,0,0,0,0,0,0,0,0,0,0,0
202601,48,676000,421,4095,70544 ,00000 ,2074 ,999,99999, , ,79084      ,3,7,0,Stratford,1,1,109006,0,0,0,0,0,0,0,0,0,0,0,0,0,0,0,0,0,0,0,0,0
202601,48,678500,157,4115,70808 ,00000 ,117875 ,288,26420, ,1,774870110  ,3,7,1,Sugar Land,8,8,2368134,0,0,0,0,0,0,0,0,0,8,8,2368134,0,0,0,0,0,0,0,0,0
202601,48,678900,215,4118,70868 ,00000 ,4220 ,365,32580, , ,78595      ,3,7,1,Sullivan City,1,1,287760,0,0,0,0,0,0,0,0,0,1,1,287760,0,0,0,0,0,0,0,0,0
202601,48,679000,223,4120,70904 ,00000 ,16272 ,206,44860, ,2,75482      ,3,7,0,Sulphur Springs,4,4,807854,0,0,0,0,0,0,0,0,0,0,0,0,0,0,0,0,0,0,0,0,0
202601,48,680000,219,4125,71060 ,00000 ,1414 ,352,31180, , ,793720600  ,3,7,0,Sundown,0,0,0,0,0,0,0,0,0,0,0,0,0,0,0,0,0,0,0,0,0,0,0,0
202601,48,680500,113,4130,71156 ,00000 ,7066 ,206,19100, , ,75182      ,3,7,0,Sunnyvale town,5,5,254084,0,0,0,0,0,0,0,0,0,0,0,0,0,0,0,0,0,0,0,0,0
202601,48,681000,341,4135,71180 ,00000 ,1785 ,999,20300, , ,79086      ,3,7,0,Sunray,0,0,0,0,0,0,0,0,0,0,0,0,0,0,0,0,0,0,0,0,0,0,0,0
202601,48,681500,299,4142,71228 ,00000 ,810 ,999,99999, , ,786439283  ,3,7,1,Sunrise Beach Village,1,1,296205,0,0,0,0,0,0,0,0,0,1,1,296205,0,0,0,0,0,0,0,0,0
202601,48,682000,453,4145,71324 ,00000 ,662 ,999,12420, , ,78745      ,3,7,0,Sunset Valley,0,0,0,0,0,0,0,0,0,0,0,0,0,0,0,0,0,0,0,0,0,0,0,0
202601,48,682500,039,4148,71384 ,00000 ,589 ,288,26420, , ,77541      ,3,7,1,Surfside Beach,0,0,0,0,0,0,0,0,0,0,0,0,0,0,0,0,0,0,0,0,0,0,0,0
202601,48,683500,039,4150,71492 ,00000 ,3618 ,288,26420, , ,77480      ,3,7,1,Sweeny,0,0,0,0,0,0,0,0,0,0,0,0,0,0,0,0,0,0,0,0,0,0,0,0
202601,48,684000,353,4155,71540 ,00000 ,10535 ,101,45020, ,2,79556      ,3,7,0,Sweetwater,1,1,175000,0,0,0,0,0,0,0,0,0,0,0,0,0,0,0,0,0,0,0,0,0
202601,48,685000,409,4160,71684 ,00000 ,2886 ,204,18580, , ,78390      ,3,7,0,Taft,1,1,145385,0,0,0,0,0,0,0,0,0,0,0,0,0,0,0,0,0,0,0,0,0
202601,48,685500,305,4170,71708 ,00000 ,2665 ,352,31180, , ,793730300  ,3,7,0,Tahoka,0,0,0,0,0,0,0,0,0,0,0,0,0,0,0,0,0,0,0,0,0,0,0,0
202601,48,686000,449,4175,71732 ,00000 ,497 ,999,34420, , ,75487      ,3,7,0,Talco,0,0,0,0,0,0,0,0,0,0,0,0,0,0,0,0,0,0,0,0,0,0,0,0
202601,48,686400,257,4177,71756 ,00000 ,2883 ,206,19100, , ,751268041  ,3,7,1,Talty,0,0,0,0,0,0,0,0,0,0,0,0,0,0,0,0,0,0,0,0,0,0,0,0
202601,48,688000,491,4190,71948 ,00000 ,17921 ,999,12420, , ,765743600  ,3,7,0,Taylor,9,9,2447186,0,0,0,0,0,0,0,0,0,0,0,0,0,0,0,0,0,0,0,0,0
202601,48,689000,201,4192,71960 ,00000 ,3490 ,288,26420, , ,77586      ,3,7,1,Taylor Lake Village,1,1,250000,0,0,0,0,0,0,0,0,0,1,1,250000,0,0,0,0,0,0,0,0,0
202601,48,689100,245,7400,71966 ,00000 ,237 ,999,13140, , ,77705      ,3,7,1,Taylor Landing,0,0,0,0,0,0,0,0,0,0,0,0,0,0,0,0,0,0,0,0,0,0,0,0
202601,48,689500,161,4195,72020 ,00000 ,3526 ,999,99999, , ,75860      ,3,7,0,Teague,0,0,0,0,0,0,0,0,0,0,0,0,0,0,0,0,0,0,0,0,0,0,0,0
202601,48,690500,027,4205,72176 ,00000 ,80761 ,999,28660, ,1,76501      ,3,7,0,Temple,76,76,23000685,2,4,499640,0,0,0,0,0,0,0,0,0,0,0,0,0,0,0,0,0,0
202601,48,691500,257,4215,72284 ,00000 ,19693 ,206,19100, , ,75160      ,3,7,1,Terrell,6,6,985045,0,0,0,0,0,0,0,0,0,6,6,985045,0,0,0,0,0,0,0,0,0
202601,48,692500,029,4220,72296 ,00000 ,5451 ,484,41700, , ,78209      ,3,7,1,Terrell Hills,3,3,888050,0,0,0,0,0,0,0,0,0,3,3,888050,0,0,0,0,0,0,0,0,0
202601,48,693500,037,4225,72368 ,00000 ,36221 ,999,45500, ,1,755015625  ,3,7,1,Texarkana TX,3,3,888615,0,0,0,0,0,0,0,0,0,3,3,888615,0,0,0,0,0,0,0,0,0
202601,48,694000,167,4230,72392 ,00000 ,51593 ,288,26420,2,1,77591      ,3,7,1,Texas City,74,74,21905235,0,0,0,0,0,0,0,0,0,74,74,21905235,0,0,0,0,0,0,0,0,0
202601,48,694500,421,4235,72464 ,00000 ,321 ,999,99999, , ,73960      ,3,7,0,Texhoma,0,0,0,0,0,0,0,0,0,0,0,0,0,0,0,0,0,0,0,0,0,0,0,0
202601,48,695500,121,4239,72530 ,00000 ,45498 ,206,19100, , ,75056      ,3,7,0,The Colony,15,15,4305291,0,0,0,0,0,0,0,0,0,0,0,0,0,0,0,0,0,0,0,0,0
202601,48,695700,453,4241,72578 ,00000 ,2456 ,999,12420, , ,78738      ,3,7,0,The Hills village,0,0,0,0,0,0,0,0,0,0,0,0,0,0,0,0,0,0,0,0,0,0,0,0
202601,48,696500,331,4245,72776 ,00000 ,1300 ,999,99999,2, ,76577      ,3,7,0,Thorndale,3,3,733621,0,0,0,0,0,0,0,0,0,0,0,0,0,0,0,0,0,0,0,0,0
202601,48,698500,491,4255,72824 ,00000 ,1014 ,999,12420, , ,765780346  ,3,7,1,Thrall,0,0,0,0,0,0,0,0,0,0,0,0,0,0,0,0,0,0,0,0,0,0,0,0
202601,48,699000,297,4260,72872 ,00000 ,1938 ,999,99999, , ,78071      ,3,7,0,Three Rivers,0,0,0,0,0,0,0,0,0,0,0,0,0,0,0,0,0,0,0,0,0,0,0,0
202601,48,700500,167,4267,72989 ,00000 ,1072 ,288,26420, , ,77554      ,3,7,1,Tiki Island village,0,0,0,0,0,0,0,0,0,0,0,0,0,0,0,0,0,0,0,0,0,0,0,0
202601,48,701000,381,4268,73030 ,00000 ,479 ,108,11100, , ,79105      ,3,7,0,Timbercreek Canyon village,1,1,500000,0,0,0,0,0,0,0,0,0,0,0,0,0,0,0,0,0,0,0,0,0
202601,48,702000,181,4275,73112 ,00000 ,1117 ,206,43300, , ,76271      ,3,7,1,Tioga town,0,0,0,0,0,0,0,0,0,0,0,0,0,0,0,0,0,0,0,0,0,0,0,0
202601,48,704500,221,4285,73268 ,00000 ,1041 ,206,24180, , ,764760100  ,3,7,1,Tolar,1,1,296017,0,0,0,0,0,0,0,0,0,1,1,296017,0,0,0,0,0,0,0,0,0
202601,48,705000,181,4295,73328 ,00000 ,1073 ,206,43300, , ,754890659  ,3,7,0,Tom Bean,0,0,0,0,0,0,0,0,0,0,0,0,0,0,0,0,0,0,0,0,0,0,0,0
202601,48,706000,201,7575,73316 ,00000 ,11722 ,288,26420, , ,77375      ,3,7,0,Tomball,21,21,5222082,0,0,0,0,0,0,0,0,0,0,0,0,0,0,0,0,0,0,0,0,0
202601,48,707000,213,4297,73352 ,00000 ,2335 ,206,11980, , ,75143      ,3,7,1,Tool,3,3,408000,0,0,0,0,0,0,0,0,0,3,3,408000,0,0,0,0,0,0,0,0,0
202601,48,708000,453,    ,99990 ,00000 ,220513 ,999,12420, , ,78701      ,3,7,1,Travis County Unincorporated Area,67,67,0,0,0,0,0,0,0,0,0,0,67,67,0,0,0,0,0,0,0,0,0,0
202601,48,709000,147,7615,73592 ,00000 ,701 ,206,14300,2, ,754900044  ,3,7,1,Trenton,6,6,1943755,0,0,0,0,0,0,0,0,0,6,6,1943755,0,0,0,0,0,0,0,0,0
202601,48,709500,213,4315,73652 ,00000 ,875 ,206,11980, , ,751630345  ,3,7,0,Trinidad,0,0,0,0,0,0,0,0,0,0,0,0,0,0,0,0,0,0,0,0,0,0,0,0
202601,48,710000,455,4320,73664 ,00000 ,2800 ,999,99999, , ,75862      ,3,7,0,Trinity,0,0,0,0,0,0,0,0,0,0,0,0,0,0,0,0,0,0,0,0,0,0,0,0
202601,48,711000,121,4323,73710 ,00000 ,11713 ,206,19100,2, ,76262      ,3,7,1,Trophy Club town,0,0,0,0,0,0,0,0,0,0,0,0,0,0,0,0,0,0,0,0,0,0,0,0
202601,48,712500,423,4325,73724 ,00000 ,1998 ,540,46340,2, ,75789      ,3,7,0,Troup,1,1,199040,0,0,0,0,0,0,0,0,0,0,0,0,0,0,0,0,0,0,0,0,0
202601,48,713000,027,4327,73748 ,00000 ,2191 ,999,28660, , ,76579      ,3,7,1,Troy,1,1,150000,0,0,0,0,0,0,0,0,0,1,1,150000,0,0,0,0,0,0,0,0,0
202601,48,713500,437,4330,73868 ,00000 ,4606 ,999,99999, , ,79088      ,3,7,0,Tulia,0,0,0,0,0,0,0,0,0,0,0,0,0,0,0,0,0,0,0,0,0,0,0,0
202601,48,715000,441,4345,74132 ,00000 ,1341 ,101,10180, , ,79563      ,3,7,0,Tye,0,0,0,0,0,0,0,0,0,0,0,0,0,0,0,0,0,0,0,0,0,0,0,0
202601,48,715500,423,4347,74144 ,00000 ,108222 ,540,46340, ,1,75710      ,3,7,1,Tyler,24,24,7104400,0,0,0,1,3,461363,0,0,0,24,24,7104400,0,0,0,1,3,461363,0,0,0
202601,48,717000,209,7685,74216 ,00000 ,707 ,999,12420,2, ,78640      ,3,7,0,Uhland,1,1,204506,0,0,0,0,0,0,0,0,0,0,0,0,0,0,0,0,0,0,0,0,0
202601,48,718200,231,4355,74372 ,00000 ,461 ,206,19100, , ,75189      ,3,7,1,Union Valley,0,0,0,0,0,0,0,0,0,0,0,0,0,0,0,0,0,0,0,0,0,0,0,0
202601,48,718500,029,4356,74408 ,00000 ,21007 ,484,41700, , ,78148      ,3,7,1,Universal City,4,4,1237260,0,0,0,0,0,0,0,0,0,4,4,1237260,0,0,0,0,0,0,0,0,0
202601,48,719000,113,4358,74492 ,00000 ,24885 ,206,19100, , ,75205      ,3,7,1,University Park,3,3,888050,0,0,0,0,0,0,0,0,0,3,3,888050,0,0,0,0,0,0,0,0,0
202601,48,720500,463,4360,74588 ,00000 ,15977 ,999,46620, ,2,78801      ,3,7,1,Uvalde,1,1,1600000,0,0,0,0,0,0,0,0,0,1,1,1600000,0,0,0,0,0,0,0,0,0
202601,48,721000,463,    ,99990 ,00000 ,9089 ,999,46620, , ,78801      ,3,7,0,Uvalde County Unincorporated Area,0,0,0,0,0,0,0,0,0,0,0,0,0,0,0,0,0,0,0,0,0,0,0,0
202601,48,721500,465,    ,99990 ,00000 ,13306 ,999,19620,2, ,788411267  ,3,7,0,Val Verde County Unincorporated Area,4,4,851190,0,0,0,0,0,0,0,0,0,0,0,0,0,0,0,0,0,0,0,0,0
202601,48,722500,035,4370,74732 ,00000 ,1158 ,999,47380,2, ,766894476  ,3,7,0,Valley Mills,0,0,0,0,0,0,0,0,0,0,0,0,0,0,0,0,0,0,0,0,0,0,0,0
202601,48,723500,097,4372,74756 ,00000 ,865 ,206,23620, , ,76272      ,3,7,0,Valley View,0,0,0,0,0,0,0,0,0,0,0,0,0,0,0,0,0,0,0,0,0,0,0,0
202601,48,724000,467,4375,74912 ,00000 ,2778 ,999,99999, , ,75790      ,3,7,1,Van,0,0,0,0,0,0,0,0,0,0,0,0,0,0,0,0,0,0,0,0,0,0,0,0
202601,48,724500,181,4380,74924 ,00000 ,4633 ,206,43300,2, ,75495      ,3,7,1,Van Alstyne,17,17,5032284,0,0,0,0,0,0,0,0,0,17,17,5032284,0,0,0,0,0,0,0,0,0
202601,48,725000,109,4385,75032 ,00000 ,1856 ,999,99999, , ,79855      ,3,7,0,Van Horn town,1,1,180000,1,2,273324,0,0,0,0,0,0,0,0,0,0,0,0,0,0,0,0,0,0
202601,48,726000,359,4390,75188 ,00000 ,933 ,108,11100, , ,79092      ,3,7,0,Vega,0,0,0,0,0,0,0,0,0,0,0,0,0,0,0,0,0,0,0,0,0,0,0,0
202601,48,727000,251,4395,75236 ,00000 ,4463 ,206,19100,2, ,76084      ,3,7,1,Venus,0,0,0,0,0,0,0,0,0,0,0,0,0,0,0,0,0,0,0,0,0,0,0,0
202601,48,727500,487,4397,75308 ,00000 ,10138 ,999,46900, ,2,76384      ,3,7,0,Vernon,0,0,0,0,0,0,0,0,0,0,0,0,0,0,0,0,0,0,0,0,0,0,0,0
202601,48,728000,469,4401,75428 ,00000 ,66838 ,544,47020, ,1,77902      ,3,7,1,Victoria,4,4,1184067,0,0,0,0,0,0,0,0,0,4,4,1184067,0,0,0,0,0,0,0,0,0
202601,48,729000,361,4402,75476 ,00000 ,10310 ,999,13140, , ,77662      ,3,7,0,Vidor,0,0,0,0,0,0,0,0,0,0,0,0,0,0,0,0,0,0,0,0,0,0,0,0
202601,48,729500,141,4409,75668 ,00000 ,2168 ,238,21340, , ,798218802  ,3,7,1,Vinton village,0,0,0,0,0,0,0,0,0,0,0,0,0,0,0,0,0,0,0,0,0,0,0,0
202601,48,729700,453,4412,75752 ,00000 ,589 ,999,12420, , ,78641      ,3,7,0,Volente village,0,0,0,0,0,0,0,0,0,0,0,0,0,0,0,0,0,0,0,0,0,0,0,0
202601,48,729800,029,4413,75764 ,00000 ,1260 ,484,41700, , ,78073      ,3,7,0,Von Ormy,0,0,0,0,0,0,0,0,0,0,0,0,0,0,0,0,0,0,0,0,0,0,0,0
202601,48,730000,309,4415,76000 ,00000 ,141377 ,999,47380, ,1,76702      ,3,7,1,Waco,29,29,8589945,2,4,468406,0,0,0,0,0,0,29,29,8589945,2,4,468406,0,0,0,0,0,0
202601,48,731000,037,4425,76096 ,00000 ,5555 ,999,45500, , ,75501      ,3,7,0,Wake Village,1,1,179859,0,0,0,0,0,0,0,0,0,0,0,0,0,0,0,0,0,0,0,0,0
202601,48,731500,471,    ,99990 ,00000 ,29152 ,288,26660, , ,773404639  ,3,7,0,Walker County Unincorporated Area,25,25,5122440,0,0,0,0,0,0,0,0,0,0,0,0,0,0,0,0,0,0,0,0,0
202601,48,732500,473,4430,76228 ,00000 ,2972 ,288,26420,2, ,77484      ,3,7,1,Waller,19,19,5624317,0,0,0,0,0,0,0,0,0,19,19,5624317,0,0,0,0,0,0,0,0,0
202601,48,733500,015,4435,76240 ,00000 ,1325 ,288,26420, , ,77485      ,3,7,0,Wallis,0,0,0,0,0,0,0,0,0,0,0,0,0,0,0,0,0,0,0,0,0,0,0,0
202601,48,734000,035,4440,76348 ,00000 ,877 ,999,47380, , ,76690      ,3,7,1,Walnut Springs,1,1,18000,0,0,0,0,0,0,0,0,0,1,1,18000,0,0,0,0,0,0,0,0,0
202601,48,735500,459,4445,76576 ,00000 ,8 ,999,30980,2, ,75647      ,3,7,0,Warren City,0,0,0,0,0,0,0,0,0,0,0,0,0,0,0,0,0,0,0,0,0,0,0,0
202601,48,736500,203,4450,76636 ,00000 ,2150 ,999,30980, , ,75692      ,3,7,0,Waskom,0,0,0,0,0,0,0,0,0,0,0,0,0,0,0,0,0,0,0,0,0,0,0,0
202601,48,737000,439,4452,76672 ,00000 ,24188 ,206,19100, , ,76148      ,3,7,1,Watauga,0,0,0,0,0,0,0,0,0,0,0,0,0,0,0,0,0,0,0,0,0,0,0,0
202601,48,737500,139,4455,76816 ,00000 ,39797 ,206,19100, , ,75168      ,3,7,0,Waxahachie,36,36,7230031,0,0,0,0,0,0,0,0,0,0,0,0,0,0,0,0,0,0,0,0,0
202601,48,738000,367,4460,76864 ,00000 ,34698 ,206,19100, , ,76086      ,3,7,0,Weatherford,10,10,2164449,0,0,0,0,0,0,0,0,0,0,0,0,0,0,0,0,0,0,0,0,0
202601,48,739000,201,4465,76948 ,00000 ,11291 ,288,26420, , ,77598      ,3,7,1,Webster,0,0,0,0,0,0,0,0,0,0,0,0,0,0,0,0,0,0,0,0,0,0,0,0
202601,48,739500,089,4470,77020 ,00000 ,2230 ,999,99999, , ,78962      ,3,7,0,Weimar,1,1,206810,0,0,0,0,0,0,0,0,0,0,0,0,0,0,0,0,0,0,0,0,0
202601,48,740500,491,4477,77056 ,00000 ,549 ,999,12420, , ,78674      ,3,7,0,Weir,0,0,0,0,0,0,0,0,0,0,0,0,0,0,0,0,0,0,0,0,0,0,0,0
202601,48,741000,087,4480,77152 ,00000 ,2040 ,999,99999, , ,79095      ,3,7,0,Wellington,0,0,0,0,0,0,0,0,0,0,0,0,0,0,0,0,0,0,0,0,0,0,0,0
202601,48,742500,215,7955,77272 ,00000 ,43273 ,365,32580, , ,785966285  ,3,7,1,Weslaco,23,23,6808384,3,6,969457,3,12,1845451,2,12,2066796,23,23,6808384,3,6,969457,3,12,1845451,2,12,2066796
202601,48,743000,309,4500,77332 ,00000 ,2969 ,999,47380, , ,76691      ,3,7,1,West,1,1,296205,0,0,0,0,0,0,0,0,0,1,1,296205,0,0,0,0,0,0,0,0,0
202601,48,743500,039,4510,77416 ,00000 ,3830 ,288,26420, , ,77486      ,3,7,0,West Columbia,1,1,159831,0,0,0,0,0,0,0,0,0,0,0,0,0,0,0,0,0,0,0,0,0
202601,48,744000,453,4518,77632 ,00000 ,3254 ,999,12420, , ,78746      ,3,7,1,West Lake Hills,1,1,296205,0,0,0,0,0,0,0,0,0,1,1,296205,0,0,0,0,0,0,0,0,0
202601,48,744500,361,4530,77752 ,00000 ,3168 ,999,13140, , ,776306136  ,3,7,1,West Orange,0,0,0,0,0,0,0,0,0,0,0,0,0,0,0,0,0,0,0,0,0,0,0,0
202601,48,745000,231,4537,77896 ,00000 ,1994 ,206,19100, , ,75474      ,3,7,0,West Tawakoni,1,1,287588,0,0,0,0,0,0,0,0,0,0,0,0,0,0,0,0,0,0,0,0,0
202601,48,745500,201,4540,77956 ,00000 ,15496 ,288,26420, , ,77005      ,3,7,1,West University Place,1,1,800000,0,0,0,0,0,0,0,0,0,1,1,800000,0,0,0,0,0,0,0,0,0
202601,48,747000,439,4515,77620 ,00000 ,1769 ,206,19100,2, ,76262      ,3,7,0,Westlake town,2,2,6726965,0,0,0,0,0,0,0,0,0,0,0,0,0,0,0,0,0,0,0,0,0
202601,48,748000,085,4529,77740 ,00000 ,543 ,206,19100, , ,75097      ,3,7,1,Weston,0,0,0,0,0,0,0,0,0,0,0,0,0,0,0,0,0,0,0,0,0,0,0,0
202601,48,748200,157,4531,77746 ,00000 ,4191 ,288,26420, , ,77441      ,3,7,0,Weston Lakes,0,0,0,0,0,0,0,0,0,0,0,0,0,0,0,0,0,0,0,0,0,0,0,0
202601,48,748500,439,4532,77788 ,00000 ,679 ,206,19100, , ,76107      ,3,7,0,Westover Hills town,0,0,0,0,0,0,0,0,0,0,0,0,0,0,0,0,0,0,0,0,0,0,0,0
202601,48,749000,439,4545,78076 ,00000 ,2778 ,206,19100, , ,76114      ,3,7,0,Westworth Village,2,2,869909,0,0,0,0,0,0,0,0,0,0,0,0,0,0,0,0,0,0,0,0,0
202601,48,749500,481,4550,78136 ,00000 ,8615 ,288,20900, , ,77488      ,3,7,1,Wharton,3,3,888050,0,0,0,0,0,0,0,0,0,3,3,888050,0,0,0,0,0,0,0,0,0
202601,48,750000,481,    ,99990 ,00000 ,19228 ,288,20900,2, ,77488      ,3,7,1,Wharton County Unincorporated Area,6,6,1776100,0,0,0,0,0,0,0,0,0,6,6,1776100,0,0,0,0,0,0,0,0,0
202601,48,751500,065,4565,78316 ,00000 ,942 ,108,11100, , ,79097      ,3,7,0,White Deer town,2,2,512439,0,0,0,0,0,0,0,0,0,0,0,0,0,0,0,0,0,0,0,0,0
202601,48,752000,183,4580,78436 ,00000 ,6283 ,999,30980, , ,75693      ,3,7,0,White Oak,0,0,0,0,0,0,0,0,0,0,0,0,0,0,0,0,0,0,0,0,0,0,0,0
202601,48,752500,439,4590,78544 ,00000 ,17776 ,206,19100, , ,76108      ,3,7,1,White Settlement,1,1,180000,0,0,0,0,0,0,0,0,0,1,1,180000,0,0,0,0,0,0,0,0,0
202601,48,753000,079,4570,78328 ,00000 ,423 ,352,31180, , ,79379      ,3,7,0,Whiteface town,0,0,0,0,0,0,0,0,0,0,0,0,0,0,0,0,0,0,0,0,0,0,0,0
202601,48,753500,423,4575,78388 ,00000 ,9108 ,540,46340, , ,75791      ,3,7,1,Whitehouse,5,5,1480083,0,0,0,0,0,0,0,0,0,5,5,1480083,0,0,0,0,0,0,0,0,0
202601,48,754000,181,4585,78532 ,00000 ,4149 ,206,43300, , ,76273      ,3,7,1,Whitesboro,0,0,0,0,0,0,0,0,0,0,0,0,0,0,0,0,0,0,0,0,0,0,0,0
202601,48,755000,181,4595,78628 ,00000 ,1725 ,206,43300,2, ,75491      ,3,7,1,Whitewright town,0,0,0,0,0,0,0,0,0,0,0,0,0,0,0,0,0,0,0,0,0,0,0,0
202601,48,755500,217,4600,78664 ,00000 ,2145 ,999,99999, , ,76692      ,3,7,0,Whitney town,0,0,0,0,0,0,0,0,0,0,0,0,0,0,0,0,0,0,0,0,0,0,0,0
202601,48,756000,485,    ,99990 ,00000 ,6529 ,999,48660, , ,76306      ,3,7,1,Wichita County Unincorporated Area,1,1,296205,0,0,0,0,0,0,0,0,0,1,1,296205,0,0,0,0,0,0,0,0,0
202601,48,757000,485,4605,79000 ,00000 ,105405 ,999,48660, ,1,76307      ,3,7,1,Wichita Falls,5,5,1481025,0,0,0,0,0,0,0,0,0,5,5,1481025,0,0,0,0,0,0,0,0,0
202601,48,757500,475,4607,79036 ,00000 ,558 ,999,99999, , ,79788      ,3,7,0,Wickett town,0,0,0,0,0,0,0,0,0,0,0,0,0,0,0,0,0,0,0,0,0,0,0,0
202601,48,758500,489,    ,99990 ,00000 ,7329 ,154,39700,2, ,78580      ,3,7,1,Willacy County Unincorporated Area,0,0,0,0,0,0,0,0,0,0,0,0,0,0,0,0,0,0,0,0,0,0,0,0
202601,48,759000,491,    ,99990 ,00000 ,138223 ,999,12420, , ,786265703  ,3,7,0,Williamson County Unincorporated Area,0,0,0,0,0,0,0,0,0,0,0,0,0,0,0,0,0,0,0,0,0,0,0,0
202601,48,759500,339,4610,79408 ,00000 ,7122 ,288,26420, , ,773789072  ,3,7,0,Willis,10,10,2827594,1,2,303885,0,0,0,0,0,0,0,0,0,0,0,0,0,0,0,0,0,0
202601,48,760000,367,4612,79492 ,00000 ,5994 ,206,19100, , ,76087      ,3,7,1,Willow Park,4,4,1356287,0,0,0,0,0,0,0,0,0,4,4,1356287,0,0,0,0,0,0,0,0,0
202601,48,760500,467,4615,79564 ,00000 ,3703 ,999,99999, , ,75169      ,3,7,1,Wills Point,0,0,0,0,0,0,0,0,0,0,0,0,0,0,0,0,0,0,0,0,0,0,0,0
202601,48,761000,113,4620,79576 ,00000 ,5444 ,206,19100, , ,75172      ,3,7,1,Wilmer,10,10,2731990,0,0,0,0,0,0,0,0,0,10,10,2731990,0,0,0,0,0,0,0,0,0
202601,48,761500,305,4625,79612 ,00000 ,493 ,352,31180, , ,79381      ,3,7,0,Wilson,0,0,0,0,0,0,0,0,0,0,0,0,0,0,0,0,0,0,0,0,0,0,0,0
202601,48,762400,209,4627,79624 ,00000 ,3422 ,999,12420, , ,78676      ,3,7,1,Wimberley,0,0,0,0,0,0,0,0,0,0,0,0,0,0,0,0,0,0,0,0,0,0,0,0
202601,48,762500,029,4630,79672 ,00000 ,5854 ,484,41700, , ,78239      ,3,7,0,Windcrest,0,0,0,0,0,0,0,0,0,0,0,0,0,0,0,0,0,0,0,0,0,0,0,0
202601,48,764000,077,4637,79696 ,00000 ,17 ,999,48660,2, ,76389      ,3,7,0,Windthorst town,0,0,0,0,0,0,0,0,0,0,0,0,0,0,0,0,0,0,0,0,0,0,0,0
202601,48,764500,449,4640,79720 ,00000 ,538 ,999,34420, , ,754930098  ,3,7,0,Winfield,0,0,0,0,0,0,0,0,0,0,0,0,0,0,0,0,0,0,0,0,0,0,0,0
202601,48,765000,495,4645,79768 ,00000 ,1014 ,999,99999, , ,79789      ,3,7,0,Wink,1,1,302641,0,0,0,0,0,0,0,0,0,0,0,0,0,0,0,0,0,0,0,0,0
202601,48,766500,499,4655,79816 ,00000 ,2614 ,999,99999,2, ,75494      ,3,7,1,Winnsboro,0,0,0,0,0,0,0,0,0,0,0,0,0,0,0,0,0,0,0,0,0,0,0,0
202601,48,767000,423,4658,79828 ,00000 ,617 ,540,46340, , ,757920129  ,3,7,0,Winona town,2,2,470000,0,0,0,0,0,0,0,0,0,0,0,0,0,0,0,0,0,0,0,0,0
202601,48,767500,399,4660,79876 ,00000 ,2469 ,999,99999, , ,79567      ,3,7,0,Winters,0,0,0,0,0,0,0,0,0,0,0,0,0,0,0,0,0,0,0,0,0,0,0,0
202601,48,769500,303,4670,79972 ,00000 ,5716 ,352,31180, , ,79382      ,3,7,1,Wolfforth,59,59,12946482,0,0,0,0,0,0,0,0,0,59,59,12946482,0,0,0,0,0,0,0,0,0
202601,48,770500,339,4672,80044 ,00000 ,1498 ,288,26420, , ,773572839  ,3,7,1,Woodbranch,0,0,0,0,0,0,0,0,0,0,0,0,0,0,0,0,0,0,0,0,0,0,0,0
202601,48,771000,209,4673,80058 ,00000 ,1758 ,999,12420, , ,78676      ,3,7,1,Woodcreek,0,0,0,0,0,0,0,0,0,0,0,0,0,0,0,0,0,0,0,0,0,0,0,0
202601,48,771500,339,4677,80144 ,00000 ,207 ,288,26420, , ,77385      ,3,7,0,Woodloch town,0,0,0,0,0,0,0,0,0,0,0,0,0,0,0,0,0,0,0,0,0,0,0,0
202601,48,773000,457,4690,80212 ,00000 ,2442 ,999,99999, , ,75979      ,3,7,0,Woodville town,0,0,0,0,0,0,0,0,0,0,0,0,0,0,0,0,0,0,0,0,0,0,0,0
202601,48,773500,309,4695,80224 ,00000 ,9077 ,999,47380, , ,76712      ,3,7,1,Woodway,0,0,0,0,0,0,0,0,0,0,0,0,0,0,0,0,0,0,0,0,0,0,0,0
202601,48,774000,161,4700,80296 ,00000 ,1007 ,999,99999, , ,766930186  ,3,7,0,Wortham town,0,0,0,0,0,0,0,0,0,0,0,0,0,0,0,0,0,0,0,0,0,0,0,0
202601,48,774500,085,4705,80356 ,00000 ,52309 ,206,19100,2, ,75098      ,3,7,1,Wylie,14,14,4144234,0,0,0,0,0,0,0,0,0,14,14,4144234,0,0,0,0,0,0,0,0,0
202601,48,777000,285,4710,80560 ,00000 ,3813 ,999,99999,2, ,77995      ,3,7,0,Yoakum,1,1,302641,0,0,0,0,0,0,0,0,0,0,0,0,0,0,0,0,0,0,0,0,0
202601,48,778000,123,4715,80584 ,00000 ,2069 ,999,99999, , ,78164      ,3,7,0,Yorktown,0,0,0,0,0,0,0,0,0,0,0,0,0,0,0,0,0,0,0,0,0,0,0,0
202601,51,001000,510,0025,01000 ,00000 ,158726 ,548,47900, ,1,22311      ,3,5,1,Alexandria,4,4,2325000,0,0,0,0,0,0,0,0,0,4,4,2325000,0,0,0,0,0,0,0,0,0
202601,51,005000,520,0160,09816 ,00000 ,17329 ,304,28700, , ,24201      ,3,5,0,Bristol  VA,0,0,0,0,0,0,0,0,0,0,0,0,0,0,0,0,0,0,0,0,0,0,0,0
202601,51,007000,530,0190,11032 ,00000 ,6402 ,999,99999, , ,24416      ,3,5,1,Buena Vista,0,0,0,0,0,0,0,0,0,0,0,0,0,0,0,0,0,0,0,0,0,0,0,0
202601,51,009000,540,0225,14968 ,00000 ,46950 ,999,16820, ,1,22902      ,3,5,1,Charlottesville,0,0,0,0,0,0,0,0,0,0,0,0,0,0,0,0,0,0,0,0,0,0,0,0
202601,51,011000,550,0242,16000 ,00000 ,247011 ,545,47260, ,1,233280225  ,3,5,1,Chesapeake,56,56,25973550,0,0,0,0,0,0,0,0,0,56,56,25973550,0,0,0,0,0,0,0,0,0
202601,51,015000,570,0325,18448 ,00000 ,17205 ,999,40060, , ,23834      ,3,5,1,Colonial Heights,1,1,122500,0,0,0,0,0,0,0,0,0,1,1,122500,0,0,0,0,0,0,0,0,0
202601,51,017000,580,0340,19728 ,00000 ,5639 ,999,99999, , ,24426      ,3,5,0,Covington,0,0,0,0,0,0,0,0,0,0,0,0,0,0,0,0,0,0,0,0,0,0,0,0
202601,51,019000,590,0370,21344 ,00000 ,39869 ,999,19260, ,2,24541      ,3,5,1,Danville,2,2,385000,0,0,0,0,0,0,0,0,0,2,2,385000,0,0,0,0,0,0,0,0,0
202601,51,021000,595,0445,25808 ,00000 ,5257 ,999,99999, , ,238470511  ,3,5,0,Emporia,0,0,0,0,0,0,0,0,0,0,0,0,0,0,0,0,0,0,0,0,0,0,0,0
202601,51,023000,600,0460,26496 ,00000 ,23429 ,548,47900, , ,22030      ,3,5,1,Fairfax,0,0,0,0,0,0,0,0,0,0,0,0,0,0,0,0,0,0,0,0,0,0,0,0
202601,51,025000,610,0470,27200 ,00000 ,14631 ,548,47900, , ,22046      ,3,5,1,Falls Church,2,2,1900000,0,0,0,0,0,0,0,0,0,2,2,1900000,0,0,0,0,0,0,0,0,0
202601,51,029000,630,0505,29744 ,00000 ,29492 ,548,47900, , ,22401      ,3,5,1,Fredericksburg,1,1,250000,0,0,0,0,0,0,0,0,0,1,1,250000,0,0,0,0,0,0,0,0,0
202601,51,031000,640,0520,30208 ,00000 ,6296 ,999,99999, , ,24333      ,3,5,0,Galax,0,0,0,0,0,0,0,0,0,0,0,0,0,0,0,0,0,0,0,0,0,0,0,0
202601,51,033000,650,0590,35000 ,00000 ,135464 ,545,47260, , ,23669      ,3,5,1,Hampton,6,6,811000,0,0,0,0,0,0,0,0,0,6,6,811000,0,0,0,0,0,0,0,0,0
202601,51,035000,660,0600,35624 ,00000 ,53204 ,277,25500, ,1,22801      ,3,5,1,Harrisonburg,0,0,0,0,0,0,0,0,0,0,0,0,0,0,0,0,0,0,0,0,0,0,0,0
202601,51,037000,670,0643,38424 ,00000 ,22375 ,999,40060, , ,23860      ,3,5,0,Hopewell,3,3,723002,0,0,0,0,0,0,0,0,0,0,0,0,0,0,0,0,0,0,0,0,0
202601,51,039000,678,0730,45512 ,00000 ,7279 ,999,99999, , ,24450      ,3,5,1,Lexington,0,0,0,0,0,0,0,0,0,0,0,0,0,0,0,0,0,0,0,0,0,0,0,0
202601,51,041000,680,0760,47672 ,00000 ,81561 ,999,31340, ,1,24504      ,3,5,1,Lynchburg,10,10,2009250,0,0,0,0,0,0,0,0,0,10,10,2009250,0,0,0,0,0,0,0,0,0
202601,51,043000,683,0780,48952 ,00000 ,40869 ,548,47900, , ,20108      ,3,5,1,Manassas,0,0,0,0,0,0,0,0,0,0,0,0,0,0,0,0,0,0,0,0,0,0,0,0
202601,51,045000,685,0785,48968 ,00000 ,18004 ,548,47900, , ,20111      ,3,5,0,Manassas Park,0,0,0,0,0,0,0,0,0,1,11,1578676,0,0,0,0,0,0,0,0,0,0,0,0
202601,51,047000,690,0795,49784 ,00000 ,12355 ,999,32300, ,2,241141112  ,3,5,0,Martinsville,0,0,0,0,0,0,0,0,0,1,5,881224,0,0,0,0,0,0,0,0,0,0,0,0
202601,51,049000,700,0860,56000 ,00000 ,179062 ,545,47260, ,1,23607      ,3,5,1,Newport News,3,3,440000,0,0,0,0,0,0,0,0,0,3,3,440000,0,0,0,0,0,0,0,0,0
202601,51,051000,710,0875,57000 ,00000 ,242803 ,545,47260, ,1,23510      ,3,5,1,Norfolk,6,6,650000,1,2,200000,0,0,0,0,0,0,6,6,650000,1,2,200000,0,0,0,0,0,0
202601,51,053000,720,0895,57688 ,00000 ,3985 ,999,99999, , ,24273      ,3,5,0,Norton,0,0,0,0,0,0,0,0,0,0,0,0,0,0,0,0,0,0,0,0,0,0,0,0
202601,51,055000,730,0960,61832 ,00000 ,30446 ,999,40060, , ,23805      ,3,5,0,Petersburg,3,3,857166,0,0,0,0,0,0,1,8,1543211,0,0,0,0,0,0,0,0,0,0,0,0
202601,51,057000,735,0980,63768 ,00000 ,12257 ,545,47260, , ,23662      ,3,5,1,Poquoson,6,6,2213325,0,0,0,0,0,0,0,0,0,6,6,2213325,0,0,0,0,0,0,0,0,0
202601,51,059000,740,0990,64000 ,00000 ,95094 ,545,47260, ,1,23704      ,3,5,1,Portsmouth,3,3,390776,0,0,0,0,0,0,1,52,148200000,3,3,390776,0,0,0,0,0,0,1,52,148200000
202601,51,061000,750,1015,65392 ,00000 ,18255 ,999,13980, ,1,24141      ,3,5,1,Radford,0,0,0,0,0,0,0,0,0,0,0,0,0,0,0,0,0,0,0,0,0,0,0,0
202601,51,063000,760,1035,67000 ,00000 ,232226 ,999,40060, ,1,23219      ,3,5,1,Richmond,21,21,5595000,1,2,180000,0,0,0,10,1177,159018697,21,21,5595000,1,2,180000,0,0,0,10,1177,159018697
202601,51,065000,770,1045,68000 ,00000 ,99058 ,999,40220, ,1,24011      ,3,5,1,Roanoke,3,3,894240,0,0,0,0,0,0,0,0,0,3,3,894240,0,0,0,0,0,0,0,0,0
202601,51,067000,775,1080,70000 ,00000 ,25340 ,999,40220, , ,24153      ,3,5,1,Salem,1,1,145000,0,0,0,0,0,0,0,0,0,1,1,145000,0,0,0,0,0,0,0,0,0
202601,51,071000,790,1165,75216 ,00000 ,25190 ,277,44420, ,1,24401      ,3,5,1,Staunton,3,3,600000,0,0,0,0,0,0,0,0,0,3,3,600000,0,0,0,0,0,0,0,0,0
202601,51,073000,800,1200,76432 ,00000 ,93913 ,545,47260, , ,23434      ,3,5,1,Suffolk,33,33,0,0,0,0,0,0,0,0,0,0,33,33,0,0,0,0,0,0,0,0,0,0
202601,51,075000,810,1280,82000 ,00000 ,451231 ,545,47260, ,1,23456      ,3,5,1,Virginia Beach,14,14,4512700,0,0,0,0,0,0,0,0,0,14,14,4512700,0,0,0,0,0,0,0,0,0
202601,51,077000,820,1315,83680 ,00000 ,22741 ,277,44420, , ,22980      ,3,5,1,Waynesboro,14,14,2600000,0,0,0,0,0,0,0,0,0,14,14,2600000,0,0,0,0,0,0,0,0,0
202601,51,079000,830,1340,86160 ,00000 ,15259 ,545,47260, , ,23185      ,3,5,1,Williamsburg,0,0,0,0,0,0,0,0,0,0,0,0,0,0,0,0,0,0,0,0,0,0,0,0
202601,51,081000,840,1345,86720 ,00000 ,27700 ,548,49020, ,1,22601      ,3,5,1,Winchester,0,0,0,0,0,0,0,0,0,0,0,0,0,0,0,0,0,0,0,0,0,0,0,0
202601,51,083000,191,0005,00148 ,00000 ,7856 ,304,28700, , ,24212      ,3,5,0,Abingdon town,1,1,217500,0,0,0,0,0,0,0,0,0,0,0,0,0,0,0,0,0,0,0,0,0
202601,51,087000,001,    ,99990 ,00000 ,23454 ,999,99999,2, ,23301      ,3,5,0,Accomack County Unincorporated Area,10,10,2441859,0,0,0,0,0,0,0,0,0,0,0,0,0,0,0,0,0,0,0,0,0
202601,51,089000,003,    ,00000 ,00000 ,110065 ,999,16820,2, ,22901      ,3,5,0,Albemarle County,39,39,15049830,0,0,0,0,0,0,1,18,2196904,0,0,0,0,0,0,0,0,0,0,0,0
202601,51,093000,005,    ,99990 ,00000 ,10905 ,999,99999, , ,24426      ,3,5,1,Alleghany County,1,1,360000,0,0,0,0,0,0,0,0,0,1,1,360000,0,0,0,0,0,0,0,0,0
202601,51,097000,007,    ,00000 ,00000 ,13014 ,999,40060, , ,23002      ,3,5,1,Amelia County,3,3,485000,0,0,0,0,0,0,0,0,0,3,3,485000,0,0,0,0,0,0,0,0,0
202601,51,099000,009,    ,00000 ,00000 ,29485 ,999,31340, , ,245210390  ,3,5,1,Amherst County,6,6,1680000,0,0,0,0,0,0,0,0,0,6,6,1680000,0,0,0,0,0,0,0,0,0
202601,51,105000,011,    ,00000 ,00000 ,14042 ,999,31340,2, ,24522      ,3,5,1,Appomattox County,8,8,2937500,0,0,0,0,0,0,0,0,0,8,8,2937500,0,0,0,0,0,0,0,0,0
202601,51,109000,013,    ,00000 ,00000 ,240119 ,548,47900, , ,22201      ,3,5,1,Arlington County,8,8,5100000,0,0,0,0,0,0,2,999,217000000,8,8,5100000,0,0,0,0,0,0,2,999,217000000
202601,51,113000,015,    ,00000 ,00000 ,75592 ,277,44420,2, ,24482      ,3,5,1,Augusta County,20,20,7018623,0,0,0,0,0,0,0,0,0,20,20,7018623,0,0,0,0,0,0,0,0,0
202601,51,115000,017,    ,00000 ,00000 ,4119 ,999,99999, , ,24484      ,3,5,1,Bath County,3,3,901700,0,0,0,0,0,0,0,0,0,3,3,901700,0,0,0,0,0,0,0,0,0
202601,51,117000,019,    ,00000 ,00000 ,73167 ,999,31340, , ,24523      ,3,5,1,Bedford County,16,16,6821000,0,0,0,0,0,0,0,0,0,16,16,6821000,0,0,0,0,0,0,0,0,0
202601,51,127000,121,0100,07784 ,00000 ,44074 ,999,13980, ,1,24060      ,3,5,1,Blacksburg town,7,7,2400000,0,0,0,7,21,6617994,0,0,0,7,7,2400000,0,0,0,7,21,6617994,0,0,0
202601,51,131000,021,    ,00000 ,00000 ,6239 ,999,99999, , ,24315      ,3,5,1,Bland County,0,0,0,0,0,0,0,0,0,0,0,0,0,0,0,0,0,0,0,0,0,0,0,0
202601,51,135000,185,0115,08152 ,00000 ,4814 ,999,14140, , ,24605      ,3,5,0,Bluefield town,0,0,0,0,0,0,0,0,0,0,0,0,0,0,0,0,0,0,0,0,0,0,0,0
202601,51,139000,023,    ,00000 ,00000 ,31680 ,999,40220, , ,24083      ,3,5,1,Botetourt County,7,7,1494227,0,0,0,0,0,0,0,0,0,7,7,1494227,0,0,0,0,0,0,0,0,0
202601,51,161000,025,    ,00000 ,00000 ,14548 ,999,99999,2, ,23868      ,3,5,0,Brunswick County,3,3,685459,0,0,0,0,0,0,0,0,0,0,0,0,0,0,0,0,0,0,0,0,0
202601,51,163000,027,    ,00000 ,00000 ,19730 ,999,99999, , ,24614      ,3,5,0,Buchanan County,1,1,180571,0,0,0,0,0,0,0,0,0,0,0,0,0,0,0,0,0,0,0,0,0
202601,51,167000,029,    ,00000 ,00000 ,16727 ,999,99999, , ,23921      ,3,5,1,Buckingham County,3,3,850000,0,0,0,0,0,0,0,0,0,3,3,850000,0,0,0,0,0,0,0,0,0
202601,51,171000,031,    ,00000 ,00000 ,50778 ,999,31340, , ,24588      ,3,5,1,Campbell County,5,5,1132000,0,0,0,0,0,0,0,0,0,5,5,1132000,0,0,0,0,0,0,0,0,0
202601,51,173000,131,0205,12808 ,00000 ,1056 ,999,99999, , ,23310      ,3,5,1,Cape Charles town,13,13,9480023,0,0,0,0,0,0,0,0,0,13,13,9480023,0,0,0,0,0,0,0,0,0
202601,51,177000,033,    ,99990 ,00000 ,29471 ,999,99999, , ,22427      ,3,5,1,Caroline County,10,10,3190005,0,0,0,0,0,0,0,0,0,10,10,3190005,0,0,0,0,0,0,0,0,0
202601,51,179000,035,    ,99990 ,00000 ,27388 ,999,99999, , ,24343      ,3,5,0,Carroll County Unincorporated Area,5,5,1049171,0,0,0,0,0,0,0,0,0,0,0,0,0,0,0,0,0,0,0,0,0
202601,51,183000,036,    ,00000 ,00000 ,6821 ,999,40060, , ,23030      ,3,5,0,Charles City County,2,2,404578,0,0,0,0,0,0,0,0,0,0,0,0,0,0,0,0,0,0,0,0,0
202601,51,185000,037,    ,00000 ,00000 ,9834 ,999,99999, , ,23923      ,3,5,1,Charlotte County,3,3,888615,0,0,0,0,0,0,0,0,0,3,3,888615,0,0,0,0,0,0,0,0,0
202601,51,195000,041,    ,00000 ,00000 ,358245 ,999,40060, , ,23832      ,3,5,1,Chesterfield County,106,106,20622302,0,0,0,0,0,0,3,44,4960000,106,106,20622302,0,0,0,0,0,0,3,44,4960000
202601,51,197000,173,0250,16480 ,00000 ,1698 ,999,99999, , ,243195012  ,3,5,0,Chilhowie town,0,0,0,0,0,0,0,0,0,0,0,0,0,0,0,0,0,0,0,0,0,0,0,0
202601,51,199000,001,0255,16512 ,00000 ,2866 ,999,99999, , ,23336      ,3,5,0,Chincoteague town,1,1,360112,0,0,0,0,0,0,0,0,0,0,0,0,0,0,0,0,0,0,0,0,0
202601,51,201000,121,0260,16608 ,00000 ,22399 ,999,13980, ,1,240733029  ,3,5,1,Christiansburg town,2,2,641828,0,0,0,0,0,0,0,0,0,2,2,641828,0,0,0,0,0,0,0,0,0
202601,51,205000,043,    ,00000 ,00000 ,9624 ,548,47900, , ,22611      ,3,5,1,Clarke County,2,2,629122,0,0,0,0,0,0,0,0,0,2,2,629122,0,0,0,0,0,0,0,0,0
202601,51,227000,045,    ,00000 ,00000 ,4922 ,999,40220, , ,24127      ,3,5,1,Craig County,0,0,0,0,0,0,0,0,0,0,0,0,0,0,0,0,0,0,0,0,0,0,0,0
202601,51,233000,047,    ,00000 ,00000 ,34355 ,548,47900, , ,22701      ,3,5,1,Culpeper County,11,11,5369330,2,4,1000000,0,0,0,0,0,0,11,11,5369330,2,4,1000000,0,0,0,0,0,0
202601,51,237000,049,    ,00000 ,00000 ,9407 ,999,99999,2, ,23040      ,3,5,1,Cumberland County,5,5,1245045,0,0,0,0,0,0,0,0,0,5,5,1245045,0,0,0,0,0,0,0,0,0
202601,51,245000,051,    ,99990 ,00000 ,12065 ,999,99999, , ,24228      ,3,5,1,Dickenson County,1,1,250000,0,0,0,0,0,0,0,0,0,1,1,250000,0,0,0,0,0,0,0,0,0
202601,51,249000,053,    ,00000 ,00000 ,28198 ,999,40060, , ,23841      ,3,5,1,Dinwiddie County,2,2,250000,0,0,0,0,0,0,0,0,0,2,2,250000,0,0,0,0,0,0,0,0,0
202601,51,257000,153,2190,23760 ,00000 ,6106 ,548,47900, , ,22026      ,3,5,1,Dumfries town,1,1,200000,0,0,0,0,0,0,0,0,0,1,1,200000,0,0,0,0,0,0,0,0,0
202601,51,267000,057,    ,00000 ,00000 ,8543 ,999,99999, , ,22560      ,3,5,1,Essex County,1,1,190000,0,0,0,0,0,0,0,0,0,1,1,190000,0,0,0,0,0,0,0,0,0
202601,51,269000,131,0455,26416 ,00000 ,1362 ,999,99999,2, ,233500647  ,3,5,1,Exmore town,0,0,0,0,0,0,0,0,0,0,0,0,0,0,0,0,0,0,0,0,0,0,0,0
202601,51,271000,059,    ,99990 ,00000 ,1109455 ,548,47900,2, ,220355504  ,3,5,1,Fairfax County Unincorporated Area,35,35,0,0,0,0,0,0,0,0,0,0,35,35,0,0,0,0,0,0,0,0,0,0
202601,51,275000,147,0480,27440 ,00000 ,7316 ,999,99999,2, ,23901      ,3,5,0,Farmville town,1,1,133056,0,0,0,0,0,0,0,0,0,0,0,0,0,0,0,0,0,0,0,0,0
202601,51,277000,061,    ,99990 ,00000 ,60481 ,548,47900,2, ,20186      ,3,5,1,Fauquier County Unincorporated Area,42,42,10695000,0,0,0,0,0,0,0,0,0,42,42,10695000,0,0,0,0,0,0,0,0,0
202601,51,281000,063,    ,00000 ,00000 ,15333 ,999,13980, , ,24091      ,3,5,1,Floyd County,3,3,760000,0,0,0,0,0,0,0,0,0,3,3,760000,0,0,0,0,0,0,0,0,0
202601,51,285000,065,    ,00000 ,00000 ,27384 ,999,16820,2, ,22963      ,3,5,1,Fluvanna County,7,7,2100000,0,0,0,0,0,0,0,0,0,7,7,2100000,0,0,0,0,0,0,0,0,0
202601,51,287000,067,    ,00000 ,00000 ,51222 ,999,40220, , ,24151      ,3,5,0,Franklin County,10,10,4455582,0,0,0,0,0,0,0,0,0,0,0,0,0,0,0,0,0,0,0,0,0
202601,51,289000,069,    ,99990 ,00000 ,87589 ,548,49020, , ,22601      ,3,5,1,Frederick County,65,65,14559710,0,0,0,0,0,0,0,0,0,65,65,14559710,0,0,0,0,0,0,0,0,0
202601,51,297000,071,    ,99990 ,00000 ,10182 ,999,13980, , ,24134      ,3,5,0,Giles County,2,2,451752,0,0,0,0,0,0,0,0,0,0,0,0,0,0,0,0,0,0,0,0,0
202601,51,305000,073,    ,00000 ,00000 ,37459 ,545,47260, , ,23061      ,3,5,1,Gloucester County,13,13,7805050,0,0,0,0,0,0,0,0,0,13,13,7805050,0,0,0,0,0,0,0,0,0
202601,51,307000,075,    ,00000 ,00000 ,24431 ,999,40060, , ,23063      ,3,5,1,Goochland County,14,14,7992492,0,0,0,0,0,0,0,0,0,14,14,7992492,0,0,0,0,0,0,0,0,0
202601,51,313000,077,    ,00000 ,00000 ,13997 ,999,99999, , ,24348      ,3,5,1,Grayson County,0,0,0,0,0,0,0,0,0,0,0,0,0,0,0,0,0,0,0,0,0,0,0,0
202601,51,315000,079,    ,00000 ,00000 ,19738 ,999,16820, , ,229730358  ,3,5,1,Greene County,3,3,765000,0,0,0,0,0,0,1,5,1250000,3,3,765000,0,0,0,0,0,0,1,5,1250000
202601,51,317000,081,    ,00000 ,00000 ,10844 ,999,99999,2, ,23847      ,3,5,0,Greensville County,1,1,335229,0,0,0,0,0,0,0,0,0,0,0,0,0,0,0,0,0,0,0,0,0
202601,51,327000,083,    ,00000 ,00000 ,24653 ,999,99999,2, ,24558      ,3,5,1,Halifax County,5,5,1613624,0,0,0,0,0,0,0,0,0,5,5,1613624,0,0,0,0,0,0,0,0,0
202601,51,333000,107,3195,34240 ,00000 ,630 ,548,47900, , ,201777000  ,3,5,1,Hamilton town,0,0,0,0,0,0,0,0,0,0,0,0,0,0,0,0,0,0,0,0,0,0,0,0
202601,51,335000,085,    ,00000 ,00000 ,100354 ,999,40060, , ,23069      ,3,5,1,Hanover County,16,16,5713000,0,0,0,0,0,0,0,0,0,16,16,5713000,0,0,0,0,0,0,0,0,0
202601,51,341000,087,    ,00000 ,00000 ,333766 ,999,40060, , ,23273      ,3,5,1,Henrico County,27,27,5021173,0,0,0,0,0,0,0,0,0,27,27,5021173,0,0,0,0,0,0,0,0,0
202601,51,343000,089,    ,00000 ,00000 ,49621 ,999,32300, , ,24078      ,3,5,1,Henry County,2,2,435000,0,0,0,0,0,0,0,0,0,2,2,435000,0,0,0,0,0,0,0,0,0
202601,51,345000,059,0615,36648 ,00000 ,24573 ,548,47900,2, ,20170      ,3,5,1,Herndon town,0,0,0,0,0,0,0,0,0,0,0,0,0,0,0,0,0,0,0,0,0,0,0,0
202601,51,347000,091,    ,00000 ,00000 ,2064 ,999,99999, , ,24465      ,3,5,0,Highland County,1,1,260988,0,0,0,0,0,0,0,0,0,0,0,0,0,0,0,0,0,0,0,0,0
202601,51,349000,107,0625,37288 ,00000 ,169 ,548,47900, , ,201777000  ,3,5,1,Hillsboro town,0,0,0,0,0,0,0,0,0,0,0,0,0,0,0,0,0,0,0,0,0,0,0,0
202601,51,351000,035,0630,37336 ,00000 ,2686 ,999,99999, , ,24343      ,3,5,0,Hillsville town,0,0,0,0,0,0,0,0,0,0,0,0,0,0,0,0,0,0,0,0,0,0,0,0
202601,51,363000,093,    ,00000 ,00000 ,26310 ,545,47260, , ,23397      ,3,5,1,Isle of Wight County,23,23,6301963,0,0,0,0,0,0,0,0,0,23,23,6301963,0,0,0,0,0,0,0,0,0
202601,51,367000,095,    ,00000 ,00000 ,77612 ,545,47260, , ,231878784  ,3,5,1,James City County,21,21,7658889,0,0,0,0,0,0,0,0,0,21,21,7658889,0,0,0,0,0,0,0,0,0
202601,51,385000,099,    ,00000 ,00000 ,27381 ,999,99999, , ,22485      ,3,5,1,King George County,9,9,0,0,0,0,0,0,0,0,0,0,9,9,0,0,0,0,0,0,0,0,0,0
202601,51,387000,101,    ,99990 ,00000 ,14331 ,999,40060, , ,23086      ,3,5,1,King William County Unincorporated Area,11,11,3701300,0,0,0,0,0,0,0,0,0,11,11,3701300,0,0,0,0,0,0,0,0,0
202601,51,389000,097,    ,00000 ,00000 ,6942 ,999,40060, , ,230850177  ,3,5,1,King and Queen County,2,2,400000,0,0,0,0,0,0,0,0,0,2,2,400000,0,0,0,0,0,0,0,0,0
202601,51,393000,103,    ,00000 ,00000 ,8546 ,999,99999,2, ,22503      ,3,5,1,Lancaster County,3,3,1449999,0,0,0,0,0,0,0,0,0,3,3,1449999,0,0,0,0,0,0,0,0,0
202601,51,399000,105,    ,00000 ,00000 ,20501 ,999,99999, , ,24263      ,3,5,1,Lee County,2,2,160000,0,0,0,0,0,0,0,0,0,2,2,160000,0,0,0,0,0,0,0,0,0
202601,51,401000,107,0725,44984 ,00000 ,54488 ,548,47900, , ,201777000  ,3,5,1,Leesburg town,0,0,0,0,0,0,0,0,0,0,0,0,0,0,0,0,0,0,0,0,0,0,0,0
202601,51,403000,107,    ,00000 ,00000 ,353453 ,548,47900, , ,201777000  ,3,5,1,Loudoun County Unincorporated Area,34,34,13511158,0,0,0,0,0,0,2,60,9760000,34,34,13511158,0,0,0,0,0,0,2,60,9760000
202601,51,405000,109,    ,00000 ,00000 ,35839 ,999,99999, , ,23093      ,3,5,1,Louisa County,27,27,7747060,0,0,0,0,0,0,0,0,0,27,27,7747060,0,0,0,0,0,0,0,0,0
202601,51,409000,107,0750,47208 ,00000 ,2267 ,548,47900, , ,201777000  ,3,5,1,Lovettsville town,0,0,0,0,0,0,0,0,0,0,0,0,0,0,0,0,0,0,0,0,0,0,0,0
202601,51,411000,111,    ,00000 ,00000 ,9440 ,999,99999, , ,23952      ,3,5,0,Lunenburg County,2,2,554019,0,0,0,0,0,0,0,0,0,0,0,0,0,0,0,0,0,0,0,0,0
202601,51,415000,113,    ,00000 ,00000 ,13074 ,999,99999, , ,22727      ,3,5,1,Madison County,3,3,1247000,0,0,0,0,0,0,0,0,0,3,3,1247000,0,0,0,0,0,0,0,0,0
202601,51,421000,115,    ,00000 ,00000 ,8766 ,545,47260, , ,23109      ,3,5,1,Mathews County,1,1,500000,0,0,0,0,0,0,0,0,0,1,1,500000,0,0,0,0,0,0,0,0,0
202601,51,425000,117,    ,99990 ,00000 ,21907 ,999,99999,2, ,23917      ,3,5,1,Mecklenburg County Unincorporated Area,4,4,1442000,0,0,0,0,0,0,0,0,0,4,4,1442000,0,0,0,0,0,0,0,0,0
202601,51,429000,107,0805,51448 ,00000 ,835 ,548,47900, , ,20118      ,3,5,1,Middleburg town,0,0,0,0,0,0,0,0,0,0,0,0,0,0,0,0,0,0,0,0,0,0,0,0
202601,51,431000,119,    ,00000 ,00000 ,10112 ,999,99999, , ,23149      ,3,5,1,Middlesex County,2,2,591000,0,0,0,0,0,0,0,0,0,2,2,591000,0,0,0,0,0,0,0,0,0
202601,51,439000,121,    ,99990 ,00000 ,31918 ,999,13980, , ,24073      ,3,5,1,Montgomery County Unincorporated Area,36,36,9055733,1,2,380000,0,0,0,0,0,0,36,36,9055733,1,2,380000,0,0,0,0,0,0
202601,51,451000,125,    ,00000 ,00000 ,14755 ,999,16820, , ,22949      ,3,5,0,Nelson County,4,4,1266562,0,0,0,0,0,0,0,0,0,0,0,0,0,0,0,0,0,0,0,0,0
202601,51,455000,127,    ,00000 ,00000 ,23648 ,999,40060, , ,23124      ,3,5,1,New Kent County,19,19,8164000,0,0,0,0,0,0,0,0,0,19,19,8164000,0,0,0,0,0,0,0,0,0
202601,51,463000,131,    ,99990 ,00000 ,7928 ,999,99999,2, ,23347      ,3,5,1,Northampton County Unincorporated Area,9,9,2298632,0,0,0,0,0,0,0,0,0,9,9,2298632,0,0,0,0,0,0,0,0,0
202601,51,465000,133,    ,00000 ,00000 ,12012 ,999,99999,2, ,22473      ,3,5,1,Northumberland County,7,7,2386400,0,0,0,0,0,0,0,0,0,7,7,2386400,0,0,0,0,0,0,0,0,0
202601,51,467000,135,    ,00000 ,00000 ,9342 ,999,99999, , ,23955      ,3,5,1,Nottoway County,1,1,165000,0,0,0,0,0,0,0,0,0,1,1,165000,0,0,0,0,0,0,0,0,0
202601,51,475000,137,    ,00000 ,00000 ,30882 ,548,29470, , ,229600800  ,3,5,1,Orange County,11,11,3604949,0,0,0,0,0,0,0,0,0,11,11,3604949,0,0,0,0,0,0,0,0,0
202601,51,479000,139,    ,00000 ,00000 ,15074 ,999,99999, , ,22835      ,3,5,1,Page County,7,7,1931000,0,0,0,0,0,0,0,0,0,7,7,1931000,0,0,0,0,0,0,0,0,0
202601,51,489000,141,    ,00000 ,00000 ,16232 ,999,99999, , ,24171      ,3,5,1,Patrick County,1,1,392000,0,0,0,0,0,0,0,0,0,1,1,392000,0,0,0,0,0,0,0,0,0
202601,51,499000,143,    ,00000 ,00000 ,56047 ,999,19260, , ,24531      ,3,5,0,Pittsylvania County,5,5,1211620,0,0,0,0,0,0,0,0,0,0,0,0,0,0,0,0,0,0,0,0,0
202601,51,507000,145,    ,00000 ,00000 ,30148 ,999,40060, , ,23139      ,3,5,1,Powhatan County,7,7,1828706,0,0,0,0,0,0,0,0,0,7,7,1828706,0,0,0,0,0,0,0,0,0
202601,51,509000,147,    ,99990 ,00000 ,15656 ,999,99999,2, ,23901      ,3,5,1,Prince Edward County Unincorporated Area,4,4,782567,0,0,0,0,0,0,0,0,0,4,4,782567,0,0,0,0,0,0,0,0,0
202601,51,511000,149,    ,00000 ,00000 ,38686 ,999,40060, , ,23875      ,3,5,1,Prince George County,23,23,4325000,0,0,0,0,0,0,0,0,0,23,23,4325000,0,0,0,0,0,0,0,0,0
202601,51,513000,153,    ,99990 ,00000 ,466085 ,548,47900,2, ,22192      ,3,5,1,Prince William County Unincorporated Area,97,97,19461000,0,0,0,0,0,0,0,0,0,97,97,19461000,0,0,0,0,0,0,0,0,0
202601,51,515000,155,    ,99990 ,00000 ,22700 ,999,13980,2, ,24301      ,3,5,1,Pulaski County Unincorporated Area,2,2,525000,0,0,0,0,0,0,0,0,0,2,2,525000,0,0,0,0,0,0,0,0,0
202601,51,517000,155,1000,64880 ,00000 ,8657 ,999,13980, , ,24301      ,3,5,0,Pulaski town,0,0,0,0,0,0,0,0,0,0,0,0,0,0,0,0,0,0,0,0,0,0,0,0
202601,51,519000,107,1005,65008 ,00000 ,10285 ,548,47900, , ,201777000  ,3,5,1,Purcellville town,0,0,0,0,0,0,0,0,0,0,0,0,0,0,0,0,0,0,0,0,0,0,0,0
202601,51,523000,157,    ,00000 ,00000 ,7138 ,548,47900, , ,227470222  ,3,5,1,Rappahannock County,0,0,0,0,0,0,0,0,0,0,0,0,0,0,0,0,0,0,0,0,0,0,0,0
202601,51,531000,159,    ,00000 ,00000 ,7581 ,999,99999, , ,22572      ,3,5,1,Richmond County,4,4,1184820,0,0,0,0,0,0,0,0,0,4,4,1184820,0,0,0,0,0,0,0,0,0
202601,51,535000,161,    ,00000 ,00000 ,86381 ,999,40220, , ,24018      ,3,5,1,Roanoke County,10,10,3410002,0,0,0,0,0,0,0,0,0,10,10,3410002,0,0,0,0,0,0,0,0,0
202601,51,537000,163,    ,00000 ,00000 ,21279 ,999,99999, , ,24450      ,3,5,1,Rockbridge County,4,4,2000000,0,0,0,0,0,0,0,0,0,4,4,2000000,0,0,0,0,0,0,0,0,0
202601,51,539000,165,    ,00000 ,00000 ,61612 ,277,25500,2, ,22801      ,3,5,1,Rockingham County,23,23,4728050,2,4,540000,0,0,0,0,0,0,23,23,4728050,2,4,540000,0,0,0,0,0,0
202601,51,543000,107,1060,69168 ,00000 ,657 ,548,47900, , ,201777000  ,3,5,1,Round Hill town,0,0,0,0,0,0,0,0,0,0,0,0,0,0,0,0,0,0,0,0,0,0,0,0
202601,51,547000,167,    ,00000 ,00000 ,21787 ,999,99999,2, ,242667169  ,3,5,1,Russell County,3,3,888615,0,0,0,0,0,0,0,0,0,3,3,888615,0,0,0,0,0,0,0,0,0
202601,51,555000,169,    ,00000 ,00000 ,17739 ,304,28700, , ,24251      ,3,5,0,Scott County,2,2,402682,0,0,0,0,0,0,0,0,0,0,0,0,0,0,0,0,0,0,0,0,0
202601,51,563000,171,    ,00000 ,00000 ,26133 ,999,99999, , ,22664      ,3,5,1,Shenandoah County,6,6,2625900,0,0,0,0,0,0,0,0,0,6,6,2625900,0,0,0,0,0,0,0,0,0
202601,51,569000,173,    ,99990 ,00000 ,21127 ,999,99999,2, ,24354      ,3,5,1,Smyth County Unincorporated Area,0,0,0,0,0,0,0,0,0,0,0,0,0,0,0,0,0,0,0,0,0,0,0,0
202601,51,571000,117,1140,73904 ,00000 ,4356 ,999,99999, , ,23970      ,3,5,1,South Hill town,0,0,0,0,0,0,0,0,0,0,0,0,0,0,0,0,0,0,0,0,0,0,0,0
202601,51,573000,175,    ,00000 ,00000 ,15016 ,999,99999, , ,238370400  ,3,5,1,Southampton County,7,7,1788200,0,0,0,0,0,0,0,0,0,7,7,1788200,0,0,0,0,0,0,0,0,0
202601,51,575000,177,    ,00000 ,00000 ,138449 ,548,47900, , ,22553      ,3,5,1,Spotsylvania County,52,52,16508444,0,0,0,0,0,0,0,0,0,52,52,16508444,0,0,0,0,0,0,0,0,0
202601,51,581000,195,1075,69936 ,00000 ,663 ,999,99999,2, ,24293      ,3,5,0,St. Paul town,0,0,0,0,0,0,0,0,0,0,0,0,0,0,0,0,0,0,0,0,0,0,0,0
202601,51,583000,179,    ,00000 ,00000 ,156748 ,548,47900, , ,22554      ,3,5,1,Stafford County,38,38,0,0,0,0,0,0,0,0,0,0,38,38,0,0,0,0,0,0,0,0,0,0
202601,51,597000,181,    ,00000 ,00000 ,5589 ,545,47260, , ,23883      ,3,5,1,Surry County,5,5,1535159,0,0,0,0,0,0,0,0,0,5,5,1535159,0,0,0,0,0,0,0,0,0
202601,51,601000,183,    ,00000 ,00000 ,7925 ,999,40060,2, ,23884      ,3,5,1,Sussex County,3,3,458231,0,0,0,0,0,0,0,0,0,3,3,458231,0,0,0,0,0,0,0,0,0
202601,51,607000,185,    ,99990 ,00000 ,25032 ,999,14140,2, ,24651      ,3,5,1,Tazewell County Unincorporated Area,0,0,0,0,0,0,0,0,0,0,0,0,0,0,0,0,0,0,0,0,0,0,0,0
202601,51,635000,187,    ,00000 ,00000 ,25086 ,548,47900, , ,22630      ,3,5,1,Warren County,8,8,2836000,0,0,0,0,0,0,0,0,0,8,8,2836000,0,0,0,0,0,0,0,0,0
202601,51,637000,061,1295,83136 ,00000 ,9982 ,548,47900, , ,201880341  ,3,5,0,Warrenton town,0,0,0,0,0,0,0,0,0,0,0,0,0,0,0,0,0,0,0,0,0,0,0,0
202601,51,641000,191,    ,99990 ,00000 ,43477 ,304,28700,2, ,24210      ,3,5,0,Washington County Unincorporated Area,5,5,1688870,0,0,0,0,0,0,0,0,0,0,0,0,0,0,0,0,0,0,0,0,0
202601,51,649000,101,1325,84960 ,00000 ,3310 ,999,40060, , ,23181      ,3,5,1,West Point town,0,0,0,0,0,0,0,0,0,0,0,0,0,0,0,0,0,0,0,0,0,0,0,0
202601,51,651000,193,    ,99990 ,00000 ,14112 ,999,99999, , ,22520      ,3,5,0,Westmoreland County,14,14,2833888,0,0,0,0,0,0,0,0,0,0,0,0,0,0,0,0,0,0,0,0,0
202601,51,657000,195,    ,99990 ,00000 ,24279 ,999,99999,2, ,24293      ,3,5,1,Wise County Unincorporated Area,4,4,580318,0,0,0,0,0,0,0,0,0,4,4,580318,0,0,0,0,0,0,0,0,0
202601,51,663000,197,    ,99990 ,00000 ,19293 ,999,99999,2, ,24382      ,3,5,1,Wythe County Unincorporated Area,0,0,0,0,0,0,0,0,0,0,0,0,0,0,0,0,0,0,0,0,0,0,0,0
202601,51,665000,197,1365,88000 ,00000 ,7879 ,999,99999, , ,24382      ,3,5,1,Wytheville town,0,0,0,0,0,0,0,0,0,0,0,0,0,0,0,0,0,0,0,0,0,0,0,0
202601,51,667000,199,    ,00000 ,00000 ,69199 ,545,47260, , ,23690      ,3,5,1,York County,8,8,3704356,0,0,0,0,0,0,0,0,0,8,8,3704356,0,0,0,0,0,0,0,0,0
202601,54,001000,101,0010,00364 ,00000 ,660 ,999,99999, , ,26288      ,3,5,0,Addison town,0,0,0,0,0,0,0,0,0,0,0,0,0,0,0,0,0,0,0,0,0,0,0,0
202601,54,003000,077,0015,00748 ,00000 ,277 ,999,34060, , ,26519      ,3,5,0,Albright town,0,0,0,0,0,0,0,0,0,0,0,0,0,0,0,0,0,0,0,0,0,0,0,0
202601,54,005000,025,0020,00772 ,00000 ,920 ,999,99999,2, ,24910      ,3,5,0,Alderson town,0,0,0,0,0,0,0,0,0,0,0,0,0,0,0,0,0,0,0,0,0,0,0,0
202601,54,011000,033,0050,01900 ,00000 ,732 ,242,17220, , ,263230178  ,3,5,1,Anmoore town,0,0,0,0,0,0,0,0,0,0,0,0,0,0,0,0,0,0,0,0,0,0,0,0
202601,54,013000,019,0055,01996 ,00000 ,1300 ,999,13220, , ,25812      ,3,5,0,Ansted town,1,1,119500,0,0,0,0,0,0,0,0,0,0,0,0,0,0,0,0,0,0,0,0,0
202601,54,015000,055,0065,03292 ,00000 ,890 ,999,14140, , ,24712      ,3,5,0,Athens town,0,0,0,0,0,0,0,0,0,0,0,0,0,0,0,0,0,0,0,0,0,0,0,0
202601,54,023000,011,0080,04276 ,00000 ,4228 ,170,26580, , ,255040266  ,3,5,0,Barboursville village,0,0,0,0,0,0,0,0,0,0,0,0,0,0,0,0,0,0,0,0,0,0,0,0
202601,54,027000,065,0095,04876 ,00000 ,587 ,548,25180, , ,25411      ,3,5,0,Bath town,0,0,0,0,0,0,0,0,0,0,0,0,0,0,0,0,0,0,0,0,0,0,0,0
202601,54,029000,023,0100,04924 ,00000 ,258 ,999,99999, , ,26707      ,3,5,0,Bayard town,0,0,0,0,0,0,0,0,0,0,0,0,0,0,0,0,0,0,0,0,0,0,0,0
202601,54,031000,081,0110,05332 ,00000 ,15805 ,999,13220, ,1,25801      ,3,5,0,Beckley,0,0,0,0,0,0,0,0,0,0,0,0,0,0,0,0,0,0,0,0,0,0,0,0
202601,54,033000,009,0115,05452 ,00000 ,462 ,430,48260, , ,26030      ,3,5,0,Beech Bottom village,0,0,0,0,0,0,0,0,0,0,0,0,0,0,0,0,0,0,0,0,0,0,0,0
202601,54,035000,001,0120,05788 ,00000 ,1898 ,999,99999, , ,262500926  ,3,5,0,Belington town,0,0,0,0,0,0,0,0,0,0,0,0,0,0,0,0,0,0,0,0,0,0,0,0
202601,54,037000,039,0122,05836 ,00000 ,1108 ,170,16620, , ,25015      ,3,5,0,Belle town,0,0,0,0,0,0,0,0,0,0,0,0,0,0,0,0,0,0,0,0,0,0,0,0
202601,54,039000,073,0125,06004 ,00000 ,853 ,999,99999, , ,26134      ,3,5,0,Belmont,0,0,0,0,0,0,0,0,0,0,0,0,0,0,0,0,0,0,0,0,0,0,0,0
202601,54,041000,051,0130,06340 ,00000 ,1257 ,999,48540, , ,260311106  ,3,5,0,Benwood,0,0,0,0,0,0,0,0,0,0,0,0,0,0,0,0,0,0,0,0,0,0,0,0
202601,54,043000,003,    ,99990 ,00000 ,104316 ,548,25180, , ,25401      ,3,5,1,Berkeley County Unincorporated Area,76,76,19753145,0,0,0,1,4,800000,0,0,0,76,76,19753145,0,0,0,1,4,800000,0,0,0
202601,54,045000,009,0140,06844 ,00000 ,800 ,430,48260, , ,26032      ,3,5,0,Bethany town,0,0,0,0,0,0,0,0,0,0,0,0,0,0,0,0,0,0,0,0,0,0,0,0
202601,54,047000,069,0145,06940 ,00000 ,2298 ,999,48540, , ,26003      ,3,5,0,Bethlehem village,0,0,0,0,0,0,0,0,0,0,0,0,0,0,0,0,0,0,0,0,0,0,0,0
202601,54,049000,083,0150,06988 ,00000 ,657 ,999,21180, , ,262539402  ,3,5,0,Beverly town,0,0,0,0,0,0,0,0,0,0,0,0,0,0,0,0,0,0,0,0,0,0,0,0
202601,54,051000,061,0155,08092 ,00000 ,183 ,999,34060, , ,26521      ,3,5,0,Blacksville town,0,0,0,0,0,0,0,0,0,0,0,0,0,0,0,0,0,0,0,0,0,0,0,0
202601,54,053000,055,0160,08524 ,00000 ,9505 ,999,14140, ,2,24701      ,3,5,0,Bluefield,0,0,0,0,0,0,0,0,0,0,0,0,0,0,0,0,0,0,0,0,0,0,0,0
202601,54,055000,037,0165,08932 ,00000 ,1018 ,548,47900, , ,25425      ,3,5,0,Bolivar town,0,0,0,0,0,0,0,0,0,0,0,0,0,0,0,0,0,0,0,0,0,0,0,0
202601,54,057000,005,    ,99990 ,00000 ,17301 ,170,16620, , ,25053      ,3,5,0,Boone County Unincorporated Area,0,0,0,0,0,0,0,0,0,0,0,0,0,0,0,0,0,0,0,0,0,0,0,0
202601,54,061000,055,0185,09796 ,00000 ,334 ,999,14140, , ,247150338  ,3,5,0,Bramwell town,0,0,0,0,0,0,0,0,0,0,0,0,0,0,0,0,0,0,0,0,0,0,0,0
202601,54,065000,007,    ,99990 ,00000 ,11194 ,999,99999, , ,26601      ,3,5,0,Braxton County Unincorporated Area,1,1,302641,0,0,0,0,0,0,0,0,0,0,0,0,0,0,0,0,0,0,0,0,0
202601,54,067000,033,0195,10180 ,00000 ,8782 ,242,17220, , ,26330      ,3,5,1,Bridgeport,2,2,504390,0,0,0,0,0,0,0,0,0,2,2,504390,0,0,0,0,0,0,0,0,0
202601,54,069000,009,    ,99990 ,00000 ,11274 ,430,48260, , ,26070      ,3,5,1,Brooke County Unincorporated Area,0,0,0,0,0,0,0,0,0,0,0,0,0,0,0,0,0,0,0,0,0,0,0,0
202601,54,071000,077,0200,10852 ,00000 ,84 ,999,34060, , ,26525      ,3,5,0,Bruceton Mills town,0,0,0,0,0,0,0,0,0,0,0,0,0,0,0,0,0,0,0,0,0,0,0,0
202601,54,073000,097,0205,11188 ,00000 ,5395 ,999,99999, , ,26201      ,3,5,0,Buckhannon,0,0,0,0,0,0,0,0,0,0,0,0,0,0,0,0,0,0,0,0,0,0,0,0
202601,54,077000,007,0215,11716 ,00000 ,465 ,999,99999, , ,263350305  ,3,5,0,Burnsville town,0,0,0,0,0,0,0,0,0,0,0,0,0,0,0,0,0,0,0,0,0,0,0,0
202601,54,079000,011,    ,99990 ,00000 ,43380 ,170,26580, , ,25701      ,3,5,1,Cabell County Unincorporated Area,1,1,680000,0,0,0,0,0,0,0,0,0,1,1,680000,0,0,0,0,0,0,0,0,0
202601,54,083000,013,    ,99990 ,00000 ,6448 ,999,99999, , ,26151      ,3,5,0,Calhoun County Unincorporated Area,1,1,302641,0,0,0,0,0,0,0,0,0,0,0,0,0,0,0,0,0,0,0,0,0
202601,54,085000,101,0225,12436 ,00000 ,143 ,999,99999, , ,26208      ,3,5,0,Camden-on-Gauley town,0,0,0,0,0,0,0,0,0,0,0,0,0,0,0,0,0,0,0,0,0,0,0,0
202601,54,087000,051,0230,12484 ,00000 ,828 ,999,48540, , ,26033      ,3,5,0,Cameron,0,0,0,0,0,0,0,0,0,0,0,0,0,0,0,0,0,0,0,0,0,0,0,0
202601,54,089000,027,0245,13108 ,00000 ,371 ,548,49020, , ,26711      ,3,5,0,Capon Bridge town,0,0,0,0,0,0,0,0,0,0,0,0,0,0,0,0,0,0,0,0,0,0,0,0
202601,54,091000,057,0253,13525 ,00000 ,900 ,999,19060, , ,26753      ,3,5,0,Carpendale town,0,0,0,0,0,0,0,0,0,0,0,0,0,0,0,0,0,0,0,0,0,0,0,0
202601,54,093000,039,0265,13924 ,00000 ,897 ,170,16620, , ,250390536  ,3,5,0,Cedar Grove town,0,0,0,0,0,0,0,0,0,0,0,0,0,0,0,0,0,0,0,0,0,0,0,0
202601,54,095000,099,0270,14308 ,00000 ,1246 ,170,26580, , ,255070691  ,3,5,0,Ceredo town,0,0,0,0,0,0,0,0,0,0,0,0,0,0,0,0,0,0,0,0,0,0,0,0
202601,54,097000,045,0275,14524 ,00000 ,1078 ,999,99999, , ,25508      ,3,5,0,Chapmanville town,0,0,0,0,0,0,0,0,0,0,0,0,0,0,0,0,0,0,0,0,0,0,0,0
202601,54,099000,037,0285,14610 ,00000 ,6015 ,548,47900, , ,25414      ,3,5,1,Charles Town,2,2,403960,0,0,0,0,0,0,0,0,0,2,2,403960,0,0,0,0,0,0,0,0,0
202601,54,101000,039,0280,14600 ,00000 ,45879 ,170,16620, ,1,253012622  ,3,5,1,Charleston,0,0,0,0,0,0,0,0,0,0,0,0,0,0,0,0,0,0,0,0,0,0,0,0
202601,54,103000,039,0300,15028 ,00000 ,1393 ,170,16620, , ,25315      ,3,5,0,Chesapeake town,0,0,0,0,0,0,0,0,0,0,0,0,0,0,0,0,0,0,0,0,0,0,0,0
202601,54,105000,029,0305,15076 ,00000 ,2313 ,430,48260, , ,260341127  ,3,5,0,Chester,0,0,0,0,0,0,0,0,0,0,0,0,0,0,0,0,0,0,0,0,0,0,0,0
202601,54,107000,033,0310,15628 ,00000 ,15424 ,242,17220, ,2,26301      ,3,5,0,Clarksburg,1,1,287589,0,0,0,0,0,0,0,0,0,0,0,0,0,0,0,0,0,0,0,0,0
202601,54,109000,015,    ,00000 ,00000 ,7911 ,170,16620, , ,25043      ,3,5,0,Clay County Unincorporated Area,0,0,0,0,0,0,0,0,0,0,0,0,0,0,0,0,0,0,0,0,0,0,0,0
202601,54,111000,015,0315,15676 ,00000 ,430 ,170,16620, , ,250430055  ,3,5,0,Clay town,0,0,0,0,0,0,0,0,0,0,0,0,0,0,0,0,0,0,0,0,0,0,0,0
202601,54,113000,069,0320,15916 ,00000 ,481 ,999,48540, , ,26003      ,3,5,0,Clearview village,0,0,0,0,0,0,0,0,0,0,0,0,0,0,0,0,0,0,0,0,0,0,0,0
202601,54,115000,039,0325,16012 ,00000 ,1098 ,170,16620, , ,25045      ,3,5,0,Clendenin town,0,0,0,0,0,0,0,0,0,0,0,0,0,0,0,0,0,0,0,0,0,0,0,0
202601,54,117000,037,0350,66988 ,00000 ,5360 ,548,47900, , ,25438      ,3,5,1,Ranson corporation,52,52,12639000,0,0,0,0,0,0,0,0,0,52,52,12639000,0,0,0,0,0,0,0,0,0
202601,54,121000,005,0385,20212 ,00000 ,589 ,170,16620, , ,25053      ,3,5,0,Danville town,0,0,0,0,0,0,0,0,0,0,0,0,0,0,0,0,0,0,0,0,0,0,0,0
202601,54,123000,093,0390,20428 ,00000 ,642 ,999,99999, , ,26260      ,3,5,0,Davis town,0,0,0,0,0,0,0,0,0,0,0,0,0,0,0,0,0,0,0,0,0,0,0,0
202601,54,131000,039,0425,22564 ,00000 ,6951 ,170,16620, , ,25064      ,3,5,0,Dunbar,0,0,0,0,0,0,0,0,0,0,0,0,0,0,0,0,0,0,0,0,0,0,0,0
202601,54,133000,075,0430,22852 ,00000 ,297 ,999,99999, , ,26264      ,3,5,0,Durbin town,0,0,0,0,0,0,0,0,0,0,0,0,0,0,0,0,0,0,0,0,0,0,0,0
202601,54,135000,039,0435,23092 ,00000 ,857 ,170,16620, , ,25067      ,3,5,0,East Bank town,0,0,0,0,0,0,0,0,0,0,0,0,0,0,0,0,0,0,0,0,0,0,0,0
202601,54,137000,079,0467,24292 ,00000 ,1579 ,170,26580, , ,25070      ,3,5,0,Eleanor town,0,0,0,0,0,0,0,0,0,0,0,0,0,0,0,0,0,0,0,0,0,0,0,0
202601,54,141000,057,0475,24484 ,00000 ,209 ,999,19060, , ,26717      ,3,5,0,Elk Garden town,0,0,0,0,0,0,0,0,0,0,0,0,0,0,0,0,0,0,0,0,0,0,0,0
202601,54,143000,083,0485,24580 ,00000 ,6908 ,999,21180, ,2,26241      ,3,5,1,Elkins,0,0,0,0,0,0,0,0,0,0,0,0,0,0,0,0,0,0,0,0,0,0,0,0
202601,54,145000,085,0490,24844 ,00000 ,368 ,999,99999, , ,26346      ,3,5,0,Ellenboro town,0,0,0,0,0,0,0,0,0,0,0,0,0,0,0,0,0,0,0,0,0,0,0,0
202601,54,147000,049,0510,26452 ,00000 ,18370 ,242,21900, ,2,265551428  ,3,5,1,Fairmont,0,0,0,0,0,0,0,0,0,0,0,0,0,0,0,0,0,0,0,0,0,0,0,0
202601,54,153000,049,0530,26932 ,00000 ,363 ,242,21900, , ,265710520  ,3,5,0,Farmington town,0,0,0,0,0,0,0,0,0,0,0,0,0,0,0,0,0,0,0,0,0,0,0,0
202601,54,155000,019,    ,99990 ,00000 ,26114 ,999,13220, , ,258401200  ,3,5,1,Fayette County Unincorporated Area,0,0,0,0,0,0,0,0,0,0,0,0,0,0,0,0,0,0,0,0,0,0,0,0
202601,54,157000,019,0535,27028 ,00000 ,2684 ,999,13220, , ,25840      ,3,5,0,Fayetteville town,0,0,0,0,0,0,0,0,0,0,0,0,0,0,0,0,0,0,0,0,0,0,0,0
202601,54,163000,009,0555,28204 ,00000 ,2669 ,430,48260, , ,26037      ,3,5,0,Follansbee,0,0,0,0,0,0,0,0,0,0,0,0,0,0,0,0,0,0,0,0,0,0,0,0
202601,54,167000,071,0570,29044 ,00000 ,638 ,999,99999, , ,26807      ,3,5,0,Franklin town,0,0,0,0,0,0,0,0,0,0,0,0,0,0,0,0,0,0,0,0,0,0,0,0
202601,54,169000,095,0575,29404 ,00000 ,120 ,999,99999, , ,26146      ,3,5,0,Friendly town,0,0,0,0,0,0,0,0,0,0,0,0,0,0,0,0,0,0,0,0,0,0,0,0
202601,54,173000,007,0590,30220 ,00000 ,816 ,999,99999, , ,26624      ,3,5,0,Gassaway town,0,0,0,0,0,0,0,0,0,0,0,0,0,0,0,0,0,0,0,0,0,0,0,0
202601,54,175000,019,0594,30364 ,00000 ,545 ,999,13220, , ,28085      ,3,5,0,Gauley Bridge town,0,0,0,0,0,0,0,0,0,0,0,0,0,0,0,0,0,0,0,0,0,0,0,0
202601,54,179000,021,    ,99990 ,00000 ,6256 ,999,99999, , ,263511246  ,3,5,1,Gilmer County Unincorporated Area,2,2,655000,0,0,0,0,0,0,0,0,0,2,2,655000,0,0,0,0,0,0,0,0,0
202601,54,181000,039,0605,31324 ,00000 ,823 ,170,16620, , ,25086      ,3,5,0,Glasgow town,0,0,0,0,0,0,0,0,0,0,0,0,0,0,0,0,0,0,0,0,0,0,0,0
202601,54,183000,051,0610,31492 ,00000 ,1348 ,999,48540, , ,26038      ,3,5,0,Glen Dale,0,0,0,0,0,0,0,0,0,0,0,0,0,0,0,0,0,0,0,0,0,0,0,0
202601,54,185000,021,0630,32044 ,00000 ,1410 ,999,99999, , ,26351      ,3,5,0,Glenville town,0,0,0,0,0,0,0,0,0,0,0,0,0,0,0,0,0,0,0,0,0,0,0,0
202601,54,187000,091,0640,32716 ,00000 ,4968 ,242,17220, , ,26354      ,3,5,0,Grafton,0,0,0,0,0,0,0,0,0,0,0,0,0,0,0,0,0,0,0,0,0,0,0,0
202601,54,189000,023,    ,99990 ,00000 ,8569 ,999,99999, , ,26847      ,3,5,1,Grant County Unincorporated Area,3,3,640000,0,0,0,0,0,0,0,0,0,3,3,640000,0,0,0,0,0,0,0,0,0
202601,54,195000,061,0655,32932 ,00000 ,3156 ,999,34060, , ,26534      ,3,5,0,Granville town,0,0,0,0,0,0,0,0,0,0,0,0,0,0,0,0,0,0,0,0,0,0,0,0
202601,54,197000,025,    ,99990 ,00000 ,22803 ,999,99999, , ,24901      ,3,5,1,Greenbrier County Unincorporated Area,7,7,886675,0,0,0,0,0,0,0,0,0,7,7,886675,0,0,0,0,0,0,0,0,0
202601,54,199000,093,0660,34492 ,00000 ,212 ,999,99999, , ,26269      ,3,5,0,Hambleton town,0,0,0,0,0,0,0,0,0,0,0,0,0,0,0,0,0,0,0,0,0,0,0,0
202601,54,203000,027,    ,99990 ,00000 ,21139 ,548,49020, , ,26757      ,3,5,1,Hampshire County Unincorporated Area,11,11,8415650,0,0,0,0,0,0,0,0,0,11,11,8415650,0,0,0,0,0,0,0,0,0
202601,54,205000,029,    ,99990 ,00000 ,10793 ,430,48260, , ,26047      ,3,5,1,Hancock County Unincorporated Area,2,2,874000,0,0,0,0,0,0,0,0,0,2,2,874000,0,0,0,0,0,0,0,0,0
202601,54,207000,039,0667,34756 ,00000 ,309 ,170,16620, , ,25102      ,3,5,0,Handley town,0,0,0,0,0,0,0,0,0,0,0,0,0,0,0,0,0,0,0,0,0,0,0,0
202601,54,209000,031,    ,99990 ,00000 ,10984 ,999,99999, , ,26836      ,3,5,1,Hardy County Unincorporated Area,5,5,1250922,0,0,0,0,0,0,0,0,0,5,5,1250922,0,0,0,0,0,0,0,0,0
202601,54,211000,083,0675,35092 ,00000 ,137 ,999,21180, , ,26270      ,3,5,0,Harman town,0,0,0,0,0,0,0,0,0,0,0,0,0,0,0,0,0,0,0,0,0,0,0,0
202601,54,213000,037,0680,35284 ,00000 ,285 ,548,47900, , ,254250217  ,3,5,0,Harpers Ferry town,0,0,0,0,0,0,0,0,0,0,0,0,0,0,0,0,0,0,0,0,0,0,0,0
202601,54,215000,033,    ,99990 ,00000 ,33216 ,242,17220, , ,26301      ,3,5,1,Harrison County Unincorporated Area,0,0,0,0,0,0,0,0,0,0,0,0,0,0,0,0,0,0,0,0,0,0,0,0
202601,54,217000,085,0685,35428 ,00000 ,1664 ,999,99999, , ,263620243  ,3,5,0,Harrisville town,0,0,0,0,0,0,0,0,0,0,0,0,0,0,0,0,0,0,0,0,0,0,0,0
202601,54,219000,053,0690,35500 ,00000 ,593 ,999,99999, , ,25247      ,3,5,0,Hartford City town,0,0,0,0,0,0,0,0,0,0,0,0,0,0,0,0,0,0,0,0,0,0,0,0
202601,54,221000,003,0695,36220 ,00000 ,295 ,548,25180, , ,25427      ,3,5,0,Hedgesville town,0,0,0,0,0,0,0,0,0,0,0,0,0,0,0,0,0,0,0,0,0,0,0,0
202601,54,225000,093,0705,36460 ,00000 ,254 ,999,99999, , ,26271      ,3,5,0,Hendricks town,0,0,0,0,0,0,0,0,0,0,0,0,0,0,0,0,0,0,0,0,0,0,0,0
202601,54,229000,089,0735,37636 ,00000 ,2321 ,999,99999, , ,25951      ,3,5,0,Hinton,0,0,0,0,0,0,0,0,0,0,0,0,0,0,0,0,0,0,0,0,0,0,0,0
202601,54,233000,011,0760,39460 ,00000 ,41458 ,170,26580,2,1,25701      ,3,5,0,Huntington,0,0,0,1,2,100000,0,0,0,0,0,0,0,0,0,0,0,0,0,0,0,0,0,0
202601,54,237000,079,0765,39532 ,00000 ,6389 ,170,26580,2, ,25526      ,3,5,0,Hurricane,1,1,268333,0,0,0,0,0,0,1,29,5650261,0,0,0,0,0,0,0,0,0,0,0,0
202601,54,243000,035,    ,99990 ,00000 ,21698 ,999,99999, , ,252710800  ,3,5,0,Jackson County Unincorporated Area,0,0,0,0,0,0,0,0,0,0,0,0,0,0,0,0,0,0,0,0,0,0,0,0
202601,54,245000,041,0785,40828 ,00000 ,388 ,999,99999, , ,263780050  ,3,5,0,Jane Lew town,0,0,0,0,0,0,0,0,0,0,0,0,0,0,0,0,0,0,0,0,0,0,0,0
202601,54,247000,037,    ,99990 ,00000 ,42886 ,548,47900, , ,25414      ,3,5,1,Jefferson County Unincorporated Area,13,13,2700208,0,0,0,0,0,0,0,0,0,13,13,2700208,0,0,0,0,0,0,0,0,0
202601,54,249000,001,0795,42244 ,00000 ,483 ,999,99999, , ,262750247  ,3,5,0,Junior town,0,0,0,0,0,0,0,0,0,0,0,0,0,0,0,0,0,0,0,0,0,0,0,0
202601,54,251000,039,    ,99990 ,00000 ,87472 ,170,16620, , ,25301      ,3,5,0,Kanawha County Unincorporated Area,3,3,197766,0,0,0,0,0,0,0,0,0,0,0,0,0,0,0,0,0,0,0,0,0
202601,54,253000,099,0805,43180 ,00000 ,2943 ,170,26580, , ,25530      ,3,5,0,Kenova,0,0,0,0,0,0,0,0,0,0,0,0,0,0,0,0,0,0,0,0,0,0,0,0
202601,54,257000,057,0815,43492 ,00000 ,4863 ,999,19060, , ,26726      ,3,5,1,Keyser,0,0,0,0,0,0,0,0,0,0,0,0,0,0,0,0,0,0,0,0,0,0,0,0
202601,54,263000,077,0845,44044 ,00000 ,3047 ,999,34060, , ,26537      ,3,5,0,Kingwood,0,0,0,0,0,0,0,0,0,0,0,0,0,0,0,0,0,0,0,0,0,0,0,0
202601,54,269000,081,0875,46468 ,00000 ,312 ,999,13220, , ,25865      ,3,5,0,Lester town,0,0,0,0,0,0,0,0,0,0,0,0,0,0,0,0,0,0,0,0,0,0,0,0
202601,54,273000,025,0880,46636 ,00000 ,3766 ,999,99999, , ,24901      ,3,5,0,Lewisburg,1,1,428000,0,0,0,0,0,0,0,0,0,0,0,0,0,0,0,0,0,0,0,0,0
202601,54,275000,043,    ,00000 ,00000 ,18349 ,999,99999, , ,25571      ,3,5,1,Lincoln County,0,0,0,0,0,0,0,0,0,0,0,0,0,0,0,0,0,0,0,0,0,0,0,0
202601,54,279000,045,0895,48148 ,00000 ,1447 ,999,99999, , ,256013627  ,3,5,0,Logan,0,0,0,0,0,0,0,0,0,0,0,0,0,0,0,0,0,0,0,0,0,0,0,0
202601,54,283000,033,0905,48748 ,00000 ,462 ,242,17220, , ,26385      ,3,5,0,Lost Creek town,0,0,0,0,0,0,0,0,0,0,0,0,0,0,0,0,0,0,0,0,0,0,0,0
202601,54,285000,033,0915,49252 ,00000 ,835 ,242,17220, , ,263860519  ,3,5,0,Lumberport town,0,0,0,0,0,0,0,0,0,0,0,0,0,0,0,0,0,0,0,0,0,0,0,0
202601,54,287000,081,0940,49492 ,00000 ,1251 ,999,13220, , ,25871      ,3,5,0,Mabscott town,0,0,0,0,0,0,0,0,0,0,0,0,0,0,0,0,0,0,0,0,0,0,0,0
202601,54,289000,005,0950,50524 ,00000 ,2616 ,170,16620, , ,25130      ,3,5,0,Madison,1,1,203096,0,0,0,0,0,0,0,0,0,0,0,0,0,0,0,0,0,0,0,0,0
202601,54,291000,045,0970,50932 ,00000 ,619 ,999,99999, , ,25635      ,3,5,0,Man town,0,0,0,0,0,0,0,0,0,0,0,0,0,0,0,0,0,0,0,0,0,0,0,0
202601,54,293000,049,0975,51100 ,00000 ,2010 ,242,21900, , ,26582      ,3,5,0,Mannington,0,0,0,0,0,0,0,0,0,0,0,0,0,0,0,0,0,0,0,0,0,0,0,0
202601,54,297000,075,0985,51676 ,00000 ,956 ,999,99999, , ,24954      ,3,5,0,Marlinton town,0,0,0,0,0,0,0,0,0,0,0,0,0,0,0,0,0,0,0,0,0,0,0,0
202601,54,299000,039,0990,51724 ,00000 ,1351 ,170,16620, , ,253650216  ,3,5,0,Marmet,0,0,0,0,0,0,0,0,0,0,0,0,0,0,0,0,0,0,0,0,0,0,0,0
202601,54,303000,003,0995,52060 ,00000 ,17514 ,548,25180, ,1,25401      ,3,5,1,Martinsburg,4,4,493285,0,0,0,0,0,0,0,0,0,4,4,493285,0,0,0,0,0,0,0,0,0
202601,54,307000,053,1005,52180 ,00000 ,920 ,999,99999, , ,252600438  ,3,5,0,Mason town,0,0,0,0,0,0,0,0,0,0,0,0,0,0,0,0,0,0,0,0,0,0,0,0
202601,54,309000,077,1010,52228 ,00000 ,537 ,999,34060, , ,26542      ,3,5,0,Masontown town,0,0,0,0,0,0,0,0,0,0,0,0,0,0,0,0,0,0,0,0,0,0,0,0
202601,54,311000,059,1015,52324 ,00000 ,415 ,999,99999, , ,25678      ,3,5,0,Matewan town,0,0,0,0,0,0,0,0,0,0,0,0,0,0,0,0,0,0,0,0,0,0,0,0
202601,54,313000,055,1020,52420 ,00000 ,193 ,999,14140, , ,247360528  ,3,5,0,Matoaka town,0,0,0,0,0,0,0,0,0,0,0,0,0,0,0,0,0,0,0,0,0,0,0,0
202601,54,315000,047,    ,99990 ,00000 ,12255 ,999,99999,2, ,248012487  ,3,5,1,McDowell County,0,0,0,0,0,0,0,0,0,0,0,0,0,0,0,0,0,0,0,0,0,0,0,0
202601,54,317000,051,0947,50260 ,00000 ,1665 ,999,48540, , ,260401171  ,3,5,0,McMechen,0,0,0,0,0,0,0,0,0,0,0,0,0,0,0,0,0,0,0,0,0,0,0,0
202601,54,319000,019,1030,52780 ,00000 ,344 ,999,13220, , ,25976      ,3,5,0,Meadow Bridge town,0,0,0,0,0,0,0,0,0,0,0,0,0,0,0,0,0,0,0,0,0,0,0,0
202601,54,323000,095,1035,53572 ,00000 ,731 ,999,99999, , ,261499600  ,3,5,0,Middlebourne town,0,0,0,0,0,0,0,0,0,0,0,0,0,0,0,0,0,0,0,0,0,0,0,0
202601,54,325000,083,1045,54100 ,00000 ,681 ,999,21180, , ,26280      ,3,5,0,Mill Creek town,0,0,0,0,0,0,0,0,0,0,0,0,0,0,0,0,0,0,0,0,0,0,0,0
202601,54,327000,011,1050,54484 ,00000 ,2523 ,170,26580, , ,255411327  ,3,5,0,Milton town,0,0,0,0,0,0,0,0,0,0,0,0,0,0,0,0,0,0,0,0,0,0,0,0
202601,54,329000,057,    ,99990 ,00000 ,19344 ,999,19060, , ,26726      ,3,5,1,Mineral County Unincorporated Area,4,4,635000,0,0,0,0,0,0,0,0,0,4,4,635000,0,0,0,0,0,0,0,0,0
202601,54,333000,045,1060,54892 ,00000 ,274 ,999,99999, , ,25601      ,3,5,0,Mitchell Heights town,0,0,0,0,0,0,0,0,0,0,0,0,0,0,0,0,0,0,0,0,0,0,0,0
202601,54,335000,049,1070,55276 ,00000 ,1160 ,242,21900, , ,26554      ,3,5,0,Monongah town,0,0,0,0,0,0,0,0,0,0,0,0,0,0,0,0,0,0,0,0,0,0,0,0
202601,54,341000,019,1080,55468 ,00000 ,909 ,999,13220,2, ,25136      ,3,5,0,Montgomery,0,0,0,0,0,0,0,0,0,0,0,0,0,0,0,0,0,0,0,0,0,0,0,0
202601,54,347000,031,1090,55588 ,00000 ,2391 ,999,99999, , ,26836      ,3,5,0,Moorefield town,0,0,0,0,0,0,0,0,0,0,0,0,0,0,0,0,0,0,0,0,0,0,0,0
202601,54,349000,065,    ,99990 ,00000 ,16802 ,548,25180, , ,25411      ,3,5,1,Morgan County Unincorporated Area,11,11,2743411,0,0,0,0,0,0,0,0,0,11,11,2743411,0,0,0,0,0,0,0,0,0
202601,54,351000,061,1095,55756 ,00000 ,30847 ,999,34060, ,1,26505      ,3,5,1,Morgantown,1,1,210000,0,0,0,0,0,0,0,0,0,1,1,210000,0,0,0,0,0,0,0,0,0
202601,54,353000,051,1100,56020 ,00000 ,8117 ,999,48540, , ,260411925  ,3,5,0,Moundsville,0,0,0,0,0,0,0,0,0,0,0,0,0,0,0,0,0,0,0,0,0,0,0,0
202601,54,355000,019,1110,56404 ,00000 ,1259 ,999,13220, , ,258800151  ,3,5,0,Mount Hope,0,0,0,0,0,0,0,0,0,0,0,0,0,0,0,0,0,0,0,0,0,0,0,0
202601,54,357000,109,1120,57148 ,00000 ,1288 ,999,99999, , ,25882      ,3,5,0,Mullens,0,0,0,0,0,0,0,0,0,0,0,0,0,0,0,0,0,0,0,0,0,0,0,0
202601,54,359000,029,1130,58372 ,00000 ,994 ,430,48260, , ,26047      ,3,5,0,New Cumberland,0,0,0,0,0,0,0,0,0,0,0,0,0,0,0,0,0,0,0,0,0,0,0,0
202601,54,361000,053,1145,58564 ,00000 ,1451 ,999,99999, , ,25265      ,3,5,0,New Haven town,0,0,0,0,0,0,0,0,0,0,0,0,0,0,0,0,0,0,0,0,0,0,0,0
202601,54,363000,103,1150,58684 ,00000 ,5111 ,999,99999, , ,26155      ,3,5,1,New Martinsville,0,0,0,0,0,0,0,0,0,0,0,0,0,0,0,0,0,0,0,0,0,0,0,0
202601,54,365000,077,1125,58300 ,00000 ,312 ,999,34060, , ,26410      ,3,5,0,Newburg town,0,0,0,0,0,0,0,0,0,0,0,0,0,0,0,0,0,0,0,0,0,0,0,0
202601,54,369000,039,3600,59068 ,00000 ,5179 ,170,16620,2, ,251430308  ,3,5,0,Nitro,0,0,0,0,0,0,0,0,0,0,0,0,0,0,0,0,0,0,0,0,0,0,0,0
202601,54,373000,107,1162,59458 ,00000 ,766 ,425,37620, , ,26104      ,3,5,0,North Hills town,0,0,0,0,0,0,0,0,0,0,0,0,0,0,0,0,0,0,0,0,0,0,0,0
202601,54,377000,033,3660,59836 ,00000 ,1501 ,242,17220, , ,26301      ,3,5,0,Nutter Fort town,1,1,280000,0,0,0,0,0,0,0,0,0,0,0,0,0,0,0,0,0,0,0,0,0
202601,54,379000,019,1175,60028 ,00000 ,8028 ,999,13220, , ,25901      ,3,5,0,Oak Hill,0,0,0,0,0,0,0,0,0,0,0,0,0,0,0,0,0,0,0,0,0,0,0,0
202601,54,381000,055,1180,60196 ,00000 ,109 ,999,14140, , ,24739      ,3,5,0,Oakvale town,0,0,0,0,0,0,0,0,0,0,0,0,0,0,0,0,0,0,0,0,0,0,0,0
202601,54,383000,109,1185,60364 ,00000 ,1195 ,999,99999, , ,24870      ,3,5,0,Oceana town,0,0,0,0,0,0,0,0,0,0,0,0,0,0,0,0,0,0,0,0,0,0,0,0
202601,54,391000,103,1200,61636 ,00000 ,1542 ,999,99999,2, ,26159      ,3,5,0,Paden City,0,0,0,0,0,0,0,0,0,0,0,0,0,0,0,0,0,0,0,0,0,0,0,0
202601,54,393000,107,1215,62140 ,00000 ,29009 ,425,37620, ,1,26102      ,3,5,1,Parkersburg,0,0,0,0,0,0,0,0,0,0,0,0,0,0,0,0,0,0,0,0,0,0,0,0
202601,54,395000,093,1220,62284 ,00000 ,1395 ,999,99999, , ,262871241  ,3,5,0,Parsons,0,0,0,0,0,0,0,0,0,0,0,0,0,0,0,0,0,0,0,0,0,0,0,0
202601,54,397000,065,1225,62332 ,00000 ,484 ,548,25180, , ,25434      ,3,5,0,Paw Paw town,0,0,0,0,0,0,0,0,0,0,0,0,0,0,0,0,0,0,0,0,0,0,0,0
202601,54,401000,071,    ,99990 ,00000 ,6294 ,999,99999, , ,26807      ,3,5,1,Pendleton County Unincorporated Area,3,3,1155000,0,0,0,0,0,0,0,0,0,3,3,1155000,0,0,0,0,0,0,0,0,0
202601,54,403000,085,1240,62764 ,00000 ,1018 ,999,99999, , ,26415      ,3,5,0,Pennsboro,0,0,0,0,0,0,0,0,0,0,0,0,0,0,0,0,0,0,0,0,0,0,0,0
202601,54,405000,023,1245,62956 ,00000 ,2683 ,999,99999, , ,26847      ,3,5,0,Petersburg,0,0,0,0,0,0,0,0,0,0,0,0,0,0,0,0,0,0,0,0,0,0,0,0
202601,54,407000,063,1250,63052 ,00000 ,617 ,999,99999, , ,24963      ,3,5,0,Peterstown town,0,0,0,0,0,0,0,0,0,0,0,0,0,0,0,0,0,0,0,0,0,0,0,0
202601,54,409000,001,1255,63292 ,00000 ,3239 ,999,99999, , ,26416      ,3,5,0,Philippi,0,0,0,0,0,0,0,0,0,0,0,0,0,0,0,0,0,0,0,0,0,0,0,0
202601,54,411000,057,1260,63604 ,00000 ,792 ,999,19060, , ,26750      ,3,5,0,Piedmont town,0,0,0,0,0,0,0,0,0,0,0,0,0,0,0,0,0,0,0,0,0,0,0,0
202601,54,415000,109,1270,63940 ,00000 ,567 ,999,99999, , ,24874      ,3,5,0,Pineville town,0,0,0,0,0,0,0,0,0,0,0,0,0,0,0,0,0,0,0,0,0,0,0,0
202601,54,416500,049,1273,64228 ,00000 ,3141 ,242,21900, , ,265549261  ,3,5,0,Pleasant Valley,0,0,0,0,0,0,0,0,0,0,0,0,0,0,0,0,0,0,0,0,0,0,0,0
202601,54,417000,073,    ,99990 ,00000 ,4828 ,999,99999, , ,26170      ,3,5,0,Pleasants County Unincorporated Area,1,1,140000,0,0,0,0,0,0,0,0,0,0,0,0,0,0,0,0,0,0,0,0,0
202601,54,423000,053,1280,64708 ,00000 ,4017 ,999,99999, , ,25550      ,3,5,0,Point Pleasant,0,0,0,0,0,0,0,0,0,0,0,0,0,0,0,0,0,0,0,0,0,0,0,0
202601,54,425000,039,1290,65356 ,00000 ,552 ,170,16620, , ,25162      ,3,5,0,Pratt town,0,0,0,0,0,0,0,0,0,0,0,0,0,0,0,0,0,0,0,0,0,0,0,0
202601,54,429000,055,1300,65692 ,00000 ,5599 ,999,14140, , ,24740      ,3,5,0,Princeton,0,0,0,0,0,0,0,0,0,1,5,400000,0,0,0,0,0,0,0,0,0,0,0,0
202601,54,433000,079,    ,99990 ,00000 ,42122 ,170,26580,2, ,252139370  ,3,5,0,Putnam County Unincorporated Area,6,6,1430779,0,0,0,0,0,0,0,0,0,0,0,0,0,0,0,0,0,0,0,0,0
202601,54,435000,025,1315,66412 ,00000 ,260 ,999,99999, , ,25981      ,3,5,0,Quinwood town,0,0,0,0,0,0,0,0,0,0,0,0,0,0,0,0,0,0,0,0,0,0,0,0
202601,54,437000,025,1320,66652 ,00000 ,1516 ,999,99999, , ,25962      ,3,5,0,Rainelle town,0,0,0,0,0,0,0,0,0,0,0,0,0,0,0,0,0,0,0,0,0,0,0,0
202601,54,439000,081,    ,99990 ,00000 ,54174 ,999,13220,2, ,25801      ,3,5,1,Raleigh County Unincorporated Area,2,2,448870,0,0,0,0,0,0,0,0,0,2,2,448870,0,0,0,0,0,0,0,0,0
202601,54,443000,035,1335,67108 ,00000 ,3616 ,999,99999, , ,26164      ,3,5,0,Ravenswood,0,0,0,0,0,0,0,0,0,0,0,0,0,0,0,0,0,0,0,0,0,0,0,0
202601,54,445000,077,1350,67636 ,00000 ,603 ,999,34060, , ,26547      ,3,5,0,Reedsville town,0,0,0,0,0,0,0,0,0,0,0,0,0,0,0,0,0,0,0,0,0,0,0,0
202601,54,447000,087,1355,67660 ,00000 ,159 ,999,99999, , ,252700057  ,3,5,0,Reedy town,0,0,0,0,0,0,0,0,0,0,0,0,0,0,0,0,0,0,0,0,0,0,0,0
202601,54,451000,067,1365,68116 ,00000 ,1842 ,999,99999, , ,26261      ,3,5,1,Richwood,0,0,0,0,0,0,0,0,0,0,0,0,0,0,0,0,0,0,0,0,0,0,0,0
202601,54,453000,057,1370,68260 ,00000 ,614 ,999,19060, , ,26753      ,3,5,1,Ridgeley town,0,0,0,0,0,0,0,0,0,0,0,0,0,0,0,0,0,0,0,0,0,0,0,0
202601,54,455000,035,1375,68596 ,00000 ,3139 ,999,99999, , ,252711509  ,3,5,0,Ripley,0,0,0,0,0,0,0,0,0,0,0,0,0,0,0,0,0,0,0,0,0,0,0,0
202601,54,457000,085,    ,99990 ,00000 ,5974 ,999,99999,2, ,263621271  ,3,5,0,Ritchie County Unincorporated Area,1,1,301755,0,0,0,0,0,0,0,0,0,0,0,0,0,0,0,0,0,0,0,0,0
202601,54,459000,049,1380,68908 ,00000 ,897 ,242,21900, , ,26588      ,3,5,0,Rivesville town,0,0,0,0,0,0,0,0,0,0,0,0,0,0,0,0,0,0,0,0,0,0,0,0
202601,54,461000,087,    ,99990 ,00000 ,11334 ,999,99999, , ,25276      ,3,5,0,Roane County Unincorporated Area,1,1,144333,0,0,0,0,0,0,0,0,0,0,0,0,0,0,0,0,0,0,0,0,0
202601,54,463000,027,1395,70084 ,00000 ,1680 ,548,49020, , ,26757      ,3,5,0,Romney,0,0,0,0,0,0,0,0,0,0,0,0,0,0,0,0,0,0,0,0,0,0,0,0
202601,54,465000,025,1400,70156 ,00000 ,1649 ,999,99999, , ,24970      ,3,5,0,Ronceverte,1,1,32500,0,0,0,0,0,0,0,0,0,0,0,0,0,0,0,0,0,0,0,0,0
202601,54,467000,077,1410,70588 ,00000 ,567 ,999,34060, , ,26425      ,3,5,0,Rowlesburg town,0,0,0,0,0,0,0,0,0,0,0,0,0,0,0,0,0,0,0,0,0,0,0,0
202601,54,469000,025,1415,70828 ,00000 ,880 ,999,99999, , ,25984      ,3,5,0,Rupert town,0,0,0,0,0,0,0,0,0,0,0,0,0,0,0,0,0,0,0,0,0,0,0,0
202601,54,471000,033,1430,71380 ,00000 ,1511 ,242,17220, , ,26426      ,3,5,0,Salem,0,0,0,0,0,0,0,0,0,0,0,0,0,0,0,0,0,0,0,0,0,0,0,0
202601,54,473000,037,1445,73468 ,00000 ,1922 ,548,47900, , ,254430248  ,3,5,1,Shepherdstown town,0,0,0,0,0,0,0,0,0,0,0,0,0,0,0,0,0,0,0,0,0,0,0,0
202601,54,475000,033,1450,73636 ,00000 ,2096 ,242,17220, , ,26431      ,3,5,0,Shinnston,0,0,0,0,0,0,0,0,0,0,0,0,0,0,0,0,0,0,0,0,0,0,0,0
202601,54,477000,095,1455,74380 ,00000 ,1267 ,999,99999, , ,26175      ,3,5,0,Sistersville,0,0,0,0,0,0,0,0,0,0,0,0,0,0,0,0,0,0,0,0,0,0,0,0
202601,54,479000,019,1465,74740 ,00000 ,724 ,999,13220,2, ,25186      ,3,5,0,Smithers,0,0,0,0,0,0,0,0,0,0,0,0,0,0,0,0,0,0,0,0,0,0,0,0
202601,54,483000,103,1470,74788 ,00000 ,142 ,999,99999, , ,26437      ,3,5,0,Smithfield town,0,0,0,0,0,0,0,0,0,0,0,0,0,0,0,0,0,0,0,0,0,0,0,0
202601,54,485000,081,1475,75172 ,00000 ,1219 ,999,13220, , ,25921      ,3,5,0,Sophia town,0,0,0,0,0,0,0,0,0,0,0,0,0,0,0,0,0,0,0,0,0,0,0,0
202601,54,487000,039,1480,75292 ,00000 ,12036 ,170,16620, , ,25303      ,3,5,0,South Charleston,0,0,0,0,0,0,0,0,0,0,0,0,0,0,0,0,0,0,0,0,0,0,0,0
202601,54,489000,087,1495,75820 ,00000 ,1989 ,999,99999, , ,25276      ,3,5,0,Spencer,0,0,0,0,0,0,0,0,0,0,0,0,0,0,0,0,0,0,0,0,0,0,0,0
202601,54,491000,039,1420,71212 ,00000 ,9763 ,170,16620, , ,25177      ,3,5,0,St. Albans,1,1,116667,0,0,0,0,0,0,0,0,0,0,0,0,0,0,0,0,0,0,0,0,0
202601,54,493000,073,1425,71356 ,00000 ,1757 ,999,99999, , ,26170      ,3,5,0,St. Marys,0,0,0,0,0,0,0,0,0,0,0,0,0,0,0,0,0,0,0,0,0,0,0,0
202601,54,495000,061,1515,76516 ,00000 ,1984 ,999,34060, , ,26505      ,3,5,0,Star City town,0,0,0,0,0,0,0,0,0,0,0,0,0,0,0,0,0,0,0,0,0,0,0,0
202601,54,497000,033,1520,77188 ,00000 ,1702 ,242,17220, , ,26301      ,3,5,1,Stonewood,0,0,0,0,0,0,0,0,0,0,0,0,0,0,0,0,0,0,0,0,0,0,0,0
202601,54,499000,089,    ,99990 ,00000 ,10123 ,999,99999, , ,25951      ,3,5,0,Summers County Unincorporated Area,0,0,0,0,0,0,0,0,0,0,0,0,0,0,0,0,0,0,0,0,0,0,0,0
202601,54,501000,067,1530,77980 ,00000 ,3225 ,999,99999, , ,26651      ,3,5,0,Summersville,0,0,0,0,0,0,0,0,0,0,0,0,0,0,0,0,0,0,0,0,0,0,0,0
202601,54,503000,007,1535,78580 ,00000 ,969 ,999,99999, , ,26601      ,3,5,0,Sutton town,0,0,0,0,0,0,0,0,0,0,0,0,0,0,0,0,0,0,0,0,0,0,0,0
202601,54,505000,005,1545,78964 ,00000 ,133 ,170,16620,2, ,25193      ,3,5,0,Sylvester town,0,0,0,0,0,0,0,0,0,0,0,0,0,0,0,0,0,0,0,0,0,0,0,0
202601,54,511000,093,1560,80020 ,00000 ,545 ,999,99999, , ,26292      ,3,5,0,Thomas,0,0,0,0,0,0,0,0,0,0,0,0,0,0,0,0,0,0,0,0,0,0,0,0
202601,54,515000,069,1575,80932 ,00000 ,750 ,999,48540, , ,26059      ,3,5,0,Triadelphia town,0,0,0,0,0,0,0,0,0,0,0,0,0,0,0,0,0,0,0,0,0,0,0,0
202601,54,523000,063,1585,81940 ,00000 ,539 ,999,99999, , ,24983      ,3,5,0,Union town,0,0,0,0,0,0,0,0,0,0,0,0,0,0,0,0,0,0,0,0,0,0,0,0
202601,54,525000,097,    ,99990 ,00000 ,18835 ,999,99999, , ,26201      ,3,5,1,Upshur County Unincorporated Area,1,1,3000000,0,0,0,0,0,0,0,0,0,1,1,3000000,0,0,0,0,0,0,0,0,0
202601,54,527000,069,1590,82732 ,00000 ,349 ,999,48540, , ,26060      ,3,5,0,Valley Grove village,0,0,0,0,0,0,0,0,0,0,0,0,0,0,0,0,0,0,0,0,0,0,0,0
202601,54,529000,107,1605,83500 ,00000 ,10028 ,425,37620, ,1,26105      ,3,5,1,Vienna,0,0,0,0,0,0,0,0,0,0,0,0,0,0,0,0,0,0,0,0,0,0,0,0
202601,54,533000,031,1625,84580 ,00000 ,258 ,999,99999, , ,26851      ,3,5,0,Wardensville town,1,1,270000,0,0,0,0,0,0,0,0,0,0,0,0,0,0,0,0,0,0,0,0,0
202601,54,535000,099,    ,99990 ,00000 ,29148 ,170,26580, , ,25570      ,3,5,0,Wayne County Unincorporated Area,4,4,299735,0,0,0,0,0,0,0,0,0,0,0,0,0,0,0,0,0,0,0,0,0
202601,54,543000,029,1635,85156 ,00000 ,14471 ,430,48260,2,1,26062      ,3,5,1,Weirton,0,0,0,0,0,0,0,0,0,0,0,0,0,0,0,0,0,0,0,0,0,0,0,0
202601,54,547000,009,1645,85324 ,00000 ,2497 ,430,48260, , ,26070      ,3,5,0,Wellsburg,0,0,0,0,0,0,0,0,0,0,0,0,0,0,0,0,0,0,0,0,0,0,0,0
202601,54,555000,033,1660,85924 ,00000 ,609 ,242,17220, , ,26451      ,3,5,0,West Milford town,0,0,0,0,0,0,0,0,0,0,0,0,0,0,0,0,0,0,0,0,0,0,0,0
202601,54,559000,041,1670,85972 ,00000 ,3797 ,999,99999, , ,26452      ,3,5,0,Weston,0,0,0,0,0,0,0,0,0,0,0,0,0,0,0,0,0,0,0,0,0,0,0,0
202601,54,561000,061,1675,85996 ,00000 ,4220 ,999,34060, , ,265052190  ,3,5,0,Westover,1,1,205638,0,0,0,0,0,0,0,0,0,0,0,0,0,0,0,0,0,0,0,0,0
202601,54,563000,103,    ,99990 ,00000 ,7379 ,999,99999, , ,26155      ,3,5,0,Wetzel County Unincorporated Area,0,0,0,0,0,0,0,0,0,0,0,0,0,0,0,0,0,0,0,0,0,0,0,0
202601,54,567000,069,1690,86452 ,00000 ,25995 ,999,48540,2,1,26003      ,3,5,1,Wheeling,0,0,0,0,0,0,0,0,0,0,0,0,0,0,0,0,0,0,0,0,0,0,0,0
202601,54,569000,025,1700,86812 ,00000 ,2325 ,999,99999, , ,24986      ,3,5,0,White Sulphur Springs,0,0,0,0,0,0,0,0,0,0,0,0,0,0,0,0,0,0,0,0,0,0,0,0
202601,54,571000,005,1705,86836 ,00000 ,416 ,170,16620, , ,25209      ,3,5,0,Whitesville town,0,0,0,0,0,0,0,0,0,0,0,0,0,0,0,0,0,0,0,0,0,0,0,0
202601,54,573000,059,1720,87508 ,00000 ,2616 ,999,99999, , ,25661      ,3,5,0,Williamson,0,0,0,0,0,0,0,0,0,0,0,0,0,0,0,0,0,0,0,0,0,0,0,0
202601,54,575000,107,1725,87556 ,00000 ,2860 ,425,37620, , ,26187      ,3,5,1,Williamstown,0,0,0,0,0,0,0,0,0,0,0,0,0,0,0,0,0,0,0,0,0,0,0,0
202601,54,576000,009,1728,87892 ,00000 ,375 ,430,48260, , ,26075      ,3,5,0,Windsor Heights village,0,0,0,0,0,0,0,0,0,0,0,0,0,0,0,0,0,0,0,0,0,0,0,0
202601,54,577000,079,1730,87988 ,00000 ,2410 ,170,26580, , ,252130596  ,3,5,0,Winfield town,0,0,0,0,0,0,0,0,0,0,0,0,0,0,0,0,0,0,0,0,0,0,0,0
202601,54,579000,105,    ,00000 ,00000 ,4886 ,425,37620, , ,26143      ,3,5,0,Wirt County,1,1,152000,0,0,0,0,0,0,0,0,0,0,0,0,0,0,0,0,0,0,0,0,0
202601,54,583000,107,    ,99990 ,00000 ,40275 ,425,37620, , ,26101      ,3,5,1,Wood County Unincorporated Area,0,0,0,0,0,0,0,0,0,0,0,0,0,0,0,0,0,0,0,0,0,0,0,0
202601,54,585000,049,1745,88708 ,00000 ,148 ,242,21900, , ,26591      ,3,5,0,Worthington town,0,0,0,0,0,0,0,0,0,0,0,0,0,0,0,0,0,0,0,0,0,0,0,0
202601,54,587000,109,    ,99990 ,00000 ,17073 ,999,99999, , ,24874      ,3,5,0,Wyoming County Unincorporated Area,2,2,605281,0,0,0,0,0,0,0,0,0,0,0,0,0,0,0,0,0,0,0,0,0
