Survey,FIPS,FIPS,Region,Division,County,,1-unit,,,2-units,,,3-4 units,,,5+ units,,,1-unit rep,,,2-units rep,,,3-4 units rep,,, 5+units rep
Date,State,County,Code,Code,Name,Bldgs,Units,Value,Bldgs,Units,Value,Bldgs,Units,Value,Bldgs,Units,Value,Bldgs,Units,Value,Bldgs,Units,Value,Bldgs,Units,Value,Bldgs,Units,Value
 
202604,01,001,3,6,Autauga County                                              ,76,76,33779982,0,0,0,0,0,0,0,0,0,76,76,33779982,0,0,0,0,0,0,0,0,0
202604,01,003,3,6,Baldwin County                                              ,1237,1237,395714018,2,4,850212,1,3,502729,12,88,13671368,976,976,324300648,2,4,850212,1,3,502729,9,62,10560976
202604,01,005,3,6,Barbour County                                              ,4,4,1639400,0,0,0,0,0,0,0,0,0,4,4,1639400,0,0,0,0,0,0,0,0,0
202604,01,007,3,6,Bibb County                                                 ,13,13,20179900,0,0,0,0,0,0,0,0,0,13,13,20179900,0,0,0,0,0,0,0,0,0
202604,01,009,3,6,Blount County                                               ,4,4,971751,0,0,0,0,0,0,0,0,0,0,0,0,0,0,0,0,0,0,0,0,0
202604,01,011,3,6,Bullock County                                              ,0,0,0,0,0,0,0,0,0,0,0,0,0,0,0,0,0,0,0,0,0,0,0,0
202604,01,013,3,6,Butler County                                               ,2,2,1088300,0,0,0,0,0,0,0,0,0,0,0,0,0,0,0,0,0,0,0,0,0
202604,01,015,3,6,Calhoun County                                              ,25,25,5652357,2,4,451786,0,0,0,0,0,0,18,18,3857500,0,0,0,0,0,0,0,0,0
202604,01,017,3,6,Chambers County                                             ,14,14,2410111,0,0,0,0,0,0,0,0,0,12,12,1956772,0,0,0,0,0,0,0,0,0
202604,01,019,3,6,Cherokee County                                             ,8,8,2404744,0,0,0,0,0,0,0,0,0,7,7,2192444,0,0,0,0,0,0,0,0,0
202604,01,021,3,6,Chilton County                                              ,48,48,8369298,0,0,0,2,7,703760,0,0,0,43,43,7180160,0,0,0,2,7,703760,0,0,0
202604,01,023,3,6,Choctaw County                                              ,0,0,0,0,0,0,0,0,0,0,0,0,0,0,0,0,0,0,0,0,0,0,0,0
202604,01,025,3,6,Clarke County                                               ,4,4,796999,0,0,0,0,0,0,0,0,0,0,0,0,0,0,0,0,0,0,0,0,0
202604,01,027,3,6,Clay County                                                 ,3,3,451431,0,0,0,0,0,0,0,0,0,0,0,0,0,0,0,0,0,0,0,0,0
202604,01,029,3,6,Cleburne County                                             ,2,2,430848,0,0,0,0,0,0,0,0,0,0,0,0,0,0,0,0,0,0,0,0,0
202604,01,031,3,6,Coffee County                                               ,75,75,21253357,0,0,0,0,0,0,0,0,0,43,43,13091792,0,0,0,0,0,0,0,0,0
202604,01,033,3,6,Colbert County                                              ,25,25,3220732,0,0,0,2,7,358969,0,0,0,12,12,1193455,0,0,0,2,7,358969,0,0,0
202604,01,035,3,6,Conecuh County                                              ,0,0,0,0,0,0,0,0,0,0,0,0,0,0,0,0,0,0,0,0,0,0,0,0
202604,01,037,3,6,Coosa County                                                ,0,0,0,0,0,0,0,0,0,0,0,0,0,0,0,0,0,0,0,0,0,0,0,0
202604,01,039,3,6,Covington County                                            ,6,6,1441827,0,0,0,0,0,0,0,0,0,0,0,0,0,0,0,0,0,0,0,0,0
202604,01,041,3,6,Crenshaw County                                             ,1,1,161250,0,0,0,0,0,0,0,0,0,0,0,0,0,0,0,0,0,0,0,0,0
202604,01,043,3,6,Cullman County                                              ,87,87,17182408,0,0,0,0,0,0,0,0,0,83,83,16553539,0,0,0,0,0,0,0,0,0
202604,01,045,3,6,Dale County                                                 ,7,7,1233589,0,0,0,0,0,0,0,0,0,5,5,741000,0,0,0,0,0,0,0,0,0
202604,01,047,3,6,Dallas County                                               ,3,3,384062,0,0,0,0,0,0,0,0,0,0,0,0,0,0,0,0,0,0,0,0,0
202604,01,049,3,6,DeKalb County                                               ,11,11,2757579,0,0,0,0,0,0,0,0,0,9,9,2069795,0,0,0,0,0,0,0,0,0
202604,01,051,3,6,Elmore County                                               ,42,42,8797001,0,0,0,0,0,0,0,0,0,32,32,6348330,0,0,0,0,0,0,0,0,0
202604,01,053,3,6,Escambia County                                             ,6,6,652856,0,0,0,0,0,0,0,0,0,1,1,109770,0,0,0,0,0,0,0,0,0
202604,01,055,3,6,Etowah County                                               ,30,30,7134329,0,0,0,0,0,0,0,0,0,23,23,5888276,0,0,0,0,0,0,0,0,0
202604,01,057,3,6,Fayette County                                              ,0,0,0,0,0,0,0,0,0,0,0,0,0,0,0,0,0,0,0,0,0,0,0,0
202604,01,059,3,6,Franklin County                                             ,3,3,706034,0,0,0,0,0,0,0,0,0,0,0,0,0,0,0,0,0,0,0,0,0
202604,01,061,3,6,Geneva County                                               ,7,7,1287187,0,0,0,0,0,0,0,0,0,0,0,0,0,0,0,0,0,0,0,0,0
202604,01,063,3,6,Greene County                                               ,1,1,360321,0,0,0,0,0,0,0,0,0,0,0,0,0,0,0,0,0,0,0,0,0
202604,01,065,3,6,Hale County                                                 ,3,3,360000,0,0,0,0,0,0,0,0,0,3,3,360000,0,0,0,0,0,0,0,0,0
202604,01,067,3,6,Henry County                                                ,25,25,6750422,0,0,0,0,0,0,0,0,0,21,21,5566355,0,0,0,0,0,0,0,0,0
202604,01,069,3,6,Houston County                                              ,149,149,49240171,2,4,705228,0,0,0,0,0,0,98,98,36795129,2,4,705228,0,0,0,0,0,0
202604,01,071,3,6,Jackson County                                              ,19,19,5574340,0,0,0,0,0,0,0,0,0,0,0,0,0,0,0,0,0,0,0,0,0
202604,01,073,3,6,Jefferson County                                            ,510,510,191606605,4,8,4126516,0,0,0,8,350,67138406,427,427,174243687,0,0,0,0,0,0,2,198,38874942
202604,01,075,3,6,Lamar County                                                ,0,0,0,0,0,0,0,0,0,0,0,0,0,0,0,0,0,0,0,0,0,0,0,0
202604,01,077,3,6,Lauderdale County                                           ,52,52,8896336,22,44,3344000,6,24,4350000,0,0,0,46,46,8358748,22,44,3344000,6,24,4350000,0,0,0
202604,01,079,3,6,Lawrence County                                             ,1,1,261500,0,0,0,0,0,0,0,0,0,0,0,0,0,0,0,0,0,0,0,0,0
202604,01,081,3,6,Lee County                                                  ,794,794,213348305,7,14,1861791,1,3,329750,13,185,21366591,763,763,204337418,7,14,1861791,1,3,329750,13,185,21366591
202604,01,083,3,6,Limestone County                                            ,146,146,43662532,0,0,0,0,0,0,0,0,0,145,145,43446282,0,0,0,0,0,0,0,0,0
202604,01,085,3,6,Lowndes County                                              ,1,1,277700,0,0,0,0,0,0,0,0,0,0,0,0,0,0,0,0,0,0,0,0,0
202604,01,087,3,6,Macon County                                                ,2,2,868980,0,0,0,0,0,0,0,0,0,0,0,0,0,0,0,0,0,0,0,0,0
202604,01,089,3,6,Madison County                                              ,1224,1224,346953445,1,2,323152,0,0,0,1,42,7232283,692,692,215645674,1,2,323152,0,0,0,1,42,7232283
202604,01,091,3,6,Marengo County                                              ,0,0,0,0,0,0,0,0,0,0,0,0,0,0,0,0,0,0,0,0,0,0,0,0
202604,01,093,3,6,Marion County                                               ,0,0,0,0,0,0,0,0,0,0,0,0,0,0,0,0,0,0,0,0,0,0,0,0
202604,01,095,3,6,Marshall County                                             ,92,92,21603755,4,8,560000,0,0,0,0,0,0,79,79,19425488,4,8,560000,0,0,0,0,0,0
202604,01,097,3,6,Mobile County                                               ,457,457,123754061,1,2,450000,0,0,0,0,0,0,442,442,120006113,1,2,450000,0,0,0,0,0,0
202604,01,099,3,6,Monroe County                                               ,0,0,0,0,0,0,0,0,0,4,20,4583332,0,0,0,0,0,0,0,0,0,0,0,0
202604,01,101,3,6,Montgomery County                                           ,218,218,51416243,1,2,50000,0,0,0,0,0,0,218,218,51416243,1,2,50000,0,0,0,0,0,0
202604,01,103,3,6,Morgan County                                               ,111,111,23202397,0,0,0,0,0,0,0,0,0,106,106,21839330,0,0,0,0,0,0,0,0,0
202604,01,105,3,6,Perry County                                                ,0,0,0,0,0,0,0,0,0,0,0,0,0,0,0,0,0,0,0,0,0,0,0,0
202604,01,107,3,6,Pickens County                                              ,2,2,567000,0,0,0,0,0,0,0,0,0,0,0,0,0,0,0,0,0,0,0,0,0
202604,01,109,3,6,Pike County                                                 ,20,20,4194954,0,0,0,0,0,0,0,0,0,19,19,4094954,0,0,0,0,0,0,0,0,0
202604,01,111,3,6,Randolph County                                             ,0,0,0,0,0,0,0,0,0,0,0,0,0,0,0,0,0,0,0,0,0,0,0,0
202604,01,113,3,6,Russell County                                              ,62,62,15179639,2,4,400000,0,0,0,0,0,0,62,62,15179639,2,4,400000,0,0,0,0,0,0
202604,01,115,3,6,St. Clair County                                            ,131,131,31354697,0,0,0,0,0,0,0,0,0,122,122,29031805,0,0,0,0,0,0,0,0,0
202604,01,117,3,6,Shelby County                                               ,354,354,101345758,0,0,0,0,0,0,0,0,0,319,319,89930470,0,0,0,0,0,0,0,0,0
202604,01,119,3,6,Sumter County                                               ,2,2,605282,0,0,0,0,0,0,0,0,0,0,0,0,0,0,0,0,0,0,0,0,0
202604,01,121,3,6,Talladega County                                            ,36,36,8007100,0,0,0,1,4,629780,3,24,3772740,36,36,8007100,0,0,0,1,4,629780,3,24,3772740
202604,01,123,3,6,Tallapoosa County                                           ,87,87,64311442,0,0,0,0,0,0,0,0,0,86,86,64011442,0,0,0,0,0,0,0,0,0
202604,01,125,3,6,Tuscaloosa County                                           ,155,155,46651398,2,4,456865,4,12,2164328,4,22,3383340,24,24,9838896,0,0,0,0,0,0,0,0,0
202604,01,127,3,6,Walker County                                               ,17,17,1197957,0,0,0,0,0,0,0,0,0,17,17,1197957,0,0,0,0,0,0,0,0,0
202604,01,129,3,6,Washington County                                           ,1,1,525000,0,0,0,0,0,0,0,0,0,0,0,0,0,0,0,0,0,0,0,0,0
202604,01,131,3,6,Wilcox County                                               ,0,0,0,0,0,0,0,0,0,0,0,0,0,0,0,0,0,0,0,0,0,0,0,0
202604,01,133,3,6,Winston County                                              ,1,1,25000,0,0,0,0,0,0,0,0,0,0,0,0,0,0,0,0,0,0,0,0,0
202604,02,013,4,9,Aleutians East Borough                                      ,0,0,0,0,0,0,0,0,0,0,0,0,0,0,0,0,0,0,0,0,0,0,0,0
202604,02,016,4,9,Aleutians West Census Area                                  ,0,0,0,0,0,0,0,0,0,0,0,0,0,0,0,0,0,0,0,0,0,0,0,0
202604,02,020,4,9,Anchorage Municipality                                      ,44,44,21989860,8,16,4058329,2,6,895734,3,24,4541604,8,8,4728720,2,4,1357403,0,0,0,0,0,0
202604,02,050,4,9,Bethel Census Area                                          ,0,0,0,0,0,0,0,0,0,0,0,0,0,0,0,0,0,0,0,0,0,0,0,0
202604,02,060,4,9,Bristol Bay Borough                                         ,0,0,0,0,0,0,0,0,0,0,0,0,0,0,0,0,0,0,0,0,0,0,0,0
202604,02,063,4,9,Chugach Census Area                                         ,5,5,1122519,0,0,0,0,0,0,0,0,0,0,0,0,0,0,0,0,0,0,0,0,0
202604,02,070,4,9,Dillingham Census Area                                      ,0,0,0,0,0,0,0,0,0,0,0,0,0,0,0,0,0,0,0,0,0,0,0,0
202604,02,090,4,9,Fairbanks North Star Borough                                ,2,2,1000000,1,2,450000,0,0,0,0,0,0,0,0,0,0,0,0,0,0,0,0,0,0
202604,02,100,4,9,Haines Borough                                              ,1,1,416234,0,0,0,0,0,0,0,0,0,0,0,0,0,0,0,0,0,0,0,0,0
202604,02,105,4,9,Hoonah-Angoon Census Area                                   ,3,3,1009272,0,0,0,0,0,0,0,0,0,2,2,593037,0,0,0,0,0,0,0,0,0
202604,02,110,4,9,Juneau City and Borough                                     ,9,9,1807789,2,4,620446,1,3,245189,4,31,2108767,0,0,0,0,0,0,0,0,0,0,0,0
202604,02,122,4,9,Kenai Peninsula Borough                                     ,46,46,10505340,0,0,0,2,7,1008000,0,0,0,46,46,10505340,0,0,0,2,7,1008000,0,0,0
202604,02,130,4,9,Ketchikan Gateway Borough                                   ,8,8,2360914,0,0,0,0,0,0,3,18,3793646,8,8,2360914,0,0,0,0,0,0,3,18,3793646
202604,02,150,4,9,Kodiak Island Borough                                       ,0,0,0,0,0,0,0,0,0,0,0,0,0,0,0,0,0,0,0,0,0,0,0,0
202604,02,170,4,9,Matanuska-Susitna Borough                                   ,11,11,3199911,0,0,0,0,0,0,0,0,0,11,11,3199911,0,0,0,0,0,0,0,0,0
202604,02,180,4,9,Nome Census Area                                            ,2,2,664800,0,0,0,0,0,0,0,0,0,0,0,0,0,0,0,0,0,0,0,0,0
202604,02,185,4,9,North Slope Borough                                         ,0,0,0,0,0,0,0,0,0,0,0,0,0,0,0,0,0,0,0,0,0,0,0,0
202604,02,188,4,9,Northwest Arctic Borough                                    ,0,0,0,0,0,0,0,0,0,0,0,0,0,0,0,0,0,0,0,0,0,0,0,0
202604,02,195,4,9,Petersburg Borough                                          ,2,2,798126,0,0,0,0,0,0,0,0,0,0,0,0,0,0,0,0,0,0,0,0,0
202604,02,198,4,9,Prince of Wales-Hyder Census Area                           ,0,0,0,0,0,0,0,0,0,0,0,0,0,0,0,0,0,0,0,0,0,0,0,0
202604,02,220,4,9,Sitka City and Borough                                      ,2,2,436005,0,0,0,0,0,0,0,0,0,0,0,0,0,0,0,0,0,0,0,0,0
202604,02,230,4,9,Skagway Municipality                                        ,0,0,0,0,0,0,0,0,0,0,0,0,0,0,0,0,0,0,0,0,0,0,0,0
202604,02,275,4,9,Wrangell City and Borough                                   ,1,1,650000,0,0,0,0,0,0,0,0,0,0,0,0,0,0,0,0,0,0,0,0,0
202604,02,282,4,9,Yakutat City and Borough                                    ,2,2,489686,0,0,0,0,0,0,0,0,0,0,0,0,0,0,0,0,0,0,0,0,0
202604,02,290,4,9,Yukon-Koyukuk Census Area                                   ,0,0,0,0,0,0,0,0,0,0,0,0,0,0,0,0,0,0,0,0,0,0,0,0
202604,04,001,4,8,Apache County                                               ,46,46,10421875,0,0,0,0,0,0,0,0,0,45,45,10125356,0,0,0,0,0,0,0,0,0
202604,04,003,4,8,Cochise County                                              ,126,126,18506189,0,0,0,0,0,0,0,0,0,93,93,14118240,0,0,0,0,0,0,0,0,0
202604,04,005,4,8,Coconino County                                             ,159,159,63915718,0,0,0,0,0,0,0,0,0,123,123,51788530,0,0,0,0,0,0,0,0,0
202604,04,007,4,8,Gila County                                                 ,39,39,11807589,1,2,197631,0,0,0,0,0,0,18,18,8250734,0,0,0,0,0,0,0,0,0
202604,04,009,4,8,Graham County                                               ,59,59,16089823,0,0,0,0,0,0,0,0,0,59,59,16089823,0,0,0,0,0,0,0,0,0
202604,04,011,4,8,Greenlee County                                             ,5,5,912797,0,0,0,0,0,0,0,0,0,0,0,0,0,0,0,0,0,0,0,0,0
202604,04,012,4,8,La Paz County                                               ,28,28,4423250,0,0,0,0,0,0,0,0,0,25,25,4100000,0,0,0,0,0,0,0,0,0
202604,04,013,4,8,Maricopa County                                             ,5179,5179,1972120638,147,294,56028510,3,11,3696027,61,2479,372239274,5095,5095,1928094351,145,290,55509150,3,11,3696027,56,2099,309522362
202604,04,015,4,8,Mohave County                                               ,272,272,62130864,3,6,648266,0,0,0,0,0,0,263,263,60653620,3,6,648266,0,0,0,0,0,0
202604,04,017,4,8,Navajo County                                               ,132,132,39043961,3,6,563420,2,8,1200000,1,5,629167,112,112,32272802,1,2,20000,2,8,1200000,0,0,0
202604,04,019,4,8,Pima County                                                 ,1345,1345,480804371,4,8,950908,0,0,0,11,171,25661798,1082,1082,413759908,0,0,0,0,0,0,0,0,0
202604,04,021,4,8,Pinal County                                                ,2677,2677,495508581,25,50,4202411,0,0,0,7,92,12895256,2447,2447,431347328,21,42,2840696,0,0,0,6,73,9637366
202604,04,023,4,8,Santa Cruz County                                           ,119,119,33161523,1,2,341358,0,0,0,0,0,0,115,115,31544215,1,2,341358,0,0,0,0,0,0
202604,04,025,4,8,Yavapai County                                              ,392,392,176192907,2,4,864414,3,12,2596000,10,55,9604000,375,375,169661515,2,4,864414,3,12,2596000,10,55,9604000
202604,04,027,4,8,Yuma County                                                 ,327,327,66793299,5,10,1380107,0,0,0,4,54,2687360,315,315,65204599,5,10,1380107,0,0,0,4,54,2687360
202604,05,001,3,7,Arkansas County                                             ,5,5,875279,0,0,0,0,0,0,0,0,0,0,0,0,0,0,0,0,0,0,0,0,0
202604,05,003,3,7,Ashley County                                               ,1,1,296205,0,0,0,0,0,0,0,0,0,0,0,0,0,0,0,0,0,0,0,0,0
202604,05,005,3,7,Baxter County                                               ,41,41,6214836,0,0,0,0,0,0,0,0,0,33,33,4658074,0,0,0,0,0,0,0,0,0
202604,05,007,3,7,Benton County                                               ,1180,1180,382069239,20,40,4294050,0,0,0,15,362,48388206,911,911,312705117,10,20,1606480,0,0,0,8,275,41841245
202604,05,009,3,7,Boone County                                                ,6,6,807144,1,2,319445,0,0,0,2,19,2132581,2,2,400000,0,0,0,0,0,0,0,0,0
202604,05,011,3,7,Bradley County                                              ,0,0,0,0,0,0,0,0,0,0,0,0,0,0,0,0,0,0,0,0,0,0,0,0
202604,05,013,3,7,Calhoun County                                              ,0,0,0,0,0,0,0,0,0,0,0,0,0,0,0,0,0,0,0,0,0,0,0,0
202604,05,015,3,7,Carroll County                                              ,8,8,2513222,0,0,0,0,0,0,0,0,0,0,0,0,0,0,0,0,0,0,0,0,0
202604,05,017,3,7,Chicot County                                               ,0,0,0,0,0,0,0,0,0,0,0,0,0,0,0,0,0,0,0,0,0,0,0,0
202604,05,019,3,7,Clark County                                                ,6,6,1865637,0,0,0,0,0,0,0,0,0,6,6,1865637,0,0,0,0,0,0,0,0,0
202604,05,021,3,7,Clay County                                                 ,2,2,395091,0,0,0,0,0,0,0,0,0,0,0,0,0,0,0,0,0,0,0,0,0
202604,05,023,3,7,Cleburne County                                             ,4,4,1672654,0,0,0,0,0,0,0,0,0,0,0,0,0,0,0,0,0,0,0,0,0
202604,05,025,3,7,Cleveland County                                            ,0,0,0,0,0,0,0,0,0,0,0,0,0,0,0,0,0,0,0,0,0,0,0,0
202604,05,027,3,7,Columbia County                                             ,5,5,644286,0,0,0,0,0,0,0,0,0,0,0,0,0,0,0,0,0,0,0,0,0
202604,05,029,3,7,Conway County                                               ,4,4,586091,0,0,0,0,0,0,0,0,0,0,0,0,0,0,0,0,0,0,0,0,0
202604,05,031,3,7,Craighead County                                            ,197,197,33342801,13,26,1961325,15,48,2487897,4,28,1588849,23,23,5360340,0,0,0,0,0,0,0,0,0
202604,05,033,3,7,Crawford County                                             ,10,10,2996255,6,12,1455173,0,0,0,0,0,0,8,8,2569589,6,12,1455173,0,0,0,0,0,0
202604,05,035,3,7,Crittenden County                                           ,18,18,4519378,0,0,0,0,0,0,0,0,0,3,3,220000,0,0,0,0,0,0,0,0,0
202604,05,037,3,7,Cross County                                                ,7,7,1055283,0,0,0,0,0,0,0,0,0,0,0,0,0,0,0,0,0,0,0,0,0
202604,05,039,3,7,Dallas County                                               ,0,0,0,0,0,0,0,0,0,0,0,0,0,0,0,0,0,0,0,0,0,0,0,0
202604,05,041,3,7,Desha County                                                ,1,1,253217,0,0,0,0,0,0,0,0,0,0,0,0,0,0,0,0,0,0,0,0,0
202604,05,043,3,7,Drew County                                                 ,0,0,0,1,2,200000,0,0,0,0,0,0,0,0,0,0,0,0,0,0,0,0,0,0
202604,05,045,3,7,Faulkner County                                             ,89,89,25679697,17,34,4890000,0,0,0,0,0,0,80,80,23132959,17,34,4890000,0,0,0,0,0,0
202604,05,047,3,7,Franklin County                                             ,4,4,761853,1,2,50000,0,0,0,0,0,0,0,0,0,0,0,0,0,0,0,0,0,0
202604,05,049,3,7,Fulton County                                               ,0,0,0,0,0,0,0,0,0,0,0,0,0,0,0,0,0,0,0,0,0,0,0,0
202604,05,051,3,7,Garland County                                              ,24,24,11355588,1,2,200000,0,0,0,0,0,0,24,24,11355588,1,2,200000,0,0,0,0,0,0
202604,05,053,3,7,Grant County                                                ,10,10,1554589,0,0,0,0,0,0,0,0,0,0,0,0,0,0,0,0,0,0,0,0,0
202604,05,055,3,7,Greene County                                               ,45,45,8629000,5,10,1030000,0,0,0,0,0,0,45,45,8629000,5,10,1030000,0,0,0,0,0,0
202604,05,057,3,7,Hempstead County                                            ,0,0,0,0,0,0,0,0,0,0,0,0,0,0,0,0,0,0,0,0,0,0,0,0
202604,05,059,3,7,Hot Spring County                                           ,0,0,0,0,0,0,0,0,0,0,0,0,0,0,0,0,0,0,0,0,0,0,0,0
202604,05,061,3,7,Howard County                                               ,0,0,0,0,0,0,0,0,0,0,0,0,0,0,0,0,0,0,0,0,0,0,0,0
202604,05,063,3,7,Independence County                                         ,2,2,560556,0,0,0,0,0,0,2,10,500000,0,0,0,0,0,0,0,0,0,0,0,0
202604,05,065,3,7,Izard County                                                ,4,4,892000,0,0,0,0,0,0,0,0,0,4,4,892000,0,0,0,0,0,0,0,0,0
202604,05,067,3,7,Jackson County                                              ,3,3,907923,0,0,0,0,0,0,0,0,0,0,0,0,0,0,0,0,0,0,0,0,0
202604,05,069,3,7,Jefferson County                                            ,16,16,2246374,1,2,300000,0,0,0,0,0,0,12,12,1652500,1,2,300000,0,0,0,0,0,0
202604,05,071,3,7,Johnson County                                              ,3,3,706331,0,0,0,0,0,0,0,0,0,0,0,0,0,0,0,0,0,0,0,0,0
202604,05,073,3,7,Lafayette County                                            ,0,0,0,0,0,0,0,0,0,0,0,0,0,0,0,0,0,0,0,0,0,0,0,0
202604,05,075,3,7,Lawrence County                                             ,14,14,3855759,0,0,0,0,0,0,0,0,0,0,0,0,0,0,0,0,0,0,0,0,0
202604,05,077,3,7,Lee County                                                  ,0,0,0,0,0,0,0,0,0,0,0,0,0,0,0,0,0,0,0,0,0,0,0,0
202604,05,079,3,7,Lincoln County                                              ,0,0,0,0,0,0,0,0,0,0,0,0,0,0,0,0,0,0,0,0,0,0,0,0
202604,05,081,3,7,Little River County                                         ,0,0,0,0,0,0,0,0,0,0,0,0,0,0,0,0,0,0,0,0,0,0,0,0
202604,05,083,3,7,Logan County                                                ,2,2,141833,0,0,0,0,0,0,0,0,0,0,0,0,0,0,0,0,0,0,0,0,0
202604,05,085,3,7,Lonoke County                                               ,136,136,26404902,4,8,758423,0,0,0,0,0,0,134,134,25564902,4,8,758423,0,0,0,0,0,0
202604,05,087,3,7,Madison County                                              ,9,9,2860000,0,0,0,0,0,0,0,0,0,9,9,2860000,0,0,0,0,0,0,0,0,0
202604,05,089,3,7,Marion County                                               ,71,71,12080000,0,0,0,0,0,0,0,0,0,71,71,12080000,0,0,0,0,0,0,0,0,0
202604,05,091,3,7,Miller County                                               ,14,14,5222810,0,0,0,0,0,0,0,0,0,14,14,5222810,0,0,0,0,0,0,0,0,0
202604,05,093,3,7,Mississippi County                                          ,16,16,2603954,1,2,150000,0,0,0,0,0,0,0,0,0,0,0,0,0,0,0,0,0,0
202604,05,095,3,7,Monroe County                                               ,0,0,0,0,0,0,0,0,0,0,0,0,0,0,0,0,0,0,0,0,0,0,0,0
202604,05,099,3,7,Nevada County                                               ,0,0,0,0,0,0,0,0,0,0,0,0,0,0,0,0,0,0,0,0,0,0,0,0
202604,05,101,3,7,Newton County                                               ,1,1,296205,0,0,0,0,0,0,0,0,0,0,0,0,0,0,0,0,0,0,0,0,0
202604,05,103,3,7,Ouachita County                                             ,0,0,0,0,0,0,0,0,0,0,0,0,0,0,0,0,0,0,0,0,0,0,0,0
202604,05,105,3,7,Perry County                                                ,1,1,140000,0,0,0,0,0,0,0,0,0,0,0,0,0,0,0,0,0,0,0,0,0
202604,05,107,3,7,Phillips County                                             ,0,0,0,0,0,0,0,0,0,0,0,0,0,0,0,0,0,0,0,0,0,0,0,0
202604,05,111,3,7,Poinsett County                                             ,13,13,2526257,2,4,264000,1,3,278000,1,5,231667,6,6,1100000,2,4,264000,0,0,0,0,0,0
202604,05,113,3,7,Polk County                                                 ,1,1,209076,0,0,0,0,0,0,0,0,0,0,0,0,0,0,0,0,0,0,0,0,0
202604,05,115,3,7,Pope County                                                 ,11,11,2155203,1,2,212990,0,0,0,2,10,709620,11,11,2155203,1,2,212990,0,0,0,2,10,709620
202604,05,117,3,7,Prairie County                                              ,0,0,0,0,0,0,0,0,0,0,0,0,0,0,0,0,0,0,0,0,0,0,0,0
202604,05,119,3,7,Pulaski County                                              ,444,444,131154323,1,2,200000,2,7,875000,0,0,0,437,437,129090635,1,2,200000,2,7,875000,0,0,0
202604,05,121,3,7,Randolph County                                             ,0,0,0,0,0,0,0,0,0,0,0,0,0,0,0,0,0,0,0,0,0,0,0,0
202604,05,123,3,7,St. Francis County                                          ,3,3,0,3,6,540000,0,0,0,0,0,0,3,3,0,3,6,540000,0,0,0,0,0,0
202604,05,125,3,7,Saline County                                               ,164,164,38104748,21,42,6062992,0,0,0,0,0,0,143,143,33135746,21,42,6062992,0,0,0,0,0,0
202604,05,127,3,7,Scott County                                                ,0,0,0,0,0,0,0,0,0,0,0,0,0,0,0,0,0,0,0,0,0,0,0,0
202604,05,129,3,7,Searcy County                                               ,0,0,0,0,0,0,0,0,0,0,0,0,0,0,0,0,0,0,0,0,0,0,0,0
202604,05,131,3,7,Sebastian County                                            ,59,59,13245711,40,80,12430763,0,0,0,0,0,0,56,56,12578301,39,78,12196560,0,0,0,0,0,0
202604,05,133,3,7,Sevier County                                               ,0,0,0,0,0,0,0,0,0,0,0,0,0,0,0,0,0,0,0,0,0,0,0,0
202604,05,135,3,7,Sharp County                                                ,5,5,982731,0,0,0,0,0,0,0,0,0,0,0,0,0,0,0,0,0,0,0,0,0
202604,05,137,3,7,Stone County                                                ,1,1,296205,0,0,0,0,0,0,0,0,0,1,1,296205,0,0,0,0,0,0,0,0,0
202604,05,139,3,7,Union County                                                ,6,6,985116,0,0,0,0,0,0,0,0,0,0,0,0,0,0,0,0,0,0,0,0,0
202604,05,141,3,7,Van Buren County                                            ,0,0,0,0,0,0,0,0,0,0,0,0,0,0,0,0,0,0,0,0,0,0,0,0
202604,05,143,3,7,Washington County                                           ,813,813,271147395,2,4,571820,0,0,0,16,1046,248683919,808,808,269647062,1,2,322000,0,0,0,16,1046,248683919
202604,05,145,3,7,White County                                                ,64,64,13673279,0,0,0,0,0,0,0,0,0,60,60,13173279,0,0,0,0,0,0,0,0,0
202604,05,147,3,7,Woodruff County                                             ,0,0,0,0,0,0,0,0,0,0,0,0,0,0,0,0,0,0,0,0,0,0,0,0
202604,05,149,3,7,Yell County                                                 ,2,2,481205,0,0,0,0,0,0,0,0,0,1,1,185000,0,0,0,0,0,0,0,0,0
202604,06,001,4,9,Alameda County                                              ,330,330,125247007,6,12,2730427,2,6,2222247,21,832,172940182,254,254,98566742,3,6,1271586,1,3,1413847,9,684,138525183
202604,06,003,4,9,Alpine County                                               ,1,1,622651,0,0,0,0,0,0,0,0,0,1,1,622651,0,0,0,0,0,0,0,0,0
202604,06,005,4,9,Amador County                                               ,13,13,3300936,0,0,0,0,0,0,0,0,0,5,5,820985,0,0,0,0,0,0,0,0,0
202604,06,007,4,9,Butte County                                                ,213,213,43712698,6,12,966392,1,4,384894,13,112,10252290,39,39,10120301,0,0,0,1,4,384894,9,72,6921770
202604,06,009,4,9,Calaveras County                                            ,20,20,9071259,0,0,0,0,0,0,0,0,0,4,4,2535746,0,0,0,0,0,0,0,0,0
202604,06,011,4,9,Colusa County                                               ,5,5,2780256,0,0,0,0,0,0,0,0,0,0,0,0,0,0,0,0,0,0,0,0,0
202604,06,013,4,9,Contra Costa County                                         ,391,391,130657918,1,2,120000,0,0,0,3,44,9230035,388,388,130337779,0,0,0,0,0,0,3,44,9230035
202604,06,015,4,9,Del Norte County                                            ,4,4,1500510,0,0,0,1,3,501650,3,60,17634637,4,4,1500510,0,0,0,1,3,501650,0,0,0
202604,06,017,4,9,El Dorado County                                            ,172,172,94406357,0,0,0,0,0,0,1,5,857340,168,168,92778641,0,0,0,0,0,0,0,0,0
202604,06,019,4,9,Fresno County                                               ,443,443,157936270,3,6,405000,9,36,585000,1,23,731818,316,316,113565353,3,6,405000,9,36,585000,0,0,0
202604,06,021,4,9,Glenn County                                                ,11,11,3629726,0,0,0,0,0,0,4,27,2506670,5,5,2298402,0,0,0,0,0,0,0,0,0
202604,06,023,4,9,Humboldt County                                             ,51,51,9862118,5,10,1512199,3,10,1692105,0,0,0,16,16,2221539,4,8,1206036,1,4,600000,0,0,0
202604,06,025,4,9,Imperial County                                             ,60,60,8231827,2,4,305488,0,0,0,0,0,0,38,38,5800549,2,4,305488,0,0,0,0,0,0
202604,06,027,4,9,Inyo County                                                 ,3,3,653090,0,0,0,0,0,0,0,0,0,0,0,0,0,0,0,0,0,0,0,0,0
202604,06,029,4,9,Kern County                                                 ,863,863,200646652,62,124,18309280,4,12,732409,5,25,3079446,210,210,39329993,1,2,110917,3,9,606181,0,0,0
202604,06,031,4,9,Kings County                                                ,178,178,54501874,0,0,0,3,9,1800618,21,225,14268205,69,69,14939066,0,0,0,0,0,0,17,192,10680000
202604,06,033,4,9,Lake County                                                 ,17,17,4357032,1,2,70000,0,0,0,4,22,2741262,2,2,593037,0,0,0,0,0,0,0,0,0
202604,06,035,4,9,Lassen County                                               ,4,4,705000,0,0,0,0,0,0,0,0,0,4,4,705000,0,0,0,0,0,0,0,0,0
202604,06,037,4,9,Los Angeles County                                          ,3435,3435,1051893477,229,458,106680945,24,75,15092003,135,7068,874598012,2769,2769,915625705,209,418,100190096,9,30,6953148,98,6416,759161615
202604,06,039,4,9,Madera County                                               ,228,228,80240968,4,8,39558,0,0,0,1,7,70741,228,228,80240968,4,8,39558,0,0,0,1,7,70741
202604,06,041,4,9,Marin County                                                ,42,42,31793492,0,0,0,0,0,0,1,120,24325628,13,13,11230352,0,0,0,0,0,0,1,120,24325628
202604,06,043,4,9,Mariposa County                                             ,2,2,671253,0,0,0,0,0,0,0,0,0,2,2,671253,0,0,0,0,0,0,0,0,0
202604,06,045,4,9,Mendocino County                                            ,1,1,109493,0,0,0,0,0,0,0,0,0,0,0,0,0,0,0,0,0,0,0,0,0
202604,06,047,4,9,Merced County                                               ,140,140,45011716,0,0,0,0,0,0,0,0,0,80,80,26078577,0,0,0,0,0,0,0,0,0
202604,06,049,4,9,Modoc County                                                ,6,6,1290000,0,0,0,0,0,0,0,0,0,6,6,1290000,0,0,0,0,0,0,0,0,0
202604,06,051,4,9,Mono County                                                 ,3,3,845368,0,0,0,0,0,0,1,110,27388675,2,2,249483,0,0,0,0,0,0,1,110,27388675
202604,06,053,4,9,Monterey County                                             ,283,283,67123658,4,8,3035892,0,0,0,0,0,0,275,275,65665100,4,8,3035892,0,0,0,0,0,0
202604,06,055,4,9,Napa County                                                 ,94,94,58655322,1,2,1050000,2,8,2784102,5,78,14834972,67,67,48342531,0,0,0,2,8,2784102,0,0,0
202604,06,057,4,9,Nevada County                                               ,57,57,29067410,0,0,0,0,0,0,0,0,0,57,57,29067410,0,0,0,0,0,0,0,0,0
202604,06,059,4,9,Orange County                                               ,1007,1007,320542208,39,78,18428056,5,15,4087855,25,1643,396206255,614,614,197177735,10,20,4336863,0,0,0,15,815,230233812
202604,06,061,4,9,Placer County                                               ,775,775,279985721,22,44,4815668,0,0,0,4,62,9761851,775,775,279985721,22,44,4815668,0,0,0,4,62,9761851
202604,06,063,4,9,Plumas County                                               ,13,13,1841755,0,0,0,0,0,0,0,0,0,13,13,1841755,0,0,0,0,0,0,0,0,0
202604,06,065,4,9,Riverside County                                            ,2117,2117,664769720,7,14,3065161,1,3,619508,10,235,26585852,1746,1746,537477653,6,12,2642648,0,0,0,6,44,13006854
202604,06,067,4,9,Sacramento County                                           ,1501,1501,491241160,39,78,13033891,0,0,0,10,384,61243599,1496,1496,490081031,39,78,13033891,0,0,0,10,384,61243599
202604,06,069,4,9,San Benito County                                           ,96,96,32829507,0,0,0,0,0,0,0,0,0,96,96,32829507,0,0,0,0,0,0,0,0,0
202604,06,071,4,9,San Bernardino County                                       ,1357,1357,396712367,28,56,2610329,2,6,1014963,25,744,147278859,1318,1318,387072765,28,56,2610329,2,6,1014963,25,744,147278859
202604,06,073,4,9,San Diego County                                            ,1075,1075,337496567,205,410,53805125,30,104,20986842,69,1505,283392883,973,973,308869675,204,408,53502867,30,104,20986842,61,1399,259966596
202604,06,075,4,9,San Francisco County                                        ,4,4,1079353,8,16,9648228,2,8,1200001,2,148,52658800,4,4,1079353,8,16,9648228,2,8,1200001,2,148,52658800
202604,06,077,4,9,San Joaquin County                                          ,850,850,358379886,0,0,0,0,0,0,0,0,0,668,668,294997869,0,0,0,0,0,0,0,0,0
202604,06,079,4,9,San Luis Obispo County                                      ,270,270,96744368,1,2,433148,1,4,466375,8,115,9223053,248,248,88548861,1,2,433148,1,4,466375,8,115,9223053
202604,06,081,4,9,San Mateo County                                            ,140,140,159158939,6,12,4839755,2,6,1885455,12,195,61581326,106,106,142643714,0,0,0,0,0,0,1,5,2325664
202604,06,083,4,9,Santa Barbara County                                        ,177,177,43078333,0,0,0,0,0,0,6,74,9683880,155,155,33110300,0,0,0,0,0,0,2,43,3925000
202604,06,085,4,9,Santa Clara County                                          ,603,603,256387351,4,8,1384917,2,8,1652022,10,938,222326913,555,555,220845815,4,8,1384917,2,8,1652022,9,928,217620990
202604,06,087,4,9,Santa Cruz County                                           ,64,64,14978084,1,2,507339,1,3,991697,6,155,27433633,46,46,11184476,1,2,507339,0,0,0,2,133,22845132
202604,06,089,4,9,Shasta County                                               ,49,49,17885322,0,0,0,0,0,0,0,0,0,49,49,17885322,0,0,0,0,0,0,0,0,0
202604,06,091,4,9,Sierra County                                               ,0,0,0,0,0,0,0,0,0,0,0,0,0,0,0,0,0,0,0,0,0,0,0,0
202604,06,093,4,9,Siskiyou County                                             ,14,14,4719941,0,0,0,0,0,0,0,0,0,12,12,4219941,0,0,0,0,0,0,0,0,0
202604,06,095,4,9,Solano County                                               ,227,227,66372170,4,8,1600000,0,0,0,0,0,0,223,223,65228954,4,8,1600000,0,0,0,0,0,0
202604,06,097,4,9,Sonoma County                                               ,308,308,84486657,2,4,596000,0,0,0,7,48,9090390,239,239,69504111,2,4,596000,0,0,0,2,13,2953625
202604,06,099,4,9,Stanislaus County                                           ,459,459,102858794,2,4,309312,0,0,0,3,84,13500000,434,434,98560374,2,4,309312,0,0,0,3,84,13500000
202604,06,101,4,9,Sutter County                                               ,85,85,33617200,0,0,0,0,0,0,1,14,2554300,72,72,28602789,0,0,0,0,0,0,0,0,0
202604,06,103,4,9,Tehama County                                               ,22,22,4571181,0,0,0,0,0,0,0,0,0,6,6,1363726,0,0,0,0,0,0,0,0,0
202604,06,105,4,9,Trinity County                                              ,18,18,2598716,0,0,0,0,0,0,0,0,0,18,18,2598716,0,0,0,0,0,0,0,0,0
202604,06,107,4,9,Tulare County                                               ,692,692,184158663,7,14,2387160,2,6,791515,0,0,0,688,688,183503346,7,14,2387160,2,6,791515,0,0,0
202604,06,109,4,9,Tuolumne County                                             ,16,16,5619091,0,0,0,0,0,0,0,0,0,14,14,5243891,0,0,0,0,0,0,0,0,0
202604,06,111,4,9,Ventura County                                              ,298,298,145408347,0,0,0,5,17,5583741,11,476,91851791,253,253,131472944,0,0,0,1,4,787920,6,305,68091157
202604,06,113,4,9,Yolo County                                                 ,119,119,39212035,69,138,21509194,0,0,0,1,37,6608897,119,119,39212035,69,138,21509194,0,0,0,1,37,6608897
202604,06,115,4,9,Yuba County                                                 ,109,109,46660600,19,38,2724220,0,0,0,1,5,250000,109,109,46660600,19,38,2724220,0,0,0,0,0,0
202604,08,001,4,8,Adams County                                                ,660,660,228412754,0,0,0,2,7,1935087,4,168,24000000,638,638,221593461,0,0,0,2,7,1935087,4,168,24000000
202604,08,003,4,8,Alamosa County                                              ,18,18,3079204,1,2,306453,0,0,0,3,46,4840964,6,6,890560,0,0,0,0,0,0,3,46,4840964
202604,08,005,4,8,Arapahoe County                                             ,670,670,154808252,0,0,0,2,6,1032721,6,408,74961057,645,645,146816207,0,0,0,1,3,800000,6,408,74961057
202604,08,007,4,8,Archuleta County                                            ,31,31,9991483,0,0,0,0,0,0,0,0,0,2,2,500000,0,0,0,0,0,0,0,0,0
202604,08,009,4,8,Baca County                                                 ,1,1,267500,0,0,0,0,0,0,0,0,0,0,0,0,0,0,0,0,0,0,0,0,0
202604,08,011,4,8,Bent County                                                 ,0,0,0,0,0,0,0,0,0,0,0,0,0,0,0,0,0,0,0,0,0,0,0,0
202604,08,013,4,8,Boulder County                                              ,151,151,71282343,0,0,0,0,0,0,3,423,119120890,149,149,70719385,0,0,0,0,0,0,3,423,119120890
202604,08,014,4,8,Broomfield County                                           ,30,30,12716603,11,22,7844282,2,8,1994460,3,19,4516319,30,30,12716603,11,22,7844282,2,8,1994460,3,19,4516319
202604,08,015,4,8,Chaffee County                                              ,59,59,21862057,1,2,407662,0,0,0,0,0,0,59,59,21862057,1,2,407662,0,0,0,0,0,0
202604,08,017,4,8,Cheyenne County                                             ,0,0,0,0,0,0,0,0,0,0,0,0,0,0,0,0,0,0,0,0,0,0,0,0
202604,08,019,4,8,Clear Creek County                                          ,6,6,3177317,0,0,0,0,0,0,0,0,0,0,0,0,0,0,0,0,0,0,0,0,0
202604,08,021,4,8,Conejos County                                              ,6,6,2268570,0,0,0,0,0,0,0,0,0,5,5,2118570,0,0,0,0,0,0,0,0,0
202604,08,023,4,8,Costilla County                                             ,34,34,12595663,0,0,0,0,0,0,0,0,0,3,3,889556,0,0,0,0,0,0,0,0,0
202604,08,025,4,8,Crowley County                                              ,1,1,337086,0,0,0,0,0,0,0,0,0,0,0,0,0,0,0,0,0,0,0,0,0
202604,08,027,4,8,Custer County                                               ,27,27,8232743,0,0,0,0,0,0,0,0,0,27,27,8232743,0,0,0,0,0,0,0,0,0
202604,08,029,4,8,Delta County                                                ,20,20,4239031,0,0,0,0,0,0,0,0,0,8,8,1991000,0,0,0,0,0,0,0,0,0
202604,08,031,4,8,Denver County                                               ,215,215,71441989,0,0,0,6,22,4404809,23,2450,481987584,215,215,71441989,0,0,0,6,22,4404809,23,2450,481987584
202604,08,033,4,8,Dolores County                                              ,0,0,0,0,0,0,0,0,0,0,0,0,0,0,0,0,0,0,0,0,0,0,0,0
202604,08,035,4,8,Douglas County                                              ,565,565,246770363,0,0,0,0,0,0,6,332,57557112,565,565,246770363,0,0,0,0,0,0,6,332,57557112
202604,08,037,4,8,Eagle County                                                ,47,47,33554066,0,0,0,1,3,700000,1,5,1857143,38,38,20952404,0,0,0,0,0,0,0,0,0
202604,08,039,4,8,Elbert County                                               ,102,102,63559536,0,0,0,0,0,0,0,0,0,102,102,63559536,0,0,0,0,0,0,0,0,0
202604,08,041,4,8,El Paso County                                              ,1078,1078,531299108,51,102,16833407,2,6,1729842,8,382,75510751,1078,1078,531299108,51,102,16833407,2,6,1729842,8,382,75510751
202604,08,043,4,8,Fremont County                                              ,39,39,10674289,0,0,0,0,0,0,0,0,0,36,36,10049839,0,0,0,0,0,0,0,0,0
202604,08,045,4,8,Garfield County                                             ,31,31,15097814,1,2,632213,0,0,0,2,13,2719240,27,27,13487842,1,2,632213,0,0,0,1,8,1861900
202604,08,047,4,8,Gilpin County                                               ,8,8,3984003,0,0,0,0,0,0,0,0,0,0,0,0,0,0,0,0,0,0,0,0,0
202604,08,049,4,8,Grand County                                                ,47,47,16842551,1,2,348136,0,0,0,1,5,743551,19,19,7359475,1,2,348136,0,0,0,0,0,0
202604,08,051,4,8,Gunnison County                                             ,15,15,18650042,0,0,0,0,0,0,0,0,0,14,14,18268050,0,0,0,0,0,0,0,0,0
202604,08,053,4,8,Hinsdale County                                             ,4,4,1560794,0,0,0,0,0,0,0,0,0,0,0,0,0,0,0,0,0,0,0,0,0
202604,08,055,4,8,Huerfano County                                             ,15,15,3207428,0,0,0,0,0,0,1,5,617647,0,0,0,0,0,0,0,0,0,0,0,0
202604,08,057,4,8,Jackson County                                              ,0,0,0,0,0,0,0,0,0,0,0,0,0,0,0,0,0,0,0,0,0,0,0,0
202604,08,059,4,8,Jefferson County                                            ,278,278,105358608,1,2,376590,2,7,1454940,8,86,15003351,252,252,97915448,0,0,0,2,7,1454940,4,61,10853201
202604,08,061,4,8,Kiowa County                                                ,0,0,0,1,2,399159,0,0,0,0,0,0,0,0,0,0,0,0,0,0,0,0,0,0
202604,08,063,4,8,Kit Carson County                                           ,1,1,150000,0,0,0,0,0,0,0,0,0,0,0,0,0,0,0,0,0,0,0,0,0
202604,08,065,4,8,Lake County                                                 ,16,16,3418096,0,0,0,0,0,0,0,0,0,0,0,0,0,0,0,0,0,0,0,0,0
202604,08,067,4,8,La Plata County                                             ,60,60,37834825,2,4,1050000,1,4,270000,1,5,1300000,57,57,37534488,2,4,1050000,1,4,270000,1,5,1300000
202604,08,069,4,8,Larimer County                                              ,380,380,135555119,1,2,324564,0,0,0,7,173,33226410,357,357,127573027,1,2,324564,0,0,0,6,168,32065975
202604,08,071,4,8,Las Animas County                                           ,10,10,1691444,0,0,0,0,0,0,0,0,0,0,0,0,0,0,0,0,0,0,0,0,0
202604,08,073,4,8,Lincoln County                                              ,2,2,377769,0,0,0,0,0,0,0,0,0,0,0,0,0,0,0,0,0,0,0,0,0
202604,08,075,4,8,Logan County                                                ,1,1,252000,0,0,0,0,0,0,0,0,0,1,1,252000,0,0,0,0,0,0,0,0,0
202604,08,077,4,8,Mesa County                                                 ,232,232,37418190,1,2,217757,1,3,297076,1,60,8783447,232,232,37418190,1,2,217757,1,3,297076,1,60,8783447
202604,08,079,4,8,Mineral County                                              ,1,1,153577,0,0,0,0,0,0,0,0,0,0,0,0,0,0,0,0,0,0,0,0,0
202604,08,081,4,8,Moffat County                                               ,4,4,1435751,0,0,0,0,0,0,0,0,0,3,3,932000,0,0,0,0,0,0,0,0,0
202604,08,083,4,8,Montezuma County                                            ,7,7,1687095,0,0,0,0,0,0,0,0,0,0,0,0,0,0,0,0,0,0,0,0,0
202604,08,085,4,8,Montrose County                                             ,81,81,13579972,1,2,228300,1,4,302640,0,0,0,81,81,13579972,1,2,228300,1,4,302640,0,0,0
202604,08,087,4,8,Morgan County                                               ,2,2,693994,0,0,0,0,0,0,0,0,0,2,2,693994,0,0,0,0,0,0,0,0,0
202604,08,089,4,8,Otero County                                                ,3,3,632222,0,0,0,0,0,0,2,10,2687000,0,0,0,0,0,0,0,0,0,0,0,0
202604,08,091,4,8,Ouray County                                                ,22,22,16811570,0,0,0,0,0,0,0,0,0,15,15,15612880,0,0,0,0,0,0,0,0,0
202604,08,093,4,8,Park County                                                 ,39,39,12062935,0,0,0,0,0,0,0,0,0,39,39,12062935,0,0,0,0,0,0,0,0,0
202604,08,095,4,8,Phillips County                                             ,1,1,270425,0,0,0,0,0,0,0,0,0,0,0,0,0,0,0,0,0,0,0,0,0
202604,08,097,4,8,Pitkin County                                               ,14,14,137506214,0,0,0,0,0,0,0,0,0,14,14,137506214,0,0,0,0,0,0,0,0,0
202604,08,099,4,8,Prowers County                                              ,2,2,832468,0,0,0,0,0,0,0,0,0,0,0,0,0,0,0,0,0,0,0,0,0
202604,08,101,4,8,Pueblo County                                               ,19,19,2723898,0,0,0,0,0,0,0,0,0,19,19,2723898,0,0,0,0,0,0,0,0,0
202604,08,103,4,8,Rio Blanco County                                           ,5,5,2733899,0,0,0,0,0,0,0,0,0,0,0,0,0,0,0,0,0,0,0,0,0
202604,08,105,4,8,Rio Grande County                                           ,7,7,3014535,0,0,0,0,0,0,0,0,0,7,7,3014535,0,0,0,0,0,0,0,0,0
202604,08,107,4,8,Routt County                                                ,27,27,45253198,0,0,0,0,0,0,0,0,0,27,27,45253198,0,0,0,0,0,0,0,0,0
202604,08,109,4,8,Saguache County                                             ,17,17,2532731,0,0,0,0,0,0,1,5,1166667,11,11,1045000,0,0,0,0,0,0,0,0,0
202604,08,111,4,8,San Juan County                                             ,2,2,855050,1,2,700000,0,0,0,0,0,0,0,0,0,0,0,0,0,0,0,0,0,0
202604,08,113,4,8,San Miguel County                                           ,9,9,26003685,0,0,0,0,0,0,0,0,0,2,2,9029000,0,0,0,0,0,0,0,0,0
202604,08,115,4,8,Sedgwick County                                             ,1,1,150000,0,0,0,0,0,0,0,0,0,0,0,0,0,0,0,0,0,0,0,0,0
202604,08,117,4,8,Summit County                                               ,27,27,18739871,0,0,0,0,0,0,5,76,18261534,10,10,10788640,0,0,0,0,0,0,2,61,14704700
202604,08,119,4,8,Teller County                                               ,33,33,8887493,0,0,0,0,0,0,0,0,0,0,0,0,0,0,0,0,0,0,0,0,0
202604,08,121,4,8,Washington County                                           ,0,0,0,0,0,0,0,0,0,0,0,0,0,0,0,0,0,0,0,0,0,0,0,0
202604,08,123,4,8,Weld County                                                 ,873,873,327403431,1,2,561461,1,4,1193202,31,330,53784994,841,841,317385583,1,2,561461,1,4,1193202,31,330,53784994
202604,08,125,4,8,Yuma County                                                 ,2,2,339556,0,0,0,0,0,0,0,0,0,0,0,0,0,0,0,0,0,0,0,0,0
202604,09,110,1,1,Capitol Planning Region                                     ,121,121,34593436,7,14,2332816,4,14,2409760,4,76,11504875,87,87,24459278,3,6,710000,4,14,2409760,2,58,9208840
202604,09,120,1,1,Greater Bridgeport Planning Region                          ,23,23,13018175,8,16,4750000,4,13,1770000,3,24,2245040,23,23,13018175,8,16,4750000,4,13,1770000,3,24,2245040
202604,09,130,1,1,Lower Connecticut River Valley Planning Region              ,43,43,23077287,0,0,0,0,0,0,2,20,2755341,25,25,10871335,0,0,0,0,0,0,1,12,1820800
202604,09,140,1,1,Naugatuck Valley Planning Region                            ,98,98,24595733,0,0,0,3,10,1569194,2,40,6994333,51,51,14898040,0,0,0,1,4,1000000,1,35,6661000
202604,09,150,1,1,Northeastern Connecticut Planning Region                    ,55,55,13526656,0,0,0,0,0,0,0,0,0,38,38,10394942,0,0,0,0,0,0,0,0,0
202604,09,160,1,1,Northwest Hills Planning Region                             ,30,30,15691405,0,0,0,2,6,675000,0,0,0,17,17,9399932,0,0,0,0,0,0,0,0,0
202604,09,170,1,1,South Central Connecticut Planning Region                   ,48,48,18339099,8,16,3931694,2,6,1155307,6,60,6449163,25,25,11741185,3,6,1728500,0,0,0,1,6,450000
202604,09,180,1,1,Southeastern Connecticut Planning Region                    ,61,61,21969356,1,2,254500,2,6,1200000,3,81,7985000,42,42,17031730,0,0,0,2,6,1200000,2,76,7500000
202604,09,190,1,1,Western Connecticut Planning Region                         ,143,143,143634582,9,18,5451800,7,26,9541747,7,287,51966508,116,116,122676214,9,18,5451800,6,23,8954380,6,282,51268000
202604,10,001,3,5,Kent County                                                 ,291,291,51027685,6,12,2835630,0,0,0,11,187,23150835,291,291,51027685,6,12,2835630,0,0,0,11,187,23150835
202604,10,003,3,5,New Castle County                                           ,377,377,47371757,0,0,0,1,4,1142710,5,157,25843648,375,375,46840747,0,0,0,1,4,1142710,4,144,23084583
202604,10,005,3,5,Sussex County                                               ,1010,1010,157231413,6,12,2030206,0,0,0,4,70,8200000,1010,1010,157231413,6,12,2030206,0,0,0,4,70,8200000
202604,11,001,3,5,Washington  DC                                              ,64,64,19330261,8,16,2585217,0,0,0,3,54,9300582,64,64,19330261,8,16,2585217,0,0,0,3,54,9300582
202604,12,001,3,5,Alachua County                                              ,239,239,97478632,0,0,0,0,0,0,5,289,32383900,73,73,32024831,0,0,0,0,0,0,0,0,0
202604,12,003,3,5,Baker County                                                ,47,47,16886378,0,0,0,0,0,0,0,0,0,47,47,16886378,0,0,0,0,0,0,0,0,0
202604,12,005,3,5,Bay County                                                  ,559,559,213836401,2,4,857139,1,3,443438,8,54,8756382,57,57,32315870,0,0,0,0,0,0,0,0,0
202604,12,007,3,5,Bradford County                                             ,32,32,8193000,0,0,0,0,0,0,0,0,0,32,32,8193000,0,0,0,0,0,0,0,0,0
202604,12,009,3,5,Brevard County                                              ,1083,1083,462360542,0,0,0,0,0,0,0,0,0,1044,1044,455678277,0,0,0,0,0,0,0,0,0
202604,12,011,3,5,Broward County                                              ,262,262,143119797,2,4,836800,0,0,0,15,443,139740205,186,186,123794001,2,4,836800,0,0,0,8,369,132737600
202604,12,013,3,5,Calhoun County                                              ,9,9,1676752,0,0,0,0,0,0,0,0,0,0,0,0,0,0,0,0,0,0,0,0,0
202604,12,015,3,5,Charlotte County                                            ,1076,1076,288372123,13,26,5596303,8,30,7908384,3,61,16032680,1076,1076,288372123,13,26,5596303,8,30,7908384,3,61,16032680
202604,12,017,3,5,Citrus County                                               ,578,578,156949782,4,8,1365000,0,0,0,0,0,0,570,570,154679054,4,8,1365000,0,0,0,0,0,0
202604,12,019,3,5,Clay County                                                 ,442,442,125284631,0,0,0,0,0,0,0,0,0,439,439,124337965,0,0,0,0,0,0,0,0,0
202604,12,021,3,5,Collier County                                              ,707,707,379084699,1,2,1500000,2,8,913220,11,508,109201592,669,669,243896242,1,2,1500000,2,8,913220,9,498,66921928
202604,12,023,3,5,Columbia County                                             ,61,61,16850727,0,0,0,0,0,0,0,0,0,20,20,6180100,0,0,0,0,0,0,0,0,0
202604,12,027,3,5,DeSoto County                                               ,74,74,19213491,2,4,470334,0,0,0,0,0,0,74,74,19213491,2,4,470334,0,0,0,0,0,0
202604,12,029,3,5,Dixie County                                                ,23,23,6812715,0,0,0,0,0,0,1,5,666667,7,7,2073435,0,0,0,0,0,0,0,0,0
202604,12,031,3,5,Duval County                                                ,1299,1299,289698717,12,24,4646450,1,4,700000,6,681,167208439,1295,1295,287602150,12,24,4646450,1,4,700000,6,681,167208439
202604,12,033,3,5,Escambia County                                             ,775,775,167694156,0,0,0,0,0,0,0,0,0,775,775,167694156,0,0,0,0,0,0,0,0,0
202604,12,035,3,5,Flagler County                                              ,612,612,290314059,12,24,6264000,0,0,0,4,192,22896430,534,534,258647094,12,24,6264000,0,0,0,4,192,22896430
202604,12,037,3,5,Franklin County                                             ,56,56,12266504,0,0,0,0,0,0,0,0,0,0,0,0,0,0,0,0,0,0,0,0,0
202604,12,039,3,5,Gadsden County                                              ,21,21,5680320,0,0,0,0,0,0,3,94,9218846,4,4,705000,0,0,0,0,0,0,3,94,9218846
202604,12,041,3,5,Gilchrist County                                            ,16,16,6343995,0,0,0,0,0,0,0,0,0,16,16,6343995,0,0,0,0,0,0,0,0,0
202604,12,043,3,5,Glades County                                               ,35,35,8177083,0,0,0,0,0,0,0,0,0,35,35,8177083,0,0,0,0,0,0,0,0,0
202604,12,045,3,5,Gulf County                                                 ,151,151,44355515,0,0,0,0,0,0,0,0,0,0,0,0,0,0,0,0,0,0,0,0,0
202604,12,047,3,5,Hamilton County                                             ,6,6,2140954,0,0,0,0,0,0,0,0,0,6,6,2140954,0,0,0,0,0,0,0,0,0
202604,12,049,3,5,Hardee County                                               ,45,45,12899154,1,2,195000,0,0,0,0,0,0,45,45,12899154,1,2,195000,0,0,0,0,0,0
202604,12,051,3,5,Hendry County                                               ,123,123,25320388,0,0,0,0,0,0,0,0,0,123,123,25320388,0,0,0,0,0,0,0,0,0
202604,12,053,3,5,Hernando County                                             ,621,621,173337275,4,8,1160000,0,0,0,1,8,650000,621,621,173337275,4,8,1160000,0,0,0,1,8,650000
202604,12,055,3,5,Highlands County                                            ,225,225,52586018,3,6,899100,0,0,0,0,0,0,225,225,52586018,3,6,899100,0,0,0,0,0,0
202604,12,057,3,5,Hillsborough County                                         ,1438,1438,534203484,6,12,3075000,0,0,0,19,976,163272874,1438,1438,534203484,6,12,3075000,0,0,0,19,976,163272874
202604,12,059,3,5,Holmes County                                               ,6,6,798498,0,0,0,0,0,0,0,0,0,0,0,0,0,0,0,0,0,0,0,0,0
202604,12,061,3,5,Indian River County                                         ,59,59,48407632,1,2,348129,0,0,0,0,0,0,55,55,46596520,1,2,348129,0,0,0,0,0,0
202604,12,063,3,5,Jackson County                                              ,47,47,11680170,0,0,0,0,0,0,2,10,1066666,4,4,1085262,0,0,0,0,0,0,0,0,0
202604,12,065,3,5,Jefferson County                                            ,21,21,6355021,0,0,0,0,0,0,0,0,0,21,21,6355021,0,0,0,0,0,0,0,0,0
202604,12,067,3,5,Lafayette County                                            ,21,21,1726343,0,0,0,0,0,0,0,0,0,0,0,0,0,0,0,0,0,0,0,0,0
202604,12,069,3,5,Lake County                                                 ,1275,1275,418515597,14,28,4488667,0,0,0,7,208,31549139,865,865,292040762,11,22,2446786,0,0,0,5,150,23512413
202604,12,071,3,5,Lee County                                                  ,2475,2475,704115285,28,56,13744220,2,8,3108710,27,1595,298878372,2475,2475,704115285,28,56,13744220,2,8,3108710,27,1595,298878372
202604,12,073,3,5,Leon County                                                 ,229,229,51982600,3,6,750776,0,0,0,7,210,35141512,38,38,12537166,1,2,250000,0,0,0,0,0,0
202604,12,075,3,5,Levy County                                                 ,66,66,14518502,0,0,0,0,0,0,0,0,0,17,17,3796184,0,0,0,0,0,0,0,0,0
202604,12,077,3,5,Liberty County                                              ,8,8,2089752,0,0,0,0,0,0,0,0,0,2,2,280000,0,0,0,0,0,0,0,0,0
202604,12,079,3,5,Madison County                                              ,17,17,13023249,0,0,0,0,0,0,0,0,0,17,17,13023249,0,0,0,0,0,0,0,0,0
202604,12,081,3,5,Manatee County                                              ,2436,2436,660585235,8,16,2000000,2,8,1577380,15,502,97427445,2432,2432,657561428,8,16,2000000,2,8,1577380,15,502,97427445
202604,12,083,3,5,Marion County                                               ,2284,2284,448608206,20,40,4034000,0,0,0,0,0,0,2282,2282,448071230,20,40,4034000,0,0,0,0,0,0
202604,12,085,3,5,Martin County                                               ,464,464,251887335,3,6,1263654,0,0,0,0,0,0,462,462,241154715,3,6,1263654,0,0,0,0,0,0
202604,12,086,3,5,Miami-Dade County                                           ,699,699,324430701,54,108,25971071,19,70,9145484,61,2019,403980442,482,482,200839410,51,102,25508212,19,70,9145484,50,1841,342469982
202604,12,087,3,5,Monroe County                                               ,76,76,61444950,2,4,1089000,1,4,1200000,0,0,0,26,26,22381924,1,2,589000,1,4,1200000,0,0,0
202604,12,089,3,5,Nassau County                                               ,289,289,130093751,2,4,696473,0,0,0,0,0,0,286,286,129803297,1,2,671695,0,0,0,0,0,0
202604,12,091,3,5,Okaloosa County                                             ,374,374,109958281,0,0,0,0,0,0,1,6,784000,352,352,101112522,0,0,0,0,0,0,1,6,784000
202604,12,093,3,5,Okeechobee County                                           ,24,24,9156705,0,0,0,0,0,0,0,0,0,24,24,9156705,0,0,0,0,0,0,0,0,0
202604,12,095,3,5,Orange County                                               ,1409,1409,559841451,5,10,1806730,0,0,0,19,606,136795036,1405,1405,558179809,5,10,1806730,0,0,0,19,606,136795036
202604,12,097,3,5,Osceola County                                              ,1150,1150,372808503,2,4,780000,6,24,2268450,13,717,115315455,1150,1150,372808503,2,4,780000,6,24,2268450,13,717,115315455
202604,12,099,3,5,Palm Beach County                                           ,1064,1064,519398977,40,80,157226781,4,14,2923948,39,1329,177406415,883,883,395328426,38,76,19543787,3,11,2578667,30,1275,170825359
202604,12,101,3,5,Pasco County                                                ,2091,2091,651286976,0,0,0,0,0,0,14,489,86321055,2087,2087,650908104,0,0,0,0,0,0,10,469,84596055
202604,12,103,3,5,Pinellas County                                             ,501,501,263504320,11,22,4376637,7,22,2404000,3,31,16413500,487,487,251255202,11,22,4376637,7,22,2404000,3,31,16413500
202604,12,105,3,5,Polk County                                                 ,2340,2340,669829442,14,28,3510333,0,0,0,14,120,17094303,2091,2091,609219669,10,20,2965189,0,0,0,10,69,12399942
202604,12,107,3,5,Putnam County                                               ,19,19,5154682,0,0,0,0,0,0,0,0,0,15,15,4265630,0,0,0,0,0,0,0,0,0
202604,12,109,3,5,St. Johns County                                            ,948,948,229558013,3,6,1043343,0,0,0,1,6,1562400,948,948,229558013,3,6,1043343,0,0,0,1,6,1562400
202604,12,111,3,5,St. Lucie County                                            ,979,979,359640407,0,0,0,3,9,2515736,0,0,0,979,979,359640407,0,0,0,3,9,2515736,0,0,0
202604,12,113,3,5,Santa Rosa County                                           ,730,730,170380454,3,6,750000,0,0,0,4,138,12448104,730,730,170380454,3,6,750000,0,0,0,4,138,12448104
202604,12,115,3,5,Sarasota County                                             ,1363,1363,623542815,2,4,1000655,6,24,10265286,5,158,42960953,1363,1363,623542815,2,4,1000655,6,24,10265286,5,158,42960953
202604,12,117,3,5,Seminole County                                             ,287,287,106135591,1,2,497274,7,28,2425142,27,326,19149620,279,279,104924372,1,2,497274,7,28,2425142,19,114,6367564
202604,12,119,3,5,Sumter County                                               ,1045,1045,252963414,25,50,5057204,0,0,0,4,59,4849826,0,0,0,0,0,0,0,0,0,0,0,0
202604,12,121,3,5,Suwannee County                                             ,62,62,13476110,0,0,0,0,0,0,0,0,0,18,18,2964011,0,0,0,0,0,0,0,0,0
202604,12,123,3,5,Taylor County                                               ,48,48,8707878,0,0,0,0,0,0,0,0,0,25,25,4051619,0,0,0,0,0,0,0,0,0
202604,12,125,3,5,Union County                                                ,23,23,250200,0,0,0,0,0,0,0,0,0,0,0,0,0,0,0,0,0,0,0,0,0
202604,12,127,3,5,Volusia County                                              ,618,618,277494836,11,22,6008540,1,3,277455,5,78,9322316,563,563,255052926,11,22,6008540,0,0,0,3,68,8298014
202604,12,129,3,5,Wakulla County                                              ,142,142,26952597,0,0,0,0,0,0,0,0,0,142,142,26952597,0,0,0,0,0,0,0,0,0
202604,12,131,3,5,Walton County                                               ,631,631,323278637,1,2,370788,0,0,0,8,371,56582813,631,631,323278637,1,2,370788,0,0,0,8,371,56582813
202604,12,133,3,5,Washington County                                           ,92,92,36955688,0,0,0,0,0,0,0,0,0,92,92,36955688,0,0,0,0,0,0,0,0,0
202604,13,001,3,5,Appling County                                              ,4,4,1844522,0,0,0,0,0,0,0,0,0,0,0,0,0,0,0,0,0,0,0,0,0
202604,13,003,3,5,Atkinson County                                             ,7,7,836514,0,0,0,0,0,0,0,0,0,0,0,0,0,0,0,0,0,0,0,0,0
202604,13,005,3,5,Bacon County                                                ,1,1,296205,0,0,0,0,0,0,0,0,0,0,0,0,0,0,0,0,0,0,0,0,0
202604,13,007,3,5,Baker County                                                ,0,0,0,0,0,0,0,0,0,0,0,0,0,0,0,0,0,0,0,0,0,0,0,0
202604,13,009,3,5,Baldwin County                                              ,93,93,21877073,21,42,7144310,0,0,0,2,15,1928310,90,90,21366032,20,40,7074310,0,0,0,2,15,1928310
202604,13,011,3,5,Banks County                                                ,36,36,11329961,0,0,0,0,0,0,0,0,0,9,9,3620267,0,0,0,0,0,0,0,0,0
202604,13,013,3,5,Barrow County                                               ,529,529,133026244,0,0,0,0,0,0,0,0,0,514,514,129986001,0,0,0,0,0,0,0,0,0
202604,13,015,3,5,Bartow County                                               ,232,232,71741689,0,0,0,5,18,2936966,15,94,16188327,232,232,71741689,0,0,0,5,18,2936966,15,94,16188327
202604,13,017,3,5,Ben Hill County                                             ,3,3,408803,0,0,0,1,3,400000,0,0,0,2,2,275000,0,0,0,1,3,400000,0,0,0
202604,13,019,3,5,Berrien County                                              ,34,34,18131315,0,0,0,0,0,0,6,61,13258521,22,22,13103460,0,0,0,0,0,0,2,40,10670040
202604,13,021,3,5,Bibb County                                                 ,47,47,8257208,0,0,0,0,0,0,0,0,0,0,0,0,0,0,0,0,0,0,0,0,0
202604,13,023,3,5,Bleckley County                                             ,28,28,7514919,0,0,0,0,0,0,0,0,0,20,20,5990750,0,0,0,0,0,0,0,0,0
202604,13,025,3,5,Brantley County                                             ,15,15,3327766,2,4,293570,0,0,0,0,0,0,0,0,0,0,0,0,0,0,0,0,0,0
202604,13,027,3,5,Brooks County                                               ,17,17,3885343,0,0,0,0,0,0,0,0,0,6,6,1205000,0,0,0,0,0,0,0,0,0
202604,13,029,3,5,Bryan County                                                ,123,123,47944160,21,42,4641029,5,19,3281770,5,36,5729377,101,101,39461910,21,42,4641029,5,19,3281770,3,23,3425892
202604,13,031,3,5,Bulloch County                                              ,298,298,70319466,12,24,3442971,0,0,0,3,56,4385000,217,217,48627821,6,12,1950000,0,0,0,3,56,4385000
202604,13,033,3,5,Burke County                                                ,17,17,4825231,0,0,0,0,0,0,1,7,1640547,3,3,1102000,0,0,0,0,0,0,0,0,0
202604,13,035,3,5,Butts County                                                ,22,22,6507607,0,0,0,0,0,0,0,0,0,14,14,4144233,0,0,0,0,0,0,0,0,0
202604,13,037,3,5,Calhoun County                                              ,2,2,435000,0,0,0,0,0,0,0,0,0,0,0,0,0,0,0,0,0,0,0,0,0
202604,13,039,3,5,Camden County                                               ,146,146,42492027,0,0,0,0,0,0,3,64,11022912,144,144,42256116,0,0,0,0,0,0,3,64,11022912
202604,13,043,3,5,Candler County                                              ,4,4,811213,0,0,0,0,0,0,0,0,0,0,0,0,0,0,0,0,0,0,0,0,0
202604,13,045,3,5,Carroll County                                              ,439,439,122762238,1,2,116955,2,8,585792,7,236,23568707,432,432,121390919,1,2,116955,2,8,585792,7,236,23568707
202604,13,047,3,5,Catoosa County                                              ,125,125,18856530,0,0,0,5,17,1649281,7,89,8849659,0,0,0,0,0,0,0,0,0,0,0,0
202604,13,049,3,5,Charlton County                                             ,12,12,3887708,0,0,0,0,0,0,0,0,0,12,12,3887708,0,0,0,0,0,0,0,0,0
202604,13,051,3,5,Chatham County                                              ,642,642,130818631,1,2,189580,0,0,0,2,88,11753911,448,448,77474651,0,0,0,0,0,0,1,16,2500000
202604,13,053,3,5,Chattahoochee County                                        ,0,0,0,0,0,0,0,0,0,0,0,0,0,0,0,0,0,0,0,0,0,0,0,0
202604,13,055,3,5,Chattooga County                                            ,0,0,0,0,0,0,0,0,0,0,0,0,0,0,0,0,0,0,0,0,0,0,0,0
202604,13,057,3,5,Cherokee County                                             ,427,427,229170564,2,4,1269910,0,0,0,9,246,27180166,427,427,229170564,2,4,1269910,0,0,0,9,246,27180166
202604,13,059,3,5,Clarke County                                               ,112,112,22990423,0,0,0,0,0,0,2,83,11648855,92,92,18714791,0,0,0,0,0,0,0,0,0
202604,13,061,3,5,Clay County                                                 ,1,1,202876,0,0,0,0,0,0,0,0,0,0,0,0,0,0,0,0,0,0,0,0,0
202604,13,063,3,5,Clayton County                                              ,95,95,25140371,0,0,0,0,0,0,4,32,7696457,92,92,24377871,0,0,0,0,0,0,0,0,0
202604,13,065,3,5,Clinch County                                               ,0,0,0,0,0,0,0,0,0,0,0,0,0,0,0,0,0,0,0,0,0,0,0,0
202604,13,067,3,5,Cobb County                                                 ,344,344,123788760,0,0,0,2,6,1345224,6,263,40581588,288,288,113665283,0,0,0,0,0,0,2,149,21505749
202604,13,069,3,5,Coffee County                                               ,28,28,5250737,0,0,0,1,3,240000,0,0,0,0,0,0,0,0,0,0,0,0,0,0,0
202604,13,071,3,5,Colquitt County                                             ,24,24,7568580,3,6,700656,0,0,0,8,112,15867129,21,21,6686852,2,4,468406,0,0,0,8,112,15867129
202604,13,073,3,5,Columbia County                                             ,366,366,76234247,0,0,0,1,4,542580,0,0,0,54,54,14768050,0,0,0,1,4,542580,0,0,0
202604,13,075,3,5,Cook County                                                 ,23,23,5624452,0,0,0,0,0,0,0,0,0,15,15,3984232,0,0,0,0,0,0,0,0,0
202604,13,077,3,5,Coweta County                                               ,202,202,95715722,0,0,0,0,0,0,0,0,0,201,201,95413937,0,0,0,0,0,0,0,0,0
202604,13,079,3,5,Crawford County                                             ,2,2,622849,0,0,0,0,0,0,0,0,0,2,2,622849,0,0,0,0,0,0,0,0,0
202604,13,081,3,5,Crisp County                                                ,6,6,1206666,0,0,0,0,0,0,0,0,0,5,5,1166666,0,0,0,0,0,0,0,0,0
202604,13,083,3,5,Dade County                                                 ,2,2,462147,1,2,323152,0,0,0,0,0,0,0,0,0,0,0,0,0,0,0,0,0,0
202604,13,085,3,5,Dawson County                                               ,171,171,40687834,0,0,0,0,0,0,0,0,0,171,171,40687834,0,0,0,0,0,0,0,0,0
202604,13,087,3,5,Decatur County                                              ,24,24,4751262,0,0,0,0,0,0,5,25,2312056,0,0,0,0,0,0,0,0,0,0,0,0
202604,13,089,3,5,DeKalb County                                               ,226,226,96433985,0,0,0,0,0,0,1,53,7844089,226,226,96433985,0,0,0,0,0,0,1,53,7844089
202604,13,091,3,5,Dodge County                                                ,3,3,809424,0,0,0,0,0,0,1,5,103196,0,0,0,0,0,0,0,0,0,0,0,0
202604,13,093,3,5,Dooly County                                                ,11,11,4154647,0,0,0,0,0,0,0,0,0,0,0,0,0,0,0,0,0,0,0,0,0
202604,13,095,3,5,Dougherty County                                            ,38,38,10352254,0,0,0,0,0,0,0,0,0,27,27,7997535,0,0,0,0,0,0,0,0,0
202604,13,097,3,5,Douglas County                                              ,160,160,35946418,0,0,0,0,0,0,1,19,3401894,137,137,28670052,0,0,0,0,0,0,0,0,0
202604,13,099,3,5,Early County                                                ,4,4,873690,0,0,0,0,0,0,0,0,0,0,0,0,0,0,0,0,0,0,0,0,0
202604,13,101,3,5,Echols County                                               ,0,0,0,0,0,0,0,0,0,0,0,0,0,0,0,0,0,0,0,0,0,0,0,0
202604,13,103,3,5,Effingham County                                            ,181,181,44342656,0,0,0,0,0,0,6,34,2677800,175,175,42911699,0,0,0,0,0,0,6,34,2677800
202604,13,105,3,5,Elbert County                                               ,45,45,8633414,0,0,0,1,4,400000,0,0,0,41,41,7233414,0,0,0,1,4,400000,0,0,0
202604,13,107,3,5,Emanuel County                                              ,15,15,4264630,0,0,0,0,0,0,0,0,0,15,15,4264630,0,0,0,0,0,0,0,0,0
202604,13,109,3,5,Evans County                                                ,7,7,1294541,0,0,0,0,0,0,0,0,0,0,0,0,0,0,0,0,0,0,0,0,0
202604,13,111,3,5,Fannin County                                               ,113,113,34039305,0,0,0,0,0,0,0,0,0,0,0,0,0,0,0,0,0,0,0,0,0
202604,13,113,3,5,Fayette County                                              ,160,160,60011504,0,0,0,0,0,0,0,0,0,110,110,39251305,0,0,0,0,0,0,0,0,0
202604,13,115,3,5,Floyd County                                                ,159,159,35741697,0,0,0,0,0,0,0,0,0,159,159,35741697,0,0,0,0,0,0,0,0,0
202604,13,117,3,5,Forsyth County                                              ,421,421,126456544,0,0,0,0,0,0,6,333,57342349,421,421,126456544,0,0,0,0,0,0,6,333,57342349
202604,13,119,3,5,Franklin County                                             ,62,62,16540045,0,0,0,0,0,0,0,0,0,22,22,6516510,0,0,0,0,0,0,0,0,0
202604,13,121,3,5,Fulton County                                               ,714,714,218465657,25,50,10144611,9,33,9670369,93,2830,323822990,595,595,190269745,25,50,10144611,9,33,9670369,86,2561,289552617
202604,13,123,3,5,Gilmer County                                               ,12,12,2716406,0,0,0,0,0,0,4,32,2956384,3,3,1088564,0,0,0,0,0,0,0,0,0
202604,13,127,3,5,Glynn County                                                ,192,192,84001847,0,0,0,0,0,0,0,0,0,192,192,84001847,0,0,0,0,0,0,0,0,0
202604,13,129,3,5,Gordon County                                               ,152,152,43527330,0,0,0,0,0,0,0,0,0,151,151,43314830,0,0,0,0,0,0,0,0,0
202604,13,131,3,5,Grady County                                                ,21,21,7136044,0,0,0,0,0,0,0,0,0,8,8,2914052,0,0,0,0,0,0,0,0,0
202604,13,133,3,5,Greene County                                               ,120,120,96566388,0,0,0,0,0,0,0,0,0,91,91,67324528,0,0,0,0,0,0,0,0,0
202604,13,135,3,5,Gwinnett County                                             ,1078,1078,301892681,0,0,0,0,0,0,4,99,16894563,956,956,266550077,0,0,0,0,0,0,3,88,15000000
202604,13,137,3,5,Habersham County                                            ,85,85,29420845,0,0,0,0,0,0,5,41,2348196,11,11,3565913,0,0,0,0,0,0,0,0,0
202604,13,139,3,5,Hall County                                                 ,613,613,173620041,1,2,420000,2,6,1011412,6,57,8747350,340,340,83928060,1,2,420000,0,0,0,0,0,0
202604,13,141,3,5,Hancock County                                              ,10,10,3095349,0,0,0,0,0,0,0,0,0,10,10,3095349,0,0,0,0,0,0,0,0,0
202604,13,143,3,5,Haralson County                                             ,67,67,18411714,0,0,0,0,0,0,0,0,0,0,0,0,0,0,0,0,0,0,0,0,0
202604,13,145,3,5,Harris County                                               ,58,58,18356254,0,0,0,0,0,0,0,0,0,0,0,0,0,0,0,0,0,0,0,0,0
202604,13,147,3,5,Hart County                                                 ,42,42,10585329,3,6,1049938,0,0,0,0,0,0,24,24,6055518,1,2,200000,0,0,0,0,0,0
202604,13,149,3,5,Heard County                                                ,22,22,6353313,0,0,0,0,0,0,0,0,0,0,0,0,0,0,0,0,0,0,0,0,0
202604,13,151,3,5,Henry County                                                ,639,639,189101599,0,0,0,0,0,0,7,291,51252768,606,606,179569044,0,0,0,0,0,0,7,291,51252768
202604,13,153,3,5,Houston County                                              ,363,363,68433342,1,2,196648,0,0,0,0,0,0,307,307,54778542,1,2,196648,0,0,0,0,0,0
202604,13,155,3,5,Irwin County                                                ,8,8,906027,0,0,0,0,0,0,0,0,0,0,0,0,0,0,0,0,0,0,0,0,0
202604,13,157,3,5,Jackson County                                              ,645,645,214236119,0,0,0,0,0,0,0,0,0,493,493,160415859,0,0,0,0,0,0,0,0,0
202604,13,159,3,5,Jasper County                                               ,51,51,20140000,0,0,0,0,0,0,0,0,0,51,51,20140000,0,0,0,0,0,0,0,0,0
202604,13,161,3,5,Jeff Davis County                                           ,3,3,455555,0,0,0,0,0,0,0,0,0,0,0,0,0,0,0,0,0,0,0,0,0
202604,13,163,3,5,Jefferson County                                            ,7,7,2767208,0,0,0,0,0,0,0,0,0,0,0,0,0,0,0,0,0,0,0,0,0
202604,13,165,3,5,Jenkins County                                              ,8,8,761111,0,0,0,0,0,0,0,0,0,0,0,0,0,0,0,0,0,0,0,0,0
202604,13,167,3,5,Johnson County                                              ,0,0,0,0,0,0,0,0,0,0,0,0,0,0,0,0,0,0,0,0,0,0,0,0
202604,13,169,3,5,Jones County                                                ,22,22,5557000,0,0,0,0,0,0,0,0,0,22,22,5557000,0,0,0,0,0,0,0,0,0
202604,13,171,3,5,Lamar County                                                ,41,41,10476127,0,0,0,0,0,0,0,0,0,0,0,0,0,0,0,0,0,0,0,0,0
202604,13,173,3,5,Lanier County                                               ,11,11,3124982,0,0,0,0,0,0,0,0,0,11,11,3124982,0,0,0,0,0,0,0,0,0
202604,13,175,3,5,Laurens County                                              ,8,8,2109090,0,0,0,0,0,0,1,11,1387916,3,3,1076516,0,0,0,0,0,0,0,0,0
202604,13,177,3,5,Lee County                                                  ,32,32,3896260,0,0,0,0,0,0,0,0,0,32,32,3896260,0,0,0,0,0,0,0,0,0
202604,13,179,3,5,Liberty County                                              ,151,151,38652699,3,6,1328032,0,0,0,0,0,0,151,151,38652699,3,6,1328032,0,0,0,0,0,0
202604,13,181,3,5,Lincoln County                                              ,19,19,7905571,0,0,0,0,0,0,0,0,0,17,17,7262000,0,0,0,0,0,0,0,0,0
202604,13,183,3,5,Long County                                                 ,91,91,21634212,0,0,0,0,0,0,0,0,0,0,0,0,0,0,0,0,0,0,0,0,0
202604,13,185,3,5,Lowndes County                                              ,273,273,59991023,0,0,0,0,0,0,0,0,0,0,0,0,0,0,0,0,0,0,0,0,0
202604,13,187,3,5,Lumpkin County                                              ,87,87,31180000,0,0,0,0,0,0,0,0,0,87,87,31180000,0,0,0,0,0,0,0,0,0
202604,13,189,3,5,McDuffie County                                             ,22,22,5206367,0,0,0,0,0,0,0,0,0,0,0,0,0,0,0,0,0,0,0,0,0
202604,13,191,3,5,McIntosh County                                             ,36,36,8543857,0,0,0,0,0,0,0,0,0,5,5,1000000,0,0,0,0,0,0,0,0,0
202604,13,193,3,5,Macon County                                                ,4,4,889879,0,0,0,0,0,0,0,0,0,0,0,0,0,0,0,0,0,0,0,0,0
202604,13,195,3,5,Madison County                                              ,37,37,11152918,0,0,0,0,0,0,0,0,0,36,36,10856901,0,0,0,0,0,0,0,0,0
202604,13,197,3,5,Marion County                                               ,6,6,1728360,0,0,0,0,0,0,0,0,0,3,3,1133235,0,0,0,0,0,0,0,0,0
202604,13,199,3,5,Meriwether County                                           ,62,62,15479836,0,0,0,0,0,0,0,0,0,60,60,15286502,0,0,0,0,0,0,0,0,0
202604,13,201,3,5,Miller County                                               ,4,4,540294,0,0,0,0,0,0,0,0,0,0,0,0,0,0,0,0,0,0,0,0,0
202604,13,205,3,5,Mitchell County                                             ,9,9,2467991,0,0,0,0,0,0,0,0,0,9,9,2467991,0,0,0,0,0,0,0,0,0
202604,13,207,3,5,Monroe County                                               ,86,86,26455032,0,0,0,0,0,0,0,0,0,0,0,0,0,0,0,0,0,0,0,0,0
202604,13,209,3,5,Montgomery County                                           ,32,32,9586150,0,0,0,0,0,0,0,0,0,32,32,9586150,0,0,0,0,0,0,0,0,0
202604,13,211,3,5,Morgan County                                               ,37,37,14061985,1,2,300000,0,0,0,0,0,0,24,24,8390101,1,2,300000,0,0,0,0,0,0
202604,13,213,3,5,Murray County                                               ,34,34,8950932,0,0,0,4,12,1790385,0,0,0,0,0,0,0,0,0,0,0,0,0,0,0
202604,13,215,3,5,Muscogee County                                             ,77,77,24441301,0,0,0,0,0,0,4,20,2060120,0,0,0,0,0,0,0,0,0,0,0,0
202604,13,217,3,5,Newton County                                               ,116,116,30218888,0,0,0,1,3,196089,0,0,0,112,112,30173377,0,0,0,1,3,196089,0,0,0
202604,13,219,3,5,Oconee County                                               ,63,63,36724046,0,0,0,0,0,0,0,0,0,62,62,36436458,0,0,0,0,0,0,0,0,0
202604,13,221,3,5,Oglethorpe County                                           ,38,38,8075178,0,0,0,0,0,0,0,0,0,0,0,0,0,0,0,0,0,0,0,0,0
202604,13,223,3,5,Paulding County                                             ,369,369,79752244,0,0,0,0,0,0,11,322,58065553,369,369,79752244,0,0,0,0,0,0,11,322,58065553
202604,13,225,3,5,Peach County                                                ,44,44,7753711,0,0,0,0,0,0,0,0,0,0,0,0,0,0,0,0,0,0,0,0,0
202604,13,227,3,5,Pickens County                                              ,89,89,35406462,0,0,0,1,3,225000,0,0,0,34,34,11890000,0,0,0,0,0,0,0,0,0
202604,13,229,3,5,Pierce County                                               ,27,27,11324132,0,0,0,5,20,785226,0,0,0,27,27,11324132,0,0,0,5,20,785226,0,0,0
202604,13,231,3,5,Pike County                                                 ,41,41,12118396,0,0,0,0,0,0,0,0,0,31,31,9176517,0,0,0,0,0,0,0,0,0
202604,13,233,3,5,Polk County                                                 ,38,38,10899257,0,0,0,0,0,0,1,15,2734375,6,6,1776100,0,0,0,0,0,0,0,0,0
202604,13,235,3,5,Pulaski County                                              ,14,14,4346819,1,2,234203,0,0,0,0,0,0,14,14,4346819,1,2,234203,0,0,0,0,0,0
202604,13,237,3,5,Putnam County                                               ,56,56,23617142,0,0,0,0,0,0,0,0,0,56,56,23617142,0,0,0,0,0,0,0,0,0
202604,13,239,3,5,Quitman County                                              ,5,5,594652,0,0,0,0,0,0,0,0,0,0,0,0,0,0,0,0,0,0,0,0,0
202604,13,241,3,5,Rabun County                                                ,29,29,14382690,0,0,0,0,0,0,0,0,0,25,25,13359000,0,0,0,0,0,0,0,0,0
202604,13,243,3,5,Randolph County                                             ,1,1,158333,0,0,0,0,0,0,0,0,0,0,0,0,0,0,0,0,0,0,0,0,0
202604,13,245,3,5,Richmond County                                             ,227,227,40111173,0,0,0,0,0,0,0,0,0,227,227,40111173,0,0,0,0,0,0,0,0,0
202604,13,247,3,5,Rockdale County                                             ,234,234,70633675,0,0,0,0,0,0,0,0,0,179,179,50879843,0,0,0,0,0,0,0,0,0
202604,13,249,3,5,Schley County                                               ,6,6,1276788,0,0,0,0,0,0,0,0,0,0,0,0,0,0,0,0,0,0,0,0,0
202604,13,251,3,5,Screven County                                              ,6,6,939797,0,0,0,0,0,0,0,0,0,0,0,0,0,0,0,0,0,0,0,0,0
202604,13,253,3,5,Seminole County                                             ,5,5,652018,0,0,0,0,0,0,0,0,0,0,0,0,0,0,0,0,0,0,0,0,0
202604,13,255,3,5,Spalding County                                             ,107,107,24702862,0,0,0,0,0,0,0,0,0,10,10,2481638,0,0,0,0,0,0,0,0,0
202604,13,257,3,5,Stephens County                                             ,10,10,1619280,0,0,0,0,0,0,0,0,0,8,8,1235030,0,0,0,0,0,0,0,0,0
202604,13,259,3,5,Stewart County                                              ,0,0,0,0,0,0,0,0,0,0,0,0,0,0,0,0,0,0,0,0,0,0,0,0
202604,13,261,3,5,Sumter County                                               ,5,5,1547675,0,0,0,0,0,0,0,0,0,5,5,1547675,0,0,0,0,0,0,0,0,0
202604,13,263,3,5,Talbot County                                               ,0,0,0,0,0,0,0,0,0,0,0,0,0,0,0,0,0,0,0,0,0,0,0,0
202604,13,267,3,5,Tattnall County                                             ,17,17,3874653,0,0,0,0,0,0,0,0,0,0,0,0,0,0,0,0,0,0,0,0,0
202604,13,269,3,5,Taylor County                                               ,4,4,1149633,0,0,0,0,0,0,0,0,0,0,0,0,0,0,0,0,0,0,0,0,0
202604,13,271,3,5,Telfair County                                              ,0,0,0,0,0,0,0,0,0,0,0,0,0,0,0,0,0,0,0,0,0,0,0,0
202604,13,273,3,5,Terrell County                                              ,2,2,605282,0,0,0,0,0,0,0,0,0,0,0,0,0,0,0,0,0,0,0,0,0
202604,13,275,3,5,Thomas County                                               ,49,49,13316232,0,0,0,0,0,0,0,0,0,49,49,13316232,0,0,0,0,0,0,0,0,0
202604,13,277,3,5,Tift County                                                 ,38,38,6565700,0,0,0,0,0,0,0,0,0,13,13,3217000,0,0,0,0,0,0,0,0,0
202604,13,279,3,5,Toombs County                                               ,12,12,1781300,0,0,0,0,0,0,0,0,0,12,12,1781300,0,0,0,0,0,0,0,0,0
202604,13,281,3,5,Towns County                                                ,32,32,14652000,0,0,0,0,0,0,0,0,0,29,29,13136000,0,0,0,0,0,0,0,0,0
202604,13,283,3,5,Treutlen County                                             ,0,0,0,0,0,0,0,0,0,0,0,0,0,0,0,0,0,0,0,0,0,0,0,0
202604,13,285,3,5,Troup County                                                ,148,148,50252317,0,0,0,1,4,297598,0,0,0,96,96,33663176,0,0,0,1,4,297598,0,0,0
202604,13,287,3,5,Turner County                                               ,4,4,1451419,0,0,0,0,0,0,0,0,0,4,4,1451419,0,0,0,0,0,0,0,0,0
202604,13,289,3,5,Twiggs County                                               ,3,3,900000,0,0,0,0,0,0,0,0,0,3,3,900000,0,0,0,0,0,0,0,0,0
202604,13,291,3,5,Union County                                                ,69,69,30450315,0,0,0,0,0,0,0,0,0,69,69,30450315,0,0,0,0,0,0,0,0,0
202604,13,293,3,5,Upson County                                                ,44,44,13243194,0,0,0,0,0,0,0,0,0,23,23,7503701,0,0,0,0,0,0,0,0,0
202604,13,295,3,5,Walker County                                               ,102,102,35511110,3,6,969456,0,0,0,0,0,0,100,100,35045110,3,6,969456,0,0,0,0,0,0
202604,13,297,3,5,Walton County                                               ,153,153,47117526,0,0,0,0,0,0,2,10,1293773,150,150,46004046,0,0,0,0,0,0,2,10,1293773
202604,13,299,3,5,Ware County                                                 ,12,12,1995063,1,2,132880,1,3,170393,1,12,800000,0,0,0,0,0,0,0,0,0,0,0,0
202604,13,301,3,5,Warren County                                               ,0,0,0,0,0,0,0,0,0,0,0,0,0,0,0,0,0,0,0,0,0,0,0,0
202604,13,303,3,5,Washington County                                           ,20,20,5822251,0,0,0,0,0,0,0,0,0,0,0,0,0,0,0,0,0,0,0,0,0
202604,13,305,3,5,Wayne County                                                ,37,37,8786119,1,2,198000,0,0,0,0,0,0,31,31,7470500,0,0,0,0,0,0,0,0,0
202604,13,307,3,5,Webster County                                              ,2,2,275556,0,0,0,0,0,0,0,0,0,0,0,0,0,0,0,0,0,0,0,0,0
202604,13,309,3,5,Wheeler County                                              ,0,0,0,0,0,0,0,0,0,0,0,0,0,0,0,0,0,0,0,0,0,0,0,0
202604,13,311,3,5,White County                                                ,56,56,16058331,0,0,0,0,0,0,0,0,0,49,49,15171481,0,0,0,0,0,0,0,0,0
202604,13,313,3,5,Whitfield County                                            ,130,130,26171298,4,8,777400,0,0,0,0,0,0,128,128,25589773,4,8,777400,0,0,0,0,0,0
202604,13,317,3,5,Wilkes County                                               ,13,13,2797094,0,0,0,0,0,0,0,0,0,5,5,1355000,0,0,0,0,0,0,0,0,0
202604,13,319,3,5,Wilkinson County                                            ,3,3,722222,0,0,0,0,0,0,0,0,0,0,0,0,0,0,0,0,0,0,0,0,0
202604,13,321,3,5,Worth County                                                ,9,9,2305001,0,0,0,0,0,0,4,21,2979164,0,0,0,0,0,0,0,0,0,0,0,0
202604,15,001,4,9,Hawaii County                                               ,330,330,140092718,5,10,1305329,26,104,41589858,1,16,4476258,330,330,140092718,5,10,1305329,26,104,41589858,1,16,4476258
202604,15,003,4,9,Honolulu County                                             ,208,208,76901197,21,42,5876329,0,0,0,7,308,96294915,0,0,0,0,0,0,0,0,0,0,0,0
202604,15,007,4,9,Kauai County                                                ,47,47,44636773,0,0,0,0,0,0,0,0,0,47,47,44636773,0,0,0,0,0,0,0,0,0
202604,15,009,4,9,Maui County                                                 ,129,129,29133378,5,10,1938592,0,0,0,2,40,10982080,84,84,13208518,1,2,120000,0,0,0,0,0,0
202604,16,001,4,8,Ada County                                                  ,1784,1784,569256419,2,4,1719096,0,0,0,4,71,13388181,1784,1784,569256419,2,4,1719096,0,0,0,4,71,13388181
202604,16,003,4,8,Adams County                                                ,4,4,1479959,0,0,0,0,0,0,0,0,0,0,0,0,0,0,0,0,0,0,0,0,0
202604,16,005,4,8,Bannock County                                              ,83,83,16452050,0,0,0,23,89,9096622,0,0,0,41,41,4371453,0,0,0,19,75,7031606,0,0,0
202604,16,007,4,8,Bear Lake County                                            ,45,45,15786676,0,0,0,0,0,0,0,0,0,15,15,4363516,0,0,0,0,0,0,0,0,0
202604,16,009,4,8,Benewah County                                              ,13,13,2581346,0,0,0,0,0,0,0,0,0,0,0,0,0,0,0,0,0,0,0,0,0
202604,16,011,4,8,Bingham County                                              ,55,55,16057695,0,0,0,0,0,0,0,0,0,50,50,13917240,0,0,0,0,0,0,0,0,0
202604,16,013,4,8,Blaine County                                               ,39,39,54122098,0,0,0,1,3,8250000,0,0,0,29,29,48818894,0,0,0,1,3,8250000,0,0,0
202604,16,015,4,8,Boise County                                                ,24,24,7614346,0,0,0,0,0,0,0,0,0,19,19,6556297,0,0,0,0,0,0,0,0,0
202604,16,017,4,8,Bonner County                                               ,28,28,10028384,0,0,0,0,0,0,0,0,0,23,23,8428203,0,0,0,0,0,0,0,0,0
202604,16,019,4,8,Bonneville County                                           ,241,241,53403664,0,0,0,4,16,2425999,5,395,39708390,241,241,53403664,0,0,0,4,16,2425999,5,395,39708390
202604,16,021,4,8,Boundary County                                             ,7,7,866538,2,4,341538,0,0,0,0,0,0,5,5,765000,0,0,0,0,0,0,0,0,0
202604,16,023,4,8,Butte County                                                ,3,3,376125,0,0,0,0,0,0,0,0,0,0,0,0,0,0,0,0,0,0,0,0,0
202604,16,025,4,8,Camas County                                                ,3,3,1312582,0,0,0,0,0,0,0,0,0,3,3,1312582,0,0,0,0,0,0,0,0,0
202604,16,027,4,8,Canyon County                                               ,981,981,228358307,9,18,2601474,13,47,6784867,6,176,24524994,702,702,171789174,7,14,2050566,9,35,5134270,3,118,15731882
202604,16,029,4,8,Caribou County                                              ,5,5,1288637,0,0,0,0,0,0,0,0,0,0,0,0,0,0,0,0,0,0,0,0,0
202604,16,031,4,8,Cassia County                                               ,38,38,12711710,0,0,0,0,0,0,0,0,0,38,38,12711710,0,0,0,0,0,0,0,0,0
202604,16,033,4,8,Clark County                                                ,0,0,0,0,0,0,0,0,0,0,0,0,0,0,0,0,0,0,0,0,0,0,0,0
202604,16,035,4,8,Clearwater County                                           ,10,10,1418142,0,0,0,0,0,0,0,0,0,8,8,1243000,0,0,0,0,0,0,0,0,0
202604,16,037,4,8,Custer County                                               ,15,15,4790840,0,0,0,0,0,0,0,0,0,10,10,2953952,0,0,0,0,0,0,0,0,0
202604,16,039,4,8,Elmore County                                               ,74,74,13365756,0,0,0,0,0,0,0,0,0,66,66,11611853,0,0,0,0,0,0,0,0,0
202604,16,041,4,8,Franklin County                                             ,21,21,5141878,0,0,0,0,0,0,0,0,0,0,0,0,0,0,0,0,0,0,0,0,0
202604,16,043,4,8,Fremont County                                              ,50,50,8462025,0,0,0,4,14,1592780,0,0,0,50,50,8462025,0,0,0,2,8,695765,0,0,0
202604,16,045,4,8,Gem County                                                  ,67,67,14058887,0,0,0,0,0,0,0,0,0,50,50,11337717,0,0,0,0,0,0,0,0,0
202604,16,047,4,8,Gooding County                                              ,13,13,3394817,1,2,225113,0,0,0,0,0,0,4,4,1174839,1,2,225113,0,0,0,0,0,0
202604,16,049,4,8,Idaho County                                                ,1,1,173567,0,0,0,0,0,0,0,0,0,0,0,0,0,0,0,0,0,0,0,0,0
202604,16,051,4,8,Jefferson County                                            ,84,84,23330080,0,0,0,0,0,0,0,0,0,84,84,23330080,0,0,0,0,0,0,0,0,0
202604,16,053,4,8,Jerome County                                               ,51,51,14356013,0,0,0,0,0,0,0,0,0,51,51,14356013,0,0,0,0,0,0,0,0,0
202604,16,055,4,8,Kootenai County                                             ,460,460,165109139,6,12,2549508,1,3,1256817,17,254,30540364,367,367,138823318,1,2,312082,0,0,0,12,208,24825000
202604,16,057,4,8,Latah County                                                ,30,30,12001961,2,4,1316124,0,0,0,2,15,1764762,25,25,10096598,1,2,671568,0,0,0,1,10,1162470
202604,16,059,4,8,Lemhi County                                                ,17,17,5018348,0,0,0,0,0,0,0,0,0,17,17,5018348,0,0,0,0,0,0,0,0,0
202604,16,061,4,8,Lewis County                                                ,8,8,929152,0,0,0,0,0,0,0,0,0,0,0,0,0,0,0,0,0,0,0,0,0
202604,16,063,4,8,Lincoln County                                              ,3,3,947962,0,0,0,0,0,0,0,0,0,0,0,0,0,0,0,0,0,0,0,0,0
202604,16,065,4,8,Madison County                                              ,108,108,29335276,0,0,0,4,16,3835126,2,12,3806754,108,108,29335276,0,0,0,4,16,3835126,2,12,3806754
202604,16,067,4,8,Minidoka County                                             ,31,31,9211898,0,0,0,0,0,0,0,0,0,26,26,7653309,0,0,0,0,0,0,0,0,0
202604,16,069,4,8,Nez Perce County                                            ,52,52,18929601,13,26,7700000,0,0,0,0,0,0,49,49,18183866,13,26,7700000,0,0,0,0,0,0
202604,16,071,4,8,Oneida County                                               ,8,8,2629462,0,0,0,0,0,0,0,0,0,6,6,1975714,0,0,0,0,0,0,0,0,0
202604,16,073,4,8,Owyhee County                                               ,10,10,3419376,0,0,0,0,0,0,0,0,0,2,2,130000,0,0,0,0,0,0,0,0,0
202604,16,075,4,8,Payette County                                              ,85,85,24791291,4,8,560000,0,0,0,0,0,0,85,85,24791291,4,8,560000,0,0,0,0,0,0
202604,16,077,4,8,Power County                                                ,2,2,530000,0,0,0,0,0,0,0,0,0,2,2,530000,0,0,0,0,0,0,0,0,0
202604,16,079,4,8,Shoshone County                                             ,8,8,1797479,0,0,0,0,0,0,0,0,0,8,8,1797479,0,0,0,0,0,0,0,0,0
202604,16,081,4,8,Teton County                                                ,79,79,36872624,4,8,1593909,0,0,0,0,0,0,62,62,31777313,4,8,1593909,0,0,0,0,0,0
202604,16,083,4,8,Twin Falls County                                           ,121,121,34037847,0,0,0,0,0,0,2,32,5055104,119,119,33446059,0,0,0,0,0,0,2,32,5055104
202604,16,085,4,8,Valley County                                               ,66,66,33706907,0,0,0,1,3,600000,0,0,0,41,41,18369000,0,0,0,0,0,0,0,0,0
202604,16,087,4,8,Washington County                                           ,16,16,3201539,0,0,0,0,0,0,0,0,0,11,11,1875588,0,0,0,0,0,0,0,0,0
202604,17,001,2,3,Adams County                                                ,11,11,2985198,0,0,0,1,3,455454,0,0,0,6,6,1480000,0,0,0,0,0,0,0,0,0
202604,17,003,2,3,Alexander County                                            ,0,0,0,0,0,0,0,0,0,0,0,0,0,0,0,0,0,0,0,0,0,0,0,0
202604,17,005,2,3,Bond County                                                 ,9,9,2578317,0,0,0,0,0,0,0,0,0,9,9,2578317,0,0,0,0,0,0,0,0,0
202604,17,007,2,3,Boone County                                                ,11,11,2743124,0,0,0,0,0,0,0,0,0,7,7,1976200,0,0,0,0,0,0,0,0,0
202604,17,009,2,3,Brown County                                                ,0,0,0,0,0,0,0,0,0,0,0,0,0,0,0,0,0,0,0,0,0,0,0,0
202604,17,011,2,3,Bureau County                                               ,5,5,1486000,0,0,0,0,0,0,0,0,0,5,5,1486000,0,0,0,0,0,0,0,0,0
202604,17,013,2,3,Calhoun County                                              ,3,3,1140000,0,0,0,0,0,0,0,0,0,3,3,1140000,0,0,0,0,0,0,0,0,0
202604,17,015,2,3,Carroll County                                              ,3,3,1144000,0,0,0,0,0,0,0,0,0,3,3,1144000,0,0,0,0,0,0,0,0,0
202604,17,017,2,3,Cass County                                                 ,0,0,0,0,0,0,0,0,0,0,0,0,0,0,0,0,0,0,0,0,0,0,0,0
202604,17,019,2,3,Champaign County                                            ,49,49,17360718,0,0,0,0,0,0,11,1106,253835288,41,41,13785947,0,0,0,0,0,0,11,1106,253835288
202604,17,021,2,3,Christian County                                            ,19,19,7165811,0,0,0,0,0,0,0,0,0,0,0,0,0,0,0,0,0,0,0,0,0
202604,17,023,2,3,Clark County                                                ,4,4,956925,0,0,0,0,0,0,0,0,0,0,0,0,0,0,0,0,0,0,0,0,0
202604,17,025,2,3,Clay County                                                 ,0,0,0,0,0,0,0,0,0,0,0,0,0,0,0,0,0,0,0,0,0,0,0,0
202604,17,027,2,3,Clinton County                                              ,12,12,3119515,0,0,0,0,0,0,0,0,0,10,10,2766050,0,0,0,0,0,0,0,0,0
202604,17,029,2,3,Coles County                                                ,3,3,658067,0,0,0,0,0,0,1,5,367672,0,0,0,0,0,0,0,0,0,0,0,0
202604,17,031,2,3,Cook County                                                 ,353,353,169108202,22,44,12118645,58,187,34085205,50,1237,264236241,255,255,126209230,20,40,11763645,55,178,31922703,32,1048,208333683
202604,17,033,2,3,Crawford County                                             ,2,2,662353,0,0,0,0,0,0,0,0,0,0,0,0,0,0,0,0,0,0,0,0,0
202604,17,035,2,3,Cumberland County                                           ,0,0,0,0,0,0,0,0,0,0,0,0,0,0,0,0,0,0,0,0,0,0,0,0
202604,17,037,2,3,DeKalb County                                               ,92,92,24004734,0,0,0,0,0,0,0,0,0,69,69,16368464,0,0,0,0,0,0,0,0,0
202604,17,039,2,3,De Witt County                                              ,6,6,1633917,0,0,0,0,0,0,0,0,0,6,6,1633917,0,0,0,0,0,0,0,0,0
202604,17,041,2,3,Douglas County                                              ,7,7,2422694,0,0,0,0,0,0,0,0,0,4,4,1575000,0,0,0,0,0,0,0,0,0
202604,17,043,2,3,DuPage County                                               ,301,301,160322066,6,12,2229291,0,0,0,8,88,26065926,282,282,152117038,6,12,2229291,0,0,0,3,53,17873608
202604,17,045,2,3,Edgar County                                                ,1,1,289257,0,0,0,0,0,0,0,0,0,0,0,0,0,0,0,0,0,0,0,0,0
202604,17,049,2,3,Effingham County                                            ,12,12,5369657,0,0,0,0,0,0,0,0,0,7,7,3791000,0,0,0,0,0,0,0,0,0
202604,17,051,2,3,Fayette County                                              ,0,0,0,0,0,0,0,0,0,0,0,0,0,0,0,0,0,0,0,0,0,0,0,0
202604,17,053,2,3,Ford County                                                 ,4,4,967139,0,0,0,0,0,0,0,0,0,0,0,0,0,0,0,0,0,0,0,0,0
202604,17,055,2,3,Franklin County                                             ,5,5,1083985,0,0,0,0,0,0,0,0,0,0,0,0,0,0,0,0,0,0,0,0,0
202604,17,057,2,3,Fulton County                                               ,6,6,1674233,0,0,0,0,0,0,0,0,0,4,4,942000,0,0,0,0,0,0,0,0,0
202604,17,061,2,3,Greene County                                               ,0,0,0,0,0,0,0,0,0,0,0,0,0,0,0,0,0,0,0,0,0,0,0,0
202604,17,063,2,3,Grundy County                                               ,26,26,9894154,0,0,0,1,4,1200000,0,0,0,25,25,9544154,0,0,0,1,4,1200000,0,0,0
202604,17,067,2,3,Hancock County                                              ,0,0,0,0,0,0,0,0,0,0,0,0,0,0,0,0,0,0,0,0,0,0,0,0
202604,17,069,2,3,Hardin County                                               ,0,0,0,0,0,0,0,0,0,0,0,0,0,0,0,0,0,0,0,0,0,0,0,0
202604,17,071,2,3,Henderson County                                            ,1,1,228250,0,0,0,0,0,0,0,0,0,0,0,0,0,0,0,0,0,0,0,0,0
202604,17,073,2,3,Henry County                                                ,7,7,2780381,0,0,0,0,0,0,0,0,0,5,5,1807000,0,0,0,0,0,0,0,0,0
202604,17,075,2,3,Iroquois County                                             ,2,2,576010,0,0,0,0,0,0,0,0,0,0,0,0,0,0,0,0,0,0,0,0,0
202604,17,077,2,3,Jackson County                                              ,0,0,0,0,0,0,0,0,0,0,0,0,0,0,0,0,0,0,0,0,0,0,0,0
202604,17,079,2,3,Jasper County                                               ,0,0,0,0,0,0,0,0,0,0,0,0,0,0,0,0,0,0,0,0,0,0,0,0
202604,17,081,2,3,Jefferson County                                            ,0,0,0,0,0,0,0,0,0,0,0,0,0,0,0,0,0,0,0,0,0,0,0,0
202604,17,083,2,3,Jersey County                                               ,10,10,2271400,0,0,0,0,0,0,0,0,0,9,9,1971900,0,0,0,0,0,0,0,0,0
202604,17,085,2,3,Jo Daviess County                                           ,8,8,2729500,0,0,0,0,0,0,0,0,0,6,6,2270000,0,0,0,0,0,0,0,0,0
202604,17,087,2,3,Johnson County                                              ,0,0,0,0,0,0,0,0,0,0,0,0,0,0,0,0,0,0,0,0,0,0,0,0
202604,17,089,2,3,Kane County                                                 ,482,482,160396957,4,8,1143888,3,11,1704803,9,229,42253193,428,428,145618053,4,8,1143888,2,8,1266869,7,219,40678031
202604,17,091,2,3,Kankakee County                                             ,22,22,5996864,0,0,0,0,0,0,2,10,1000000,10,10,3097452,0,0,0,0,0,0,0,0,0
202604,17,093,2,3,Kendall County                                              ,204,204,54231905,1,2,750000,2,8,1175600,10,51,6916400,204,204,54231905,1,2,750000,2,8,1175600,10,51,6916400
202604,17,095,2,3,Knox County                                                 ,0,0,0,0,0,0,0,0,0,0,0,0,0,0,0,0,0,0,0,0,0,0,0,0
202604,17,097,2,3,Lake County                                                 ,165,165,80876043,0,0,0,0,0,0,11,92,19688518,112,112,49900774,0,0,0,0,0,0,0,0,0
202604,17,099,2,3,La Salle County                                             ,25,25,11168453,2,4,1600000,2,8,380000,0,0,0,17,17,8042000,2,4,1600000,2,8,380000,0,0,0
202604,17,101,2,3,Lawrence County                                             ,15,15,2587500,0,0,0,0,0,0,0,0,0,0,0,0,0,0,0,0,0,0,0,0,0
202604,17,103,2,3,Lee County                                                  ,7,7,1628552,0,0,0,0,0,0,0,0,0,7,7,1628552,0,0,0,0,0,0,0,0,0
202604,17,105,2,3,Livingston County                                           ,14,14,4988250,2,4,698584,0,0,0,0,0,0,3,3,614786,0,0,0,0,0,0,0,0,0
202604,17,107,2,3,Logan County                                                ,1,1,275000,0,0,0,0,0,0,1,7,1215789,0,0,0,0,0,0,0,0,0,0,0,0
202604,17,109,2,3,McDonough County                                            ,0,0,0,0,0,0,0,0,0,0,0,0,0,0,0,0,0,0,0,0,0,0,0,0
202604,17,111,2,3,McHenry County                                              ,175,175,46494665,4,8,1200000,1,4,639143,13,217,25822460,162,162,43721379,0,0,0,1,4,639143,10,200,24585812
202604,17,113,2,3,McLean County                                               ,53,53,15970143,0,0,0,0,0,0,0,0,0,35,35,10702902,0,0,0,0,0,0,0,0,0
202604,17,115,2,3,Macon County                                                ,14,14,7183465,0,0,0,0,0,0,0,0,0,12,12,6438388,0,0,0,0,0,0,0,0,0
202604,17,117,2,3,Macoupin County                                             ,17,17,3715028,0,0,0,0,0,0,0,0,0,1,1,340000,0,0,0,0,0,0,0,0,0
202604,17,119,2,3,Madison County                                              ,106,106,39408151,5,10,938744,3,9,3388122,4,56,8953144,89,89,34632266,5,10,938744,0,0,0,4,56,8953144
202604,17,121,2,3,Marion County                                               ,1,1,45000,0,0,0,0,0,0,0,0,0,0,0,0,0,0,0,0,0,0,0,0,0
202604,17,123,2,3,Marshall County                                             ,2,2,706928,0,0,0,0,0,0,0,0,0,0,0,0,0,0,0,0,0,0,0,0,0
202604,17,125,2,3,Mason County                                                ,1,1,346214,0,0,0,0,0,0,0,0,0,1,1,346214,0,0,0,0,0,0,0,0,0
202604,17,127,2,3,Massac County                                               ,4,4,393096,0,0,0,0,0,0,0,0,0,0,0,0,0,0,0,0,0,0,0,0,0
202604,17,129,2,3,Menard County                                               ,0,0,0,0,0,0,0,0,0,0,0,0,0,0,0,0,0,0,0,0,0,0,0,0
202604,17,131,2,3,Mercer County                                               ,7,7,1604978,0,0,0,0,0,0,0,0,0,0,0,0,0,0,0,0,0,0,0,0,0
202604,17,133,2,3,Monroe County                                               ,25,25,18892888,0,0,0,0,0,0,0,0,0,24,24,18567888,0,0,0,0,0,0,0,0,0
202604,17,135,2,3,Montgomery County                                           ,8,8,1847000,0,0,0,0,0,0,0,0,0,8,8,1847000,0,0,0,0,0,0,0,0,0
202604,17,137,2,3,Morgan County                                               ,1,1,69000,2,4,720000,0,0,0,0,0,0,0,0,0,0,0,0,0,0,0,0,0,0
202604,17,139,2,3,Moultrie County                                             ,4,4,1000000,0,0,0,0,0,0,1,10,1000000,4,4,1000000,0,0,0,0,0,0,1,10,1000000
202604,17,141,2,3,Ogle County                                                 ,21,21,6388295,0,0,0,0,0,0,0,0,0,12,12,4259277,0,0,0,0,0,0,0,0,0
202604,17,143,2,3,Peoria County                                               ,25,25,9529834,0,0,0,0,0,0,0,0,0,9,9,3753000,0,0,0,0,0,0,0,0,0
202604,17,145,2,3,Perry County                                                ,17,17,3540570,0,0,0,0,0,0,1,36,9000000,17,17,3540570,0,0,0,0,0,0,1,36,9000000
202604,17,147,2,3,Piatt County                                                ,12,12,5574534,0,0,0,0,0,0,0,0,0,12,12,5574534,0,0,0,0,0,0,0,0,0
202604,17,149,2,3,Pike County                                                 ,2,2,280000,0,0,0,0,0,0,0,0,0,2,2,280000,0,0,0,0,0,0,0,0,0
202604,17,151,2,3,Pope County                                                 ,0,0,0,0,0,0,0,0,0,0,0,0,0,0,0,0,0,0,0,0,0,0,0,0
202604,17,153,2,3,Pulaski County                                              ,0,0,0,0,0,0,0,0,0,0,0,0,0,0,0,0,0,0,0,0,0,0,0,0
202604,17,155,2,3,Putnam County                                               ,3,3,1101416,0,0,0,0,0,0,0,0,0,2,2,734277,0,0,0,0,0,0,0,0,0
202604,17,157,2,3,Randolph County                                             ,3,3,1192465,0,0,0,0,0,0,0,0,0,0,0,0,0,0,0,0,0,0,0,0,0
202604,17,159,2,3,Richland County                                             ,1,1,368167,0,0,0,0,0,0,0,0,0,0,0,0,0,0,0,0,0,0,0,0,0
202604,17,161,2,3,Rock Island County                                          ,16,16,5880478,5,10,1729000,1,3,249545,5,26,2726334,3,3,2137867,0,0,0,0,0,0,0,0,0
202604,17,163,2,3,St. Clair County                                            ,109,109,34479874,5,10,1562580,0,0,0,4,39,6013582,75,75,24547120,0,0,0,0,0,0,1,6,1000000
202604,17,165,2,3,Saline County                                               ,0,0,0,0,0,0,0,0,0,0,0,0,0,0,0,0,0,0,0,0,0,0,0,0
202604,17,167,2,3,Sangamon County                                             ,96,96,35527562,0,0,0,0,0,0,0,0,0,87,87,32030649,0,0,0,0,0,0,0,0,0
202604,17,169,2,3,Schuyler County                                             ,0,0,0,0,0,0,0,0,0,0,0,0,0,0,0,0,0,0,0,0,0,0,0,0
202604,17,173,2,3,Shelby County                                               ,8,8,2524877,0,0,0,1,4,500000,0,0,0,2,2,1005000,0,0,0,1,4,500000,0,0,0
202604,17,175,2,3,Stark County                                                ,1,1,590662,0,0,0,0,0,0,0,0,0,0,0,0,0,0,0,0,0,0,0,0,0
202604,17,177,2,3,Stephenson County                                           ,6,6,1705000,0,0,0,0,0,0,0,0,0,4,4,995000,0,0,0,0,0,0,0,0,0
202604,17,179,2,3,Tazewell County                                             ,12,12,3953728,3,6,1140000,1,3,540000,4,32,5222272,9,9,3000401,3,6,1140000,1,3,540000,4,32,5222272
202604,17,181,2,3,Union County                                                ,5,5,221666,0,0,0,0,0,0,0,0,0,3,3,65000,0,0,0,0,0,0,0,0,0
202604,17,183,2,3,Vermilion County                                            ,3,3,655131,0,0,0,0,0,0,0,0,0,0,0,0,0,0,0,0,0,0,0,0,0
202604,17,185,2,3,Wabash County                                               ,1,1,204226,0,0,0,0,0,0,0,0,0,0,0,0,0,0,0,0,0,0,0,0,0
202604,17,187,2,3,Warren County                                               ,3,3,647756,0,0,0,0,0,0,0,0,0,0,0,0,0,0,0,0,0,0,0,0,0
202604,17,189,2,3,Washington County                                           ,3,3,1004056,0,0,0,0,0,0,0,0,0,0,0,0,0,0,0,0,0,0,0,0,0
202604,17,191,2,3,Wayne County                                                ,0,0,0,0,0,0,0,0,0,0,0,0,0,0,0,0,0,0,0,0,0,0,0,0
202604,17,193,2,3,White County                                                ,0,0,0,0,0,0,0,0,0,0,0,0,0,0,0,0,0,0,0,0,0,0,0,0
202604,17,195,2,3,Whiteside County                                            ,6,6,1874074,0,0,0,0,0,0,0,0,0,3,3,777000,0,0,0,0,0,0,0,0,0
202604,17,197,2,3,Will County                                                 ,592,592,192223609,0,0,0,0,0,0,0,0,0,577,577,187542685,0,0,0,0,0,0,0,0,0
202604,17,199,2,3,Williamson County                                           ,22,22,4791264,2,4,285000,5,16,1197939,0,0,0,9,9,2264811,0,0,0,0,0,0,0,0,0
202604,17,201,2,3,Winnebago County                                            ,57,57,15450452,4,8,2150000,0,0,0,0,0,0,56,56,15180452,4,8,2150000,0,0,0,0,0,0
202604,17,203,2,3,Woodford County                                             ,6,6,1631067,0,0,0,0,0,0,0,0,0,0,0,0,0,0,0,0,0,0,0,0,0
202604,18,001,2,3,Adams County                                                ,26,26,6437274,0,0,0,0,0,0,0,0,0,12,12,2645506,0,0,0,0,0,0,0,0,0
202604,18,003,2,3,Allen County                                                ,408,408,151032551,0,0,0,0,0,0,4,64,6000000,408,408,151032551,0,0,0,0,0,0,4,64,6000000
202604,18,005,2,3,Bartholomew County                                          ,35,35,16328604,0,0,0,0,0,0,0,0,0,34,34,16278604,0,0,0,0,0,0,0,0,0
202604,18,007,2,3,Benton County                                               ,2,2,596500,0,0,0,0,0,0,0,0,0,0,0,0,0,0,0,0,0,0,0,0,0
202604,18,009,2,3,Blackford County                                            ,1,1,261527,0,0,0,0,0,0,0,0,0,0,0,0,0,0,0,0,0,0,0,0,0
202604,18,011,2,3,Boone County                                                ,302,302,130863608,0,0,0,0,0,0,0,0,0,302,302,130863608,0,0,0,0,0,0,0,0,0
202604,18,013,2,3,Brown County                                                ,18,18,6681436,0,0,0,0,0,0,0,0,0,18,18,6681436,0,0,0,0,0,0,0,0,0
202604,18,015,2,3,Carroll County                                              ,11,11,3581882,0,0,0,0,0,0,0,0,0,11,11,3581882,0,0,0,0,0,0,0,0,0
202604,18,017,2,3,Cass County                                                 ,10,10,3159598,0,0,0,0,0,0,0,0,0,3,3,780000,0,0,0,0,0,0,0,0,0
202604,18,019,2,3,Clark County                                                ,284,284,97214158,0,0,0,0,0,0,9,120,13932744,264,264,92104654,0,0,0,0,0,0,9,120,13932744
202604,18,021,2,3,Clay County                                                 ,5,5,850000,0,0,0,0,0,0,0,0,0,5,5,850000,0,0,0,0,0,0,0,0,0
202604,18,023,2,3,Clinton County                                              ,22,22,4579427,0,0,0,0,0,0,0,0,0,15,15,2735666,0,0,0,0,0,0,0,0,0
202604,18,025,2,3,Crawford County                                             ,1,1,320650,0,0,0,0,0,0,0,0,0,0,0,0,0,0,0,0,0,0,0,0,0
202604,18,027,2,3,Daviess County                                              ,8,8,3002759,0,0,0,0,0,0,1,5,1052630,6,6,2517940,0,0,0,0,0,0,0,0,0
202604,18,029,2,3,Dearborn County                                             ,37,37,14363872,0,0,0,0,0,0,9,176,25174303,37,37,14363872,0,0,0,0,0,0,9,176,25174303
202604,18,031,2,3,Decatur County                                              ,18,18,4493125,0,0,0,0,0,0,0,0,0,2,2,500000,0,0,0,0,0,0,0,0,0
202604,18,033,2,3,DeKalb County                                               ,30,30,11258964,0,0,0,0,0,0,0,0,0,25,25,9167584,0,0,0,0,0,0,0,0,0
202604,18,035,2,3,Delaware County                                             ,34,34,10911030,0,0,0,0,0,0,1,14,1964912,22,22,5182225,0,0,0,0,0,0,0,0,0
202604,18,037,2,3,Dubois County                                               ,25,25,7327857,6,12,1440000,0,0,0,0,0,0,20,20,6408000,6,12,1440000,0,0,0,0,0,0
202604,18,039,2,3,Elkhart County                                              ,110,110,38073905,1,2,300000,0,0,0,1,8,2000000,110,110,38073905,1,2,300000,0,0,0,1,8,2000000
202604,18,041,2,3,Fayette County                                              ,6,6,1612938,0,0,0,0,0,0,0,0,0,5,5,1362000,0,0,0,0,0,0,0,0,0
202604,18,043,2,3,Floyd County                                                ,72,72,25879093,1,2,351462,0,0,0,0,0,0,55,55,22286357,0,0,0,0,0,0,0,0,0
202604,18,045,2,3,Fountain County                                             ,4,4,581800,0,0,0,0,0,0,0,0,0,2,2,403000,0,0,0,0,0,0,0,0,0
202604,18,047,2,3,Franklin County                                             ,19,19,5471799,0,0,0,0,0,0,0,0,0,0,0,0,0,0,0,0,0,0,0,0,0
202604,18,049,2,3,Fulton County                                               ,23,23,5256705,0,0,0,0,0,0,8,71,6454686,21,21,4680150,0,0,0,0,0,0,7,66,5800000
202604,18,051,2,3,Gibson County                                               ,15,15,2708210,0,0,0,0,0,0,5,28,3188887,1,1,427660,0,0,0,0,0,0,0,0,0
202604,18,053,2,3,Grant County                                                ,11,11,3493451,0,0,0,0,0,0,0,0,0,3,3,1187500,0,0,0,0,0,0,0,0,0
202604,18,057,2,3,Hamilton County                                             ,868,868,348007795,59,118,20859419,3,10,1556328,31,1430,233218021,822,822,331730968,59,118,20859419,2,7,1017576,31,1430,233218021
202604,18,059,2,3,Hancock County                                              ,236,236,83449756,0,0,0,0,0,0,2,150,52596690,236,236,83449756,0,0,0,0,0,0,2,150,52596690
202604,18,061,2,3,Harrison County                                             ,13,13,3085500,0,0,0,0,0,0,0,0,0,13,13,3085500,0,0,0,0,0,0,0,0,0
202604,18,063,2,3,Hendricks County                                            ,443,443,180720516,2,4,655278,0,0,0,4,50,7900000,443,443,180720516,2,4,655278,0,0,0,4,50,7900000
202604,18,065,2,3,Henry County                                                ,15,15,4835103,1,2,500000,0,0,0,0,0,0,5,5,1549661,0,0,0,0,0,0,0,0,0
202604,18,067,2,3,Howard County                                               ,27,27,9089569,0,0,0,0,0,0,1,96,18000000,27,27,9089569,0,0,0,0,0,0,1,96,18000000
202604,18,069,2,3,Huntington County                                           ,11,11,4011844,0,0,0,0,0,0,1,5,1065000,11,11,4011844,0,0,0,0,0,0,1,5,1065000
202604,18,071,2,3,Jackson County                                              ,45,45,15853688,1,2,325000,0,0,0,0,0,0,33,33,12333872,0,0,0,0,0,0,0,0,0
202604,18,073,2,3,Jasper County                                               ,36,36,12735761,3,6,1199292,0,0,0,0,0,0,33,33,11749108,3,6,1199292,0,0,0,0,0,0
202604,18,075,2,3,Jay County                                                  ,4,4,980953,0,0,0,0,0,0,0,0,0,0,0,0,0,0,0,0,0,0,0,0,0
202604,18,077,2,3,Jefferson County                                            ,17,17,3768419,0,0,0,0,0,0,0,0,0,11,11,2275000,0,0,0,0,0,0,0,0,0
202604,18,079,2,3,Jennings County                                             ,39,39,9387988,0,0,0,0,0,0,0,0,0,39,39,9387988,0,0,0,0,0,0,0,0,0
202604,18,081,2,3,Johnson County                                              ,332,332,126582614,0,0,0,0,0,0,1,12,1523106,318,318,122054120,0,0,0,0,0,0,0,0,0
202604,18,083,2,3,Knox County                                                 ,11,11,3557004,0,0,0,0,0,0,0,0,0,6,6,2054729,0,0,0,0,0,0,0,0,0
202604,18,085,2,3,Kosciusko County                                            ,98,98,36596121,1,2,150000,0,0,0,0,0,0,98,98,36596121,1,2,150000,0,0,0,0,0,0
202604,18,087,2,3,LaGrange County                                             ,35,35,8019118,0,0,0,0,0,0,0,0,0,7,7,1750000,0,0,0,0,0,0,0,0,0
202604,18,089,2,3,Lake County                                                 ,375,375,125983036,1,2,250000,0,0,0,1,8,1129360,346,346,115304459,1,2,250000,0,0,0,1,8,1129360
202604,18,091,2,3,LaPorte County                                              ,65,65,25389662,0,0,0,0,0,0,5,31,3926666,8,8,3711664,0,0,0,0,0,0,0,0,0
202604,18,093,2,3,Lawrence County                                             ,18,18,2820928,0,0,0,0,0,0,0,0,0,15,15,1964000,0,0,0,0,0,0,0,0,0
202604,18,095,2,3,Madison County                                              ,79,79,26505777,0,0,0,0,0,0,0,0,0,49,49,19703888,0,0,0,0,0,0,0,0,0
202604,18,097,2,3,Marion County                                               ,369,369,108421614,0,0,0,0,0,0,2,69,12183766,276,276,74277716,0,0,0,0,0,0,1,34,6700000
202604,18,099,2,3,Marshall County                                             ,38,38,10709468,0,0,0,0,0,0,0,0,0,27,27,6140457,0,0,0,0,0,0,0,0,0
202604,18,101,2,3,Martin County                                               ,1,1,206786,0,0,0,0,0,0,1,6,1680000,0,0,0,0,0,0,0,0,0,0,0,0
202604,18,103,2,3,Miami County                                                ,10,10,2190006,0,0,0,0,0,0,0,0,0,8,8,1523124,0,0,0,0,0,0,0,0,0
202604,18,105,2,3,Monroe County                                               ,65,65,17964726,0,0,0,2,7,1540000,1,14,14400000,65,65,17964726,0,0,0,2,7,1540000,1,14,14400000
202604,18,107,2,3,Montgomery County                                           ,34,34,9198662,0,0,0,0,0,0,0,0,0,21,21,6050000,0,0,0,0,0,0,0,0,0
202604,18,109,2,3,Morgan County                                               ,119,119,38643061,0,0,0,1,4,375000,0,0,0,119,119,38643061,0,0,0,1,4,375000,0,0,0
202604,18,111,2,3,Newton County                                               ,13,13,4186666,0,0,0,0,0,0,0,0,0,10,10,3470000,0,0,0,0,0,0,0,0,0
202604,18,113,2,3,Noble County                                                ,30,30,7997054,0,0,0,0,0,0,0,0,0,15,15,4040300,0,0,0,0,0,0,0,0,0
202604,18,115,2,3,Ohio County                                                 ,2,2,518000,0,0,0,0,0,0,0,0,0,2,2,518000,0,0,0,0,0,0,0,0,0
202604,18,117,2,3,Orange County                                               ,3,3,635037,0,0,0,0,0,0,2,10,1818182,0,0,0,0,0,0,0,0,0,0,0,0
202604,18,119,2,3,Owen County                                                 ,37,37,12799904,0,0,0,0,0,0,0,0,0,0,0,0,0,0,0,0,0,0,0,0,0
202604,18,121,2,3,Parke County                                                ,24,24,4550802,0,0,0,0,0,0,0,0,0,18,18,3575000,0,0,0,0,0,0,0,0,0
202604,18,123,2,3,Perry County                                                ,6,6,1584848,0,0,0,0,0,0,0,0,0,0,0,0,0,0,0,0,0,0,0,0,0
202604,18,125,2,3,Pike County                                                 ,3,3,600000,0,0,0,0,0,0,0,0,0,0,0,0,0,0,0,0,0,0,0,0,0
202604,18,127,2,3,Porter County                                               ,179,179,69048999,1,2,400000,0,0,0,0,0,0,170,170,67234987,1,2,400000,0,0,0,0,0,0
202604,18,129,2,3,Posey County                                                ,10,10,3689621,0,0,0,0,0,0,0,0,0,10,10,3689621,0,0,0,0,0,0,0,0,0
202604,18,131,2,3,Pulaski County                                              ,5,5,1040239,2,4,466666,0,0,0,0,0,0,1,1,200000,0,0,0,0,0,0,0,0,0
202604,18,133,2,3,Putnam County                                               ,31,31,10868036,0,0,0,0,0,0,0,0,0,31,31,10868036,0,0,0,0,0,0,0,0,0
202604,18,135,2,3,Randolph County                                             ,6,6,984762,0,0,0,0,0,0,0,0,0,0,0,0,0,0,0,0,0,0,0,0,0
202604,18,137,2,3,Ripley County                                               ,38,38,11485193,0,0,0,0,0,0,1,7,550000,38,38,11485193,0,0,0,0,0,0,1,7,550000
202604,18,139,2,3,Rush County                                                 ,9,9,3148703,0,0,0,0,0,0,0,0,0,8,8,2807000,0,0,0,0,0,0,0,0,0
202604,18,141,2,3,St. Joseph County                                           ,90,90,39265205,2,4,280000,0,0,0,4,83,29899999,90,90,39265205,2,4,280000,0,0,0,4,83,29899999
202604,18,143,2,3,Scott County                                                ,42,42,9917681,0,0,0,0,0,0,0,0,0,42,42,9917681,0,0,0,0,0,0,0,0,0
202604,18,145,2,3,Shelby County                                               ,47,47,14266072,0,0,0,0,0,0,0,0,0,41,41,12215836,0,0,0,0,0,0,0,0,0
202604,18,147,2,3,Spencer County                                              ,18,18,4984890,0,0,0,0,0,0,0,0,0,0,0,0,0,0,0,0,0,0,0,0,0
202604,18,149,2,3,Starke County                                               ,21,21,5545951,1,2,373355,0,0,0,0,0,0,7,7,2098505,0,0,0,0,0,0,0,0,0
202604,18,151,2,3,Steuben County                                              ,32,32,15350972,0,0,0,0,0,0,0,0,0,32,32,15350972,0,0,0,0,0,0,0,0,0
202604,18,153,2,3,Sullivan County                                             ,1,1,270000,0,0,0,0,0,0,0,0,0,1,1,270000,0,0,0,0,0,0,0,0,0
202604,18,155,2,3,Switzerland County                                          ,19,19,1107056,0,0,0,0,0,0,0,0,0,0,0,0,0,0,0,0,0,0,0,0,0
202604,18,157,2,3,Tippecanoe County                                           ,128,128,48773620,12,24,3963386,0,0,0,10,336,43236329,38,38,17187574,10,20,3492916,0,0,0,0,0,0
202604,18,159,2,3,Tipton County                                               ,8,8,1824857,0,0,0,0,0,0,0,0,0,0,0,0,0,0,0,0,0,0,0,0,0
202604,18,161,2,3,Union County                                                ,3,3,575000,0,0,0,0,0,0,0,0,0,3,3,575000,0,0,0,0,0,0,0,0,0
202604,18,163,2,3,Vanderburgh County                                          ,131,131,37681509,7,14,2086154,0,0,0,0,0,0,77,77,19956314,4,8,1240000,0,0,0,0,0,0
202604,18,165,2,3,Vermillion County                                           ,7,7,3050000,0,0,0,0,0,0,0,0,0,5,5,2710000,0,0,0,0,0,0,0,0,0
202604,18,167,2,3,Vigo County                                                 ,178,178,60701431,0,0,0,0,0,0,1,22,2861005,173,173,58992916,0,0,0,0,0,0,0,0,0
202604,18,169,2,3,Wabash County                                               ,28,28,9356250,0,0,0,0,0,0,0,0,0,26,26,8796000,0,0,0,0,0,0,0,0,0
202604,18,171,2,3,Warren County                                               ,5,5,1853928,0,0,0,0,0,0,1,44,7199773,5,5,1853928,0,0,0,0,0,0,1,44,7199773
202604,18,173,2,3,Warrick County                                              ,59,59,26665620,0,0,0,0,0,0,0,0,0,57,57,26227807,0,0,0,0,0,0,0,0,0
202604,18,175,2,3,Washington County                                           ,6,6,3092000,0,0,0,0,0,0,0,0,0,6,6,3092000,0,0,0,0,0,0,0,0,0
202604,18,177,2,3,Wayne County                                                ,17,17,6306017,0,0,0,0,0,0,1,27,1788295,5,5,2475000,0,0,0,0,0,0,0,0,0
202604,18,179,2,3,Wells County                                                ,20,20,7200308,3,6,1054804,1,3,547437,1,5,780780,4,4,1468555,0,0,0,0,0,0,0,0,0
202604,18,181,2,3,White County                                                ,18,18,6771400,0,0,0,0,0,0,0,0,0,18,18,6771400,0,0,0,0,0,0,0,0,0
202604,18,183,2,3,Whitley County                                              ,21,21,9367335,0,0,0,0,0,0,0,0,0,21,21,9367335,0,0,0,0,0,0,0,0,0
202604,19,001,2,4,Adair County                                                ,12,12,4071381,0,0,0,0,0,0,0,0,0,3,3,1006181,0,0,0,0,0,0,0,0,0
202604,19,003,2,4,Adams County                                                ,1,1,255417,0,0,0,0,0,0,0,0,0,0,0,0,0,0,0,0,0,0,0,0,0
202604,19,005,2,4,Allamakee County                                            ,13,13,3265067,0,0,0,0,0,0,4,20,2000000,8,8,1726000,0,0,0,0,0,0,0,0,0
202604,19,007,2,4,Appanoose County                                            ,1,1,341703,0,0,0,0,0,0,0,0,0,0,0,0,0,0,0,0,0,0,0,0,0
202604,19,009,2,4,Audubon County                                              ,1,1,460000,0,0,0,0,0,0,0,0,0,0,0,0,0,0,0,0,0,0,0,0,0
202604,19,011,2,4,Benton County                                               ,8,8,2984867,0,0,0,0,0,0,0,0,0,4,4,1619651,0,0,0,0,0,0,0,0,0
202604,19,013,2,4,Black Hawk County                                           ,47,47,14690338,5,10,1013891,0,0,0,2,32,5145933,27,27,8539597,0,0,0,0,0,0,0,0,0
202604,19,015,2,4,Boone County                                                ,16,16,3755879,0,0,0,1,3,440000,0,0,0,13,13,3055880,0,0,0,0,0,0,0,0,0
202604,19,017,2,4,Bremer County                                               ,16,16,5074621,0,0,0,0,0,0,0,0,0,15,15,4617954,0,0,0,0,0,0,0,0,0
202604,19,019,2,4,Buchanan County                                             ,8,8,2473582,0,0,0,0,0,0,0,0,0,0,0,0,0,0,0,0,0,0,0,0,0
202604,19,021,2,4,Buena Vista County                                          ,4,4,1521043,0,0,0,0,0,0,0,0,0,0,0,0,0,0,0,0,0,0,0,0,0
202604,19,023,2,4,Butler County                                               ,5,5,2174545,0,0,0,0,0,0,0,0,0,0,0,0,0,0,0,0,0,0,0,0,0
202604,19,025,2,4,Calhoun County                                              ,6,6,1695000,0,0,0,0,0,0,0,0,0,0,0,0,0,0,0,0,0,0,0,0,0
202604,19,027,2,4,Carroll County                                              ,5,5,2362093,0,0,0,0,0,0,0,0,0,3,3,1651000,0,0,0,0,0,0,0,0,0
202604,19,029,2,4,Cass County                                                 ,3,3,1251567,1,2,373355,0,0,0,0,0,0,0,0,0,0,0,0,0,0,0,0,0,0
202604,19,031,2,4,Cedar County                                                ,10,10,4064200,1,2,500000,5,20,3400000,1,5,823000,9,9,3835000,1,2,500000,4,16,2720000,1,5,823000
202604,19,033,2,4,Cerro Gordo County                                          ,3,3,1262000,0,0,0,0,0,0,0,0,0,2,2,800000,0,0,0,0,0,0,0,0,0
202604,19,035,2,4,Cherokee County                                             ,2,2,735453,0,0,0,0,0,0,4,21,2107440,0,0,0,0,0,0,0,0,0,0,0,0
202604,19,037,2,4,Chickasaw County                                            ,1,1,34345,0,0,0,0,0,0,0,0,0,0,0,0,0,0,0,0,0,0,0,0,0
202604,19,039,2,4,Clarke County                                               ,37,37,5311184,0,0,0,0,0,0,0,0,0,0,0,0,0,0,0,0,0,0,0,0,0
202604,19,041,2,4,Clay County                                                 ,2,2,810000,0,0,0,0,0,0,0,0,0,2,2,810000,0,0,0,0,0,0,0,0,0
202604,19,043,2,4,Clayton County                                              ,8,8,3958515,1,2,160000,0,0,0,0,0,0,1,1,600000,0,0,0,0,0,0,0,0,0
202604,19,045,2,4,Clinton County                                              ,8,8,3691795,2,4,892000,0,0,0,4,20,3333332,1,1,1112528,0,0,0,0,0,0,0,0,0
202604,19,047,2,4,Crawford County                                             ,1,1,600000,0,0,0,0,0,0,0,0,0,1,1,600000,0,0,0,0,0,0,0,0,0
202604,19,049,2,4,Dallas County                                               ,192,192,76109981,0,0,0,0,0,0,1,91,16687205,179,179,72094295,0,0,0,0,0,0,1,91,16687205
202604,19,051,2,4,Davis County                                                ,0,0,0,0,0,0,0,0,0,0,0,0,0,0,0,0,0,0,0,0,0,0,0,0
202604,19,053,2,4,Decatur County                                              ,1,1,320650,0,0,0,0,0,0,0,0,0,0,0,0,0,0,0,0,0,0,0,0,0
202604,19,055,2,4,Delaware County                                             ,6,6,2867703,0,0,0,0,0,0,0,0,0,4,4,2076000,0,0,0,0,0,0,0,0,0
202604,19,057,2,4,Des Moines County                                           ,4,4,1542750,0,0,0,0,0,0,4,20,2797192,1,1,315000,0,0,0,0,0,0,0,0,0
202604,19,059,2,4,Dickinson County                                            ,29,29,17528340,3,6,1660000,0,0,0,0,0,0,26,26,15329000,3,6,1660000,0,0,0,0,0,0
202604,19,061,2,4,Dubuque County                                              ,41,41,24041664,1,2,240000,2,8,2023416,7,162,17796874,34,34,21157084,1,2,240000,2,8,2023416,7,162,17796874
202604,19,063,2,4,Emmet County                                                ,1,1,429144,0,0,0,0,0,0,3,16,1337501,0,0,0,0,0,0,0,0,0,0,0,0
202604,19,065,2,4,Fayette County                                              ,5,5,1505474,0,0,0,0,0,0,0,0,0,0,0,0,0,0,0,0,0,0,0,0,0
202604,19,067,2,4,Floyd County                                                ,12,12,1434841,0,0,0,0,0,0,1,5,928370,7,7,450000,0,0,0,0,0,0,0,0,0
202604,19,069,2,4,Franklin County                                             ,2,2,684167,0,0,0,0,0,0,0,0,0,0,0,0,0,0,0,0,0,0,0,0,0
202604,19,071,2,4,Fremont County                                              ,1,1,135000,0,0,0,0,0,0,0,0,0,0,0,0,0,0,0,0,0,0,0,0,0
202604,19,073,2,4,Greene County                                               ,1,1,268900,0,0,0,0,0,0,0,0,0,0,0,0,0,0,0,0,0,0,0,0,0
202604,19,075,2,4,Grundy County                                               ,4,4,1686084,1,2,500000,0,0,0,0,0,0,0,0,0,0,0,0,0,0,0,0,0,0
202604,19,077,2,4,Guthrie County                                              ,12,12,3613063,1,2,351462,0,0,0,0,0,0,11,11,3259599,0,0,0,0,0,0,0,0,0
202604,19,079,2,4,Hamilton County                                             ,1,1,431917,0,0,0,0,0,0,0,0,0,0,0,0,0,0,0,0,0,0,0,0,0
202604,19,081,2,4,Hancock County                                              ,2,2,740354,0,0,0,0,0,0,0,0,0,0,0,0,0,0,0,0,0,0,0,0,0
202604,19,083,2,4,Hardin County                                               ,7,7,2321209,0,0,0,0,0,0,0,0,0,2,2,625000,0,0,0,0,0,0,0,0,0
202604,19,085,2,4,Harrison County                                             ,9,9,3088465,0,0,0,0,0,0,0,0,0,8,8,2735000,0,0,0,0,0,0,0,0,0
202604,19,087,2,4,Henry County                                                ,8,8,2378802,1,2,382898,0,0,0,0,0,0,0,0,0,1,2,382898,0,0,0,0,0,0
202604,19,089,2,4,Howard County                                               ,1,1,600000,0,0,0,0,0,0,0,0,0,1,1,600000,0,0,0,0,0,0,0,0,0
202604,19,091,2,4,Humboldt County                                             ,2,2,741703,0,0,0,0,0,0,0,0,0,1,1,400000,0,0,0,0,0,0,0,0,0
202604,19,093,2,4,Ida County                                                  ,1,1,320650,0,0,0,0,0,0,0,0,0,0,0,0,0,0,0,0,0,0,0,0,0
202604,19,095,2,4,Iowa County                                                 ,7,7,1767353,0,0,0,0,0,0,0,0,0,5,5,1105000,0,0,0,0,0,0,0,0,0
202604,19,097,2,4,Jackson County                                              ,5,5,1790173,0,0,0,0,0,0,0,0,0,0,0,0,0,0,0,0,0,0,0,0,0
202604,19,099,2,4,Jasper County                                               ,6,6,2065015,1,2,400000,0,0,0,0,0,0,5,5,1831682,1,2,400000,0,0,0,0,0,0
202604,19,101,2,4,Jefferson County                                            ,0,0,0,0,0,0,0,0,0,0,0,0,0,0,0,0,0,0,0,0,0,0,0,0
202604,19,103,2,4,Johnson County                                              ,147,147,53325523,5,10,2582574,6,22,5590000,4,403,76292225,133,133,48563828,4,8,1978166,6,22,5590000,3,395,75130000
202604,19,105,2,4,Jones County                                                ,7,7,2477760,1,2,668587,0,0,0,0,0,0,2,2,683091,1,2,668587,0,0,0,0,0,0
202604,19,107,2,4,Keokuk County                                               ,0,0,0,0,0,0,0,0,0,0,0,0,0,0,0,0,0,0,0,0,0,0,0,0
202604,19,109,2,4,Kossuth County                                              ,1,1,500000,0,0,0,0,0,0,0,0,0,1,1,500000,0,0,0,0,0,0,0,0,0
202604,19,111,2,4,Lee County                                                  ,4,4,979714,0,0,0,0,0,0,4,20,3307512,0,0,0,0,0,0,0,0,0,0,0,0
202604,19,113,2,4,Linn County                                                 ,134,134,47543517,6,12,2343828,6,23,3987850,8,142,18587513,131,131,46983653,6,12,2343828,6,23,3987850,8,142,18587513
202604,19,115,2,4,Louisa County                                               ,4,4,1183631,0,0,0,0,0,0,0,0,0,3,3,1034131,0,0,0,0,0,0,0,0,0
202604,19,117,2,4,Lucas County                                                ,4,4,1110000,0,0,0,0,0,0,1,5,653846,0,0,0,0,0,0,0,0,0,0,0,0
202604,19,119,2,4,Lyon County                                                 ,16,16,7009000,0,0,0,0,0,0,0,0,0,13,13,5984000,0,0,0,0,0,0,0,0,0
202604,19,121,2,4,Madison County                                              ,18,18,9102651,0,0,0,0,0,0,0,0,0,17,17,9027651,0,0,0,0,0,0,0,0,0
202604,19,123,2,4,Mahaska County                                              ,2,2,752500,0,0,0,0,0,0,0,0,0,1,1,240000,0,0,0,0,0,0,0,0,0
202604,19,125,2,4,Marion County                                               ,63,63,20691420,0,0,0,0,0,0,1,9,1393987,43,43,16601978,0,0,0,0,0,0,0,0,0
202604,19,127,2,4,Marshall County                                             ,10,10,3401965,0,0,0,0,0,0,0,0,0,9,9,3080298,0,0,0,0,0,0,0,0,0
202604,19,129,2,4,Mills County                                                ,6,6,1920537,0,0,0,0,0,0,0,0,0,3,3,1200000,0,0,0,0,0,0,0,0,0
202604,19,131,2,4,Mitchell County                                             ,12,12,3195840,1,2,300000,0,0,0,0,0,0,0,0,0,0,0,0,0,0,0,0,0,0
202604,19,133,2,4,Monona County                                               ,2,2,40000,0,0,0,0,0,0,0,0,0,2,2,40000,0,0,0,0,0,0,0,0,0
202604,19,135,2,4,Monroe County                                               ,3,3,808967,0,0,0,0,0,0,0,0,0,0,0,0,0,0,0,0,0,0,0,0,0
202604,19,137,2,4,Montgomery County                                           ,3,3,1068983,0,0,0,0,0,0,0,0,0,0,0,0,0,0,0,0,0,0,0,0,0
202604,19,139,2,4,Muscatine County                                            ,17,17,4055694,0,0,0,0,0,0,0,0,0,13,13,2695302,0,0,0,0,0,0,0,0,0
202604,19,141,2,4,O'Brien County                                              ,4,4,1741459,0,0,0,0,0,0,0,0,0,0,0,0,0,0,0,0,0,0,0,0,0
202604,19,143,2,4,Osceola County                                              ,1,1,235000,0,0,0,0,0,0,0,0,0,0,0,0,0,0,0,0,0,0,0,0,0
202604,19,145,2,4,Page County                                                 ,5,5,1888280,0,0,0,0,0,0,0,0,0,0,0,0,0,0,0,0,0,0,0,0,0
202604,19,147,2,4,Palo Alto County                                            ,2,2,714167,0,0,0,0,0,0,0,0,0,0,0,0,0,0,0,0,0,0,0,0,0
202604,19,149,2,4,Plymouth County                                             ,16,16,7095939,0,0,0,0,0,0,0,0,0,14,14,6339000,0,0,0,0,0,0,0,0,0
202604,19,151,2,4,Pocahontas County                                           ,0,0,0,0,0,0,0,0,0,0,0,0,0,0,0,0,0,0,0,0,0,0,0,0
202604,19,153,2,4,Polk County                                                 ,743,743,251392870,13,26,3469316,2,6,1289910,3,70,10760190,722,722,245275387,11,22,3162920,0,0,0,3,70,10760190
202604,19,155,2,4,Pottawattamie County                                        ,59,59,14246665,6,12,2180566,1,3,727817,14,237,51232430,49,49,11471909,6,12,2180566,1,3,727817,13,231,50639454
202604,19,157,2,4,Poweshiek County                                            ,9,9,3195451,0,0,0,0,0,0,0,0,0,3,3,1440000,0,0,0,0,0,0,0,0,0
202604,19,159,2,4,Ringgold County                                             ,0,0,0,0,0,0,0,0,0,0,0,0,0,0,0,0,0,0,0,0,0,0,0,0
202604,19,161,2,4,Sac County                                                  ,4,4,1668369,0,0,0,0,0,0,0,0,0,0,0,0,0,0,0,0,0,0,0,0,0
202604,19,163,2,4,Scott County                                                ,111,111,36683247,0,0,0,0,0,0,0,0,0,109,109,35890390,0,0,0,0,0,0,0,0,0
202604,19,165,2,4,Shelby County                                               ,1,1,430001,0,0,0,0,0,0,0,0,0,0,0,0,0,0,0,0,0,0,0,0,0
202604,19,167,2,4,Sioux County                                                ,51,51,19087813,1,2,500000,3,11,1912500,4,22,2530081,31,31,12372000,0,0,0,2,8,1200000,0,0,0
202604,19,169,2,4,Story County                                                ,67,67,26198690,0,0,0,0,0,0,1,25,4298586,59,59,23601873,0,0,0,0,0,0,1,25,4298586
202604,19,171,2,4,Tama County                                                 ,2,2,661667,0,0,0,0,0,0,0,0,0,0,0,0,0,0,0,0,0,0,0,0,0
202604,19,173,2,4,Taylor County                                               ,3,3,703500,0,0,0,0,0,0,0,0,0,0,0,0,0,0,0,0,0,0,0,0,0
202604,19,175,2,4,Union County                                                ,1,1,179400,0,0,0,0,0,0,1,5,727083,0,0,0,0,0,0,0,0,0,0,0,0
202604,19,177,2,4,Van Buren County                                            ,0,0,0,0,0,0,0,0,0,0,0,0,0,0,0,0,0,0,0,0,0,0,0,0
202604,19,179,2,4,Wapello County                                              ,9,9,2371009,0,0,0,0,0,0,1,5,125000,0,0,0,0,0,0,0,0,0,0,0,0
202604,19,181,2,4,Warren County                                               ,95,95,35050559,2,4,306732,0,0,0,0,0,0,91,91,33569627,2,4,306732,0,0,0,0,0,0
202604,19,183,2,4,Washington County                                           ,5,5,1688165,0,0,0,0,0,0,0,0,0,2,2,530000,0,0,0,0,0,0,0,0,0
202604,19,185,2,4,Wayne County                                                ,16,16,1761152,0,0,0,0,0,0,0,0,0,0,0,0,0,0,0,0,0,0,0,0,0
202604,19,187,2,4,Webster County                                              ,11,11,2303133,0,0,0,1,4,1584000,4,37,3696000,2,2,365000,0,0,0,1,4,1584000,4,37,3696000
202604,19,189,2,4,Winnebago County                                            ,0,0,0,0,0,0,0,0,0,0,0,0,0,0,0,0,0,0,0,0,0,0,0,0
202604,19,191,2,4,Winneshiek County                                           ,12,12,6693338,1,2,770000,0,0,0,0,0,0,9,9,5595000,0,0,0,0,0,0,0,0,0
202604,19,193,2,4,Woodbury County                                             ,48,48,15880465,2,4,474000,0,0,0,0,0,0,43,43,14420001,1,2,294000,0,0,0,0,0,0
202604,19,195,2,4,Worth County                                                ,1,1,320650,0,0,0,0,0,0,0,0,0,0,0,0,0,0,0,0,0,0,0,0,0
202604,19,197,2,4,Wright County                                               ,3,3,888500,2,4,800000,0,0,0,3,15,1875000,0,0,0,0,0,0,0,0,0,0,0,0
202604,20,001,2,4,Allen County                                                ,10,10,2526875,0,0,0,0,0,0,0,0,0,7,7,1970000,0,0,0,0,0,0,0,0,0
202604,20,003,2,4,Anderson County                                             ,3,3,692224,0,0,0,0,0,0,0,0,0,0,0,0,0,0,0,0,0,0,0,0,0
202604,20,005,2,4,Atchison County                                             ,6,6,1714875,0,0,0,0,0,0,0,0,0,0,0,0,0,0,0,0,0,0,0,0,0
202604,20,007,2,4,Barber County                                               ,0,0,0,0,0,0,0,0,0,0,0,0,0,0,0,0,0,0,0,0,0,0,0,0
202604,20,009,2,4,Barton County                                               ,3,3,1080000,0,0,0,0,0,0,0,0,0,1,1,600000,0,0,0,0,0,0,0,0,0
202604,20,011,2,4,Bourbon County                                              ,2,2,200000,3,6,900000,0,0,0,0,0,0,0,0,0,0,0,0,0,0,0,0,0,0
202604,20,013,2,4,Brown County                                                ,0,0,0,0,0,0,0,0,0,0,0,0,0,0,0,0,0,0,0,0,0,0,0,0
202604,20,015,2,4,Butler County                                               ,50,50,18479197,6,12,1593046,2,6,3750000,0,0,0,17,17,6741784,0,0,0,0,0,0,0,0,0
202604,20,017,2,4,Chase County                                                ,0,0,0,0,0,0,0,0,0,0,0,0,0,0,0,0,0,0,0,0,0,0,0,0
202604,20,019,2,4,Chautauqua County                                           ,0,0,0,0,0,0,0,0,0,0,0,0,0,0,0,0,0,0,0,0,0,0,0,0
202604,20,021,2,4,Cherokee County                                             ,4,4,526619,0,0,0,0,0,0,0,0,0,2,2,195000,0,0,0,0,0,0,0,0,0
202604,20,023,2,4,Cheyenne County                                             ,1,1,75050,0,0,0,0,0,0,0,0,0,0,0,0,0,0,0,0,0,0,0,0,0
202604,20,025,2,4,Clark County                                                ,0,0,0,0,0,0,0,0,0,0,0,0,0,0,0,0,0,0,0,0,0,0,0,0
202604,20,027,2,4,Clay County                                                 ,8,8,1862719,0,0,0,0,0,0,0,0,0,0,0,0,0,0,0,0,0,0,0,0,0
202604,20,029,2,4,Cloud County                                                ,0,0,0,0,0,0,0,0,0,0,0,0,0,0,0,0,0,0,0,0,0,0,0,0
202604,20,031,2,4,Coffey County                                               ,1,1,320650,0,0,0,0,0,0,0,0,0,0,0,0,0,0,0,0,0,0,0,0,0
202604,20,033,2,4,Comanche County                                             ,0,0,0,0,0,0,0,0,0,0,0,0,0,0,0,0,0,0,0,0,0,0,0,0
202604,20,035,2,4,Cowley County                                               ,13,13,2421720,0,0,0,0,0,0,0,0,0,3,3,666000,0,0,0,0,0,0,0,0,0
202604,20,037,2,4,Crawford County                                             ,17,17,4885705,3,6,715000,0,0,0,0,0,0,11,11,3218000,3,6,715000,0,0,0,0,0,0
202604,20,039,2,4,Decatur County                                              ,1,1,52500,0,0,0,0,0,0,0,0,0,0,0,0,0,0,0,0,0,0,0,0,0
202604,20,041,2,4,Dickinson County                                            ,5,5,928754,2,4,966000,0,0,0,0,0,0,3,3,400000,0,0,0,0,0,0,0,0,0
202604,20,043,2,4,Doniphan County                                             ,3,3,1406928,0,0,0,0,0,0,0,0,0,0,0,0,0,0,0,0,0,0,0,0,0
202604,20,045,2,4,Douglas County                                              ,59,59,22089594,3,6,1000557,0,0,0,4,20,2625396,18,18,9014405,0,0,0,0,0,0,0,0,0
202604,20,047,2,4,Edwards County                                              ,0,0,0,0,0,0,0,0,0,0,0,0,0,0,0,0,0,0,0,0,0,0,0,0
202604,20,051,2,4,Ellis County                                                ,9,9,2775145,3,6,798355,0,0,0,0,0,0,8,8,2516812,2,4,425000,0,0,0,0,0,0
202604,20,053,2,4,Ellsworth County                                            ,0,0,0,0,0,0,0,0,0,0,0,0,0,0,0,0,0,0,0,0,0,0,0,0
202604,20,055,2,4,Finney County                                               ,18,18,4027000,1,2,200000,2,8,675000,0,0,0,18,18,4027000,1,2,200000,2,8,675000,0,0,0
202604,20,057,2,4,Ford County                                                 ,35,35,5662015,1,2,200000,0,0,0,0,0,0,34,34,5273349,1,2,200000,0,0,0,0,0,0
202604,20,059,2,4,Franklin County                                             ,35,35,10118603,0,0,0,2,6,1179000,0,0,0,32,32,9313754,0,0,0,0,0,0,0,0,0
202604,20,061,2,4,Geary County                                                ,27,27,7508383,4,8,1300000,0,0,0,0,0,0,16,16,4520369,4,8,1300000,0,0,0,0,0,0
202604,20,063,2,4,Gove County                                                 ,0,0,0,0,0,0,0,0,0,0,0,0,0,0,0,0,0,0,0,0,0,0,0,0
202604,20,065,2,4,Graham County                                               ,0,0,0,0,0,0,0,0,0,0,0,0,0,0,0,0,0,0,0,0,0,0,0,0
202604,20,067,2,4,Grant County                                                ,0,0,0,0,0,0,0,0,0,0,0,0,0,0,0,0,0,0,0,0,0,0,0,0
202604,20,069,2,4,Gray County                                                 ,0,0,0,0,0,0,0,0,0,0,0,0,0,0,0,0,0,0,0,0,0,0,0,0
202604,20,071,2,4,Greeley County                                              ,0,0,0,0,0,0,0,0,0,0,0,0,0,0,0,0,0,0,0,0,0,0,0,0
202604,20,073,2,4,Greenwood County                                            ,0,0,0,0,0,0,0,0,0,0,0,0,0,0,0,0,0,0,0,0,0,0,0,0
202604,20,075,2,4,Hamilton County                                             ,0,0,0,0,0,0,0,0,0,0,0,0,0,0,0,0,0,0,0,0,0,0,0,0
202604,20,077,2,4,Harper County                                               ,3,3,927126,0,0,0,0,0,0,0,0,0,0,0,0,0,0,0,0,0,0,0,0,0
202604,20,079,2,4,Harvey County                                               ,22,22,6525706,7,14,2002190,1,3,250909,0,0,0,15,15,4452052,1,2,300000,0,0,0,0,0,0
202604,20,081,2,4,Haskell County                                              ,0,0,0,0,0,0,0,0,0,0,0,0,0,0,0,0,0,0,0,0,0,0,0,0
202604,20,083,2,4,Hodgeman County                                             ,0,0,0,0,0,0,0,0,0,0,0,0,0,0,0,0,0,0,0,0,0,0,0,0
202604,20,085,2,4,Jackson County                                              ,9,9,2741000,0,0,0,0,0,0,0,0,0,8,8,2261000,0,0,0,0,0,0,0,0,0
202604,20,087,2,4,Jefferson County                                            ,23,23,6416100,0,0,0,0,0,0,0,0,0,19,19,5852100,0,0,0,0,0,0,0,0,0
202604,20,089,2,4,Jewell County                                               ,0,0,0,0,0,0,0,0,0,0,0,0,0,0,0,0,0,0,0,0,0,0,0,0
202604,20,091,2,4,Johnson County                                              ,808,808,403816157,1,2,1331044,2,6,1317940,37,1327,227922648,785,785,387904442,1,2,1331044,2,6,1317940,36,1305,224487216
202604,20,093,2,4,Kearny County                                               ,0,0,0,0,0,0,0,0,0,0,0,0,0,0,0,0,0,0,0,0,0,0,0,0
202604,20,095,2,4,Kingman County                                              ,10,10,2459269,0,0,0,0,0,0,0,0,0,7,7,2011000,0,0,0,0,0,0,0,0,0
202604,20,097,2,4,Kiowa County                                                ,1,1,190000,0,0,0,0,0,0,1,5,900000,0,0,0,0,0,0,0,0,0,0,0,0
202604,20,099,2,4,Labette County                                              ,0,0,0,0,0,0,0,0,0,0,0,0,0,0,0,0,0,0,0,0,0,0,0,0
202604,20,101,2,4,Lane County                                                 ,0,0,0,0,0,0,0,0,0,0,0,0,0,0,0,0,0,0,0,0,0,0,0,0
202604,20,103,2,4,Leavenworth County                                          ,109,109,25563464,11,22,4373221,0,0,0,0,0,0,109,109,25563464,11,22,4373221,0,0,0,0,0,0
202604,20,105,2,4,Lincoln County                                              ,1,1,55000,0,0,0,0,0,0,0,0,0,0,0,0,0,0,0,0,0,0,0,0,0
202604,20,107,2,4,Linn County                                                 ,25,25,2775401,0,0,0,0,0,0,0,0,0,15,15,1298530,0,0,0,0,0,0,0,0,0
202604,20,109,2,4,Logan County                                                ,0,0,0,0,0,0,0,0,0,0,0,0,0,0,0,0,0,0,0,0,0,0,0,0
202604,20,111,2,4,Lyon County                                                 ,13,13,3637622,0,0,0,0,0,0,0,0,0,5,5,1768000,0,0,0,0,0,0,0,0,0
202604,20,113,2,4,McPherson County                                            ,25,25,4129065,3,6,958125,0,0,0,0,0,0,0,0,0,0,0,0,0,0,0,0,0,0
202604,20,115,2,4,Marion County                                               ,8,8,2738135,1,2,497143,0,0,0,0,0,0,7,7,2396432,0,0,0,0,0,0,0,0,0
202604,20,117,2,4,Marshall County                                             ,1,1,320650,0,0,0,0,0,0,0,0,0,0,0,0,0,0,0,0,0,0,0,0,0
202604,20,119,2,4,Meade County                                                ,0,0,0,0,0,0,0,0,0,0,0,0,0,0,0,0,0,0,0,0,0,0,0,0
202604,20,121,2,4,Miami County                                                ,33,33,16872740,0,0,0,0,0,0,0,0,0,20,20,15924725,0,0,0,0,0,0,0,0,0
202604,20,123,2,4,Mitchell County                                             ,0,0,0,0,0,0,0,0,0,0,0,0,0,0,0,0,0,0,0,0,0,0,0,0
202604,20,125,2,4,Montgomery County                                           ,6,6,1243601,0,0,0,0,0,0,0,0,0,0,0,0,0,0,0,0,0,0,0,0,0
202604,20,127,2,4,Morris County                                               ,1,1,240000,0,0,0,0,0,0,0,0,0,0,0,0,0,0,0,0,0,0,0,0,0
202604,20,129,2,4,Morton County                                               ,0,0,0,0,0,0,0,0,0,0,0,0,0,0,0,0,0,0,0,0,0,0,0,0
202604,20,131,2,4,Nemaha County                                               ,1,1,20000,0,0,0,0,0,0,0,0,0,1,1,20000,0,0,0,0,0,0,0,0,0
202604,20,133,2,4,Neosho County                                               ,2,2,209908,7,14,2278500,0,0,0,0,0,0,1,1,150000,7,14,2278500,0,0,0,0,0,0
202604,20,135,2,4,Ness County                                                 ,0,0,0,0,0,0,0,0,0,0,0,0,0,0,0,0,0,0,0,0,0,0,0,0
202604,20,137,2,4,Norton County                                               ,0,0,0,0,0,0,0,0,0,0,0,0,0,0,0,0,0,0,0,0,0,0,0,0
202604,20,139,2,4,Osage County                                                ,9,9,2670591,0,0,0,0,0,0,0,0,0,6,6,1705000,0,0,0,0,0,0,0,0,0
202604,20,141,2,4,Osborne County                                              ,0,0,0,0,0,0,0,0,0,0,0,0,0,0,0,0,0,0,0,0,0,0,0,0
202604,20,143,2,4,Ottawa County                                               ,3,3,892428,0,0,0,0,0,0,0,0,0,3,3,892428,0,0,0,0,0,0,0,0,0
202604,20,145,2,4,Pawnee County                                               ,0,0,0,0,0,0,0,0,0,0,0,0,0,0,0,0,0,0,0,0,0,0,0,0
202604,20,147,2,4,Phillips County                                             ,0,0,0,0,0,0,0,0,0,0,0,0,0,0,0,0,0,0,0,0,0,0,0,0
202604,20,149,2,4,Pottawatomie County                                         ,37,37,12930574,0,0,0,0,0,0,1,12,600000,5,5,1880000,0,0,0,0,0,0,1,12,600000
202604,20,151,2,4,Pratt County                                                ,0,0,0,0,0,0,0,0,0,0,0,0,0,0,0,0,0,0,0,0,0,0,0,0
202604,20,153,2,4,Rawlins County                                              ,0,0,0,0,0,0,0,0,0,0,0,0,0,0,0,0,0,0,0,0,0,0,0,0
202604,20,155,2,4,Reno County                                                 ,8,8,1535000,0,0,0,0,0,0,0,0,0,7,7,1435000,0,0,0,0,0,0,0,0,0
202604,20,157,2,4,Republic County                                             ,2,2,356250,0,0,0,0,0,0,0,0,0,0,0,0,0,0,0,0,0,0,0,0,0
202604,20,159,2,4,Rice County                                                 ,4,4,1370334,0,0,0,0,0,0,0,0,0,0,0,0,0,0,0,0,0,0,0,0,0
202604,20,161,2,4,Riley County                                                ,24,24,11741380,3,6,1455766,2,7,1393731,2,30,6657369,15,15,8937580,3,6,1455766,2,7,1393731,1,14,3446175
202604,20,163,2,4,Rooks County                                                ,1,1,175000,0,0,0,0,0,0,0,0,0,0,0,0,0,0,0,0,0,0,0,0,0
202604,20,165,2,4,Rush County                                                 ,0,0,0,0,0,0,0,0,0,0,0,0,0,0,0,0,0,0,0,0,0,0,0,0
202604,20,167,2,4,Russell County                                              ,5,5,1925109,0,0,0,0,0,0,0,0,0,0,0,0,0,0,0,0,0,0,0,0,0
202604,20,169,2,4,Saline County                                               ,24,24,5022576,0,0,0,0,0,0,0,0,0,24,24,5022576,0,0,0,0,0,0,0,0,0
202604,20,171,2,4,Scott County                                                ,0,0,0,0,0,0,0,0,0,0,0,0,0,0,0,0,0,0,0,0,0,0,0,0
202604,20,173,2,4,Sedgwick County                                             ,443,443,150334086,232,464,69673696,16,57,6360000,11,202,29746163,364,364,130455387,208,416,62522800,15,54,6060000,10,190,28350400
202604,20,175,2,4,Seward County                                               ,4,4,1175400,0,0,0,0,0,0,0,0,0,3,3,936000,0,0,0,0,0,0,0,0,0
202604,20,177,2,4,Shawnee County                                              ,50,50,15273157,2,4,750000,0,0,0,1,48,10000000,50,50,15273157,2,4,750000,0,0,0,1,48,10000000
202604,20,181,2,4,Sherman County                                              ,1,1,360000,1,2,253000,0,0,0,0,0,0,0,0,0,0,0,0,0,0,0,0,0,0
202604,20,183,2,4,Smith County                                                ,0,0,0,0,0,0,0,0,0,0,0,0,0,0,0,0,0,0,0,0,0,0,0,0
202604,20,185,2,4,Stafford County                                             ,3,3,545157,0,0,0,0,0,0,0,0,0,0,0,0,0,0,0,0,0,0,0,0,0
202604,20,187,2,4,Stanton County                                              ,0,0,0,0,0,0,0,0,0,0,0,0,0,0,0,0,0,0,0,0,0,0,0,0
202604,20,189,2,4,Stevens County                                              ,0,0,0,0,0,0,0,0,0,0,0,0,0,0,0,0,0,0,0,0,0,0,0,0
202604,20,191,2,4,Sumner County                                               ,3,3,692139,1,2,180000,0,0,0,0,0,0,1,1,225000,0,0,0,0,0,0,0,0,0
202604,20,193,2,4,Thomas County                                               ,1,1,459140,0,0,0,0,0,0,0,0,0,0,0,0,0,0,0,0,0,0,0,0,0
202604,20,195,2,4,Trego County                                                ,1,1,231000,0,0,0,0,0,0,0,0,0,0,0,0,0,0,0,0,0,0,0,0,0
202604,20,197,2,4,Wabaunsee County                                            ,0,0,0,0,0,0,0,0,0,0,0,0,0,0,0,0,0,0,0,0,0,0,0,0
202604,20,199,2,4,Wallace County                                              ,0,0,0,0,0,0,0,0,0,0,0,0,0,0,0,0,0,0,0,0,0,0,0,0
202604,20,201,2,4,Washington County                                           ,0,0,0,0,0,0,0,0,0,0,0,0,0,0,0,0,0,0,0,0,0,0,0,0
202604,20,203,2,4,Wichita County                                              ,0,0,0,0,0,0,0,0,0,0,0,0,0,0,0,0,0,0,0,0,0,0,0,0
202604,20,205,2,4,Wilson County                                               ,4,4,1140559,1,2,360092,0,0,0,0,0,0,0,0,0,0,0,0,0,0,0,0,0,0
202604,20,207,2,4,Woodson County                                              ,4,4,1028633,0,0,0,0,0,0,0,0,0,0,0,0,0,0,0,0,0,0,0,0,0
202604,20,209,2,4,Wyandotte County                                            ,91,91,13727772,0,0,0,0,0,0,23,297,29942027,91,91,13727772,0,0,0,0,0,0,23,297,29942027
202604,21,001,3,6,Adair County                                                ,0,0,0,0,0,0,0,0,0,0,0,0,0,0,0,0,0,0,0,0,0,0,0,0
202604,21,003,3,6,Allen County                                                ,19,19,5701355,10,20,3016382,0,0,0,0,0,0,19,19,5701355,10,20,3016382,0,0,0,0,0,0
202604,21,005,3,6,Anderson County                                             ,31,31,9134690,0,0,0,0,0,0,0,0,0,31,31,9134690,0,0,0,0,0,0,0,0,0
202604,21,009,3,6,Barren County                                               ,49,49,14566448,1,2,301638,0,0,0,0,0,0,49,49,14566448,1,2,301638,0,0,0,0,0,0
202604,21,011,3,6,Bath County                                                 ,0,0,0,0,0,0,0,0,0,0,0,0,0,0,0,0,0,0,0,0,0,0,0,0
202604,21,013,3,6,Bell County                                                 ,16,16,1583636,0,0,0,0,0,0,0,0,0,0,0,0,0,0,0,0,0,0,0,0,0
202604,21,015,3,6,Boone County                                                ,171,171,34603501,0,0,0,0,0,0,15,322,51038948,171,171,34603501,0,0,0,0,0,0,15,322,51038948
202604,21,017,3,6,Bourbon County                                              ,21,21,5773944,4,8,630435,0,0,0,0,0,0,3,3,1140806,0,0,0,0,0,0,0,0,0
202604,21,019,3,6,Boyd County                                                 ,0,0,0,0,0,0,0,0,0,0,0,0,0,0,0,0,0,0,0,0,0,0,0,0
202604,21,021,3,6,Boyle County                                                ,24,24,7775416,0,0,0,0,0,0,0,0,0,24,24,7775416,0,0,0,0,0,0,0,0,0
202604,21,025,3,6,Breathitt County                                            ,1,1,150000,0,0,0,0,0,0,0,0,0,0,0,0,0,0,0,0,0,0,0,0,0
202604,21,027,3,6,Breckinridge County                                         ,3,3,486205,0,0,0,0,0,0,0,0,0,0,0,0,0,0,0,0,0,0,0,0,0
202604,21,029,3,6,Bullitt County                                              ,82,82,28501241,2,4,1003801,0,0,0,19,185,19685000,82,82,28501241,2,4,1003801,0,0,0,19,185,19685000
202604,21,031,3,6,Butler County                                               ,0,0,0,0,0,0,0,0,0,0,0,0,0,0,0,0,0,0,0,0,0,0,0,0
202604,21,033,3,6,Caldwell County                                             ,0,0,0,0,0,0,0,0,0,0,0,0,0,0,0,0,0,0,0,0,0,0,0,0
202604,21,035,3,6,Calloway County                                             ,1,1,330200,0,0,0,0,0,0,0,0,0,1,1,330200,0,0,0,0,0,0,0,0,0
202604,21,037,3,6,Campbell County                                             ,102,102,30627985,0,0,0,0,0,0,8,222,27302085,94,94,27176488,0,0,0,0,0,0,8,222,27302085
202604,21,041,3,6,Carroll County                                              ,0,0,0,0,0,0,0,0,0,1,16,1500000,0,0,0,0,0,0,0,0,0,1,16,1500000
202604,21,043,3,6,Carter County                                               ,0,0,0,0,0,0,0,0,0,0,0,0,0,0,0,0,0,0,0,0,0,0,0,0
202604,21,045,3,6,Casey County                                                ,1,1,150000,0,0,0,0,0,0,0,0,0,0,0,0,0,0,0,0,0,0,0,0,0
202604,21,047,3,6,Christian County                                            ,22,22,2958783,0,0,0,2,8,650000,1,5,500000,15,15,1654566,0,0,0,2,8,650000,1,5,500000
202604,21,049,3,6,Clark County                                                ,21,21,4873126,0,0,0,3,11,1611844,4,21,2077823,0,0,0,0,0,0,0,0,0,0,0,0
202604,21,051,3,6,Clay County                                                 ,0,0,0,0,0,0,0,0,0,0,0,0,0,0,0,0,0,0,0,0,0,0,0,0
202604,21,053,3,6,Clinton County                                              ,0,0,0,0,0,0,0,0,0,0,0,0,0,0,0,0,0,0,0,0,0,0,0,0
202604,21,055,3,6,Crittenden County                                           ,1,1,60000,0,0,0,0,0,0,3,15,1848915,0,0,0,0,0,0,0,0,0,0,0,0
202604,21,057,3,6,Cumberland County                                           ,0,0,0,0,0,0,0,0,0,0,0,0,0,0,0,0,0,0,0,0,0,0,0,0
202604,21,059,3,6,Daviess County                                              ,57,57,5817206,4,8,305494,0,0,0,0,0,0,57,57,5817206,4,8,305494,0,0,0,0,0,0
202604,21,065,3,6,Estill County                                               ,0,0,0,0,0,0,0,0,0,0,0,0,0,0,0,0,0,0,0,0,0,0,0,0
202604,21,067,3,6,Fayette County                                              ,157,157,43598316,2,4,715000,0,0,0,24,563,141439185,107,107,31611145,2,4,715000,0,0,0,23,512,137336300
202604,21,069,3,6,Fleming County                                              ,0,0,0,0,0,0,0,0,0,0,0,0,0,0,0,0,0,0,0,0,0,0,0,0
202604,21,071,3,6,Floyd County                                                ,0,0,0,0,0,0,0,0,0,0,0,0,0,0,0,0,0,0,0,0,0,0,0,0
202604,21,073,3,6,Franklin County                                             ,70,70,20391339,0,0,0,1,4,615150,3,24,2300000,70,70,20391339,0,0,0,1,4,615150,3,24,2300000
202604,21,075,3,6,Fulton County                                               ,1,1,175000,0,0,0,0,0,0,0,0,0,0,0,0,0,0,0,0,0,0,0,0,0
202604,21,077,3,6,Gallatin County                                             ,19,19,837508,0,0,0,0,0,0,0,0,0,0,0,0,0,0,0,0,0,0,0,0,0
202604,21,079,3,6,Garrard County                                              ,0,0,0,0,0,0,0,0,0,0,0,0,0,0,0,0,0,0,0,0,0,0,0,0
202604,21,081,3,6,Grant County                                                ,33,33,1995942,0,0,0,0,0,0,0,0,0,33,33,1995942,0,0,0,0,0,0,0,0,0
202604,21,083,3,6,Graves County                                               ,11,11,3020633,0,0,0,0,0,0,0,0,0,0,0,0,0,0,0,0,0,0,0,0,0
202604,21,085,3,6,Grayson County                                              ,5,5,515000,0,0,0,0,0,0,0,0,0,5,5,515000,0,0,0,0,0,0,0,0,0
202604,21,087,3,6,Green County                                                ,2,2,264500,0,0,0,0,0,0,0,0,0,0,0,0,0,0,0,0,0,0,0,0,0
202604,21,089,3,6,Greenup County                                              ,7,7,2867589,0,0,0,0,0,0,0,0,0,0,0,0,0,0,0,0,0,0,0,0,0
202604,21,091,3,6,Hancock County                                              ,4,4,806586,1,2,173138,0,0,0,0,0,0,0,0,0,0,0,0,0,0,0,0,0,0
202604,21,093,3,6,Hardin County                                               ,168,168,39092508,1,2,263707,1,3,348452,4,28,1680000,158,158,36894539,0,0,0,0,0,0,4,28,1680000
202604,21,095,3,6,Harlan County                                               ,0,0,0,0,0,0,0,0,0,0,0,0,0,0,0,0,0,0,0,0,0,0,0,0
202604,21,097,3,6,Harrison County                                             ,27,27,5645048,0,0,0,0,0,0,0,0,0,0,0,0,0,0,0,0,0,0,0,0,0
202604,21,099,3,6,Hart County                                                 ,7,7,611247,13,26,3044642,0,0,0,3,15,1703214,0,0,0,0,0,0,0,0,0,0,0,0
202604,21,101,3,6,Henderson County                                            ,34,34,10401019,2,4,380000,0,0,0,0,0,0,34,34,10401019,2,4,380000,0,0,0,0,0,0
202604,21,103,3,6,Henry County                                                ,23,23,6317709,0,0,0,0,0,0,0,0,0,10,10,2751000,0,0,0,0,0,0,0,0,0
202604,21,107,3,6,Hopkins County                                              ,34,34,6525401,4,8,1049700,0,0,0,1,5,520833,0,0,0,0,0,0,0,0,0,0,0,0
202604,21,109,3,6,Jackson County                                              ,0,0,0,0,0,0,0,0,0,0,0,0,0,0,0,0,0,0,0,0,0,0,0,0
202604,21,111,3,6,Jefferson County                                            ,389,389,116781571,4,8,1080597,2,6,609000,15,351,57141539,71,71,30811973,0,0,0,0,0,0,3,24,6000000
202604,21,113,3,6,Jessamine County                                            ,65,65,24385287,0,0,0,0,0,0,0,0,0,65,65,24385287,0,0,0,0,0,0,0,0,0
202604,21,117,3,6,Kenton County                                               ,157,157,62754491,0,0,0,0,0,0,2,16,1660390,157,157,62754491,0,0,0,0,0,0,2,16,1660390
202604,21,121,3,6,Knox County                                                 ,0,0,0,0,0,0,0,0,0,0,0,0,0,0,0,0,0,0,0,0,0,0,0,0
202604,21,123,3,6,Larue County                                                ,24,24,6379359,2,4,584748,0,0,0,0,0,0,10,10,2590000,0,0,0,0,0,0,0,0,0
202604,21,125,3,6,Laurel County                                               ,1,1,162000,1,2,275000,0,0,0,0,0,0,1,1,162000,1,2,275000,0,0,0,0,0,0
202604,21,133,3,6,Letcher County                                              ,2,2,320000,0,0,0,0,0,0,0,0,0,0,0,0,0,0,0,0,0,0,0,0,0
202604,21,135,3,6,Lewis County                                                ,0,0,0,0,0,0,0,0,0,0,0,0,0,0,0,0,0,0,0,0,0,0,0,0
202604,21,137,3,6,Lincoln County                                              ,31,31,5081889,0,0,0,0,0,0,0,0,0,0,0,0,0,0,0,0,0,0,0,0,0
202604,21,141,3,6,Logan County                                                ,25,25,6448355,0,0,0,0,0,0,0,0,0,11,11,2250000,0,0,0,0,0,0,0,0,0
202604,21,143,3,6,Lyon County                                                 ,3,3,875000,0,0,0,0,0,0,0,0,0,2,2,700000,0,0,0,0,0,0,0,0,0
202604,21,145,3,6,McCracken County                                            ,14,14,5268975,3,6,1077220,5,19,2024000,1,6,798000,14,14,5268975,3,6,1077220,5,19,2024000,1,6,798000
202604,21,147,3,6,McCreary County                                             ,0,0,0,0,0,0,0,0,0,0,0,0,0,0,0,0,0,0,0,0,0,0,0,0
202604,21,149,3,6,McLean County                                               ,0,0,0,0,0,0,0,0,0,0,0,0,0,0,0,0,0,0,0,0,0,0,0,0
202604,21,151,3,6,Madison County                                              ,155,155,44251350,0,0,0,0,0,0,0,0,0,155,155,44251350,0,0,0,0,0,0,0,0,0
202604,21,155,3,6,Marion County                                               ,13,13,2343805,0,0,0,2,6,450000,0,0,0,0,0,0,0,0,0,0,0,0,0,0,0
202604,21,157,3,6,Marshall County                                             ,32,32,14630400,0,0,0,0,0,0,5,50,6696000,32,32,14630400,0,0,0,0,0,0,5,50,6696000
202604,21,161,3,6,Mason County                                                ,7,7,2655602,0,0,0,0,0,0,0,0,0,2,2,1175000,0,0,0,0,0,0,0,0,0
202604,21,163,3,6,Meade County                                                ,78,78,13950875,1,2,600000,0,0,0,0,0,0,78,78,13950875,1,2,600000,0,0,0,0,0,0
202604,21,167,3,6,Mercer County                                               ,47,47,8415806,3,6,700000,0,0,0,4,32,3200000,47,47,8415806,3,6,700000,0,0,0,4,32,3200000
202604,21,173,3,6,Montgomery County                                           ,19,19,4499323,0,0,0,0,0,0,0,0,0,0,0,0,0,0,0,0,0,0,0,0,0
202604,21,175,3,6,Morgan County                                               ,0,0,0,0,0,0,0,0,0,0,0,0,0,0,0,0,0,0,0,0,0,0,0,0
202604,21,177,3,6,Muhlenberg County                                           ,2,2,425594,0,0,0,0,0,0,0,0,0,0,0,0,0,0,0,0,0,0,0,0,0
202604,21,179,3,6,Nelson County                                               ,60,60,20787000,0,0,0,3,10,1500000,0,0,0,60,60,20787000,0,0,0,3,10,1500000,0,0,0
202604,21,181,3,6,Nicholas County                                             ,0,0,0,0,0,0,0,0,0,0,0,0,0,0,0,0,0,0,0,0,0,0,0,0
202604,21,183,3,6,Ohio County                                                 ,2,2,425000,2,4,200000,0,0,0,0,0,0,2,2,425000,2,4,200000,0,0,0,0,0,0
202604,21,185,3,6,Oldham County                                               ,87,87,40545847,0,0,0,0,0,0,0,0,0,87,87,40545847,0,0,0,0,0,0,0,0,0
202604,21,187,3,6,Owen County                                                 ,8,8,2192816,0,0,0,0,0,0,0,0,0,0,0,0,0,0,0,0,0,0,0,0,0
202604,21,191,3,6,Pendleton County                                            ,0,0,0,0,0,0,0,0,0,0,0,0,0,0,0,0,0,0,0,0,0,0,0,0
202604,21,193,3,6,Perry County                                                ,0,0,0,0,0,0,0,0,0,0,0,0,0,0,0,0,0,0,0,0,0,0,0,0
202604,21,195,3,6,Pike County                                                 ,0,0,0,0,0,0,0,0,0,0,0,0,0,0,0,0,0,0,0,0,0,0,0,0
202604,21,197,3,6,Powell County                                               ,0,0,0,0,0,0,0,0,0,0,0,0,0,0,0,0,0,0,0,0,0,0,0,0
202604,21,199,3,6,Pulaski County                                              ,1,1,302641,1,2,234203,2,7,1034688,2,14,1983391,0,0,0,1,2,234203,2,7,1034688,2,14,1983391
202604,21,205,3,6,Rowan County                                                ,3,3,678975,0,0,0,0,0,0,1,5,1205392,0,0,0,0,0,0,0,0,0,0,0,0
202604,21,207,3,6,Russell County                                              ,0,0,0,0,0,0,0,0,0,0,0,0,0,0,0,0,0,0,0,0,0,0,0,0
202604,21,209,3,6,Scott County                                                ,91,91,24162482,0,0,0,0,0,0,2,11,992200,91,91,24162482,0,0,0,0,0,0,2,11,992200
202604,21,211,3,6,Shelby County                                               ,93,93,21472080,0,0,0,0,0,0,0,0,0,93,93,21472080,0,0,0,0,0,0,0,0,0
202604,21,213,3,6,Simpson County                                              ,45,45,10043000,4,8,650000,0,0,0,0,0,0,45,45,10043000,4,8,650000,0,0,0,0,0,0
202604,21,215,3,6,Spencer County                                              ,29,29,8599891,0,0,0,0,0,0,0,0,0,29,29,8599891,0,0,0,0,0,0,0,0,0
202604,21,217,3,6,Taylor County                                               ,4,4,1267400,0,0,0,0,0,0,0,0,0,0,0,0,0,0,0,0,0,0,0,0,0
202604,21,219,3,6,Todd County                                                 ,12,12,2698779,0,0,0,0,0,0,0,0,0,0,0,0,0,0,0,0,0,0,0,0,0
202604,21,221,3,6,Trigg County                                                ,0,0,0,0,0,0,0,0,0,0,0,0,0,0,0,0,0,0,0,0,0,0,0,0
202604,21,227,3,6,Warren County                                               ,205,205,60414448,0,0,0,0,0,0,8,112,15907184,205,205,60414448,0,0,0,0,0,0,8,112,15907184
202604,21,229,3,6,Washington County                                           ,5,5,672485,1,2,175000,0,0,0,0,0,0,0,0,0,0,0,0,0,0,0,0,0,0
202604,21,233,3,6,Webster County                                              ,4,4,1046017,0,0,0,0,0,0,0,0,0,0,0,0,0,0,0,0,0,0,0,0,0
202604,21,235,3,6,Whitley County                                              ,3,3,329873,4,8,752533,1,3,230833,0,0,0,0,0,0,2,4,400000,0,0,0,0,0,0
202604,21,239,3,6,Woodford County                                             ,48,48,10933306,0,0,0,0,0,0,0,0,0,48,48,10933306,0,0,0,0,0,0,0,0,0
202604,22,001,3,7,Acadia Parish                                               ,50,50,7949987,0,0,0,0,0,0,0,0,0,2,2,727935,0,0,0,0,0,0,0,0,0
202604,22,003,3,7,Allen Parish                                                ,15,15,2814697,0,0,0,0,0,0,0,0,0,0,0,0,0,0,0,0,0,0,0,0,0
202604,22,005,3,7,Ascension Parish                                            ,167,167,39636493,0,0,0,0,0,0,0,0,0,69,69,16726948,0,0,0,0,0,0,0,0,0
202604,22,007,3,7,Assumption Parish                                           ,12,12,3883000,1,2,323152,0,0,0,0,0,0,12,12,3883000,0,0,0,0,0,0,0,0,0
202604,22,009,3,7,Avoyelles Parish                                            ,4,4,663798,0,0,0,0,0,0,0,0,0,0,0,0,0,0,0,0,0,0,0,0,0
202604,22,011,3,7,Beauregard Parish                                           ,42,42,9743971,0,0,0,0,0,0,0,0,0,33,33,7790564,0,0,0,0,0,0,0,0,0
202604,22,013,3,7,Bienville Parish                                            ,5,5,1045380,0,0,0,0,0,0,0,0,0,0,0,0,0,0,0,0,0,0,0,0,0
202604,22,015,3,7,Bossier Parish                                              ,204,204,49282525,0,0,0,0,0,0,0,0,0,171,171,46469943,0,0,0,0,0,0,0,0,0
202604,22,017,3,7,Caddo Parish                                                ,95,95,26253966,0,0,0,0,0,0,0,0,0,93,93,25797021,0,0,0,0,0,0,0,0,0
202604,22,019,3,7,Calcasieu Parish                                            ,225,225,46531105,9,18,1130000,0,0,0,0,0,0,199,199,41413640,9,18,1130000,0,0,0,0,0,0
202604,22,021,3,7,Caldwell Parish                                             ,3,3,1148269,0,0,0,0,0,0,0,0,0,0,0,0,0,0,0,0,0,0,0,0,0
202604,22,023,3,7,Cameron Parish                                              ,1,1,19100,0,0,0,0,0,0,0,0,0,1,1,19100,0,0,0,0,0,0,0,0,0
202604,22,025,3,7,Catahoula Parish                                            ,1,1,1057875,0,0,0,0,0,0,0,0,0,0,0,0,0,0,0,0,0,0,0,0,0
202604,22,027,3,7,Claiborne Parish                                            ,0,0,0,0,0,0,0,0,0,0,0,0,0,0,0,0,0,0,0,0,0,0,0,0
202604,22,029,3,7,Concordia Parish                                            ,8,8,1046152,0,0,0,0,0,0,0,0,0,0,0,0,0,0,0,0,0,0,0,0,0
202604,22,031,3,7,De Soto Parish                                              ,31,31,10376627,0,0,0,0,0,0,0,0,0,19,19,5917062,0,0,0,0,0,0,0,0,0
202604,22,033,3,7,East Baton Rouge Parish                                     ,545,545,143425582,7,14,901646,2,6,300000,7,151,5595301,114,114,21760932,0,0,0,2,6,300000,0,0,0
202604,22,035,3,7,East Carroll Parish                                         ,0,0,0,0,0,0,0,0,0,0,0,0,0,0,0,0,0,0,0,0,0,0,0,0
202604,22,037,3,7,East Feliciana Parish                                       ,6,6,1721213,0,0,0,0,0,0,0,0,0,0,0,0,0,0,0,0,0,0,0,0,0
202604,22,039,3,7,Evangeline Parish                                           ,10,10,3323334,0,0,0,0,0,0,0,0,0,0,0,0,0,0,0,0,0,0,0,0,0
202604,22,041,3,7,Franklin Parish                                             ,4,4,1308072,0,0,0,0,0,0,0,0,0,4,4,1308072,0,0,0,0,0,0,0,0,0
202604,22,043,3,7,Grant Parish                                                ,10,10,3075000,0,0,0,0,0,0,0,0,0,10,10,3075000,0,0,0,0,0,0,0,0,0
202604,22,045,3,7,Iberia Parish                                               ,41,41,10820656,0,0,0,0,0,0,0,0,0,25,25,7386238,0,0,0,0,0,0,0,0,0
202604,22,047,3,7,Iberville Parish                                            ,29,29,6964316,0,0,0,0,0,0,0,0,0,2,2,592033,0,0,0,0,0,0,0,0,0
202604,22,049,3,7,Jackson Parish                                              ,0,0,0,0,0,0,0,0,0,0,0,0,0,0,0,0,0,0,0,0,0,0,0,0
202604,22,051,3,7,Jefferson Parish                                            ,106,106,35374231,2,4,670000,0,0,0,1,12,3190582,88,88,29484806,2,4,670000,0,0,0,1,12,3190582
202604,22,053,3,7,Jefferson Davis Parish                                      ,26,26,6012658,0,0,0,0,0,0,0,0,0,21,21,4769699,0,0,0,0,0,0,0,0,0
202604,22,055,3,7,Lafayette Parish                                            ,598,598,145698872,0,0,0,0,0,0,0,0,0,346,346,84923224,0,0,0,0,0,0,0,0,0
202604,22,057,3,7,Lafourche Parish                                            ,87,87,23817219,2,4,435580,0,0,0,0,0,0,84,84,23095270,2,4,435580,0,0,0,0,0,0
202604,22,059,3,7,LaSalle Parish                                              ,3,3,905455,1,2,249820,0,0,0,0,0,0,0,0,0,0,0,0,0,0,0,0,0,0
202604,22,061,3,7,Lincoln Parish                                              ,71,71,13879145,0,0,0,0,0,0,2,10,850000,43,43,6717520,0,0,0,0,0,0,2,10,850000
202604,22,063,3,7,Livingston Parish                                           ,214,214,62220026,0,0,0,0,0,0,2,10,1435160,4,4,1214883,0,0,0,0,0,0,0,0,0
202604,22,065,3,7,Madison Parish                                              ,1,1,296205,0,0,0,0,0,0,0,0,0,1,1,296205,0,0,0,0,0,0,0,0,0
202604,22,067,3,7,Morehouse Parish                                            ,5,5,1446370,0,0,0,0,0,0,0,0,0,0,0,0,0,0,0,0,0,0,0,0,0
202604,22,069,3,7,Natchitoches Parish                                         ,11,11,2532093,0,0,0,0,0,0,0,0,0,10,10,2399000,0,0,0,0,0,0,0,0,0
202604,22,071,3,7,Orleans Parish                                              ,69,69,21217659,38,76,10432755,2,6,661864,3,88,28421809,0,0,0,0,0,0,0,0,0,0,0,0
202604,22,073,3,7,Ouachita Parish                                             ,112,112,27556610,0,0,0,1,3,267000,0,0,0,41,41,9125525,0,0,0,0,0,0,0,0,0
202604,22,075,3,7,Plaquemines Parish                                          ,6,6,3111395,0,0,0,0,0,0,0,0,0,6,6,3111395,0,0,0,0,0,0,0,0,0
202604,22,077,3,7,Pointe Coupee Parish                                        ,11,11,4268100,0,0,0,0,0,0,0,0,0,11,11,4268100,0,0,0,0,0,0,0,0,0
202604,22,079,3,7,Rapides Parish                                              ,90,90,20443436,3,6,435000,0,0,0,0,0,0,19,19,2839658,0,0,0,0,0,0,0,0,0
202604,22,081,3,7,Red River Parish                                            ,0,0,0,0,0,0,0,0,0,0,0,0,0,0,0,0,0,0,0,0,0,0,0,0
202604,22,083,3,7,Richland Parish                                             ,7,7,3030024,0,0,0,0,0,0,0,0,0,7,7,3030024,0,0,0,0,0,0,0,0,0
202604,22,085,3,7,Sabine Parish                                               ,26,26,7205000,0,0,0,0,0,0,0,0,0,26,26,7205000,0,0,0,0,0,0,0,0,0
202604,22,087,3,7,St. Bernard Parish                                          ,28,28,7906780,4,8,1035000,0,0,0,0,0,0,28,28,7906780,4,8,1035000,0,0,0,0,0,0
202604,22,089,3,7,St. Charles Parish                                          ,42,42,11635798,0,0,0,0,0,0,0,0,0,42,42,11635798,0,0,0,0,0,0,0,0,0
202604,22,091,3,7,St. Helena Parish                                           ,4,4,713800,0,0,0,0,0,0,0,0,0,0,0,0,0,0,0,0,0,0,0,0,0
202604,22,093,3,7,St. James Parish                                            ,22,22,4114858,0,0,0,0,0,0,0,0,0,0,0,0,0,0,0,0,0,0,0,0,0
202604,22,095,3,7,St. John the Baptist Parish                                 ,12,12,4241583,0,0,0,1,4,400000,0,0,0,12,12,4241583,0,0,0,1,4,400000,0,0,0
202604,22,097,3,7,St. Landry Parish                                           ,50,50,11058260,0,0,0,0,0,0,0,0,0,13,13,3971478,0,0,0,0,0,0,0,0,0
202604,22,099,3,7,St. Martin Parish                                           ,19,19,5775427,0,0,0,0,0,0,0,0,0,0,0,0,0,0,0,0,0,0,0,0,0
202604,22,101,3,7,St. Mary Parish                                             ,12,12,3792447,0,0,0,0,0,0,1,5,681818,7,7,2206734,0,0,0,0,0,0,0,0,0
202604,22,103,3,7,St. Tammany Parish                                          ,333,333,114419649,1,2,290000,0,0,0,0,0,0,328,328,112520342,1,2,290000,0,0,0,0,0,0
202604,22,105,3,7,Tangipahoa Parish                                           ,247,247,53612248,1,2,100333,0,0,0,3,134,12697293,158,158,34114592,0,0,0,0,0,0,0,0,0
202604,22,107,3,7,Tensas Parish                                               ,0,0,0,0,0,0,0,0,0,0,0,0,0,0,0,0,0,0,0,0,0,0,0,0
202604,22,109,3,7,Terrebonne Parish                                           ,92,92,36859554,0,0,0,0,0,0,0,0,0,92,92,36859554,0,0,0,0,0,0,0,0,0
202604,22,111,3,7,Union Parish                                                ,15,15,4347539,0,0,0,0,0,0,0,0,0,0,0,0,0,0,0,0,0,0,0,0,0
202604,22,113,3,7,Vermilion Parish                                            ,124,124,26044111,0,0,0,0,0,0,0,0,0,118,118,25224745,0,0,0,0,0,0,0,0,0
202604,22,115,3,7,Vernon Parish                                               ,11,11,1736759,0,0,0,0,0,0,0,0,0,6,6,620500,0,0,0,0,0,0,0,0,0
202604,22,117,3,7,Washington Parish                                           ,0,0,0,0,0,0,0,0,0,0,0,0,0,0,0,0,0,0,0,0,0,0,0,0
202604,22,119,3,7,Webster Parish                                              ,11,11,3004882,0,0,0,0,0,0,0,0,0,3,3,795569,0,0,0,0,0,0,0,0,0
202604,22,121,3,7,West Baton Rouge Parish                                     ,29,29,4921250,0,0,0,0,0,0,0,0,0,29,29,4921250,0,0,0,0,0,0,0,0,0
202604,22,123,3,7,West Carroll Parish                                         ,2,2,725709,0,0,0,0,0,0,0,0,0,2,2,725709,0,0,0,0,0,0,0,0,0
202604,22,125,3,7,West Feliciana Parish                                       ,20,20,7817000,0,0,0,0,0,0,0,0,0,16,16,6170983,0,0,0,0,0,0,0,0,0
202604,22,127,3,7,Winn Parish                                                 ,0,0,0,0,0,0,0,0,0,0,0,0,0,0,0,0,0,0,0,0,0,0,0,0
202604,23,000,1,1,Maine Unorganized Territory                                 ,20,20,2656005,0,0,0,0,0,0,0,0,0,0,0,0,0,0,0,0,0,0,0,0,0
202604,23,001,1,1,Androscoggin County                                         ,57,57,16275703,7,14,2085000,1,4,611709,3,29,4600000,22,22,7690337,7,14,2085000,1,4,611709,3,29,4600000
202604,23,003,1,1,Aroostook County                                            ,10,10,3271933,1,2,143000,0,0,0,0,0,0,0,0,0,0,0,0,0,0,0,0,0,0
202604,23,005,1,1,Cumberland County                                           ,262,262,109257207,14,28,8095000,4,14,3211986,18,651,118986591,211,211,94389534,14,28,8095000,3,11,2779086,18,651,118986591
202604,23,007,1,1,Franklin County                                             ,33,33,10208163,2,4,590902,0,0,0,0,0,0,4,4,1234374,0,0,0,0,0,0,0,0,0
202604,23,009,1,1,Hancock County                                              ,62,62,20444346,1,2,45000,0,0,0,0,0,0,43,43,14484332,1,2,45000,0,0,0,0,0,0
202604,23,011,1,1,Kennebec County                                             ,105,105,28731809,2,4,565336,1,3,359062,2,10,1561401,27,27,8332402,1,2,300000,0,0,0,0,0,0
202604,23,013,1,1,Knox County                                                 ,32,32,10225064,0,0,0,0,0,0,4,20,3033240,15,15,4495104,0,0,0,0,0,0,0,0,0
202604,23,015,1,1,Lincoln County                                              ,30,30,12320962,0,0,0,0,0,0,0,0,0,6,6,4050000,0,0,0,0,0,0,0,0,0
202604,23,017,1,1,Oxford County                                               ,66,66,22354753,0,0,0,0,0,0,0,0,0,27,27,10408656,0,0,0,0,0,0,0,0,0
202604,23,019,1,1,Penobscot County                                            ,110,110,25084650,5,10,1923854,2,6,734062,3,15,1486668,51,51,10960923,3,6,923854,0,0,0,0,0,0
202604,23,021,1,1,Piscataquis County                                          ,24,24,6706298,0,0,0,0,0,0,0,0,0,0,0,0,0,0,0,0,0,0,0,0,0
202604,23,023,1,1,Sagadahoc County                                            ,23,23,7739530,1,2,343944,0,0,0,1,20,3550888,16,16,5991137,1,2,343944,0,0,0,1,20,3550888
202604,23,025,1,1,Somerset County                                             ,13,13,3149790,1,2,420000,0,0,0,0,0,0,5,5,1184374,1,2,420000,0,0,0,0,0,0
202604,23,027,1,1,Waldo County                                                ,21,21,7089639,0,0,0,0,0,0,0,0,0,7,7,3465576,0,0,0,0,0,0,0,0,0
202604,23,029,1,1,Washington County                                           ,18,18,4934107,0,0,0,0,0,0,0,0,0,0,0,0,0,0,0,0,0,0,0,0,0
202604,23,031,1,1,York County                                                 ,265,265,94796770,7,14,2238312,1,3,421550,15,119,11372932,83,83,37841597,1,2,300000,0,0,0,3,35,3619700
202604,24,001,3,5,Allegany County                                             ,6,6,1525596,1,2,215000,0,0,0,0,0,0,1,1,327000,0,0,0,0,0,0,0,0,0
202604,24,003,3,5,Anne Arundel County                                         ,208,208,51578594,0,0,0,3,12,3664000,8,76,25340065,204,204,49938342,0,0,0,3,12,3664000,7,42,7530000
202604,24,005,3,5,Baltimore County                                            ,281,281,99559962,1,2,301638,0,0,0,6,544,36203382,281,281,99559962,1,2,301638,0,0,0,6,544,36203382
202604,24,009,3,5,Calvert County                                              ,34,34,7181439,0,0,0,1,3,200000,0,0,0,34,34,7181439,0,0,0,1,3,200000,0,0,0
202604,24,011,3,5,Caroline County                                             ,21,21,5570430,0,0,0,1,4,560000,0,0,0,15,15,3924283,0,0,0,1,4,560000,0,0,0
202604,24,013,3,5,Carroll County                                              ,59,59,19823782,0,0,0,0,0,0,0,0,0,59,59,19823782,0,0,0,0,0,0,0,0,0
202604,24,015,3,5,Cecil County                                                ,52,52,12485843,0,0,0,0,0,0,2,48,24572640,52,52,12485843,0,0,0,0,0,0,2,48,24572640
202604,24,017,3,5,Charles County                                              ,222,222,81925340,0,0,0,0,0,0,0,0,0,222,222,81925340,0,0,0,0,0,0,0,0,0
202604,24,019,3,5,Dorchester County                                           ,28,28,7532633,0,0,0,0,0,0,0,0,0,20,20,6040520,0,0,0,0,0,0,0,0,0
202604,24,021,3,5,Frederick County                                            ,309,309,106585761,0,0,0,0,0,0,6,124,18163750,309,309,106585761,0,0,0,0,0,0,6,124,18163750
202604,24,023,3,5,Garrett County                                              ,36,36,18076379,1,2,150000,0,0,0,0,0,0,36,36,18076379,1,2,150000,0,0,0,0,0,0
202604,24,025,3,5,Harford County                                              ,244,244,69422606,1,2,375000,0,0,0,1,19,3653846,243,243,69001943,1,2,375000,0,0,0,0,0,0
202604,24,027,3,5,Howard County                                               ,77,77,21149661,0,0,0,0,0,0,0,0,0,77,77,21149661,0,0,0,0,0,0,0,0,0
202604,24,029,3,5,Kent County                                                 ,12,12,3577116,0,0,0,0,0,0,0,0,0,10,10,2896466,0,0,0,0,0,0,0,0,0
202604,24,031,3,5,Montgomery County                                           ,229,229,71748108,19,38,4550929,0,0,0,8,1035,211956379,229,229,71748108,19,38,4550929,0,0,0,8,1035,211956379
202604,24,033,3,5,Prince George County                                        ,550,550,177453365,0,0,0,0,0,0,3,395,48388719,550,550,177453365,0,0,0,0,0,0,3,395,48388719
202604,24,035,3,5,Queen Anne County                                           ,49,49,12107391,1,2,315000,0,0,0,1,14,3200000,39,39,11702829,1,2,315000,0,0,0,1,14,3200000
202604,24,037,3,5,St. Marys County                                            ,44,44,15722495,0,0,0,1,4,1200000,1,5,1500000,44,44,15722495,0,0,0,1,4,1200000,1,5,1500000
202604,24,039,3,5,Somerset County                                             ,11,11,2845770,0,0,0,0,0,0,0,0,0,10,10,2695770,0,0,0,0,0,0,0,0,0
202604,24,041,3,5,Talbot County                                               ,63,63,24943448,0,0,0,0,0,0,0,0,0,59,59,22159720,0,0,0,0,0,0,0,0,0
202604,24,043,3,5,Washington County                                           ,75,75,24099693,0,0,0,0,0,0,0,0,0,75,75,24099693,0,0,0,0,0,0,0,0,0
202604,24,045,3,5,Wicomico County                                             ,77,77,13879316,0,0,0,0,0,0,1,6,725472,76,76,13713066,0,0,0,0,0,0,1,6,725472
202604,24,047,3,5,Worcester County                                            ,76,76,25181219,1,2,500000,1,3,348000,0,0,0,73,73,24679886,1,2,500000,1,3,348000,0,0,0
202604,24,510,3,5,Baltimore (Independent City)                                ,91,91,25938485,0,0,0,1,4,615150,3,236,40646988,68,68,19130101,0,0,0,1,4,615150,1,190,32724270
202604,25,001,1,1,Barnstable County                                           ,86,86,83101050,0,0,0,2,7,1800000,1,5,1785714,71,71,74589715,0,0,0,1,4,900000,0,0,0
202604,25,003,1,1,Berkshire County                                            ,32,32,18566317,1,2,106725,0,0,0,1,5,379223,0,0,0,0,0,0,0,0,0,0,0,0
202604,25,005,1,1,Bristol County                                              ,141,141,40299646,6,12,2345624,2,6,1355000,6,35,5696518,63,63,22171109,6,12,2345624,2,6,1355000,3,17,2550000
202604,25,007,1,1,Dukes County                                                ,31,31,32882268,2,4,853313,1,3,344143,0,0,0,20,20,24904181,0,0,0,0,0,0,0,0,0
202604,25,009,1,1,Essex County                                                ,108,108,54369581,9,18,4909946,0,0,0,14,167,28187425,58,58,32672462,5,10,2226945,0,0,0,3,85,15493404
202604,25,011,1,1,Franklin County                                             ,12,12,3712518,0,0,0,0,0,0,0,0,0,2,2,350000,0,0,0,0,0,0,0,0,0
202604,25,013,1,1,Hampden County                                              ,66,66,19554876,1,2,480000,0,0,0,2,11,1161501,13,13,4345250,1,2,480000,0,0,0,0,0,0
202604,25,015,1,1,Hampshire County                                            ,24,24,10300287,3,6,1530594,0,0,0,9,142,30983216,6,6,3025000,0,0,0,0,0,0,1,102,27625000
202604,25,017,1,1,Middlesex County                                            ,245,245,137191196,8,16,3265909,7,22,7901432,22,414,104068360,173,173,106791440,4,8,2119000,5,16,6815896,11,333,90002500
202604,25,019,1,1,Nantucket County                                            ,58,58,64716876,4,8,2278580,0,0,0,1,5,729167,0,0,0,0,0,0,0,0,0,0,0,0
202604,25,021,1,1,Norfolk County                                              ,132,132,84466155,4,8,2054000,1,3,1200000,11,65,11808722,88,88,55624067,4,8,2054000,1,3,1200000,0,0,0
202604,25,023,1,1,Plymouth County                                             ,233,233,88295923,8,16,4013460,0,0,0,4,20,2780488,102,102,49026892,6,12,3093460,0,0,0,0,0,0
202604,25,025,1,1,Suffolk County                                              ,44,44,16610560,3,6,2047011,7,21,5665000,20,184,51575919,42,42,15875560,0,0,0,7,21,5665000,9,127,42665782
202604,25,027,1,1,Worcester County                                            ,186,186,66359420,7,14,2728800,1,3,800000,7,96,12769817,97,97,34837152,3,6,1258800,1,3,800000,5,86,11026272
202604,26,000,2,3,Michigan Balance of State                                   ,35,35,12004717,0,0,0,0,0,0,0,0,0,35,35,12004717,0,0,0,0,0,0,0,0,0
202604,26,001,2,3,Alcona County                                               ,11,11,3794823,0,0,0,0,0,0,0,0,0,11,11,3794823,0,0,0,0,0,0,0,0,0
202604,26,003,2,3,Alger County                                                ,9,9,2658458,0,0,0,0,0,0,0,0,0,0,0,0,0,0,0,0,0,0,0,0,0
202604,26,005,2,3,Allegan County                                              ,109,109,36132552,0,0,0,0,0,0,0,0,0,66,66,22305017,0,0,0,0,0,0,0,0,0
202604,26,007,2,3,Alpena County                                               ,14,14,4264874,0,0,0,0,0,0,1,5,294118,4,4,1215000,0,0,0,0,0,0,0,0,0
202604,26,009,2,3,Antrim County                                               ,24,24,4019790,0,0,0,0,0,0,0,0,0,0,0,0,0,0,0,0,0,0,0,0,0
202604,26,011,2,3,Arenac County                                               ,6,6,1975958,0,0,0,0,0,0,0,0,0,0,0,0,0,0,0,0,0,0,0,0,0
202604,26,013,2,3,Baraga County                                               ,2,2,488700,1,2,400000,0,0,0,0,0,0,0,0,0,0,0,0,0,0,0,0,0,0
202604,26,015,2,3,Barry County                                                ,49,49,17523763,0,0,0,0,0,0,0,0,0,0,0,0,0,0,0,0,0,0,0,0,0
202604,26,017,2,3,Bay County                                                  ,16,16,5357826,0,0,0,0,0,0,1,5,780780,6,6,2068555,0,0,0,0,0,0,0,0,0
202604,26,019,2,3,Benzie County                                               ,35,35,12049829,0,0,0,0,0,0,0,0,0,35,35,12049829,0,0,0,0,0,0,0,0,0
202604,26,021,2,3,Berrien County                                              ,90,90,49844417,1,2,500000,0,0,0,2,10,4375000,66,66,41237773,0,0,0,0,0,0,2,10,4375000
202604,26,023,2,3,Branch County                                               ,13,13,3849662,0,0,0,0,0,0,0,0,0,1,1,180000,0,0,0,0,0,0,0,0,0
202604,26,025,2,3,Calhoun County                                              ,37,37,8597647,0,0,0,0,0,0,0,0,0,10,10,1627865,0,0,0,0,0,0,0,0,0
202604,26,027,2,3,Cass County                                                 ,40,40,16799673,0,0,0,0,0,0,0,0,0,23,23,10297415,0,0,0,0,0,0,0,0,0
202604,26,029,2,3,Charlevoix County                                           ,25,25,6563142,0,0,0,0,0,0,0,0,0,0,0,0,0,0,0,0,0,0,0,0,0
202604,26,031,2,3,Cheboygan County                                            ,14,14,8435000,0,0,0,0,0,0,0,0,0,14,14,8435000,0,0,0,0,0,0,0,0,0
202604,26,033,2,3,Chippewa County                                             ,4,4,616065,0,0,0,0,0,0,0,0,0,3,3,486065,0,0,0,0,0,0,0,0,0
202604,26,035,2,3,Clare County                                                ,7,7,2127608,0,0,0,0,0,0,0,0,0,1,1,346214,0,0,0,0,0,0,0,0,0
202604,26,037,2,3,Clinton County                                              ,58,58,22362107,0,0,0,0,0,0,0,0,0,49,49,19247561,0,0,0,0,0,0,0,0,0
202604,26,039,2,3,Crawford County                                             ,11,11,2949153,0,0,0,0,0,0,0,0,0,11,11,2949153,0,0,0,0,0,0,0,0,0
202604,26,041,2,3,Delta County                                                ,14,14,4107023,1,2,175000,0,0,0,0,0,0,0,0,0,0,0,0,0,0,0,0,0,0
202604,26,043,2,3,Dickinson County                                            ,10,10,2385140,0,0,0,0,0,0,0,0,0,0,0,0,0,0,0,0,0,0,0,0,0
202604,26,045,2,3,Eaton County                                                ,30,30,14895565,0,0,0,0,0,0,0,0,0,24,24,13742228,0,0,0,0,0,0,0,0,0
202604,26,047,2,3,Emmet County                                                ,31,31,14892238,0,0,0,0,0,0,0,0,0,31,31,14892238,0,0,0,0,0,0,0,0,0
202604,26,049,2,3,Genesee County                                              ,94,94,29147645,7,14,2800000,3,12,2700000,4,24,6643492,65,65,21223782,7,14,2800000,3,12,2700000,0,0,0
202604,26,051,2,3,Gladwin County                                              ,23,23,5468106,0,0,0,0,0,0,0,0,0,0,0,0,0,0,0,0,0,0,0,0,0
202604,26,053,2,3,Gogebic County                                              ,8,8,2339416,0,0,0,0,0,0,0,0,0,2,2,245360,0,0,0,0,0,0,0,0,0
202604,26,055,2,3,Grand Traverse County                                       ,98,98,21356808,1,2,280430,0,0,0,3,120,10977634,98,98,21356808,1,2,280430,0,0,0,3,120,10977634
202604,26,057,2,3,Gratiot County                                              ,12,12,2547000,0,0,0,0,0,0,0,0,0,0,0,0,0,0,0,0,0,0,0,0,0
202604,26,059,2,3,Hillsdale County                                            ,30,30,9135139,0,0,0,0,0,0,0,0,0,30,30,9135139,0,0,0,0,0,0,0,0,0
202604,26,061,2,3,Houghton County                                             ,33,33,8609689,2,4,581429,0,0,0,1,5,689394,0,0,0,0,0,0,0,0,0,0,0,0
202604,26,063,2,3,Huron County                                                ,13,13,3403077,0,0,0,0,0,0,0,0,0,13,13,3403077,0,0,0,0,0,0,0,0,0
202604,26,065,2,3,Ingham County                                               ,58,58,18993710,0,0,0,0,0,0,6,81,9080021,4,4,2020931,0,0,0,0,0,0,0,0,0
202604,26,067,2,3,Ionia County                                                ,27,27,9681555,0,0,0,0,0,0,0,0,0,3,3,1101416,0,0,0,0,0,0,0,0,0
202604,26,069,2,3,Iosco County                                                ,8,8,4128422,0,0,0,0,0,0,0,0,0,8,8,4128422,0,0,0,0,0,0,0,0,0
202604,26,071,2,3,Iron County                                                 ,37,37,2172331,0,0,0,0,0,0,0,0,0,0,0,0,0,0,0,0,0,0,0,0,0
202604,26,073,2,3,Isabella County                                             ,22,22,5095318,1,2,526000,0,0,0,0,0,0,17,17,3941269,1,2,526000,0,0,0,0,0,0
202604,26,075,2,3,Jackson County                                              ,70,70,20036530,0,0,0,0,0,0,3,27,2881087,20,20,6820428,0,0,0,0,0,0,0,0,0
202604,26,077,2,3,Kalamazoo County                                            ,151,151,41349823,5,10,1220400,1,3,791400,0,0,0,123,123,29113635,5,10,1220400,1,3,791400,0,0,0
202604,26,079,2,3,Kalkaska County                                             ,13,13,2141812,0,0,0,0,0,0,0,0,0,0,0,0,0,0,0,0,0,0,0,0,0
202604,26,081,2,3,Kent County                                                 ,373,373,139413941,3,6,1343588,1,4,700000,16,287,38521892,299,299,113279998,1,2,640000,1,4,700000,11,258,33283775
202604,26,083,2,3,Keweenaw County                                             ,0,0,0,0,0,0,0,0,0,0,0,0,0,0,0,0,0,0,0,0,0,0,0,0
202604,26,085,2,3,Lake County                                                 ,8,8,1927768,0,0,0,0,0,0,0,0,0,0,0,0,0,0,0,0,0,0,0,0,0
202604,26,087,2,3,Lapeer County                                               ,43,43,17041073,0,0,0,0,0,0,0,0,0,35,35,14723900,0,0,0,0,0,0,0,0,0
202604,26,089,2,3,Leelanau County                                             ,43,43,10038190,0,0,0,0,0,0,0,0,0,43,43,10038190,0,0,0,0,0,0,0,0,0
202604,26,091,2,3,Lenawee County                                              ,52,52,16952847,0,0,0,0,0,0,0,0,0,13,13,6702179,0,0,0,0,0,0,0,0,0
202604,26,093,2,3,Livingston County                                           ,102,102,50674458,0,0,0,0,0,0,4,48,13140336,102,102,50674458,0,0,0,0,0,0,4,48,13140336
202604,26,095,2,3,Luce County                                                 ,1,1,202488,0,0,0,0,0,0,0,0,0,0,0,0,0,0,0,0,0,0,0,0,0
202604,26,097,2,3,Mackinac County                                             ,8,8,1305410,0,0,0,0,0,0,0,0,0,0,0,0,0,0,0,0,0,0,0,0,0
202604,26,099,2,3,Macomb County                                               ,295,295,134382427,0,0,0,17,68,6800000,0,0,0,286,286,130825886,0,0,0,17,68,6800000,0,0,0
202604,26,101,2,3,Manistee County                                             ,28,28,7864206,0,0,0,0,0,0,3,36,4394520,0,0,0,0,0,0,0,0,0,0,0,0
202604,26,103,2,3,Marquette County                                            ,5,5,1178930,1,2,500000,0,0,0,0,0,0,5,5,1178930,1,2,500000,0,0,0,0,0,0
202604,26,105,2,3,Mason County                                                ,20,20,5813816,0,0,0,0,0,0,0,0,0,20,20,5813816,0,0,0,0,0,0,0,0,0
202604,26,107,2,3,Mecosta County                                              ,32,32,6962422,0,0,0,0,0,0,0,0,0,21,21,4031712,0,0,0,0,0,0,0,0,0
202604,26,109,2,3,Menominee County                                            ,7,7,1113637,0,0,0,0,0,0,0,0,0,0,0,0,0,0,0,0,0,0,0,0,0
202604,26,111,2,3,Midland County                                              ,38,38,13113161,0,0,0,0,0,0,0,0,0,19,19,5052596,0,0,0,0,0,0,0,0,0
202604,26,113,2,3,Missaukee County                                            ,11,11,2273980,0,0,0,0,0,0,0,0,0,0,0,0,0,0,0,0,0,0,0,0,0
202604,26,115,2,3,Monroe County                                               ,59,59,18627255,1,2,280000,0,0,0,0,0,0,19,19,6484638,0,0,0,0,0,0,0,0,0
202604,26,117,2,3,Montcalm County                                             ,44,44,12199086,1,2,189433,1,3,58500,1,6,60000,35,35,10573922,0,0,0,0,0,0,1,6,60000
202604,26,119,2,3,Montmorency County                                          ,0,0,0,0,0,0,0,0,0,0,0,0,0,0,0,0,0,0,0,0,0,0,0,0
202604,26,121,2,3,Muskegon County                                             ,108,108,32729358,0,0,0,0,0,0,2,10,2365626,62,62,20488705,0,0,0,0,0,0,0,0,0
202604,26,123,2,3,Newaygo County                                              ,29,29,6815441,0,0,0,0,0,0,1,7,1030714,23,23,5616604,0,0,0,0,0,0,1,7,1030714
202604,26,125,2,3,Oakland County                                              ,482,482,210752841,1,2,250000,3,10,2540000,8,145,36179581,331,331,153991865,1,2,250000,3,10,2540000,4,107,27862900
202604,26,127,2,3,Oceana County                                               ,30,30,9581856,0,0,0,0,0,0,0,0,0,29,29,9270412,0,0,0,0,0,0,0,0,0
202604,26,129,2,3,Ogemaw County                                               ,10,10,4135000,0,0,0,0,0,0,0,0,0,10,10,4135000,0,0,0,0,0,0,0,0,0
202604,26,131,2,3,Ontonagon County                                            ,2,2,815714,0,0,0,0,0,0,0,0,0,0,0,0,0,0,0,0,0,0,0,0,0
202604,26,133,2,3,Osceola County                                              ,0,0,0,0,0,0,0,0,0,0,0,0,0,0,0,0,0,0,0,0,0,0,0,0
202604,26,135,2,3,Oscoda County                                               ,6,6,1964252,0,0,0,0,0,0,0,0,0,0,0,0,0,0,0,0,0,0,0,0,0
202604,26,137,2,3,Otsego County                                               ,7,7,567000,0,0,0,0,0,0,0,0,0,0,0,0,0,0,0,0,0,0,0,0,0
202604,26,139,2,3,Ottawa County                                               ,238,238,91339498,4,8,2465676,1,3,866666,7,62,7790216,205,205,79048119,4,8,2465676,0,0,0,1,10,1500000
202604,26,141,2,3,Presque Isle County                                         ,11,11,2682844,0,0,0,0,0,0,0,0,0,0,0,0,0,0,0,0,0,0,0,0,0
202604,26,143,2,3,Roscommon County                                            ,21,21,5533896,0,0,0,0,0,0,0,0,0,14,14,3976269,0,0,0,0,0,0,0,0,0
202604,26,145,2,3,Saginaw County                                              ,35,35,9872532,7,14,2637639,0,0,0,1,5,182927,12,12,3606216,5,10,1977152,0,0,0,0,0,0
202604,26,147,2,3,St. Clair County                                            ,73,73,26062517,0,0,0,0,0,0,0,0,0,42,42,16769070,0,0,0,0,0,0,0,0,0
202604,26,149,2,3,St. Joseph County                                           ,34,34,12890877,0,0,0,0,0,0,8,41,6427078,15,15,5469492,0,0,0,0,0,0,0,0,0
202604,26,151,2,3,Sanilac County                                              ,16,16,2475000,0,0,0,0,0,0,0,0,0,16,16,2475000,0,0,0,0,0,0,0,0,0
202604,26,153,2,3,Schoolcraft County                                          ,3,3,494772,0,0,0,0,0,0,0,0,0,0,0,0,0,0,0,0,0,0,0,0,0
202604,26,155,2,3,Shiawassee County                                           ,19,19,4603544,0,0,0,0,0,0,0,0,0,0,0,0,0,0,0,0,0,0,0,0,0
202604,26,157,2,3,Tuscola County                                              ,14,14,3830438,0,0,0,0,0,0,0,0,0,0,0,0,0,0,0,0,0,0,0,0,0
202604,26,159,2,3,Van Buren County                                            ,38,38,14696871,0,0,0,0,0,0,0,0,0,14,14,7799023,0,0,0,0,0,0,0,0,0
202604,26,161,2,3,Washtenaw County                                            ,199,199,91568062,1,2,240000,5,19,3545355,14,239,111919833,178,178,83709097,1,2,240000,4,16,2704320,7,57,10006000
202604,26,163,2,3,Wayne County                                                ,344,344,65708827,44,88,4652324,14,52,8872718,6,417,39378205,320,320,59308442,44,88,4652324,11,43,7116446,6,417,39378205
202604,26,165,2,3,Wexford County                                              ,11,11,3380078,0,0,0,0,0,0,5,30,8292956,9,9,2717725,0,0,0,0,0,0,0,0,0
202604,27,001,2,4,Aitkin County                                               ,25,25,8482797,0,0,0,0,0,0,1,5,715227,23,23,7917814,0,0,0,0,0,0,0,0,0
202604,27,003,2,4,Anoka County                                                ,211,211,74999551,0,0,0,0,0,0,1,5,780780,199,199,71538454,0,0,0,0,0,0,0,0,0
202604,27,005,2,4,Becker County                                               ,20,20,7731005,0,0,0,0,0,0,1,5,1041667,11,11,4955523,0,0,0,0,0,0,0,0,0
202604,27,007,2,4,Beltrami County                                             ,15,15,3340350,0,0,0,0,0,0,5,33,928125,3,3,837917,0,0,0,0,0,0,0,0,0
202604,27,009,2,4,Benton County                                               ,13,13,4583812,0,0,0,0,0,0,1,8,1402947,10,10,3639000,0,0,0,0,0,0,0,0,0
202604,27,011,2,4,Big Stone County                                            ,0,0,0,0,0,0,0,0,0,0,0,0,0,0,0,0,0,0,0,0,0,0,0,0
202604,27,013,2,4,Blue Earth County                                           ,30,30,9777324,12,24,1740000,0,0,0,6,261,37814947,24,24,7249900,12,24,1740000,0,0,0,6,261,37814947
202604,27,015,2,4,Brown County                                                ,9,9,3091433,0,0,0,0,0,0,1,39,11500000,7,7,2455000,0,0,0,0,0,0,1,39,11500000
202604,27,017,2,4,Carlton County                                              ,18,18,4921366,1,2,400000,0,0,0,1,5,357143,8,8,2982696,0,0,0,0,0,0,0,0,0
202604,27,019,2,4,Carver County                                               ,172,172,80004405,1,2,600000,1,4,729916,1,412,56651536,171,171,79711505,1,2,600000,1,4,729916,1,412,56651536
202604,27,021,2,4,Cass County                                                 ,76,76,26077027,0,0,0,1,3,475136,0,0,0,53,53,18277173,0,0,0,0,0,0,0,0,0
202604,27,023,2,4,Chippewa County                                             ,2,2,1015203,1,2,650000,0,0,0,0,0,0,1,1,341703,0,0,0,0,0,0,0,0,0
202604,27,025,2,4,Chisago County                                              ,52,52,14160550,0,0,0,0,0,0,0,0,0,32,32,10784631,0,0,0,0,0,0,0,0,0
202604,27,027,2,4,Clay County                                                 ,28,28,11338600,0,0,0,1,4,500000,1,44,8726000,28,28,11338600,0,0,0,1,4,500000,1,44,8726000
202604,27,029,2,4,Clearwater County                                           ,1,1,320650,0,0,0,0,0,0,0,0,0,0,0,0,0,0,0,0,0,0,0,0,0
202604,27,031,2,4,Cook County                                                 ,20,20,4951119,0,0,0,0,0,0,0,0,0,0,0,0,0,0,0,0,0,0,0,0,0
202604,27,033,2,4,Cottonwood County                                           ,4,4,1739146,0,0,0,0,0,0,0,0,0,2,2,900000,0,0,0,0,0,0,0,0,0
202604,27,035,2,4,Crow Wing County                                            ,101,101,36272715,1,2,500000,0,0,0,3,142,14250000,62,62,22853560,1,2,500000,0,0,0,3,142,14250000
202604,27,037,2,4,Dakota County                                               ,557,557,150845069,0,0,0,0,0,0,9,87,16391174,505,505,134117385,0,0,0,0,0,0,4,51,7774546
202604,27,039,2,4,Dodge County                                                ,12,12,3144000,0,0,0,0,0,0,0,0,0,10,10,2674000,0,0,0,0,0,0,0,0,0
202604,27,041,2,4,Douglas County                                              ,44,44,17295535,0,0,0,0,0,0,4,39,5041120,29,29,9990588,0,0,0,0,0,0,0,0,0
202604,27,043,2,4,Faribault County                                            ,2,2,690453,0,0,0,0,0,0,0,0,0,1,1,341703,0,0,0,0,0,0,0,0,0
202604,27,045,2,4,Fillmore County                                             ,19,19,3917917,0,0,0,0,0,0,0,0,0,0,0,0,0,0,0,0,0,0,0,0,0
202604,27,047,2,4,Freeborn County                                             ,5,5,1044422,0,0,0,0,0,0,0,0,0,5,5,1044422,0,0,0,0,0,0,0,0,0
202604,27,049,2,4,Goodhue County                                              ,23,23,7568600,1,2,250000,0,0,0,0,0,0,23,23,7568600,1,2,250000,0,0,0,0,0,0
202604,27,051,2,4,Grant County                                                ,2,2,641703,0,0,0,0,0,0,0,0,0,0,0,0,0,0,0,0,0,0,0,0,0
202604,27,053,2,4,Hennepin County                                             ,448,448,225438468,1,2,390000,0,0,0,6,543,123761901,433,433,215339014,0,0,0,0,0,0,4,524,120905524
202604,27,055,2,4,Houston County                                              ,11,11,4355688,1,2,397000,0,0,0,0,0,0,9,9,3377188,0,0,0,0,0,0,0,0,0
202604,27,057,2,4,Hubbard County                                              ,7,7,2243961,0,0,0,0,0,0,0,0,0,0,0,0,0,0,0,0,0,0,0,0,0
202604,27,059,2,4,Isanti County                                               ,42,42,11522238,0,0,0,0,0,0,1,9,1300553,34,34,9493276,0,0,0,0,0,0,0,0,0
202604,27,061,2,4,Itasca County                                               ,25,25,9054364,0,0,0,0,0,0,1,14,2294621,19,19,7094161,0,0,0,0,0,0,0,0,0
202604,27,063,2,4,Jackson County                                              ,1,1,450000,0,0,0,0,0,0,4,20,2830244,0,0,0,0,0,0,0,0,0,0,0,0
202604,27,065,2,4,Kanabec County                                              ,11,11,2809149,0,0,0,0,0,0,0,0,0,0,0,0,0,0,0,0,0,0,0,0,0
202604,27,067,2,4,Kandiyohi County                                            ,20,20,6552740,0,0,0,0,0,0,0,0,0,6,6,1999113,0,0,0,0,0,0,0,0,0
202604,27,069,2,4,Kittson County                                              ,2,2,662353,0,0,0,0,0,0,0,0,0,0,0,0,0,0,0,0,0,0,0,0,0
202604,27,071,2,4,Koochiching County                                          ,10,10,1815650,0,0,0,0,0,0,0,0,0,9,9,1495000,0,0,0,0,0,0,0,0,0
202604,27,073,2,4,Lac Qui Parle County                                        ,3,3,1230000,0,0,0,0,0,0,0,0,0,2,2,780000,0,0,0,0,0,0,0,0,0
202604,27,075,2,4,Lake County                                                 ,22,22,5962863,0,0,0,0,0,0,0,0,0,0,0,0,0,0,0,0,0,0,0,0,0
202604,27,077,2,4,Lake of the Woods County                                    ,3,3,892428,0,0,0,0,0,0,0,0,0,2,2,692428,0,0,0,0,0,0,0,0,0
202604,27,079,2,4,Le Sueur County                                             ,7,7,3050799,0,0,0,0,0,0,0,0,0,6,6,2697334,0,0,0,0,0,0,0,0,0
202604,27,081,2,4,Lincoln County                                              ,4,4,2647977,0,0,0,1,3,900000,0,0,0,3,3,2370000,0,0,0,0,0,0,0,0,0
202604,27,083,2,4,Lyon County                                                 ,4,4,1490835,0,0,0,0,0,0,0,0,0,0,0,0,0,0,0,0,0,0,0,0,0
202604,27,085,2,4,McLeod County                                               ,11,11,4823887,0,0,0,0,0,0,3,89,13878821,11,11,4823887,0,0,0,0,0,0,2,82,12854578
202604,27,087,2,4,Mahnomen County                                             ,0,0,0,0,0,0,0,0,0,0,0,0,0,0,0,0,0,0,0,0,0,0,0,0
202604,27,089,2,4,Marshall County                                             ,1,1,200000,0,0,0,0,0,0,0,0,0,0,0,0,0,0,0,0,0,0,0,0,0
202604,27,091,2,4,Martin County                                               ,1,1,1000000,2,4,1000000,0,0,0,0,0,0,1,1,1000000,0,0,0,0,0,0,0,0,0
202604,27,093,2,4,Meeker County                                               ,15,15,5351227,0,0,0,0,0,0,0,0,0,12,12,4340214,0,0,0,0,0,0,0,0,0
202604,27,095,2,4,Mille Lacs County                                           ,19,19,5898910,0,0,0,0,0,0,0,0,0,11,11,3544500,0,0,0,0,0,0,0,0,0
202604,27,097,2,4,Morrison County                                             ,30,30,8525709,2,4,700000,1,3,438855,3,15,4899999,22,22,6161660,0,0,0,0,0,0,0,0,0
202604,27,099,2,4,Mower County                                                ,12,12,4133338,0,0,0,0,0,0,0,0,0,8,8,3774000,0,0,0,0,0,0,0,0,0
202604,27,101,2,4,Murray County                                               ,4,4,2624500,0,0,0,0,0,0,0,0,0,4,4,2624500,0,0,0,0,0,0,0,0,0
202604,27,103,2,4,Nicollet County                                             ,21,21,7526667,0,0,0,0,0,0,1,56,7500000,19,19,6770000,0,0,0,0,0,0,1,56,7500000
202604,27,105,2,4,Nobles County                                               ,3,3,1014400,1,2,416508,0,0,0,1,8,1000000,0,0,0,0,0,0,0,0,0,0,0,0
202604,27,107,2,4,Norman County                                               ,1,1,341703,0,0,0,0,0,0,0,0,0,0,0,0,0,0,0,0,0,0,0,0,0
202604,27,109,2,4,Olmsted County                                              ,125,125,47084235,0,0,0,0,0,0,3,451,99542641,120,120,45252306,0,0,0,0,0,0,3,451,99542641
202604,27,111,2,4,Otter Tail County                                           ,12,12,3399910,0,0,0,0,0,0,0,0,0,2,2,416000,0,0,0,0,0,0,0,0,0
202604,27,113,2,4,Pennington County                                           ,0,0,0,0,0,0,0,0,0,0,0,0,0,0,0,0,0,0,0,0,0,0,0,0
202604,27,115,2,4,Pine County                                                 ,55,55,17479304,0,0,0,0,0,0,3,15,4312500,3,3,868112,0,0,0,0,0,0,0,0,0
202604,27,117,2,4,Pipestone County                                            ,0,0,0,1,2,500000,0,0,0,0,0,0,0,0,0,0,0,0,0,0,0,0,0,0
202604,27,119,2,4,Polk County                                                 ,6,6,2459292,0,0,0,0,0,0,0,0,0,4,4,2056942,0,0,0,0,0,0,0,0,0
202604,27,121,2,4,Pope County                                                 ,7,7,2435650,0,0,0,0,0,0,0,0,0,6,6,2115000,0,0,0,0,0,0,0,0,0
202604,27,123,2,4,Ramsey County                                               ,62,62,24950758,7,14,2771000,1,3,1100000,2,247,36216577,47,47,20948942,7,14,2771000,1,3,1100000,1,231,33557809
202604,27,125,2,4,Red Lake County                                             ,0,0,0,0,0,0,0,0,0,0,0,0,0,0,0,0,0,0,0,0,0,0,0,0
202604,27,127,2,4,Redwood County                                              ,3,3,1240000,0,0,0,0,0,0,0,0,0,3,3,1240000,0,0,0,0,0,0,0,0,0
202604,27,129,2,4,Renville County                                             ,3,3,1034131,0,0,0,0,0,0,0,0,0,3,3,1034131,0,0,0,0,0,0,0,0,0
202604,27,131,2,4,Rice County                                                 ,29,29,10463367,0,0,0,0,0,0,0,0,0,13,13,5892010,0,0,0,0,0,0,0,0,0
202604,27,133,2,4,Rock County                                                 ,3,3,1851103,2,4,636332,0,0,0,3,15,1944444,1,1,900000,0,0,0,0,0,0,0,0,0
202604,27,135,2,4,Roseau County                                               ,3,3,208025,0,0,0,0,0,0,0,0,0,0,0,0,0,0,0,0,0,0,0,0,0
202604,27,137,2,4,St. Louis County                                            ,50,50,18515625,0,0,0,0,0,0,2,36,5460000,37,37,14127487,0,0,0,0,0,0,2,36,5460000
202604,27,139,2,4,Scott County                                                ,199,199,93441573,0,0,0,0,0,0,0,0,0,193,193,87159804,0,0,0,0,0,0,0,0,0
202604,27,141,2,4,Sherburne County                                            ,81,81,24079698,1,2,262500,0,0,0,0,0,0,75,75,22461767,0,0,0,0,0,0,0,0,0
202604,27,143,2,4,Sibley County                                               ,5,5,1380331,0,0,0,0,0,0,0,0,0,1,1,346214,0,0,0,0,0,0,0,0,0
202604,27,145,2,4,Stearns County                                              ,94,94,40856266,0,0,0,0,0,0,2,17,2936444,67,67,25669832,0,0,0,0,0,0,0,0,0
202604,27,147,2,4,Steele County                                               ,12,12,4109277,0,0,0,1,4,1000000,1,5,611645,10,10,3375000,0,0,0,1,4,1000000,0,0,0
202604,27,149,2,4,Stevens County                                              ,4,4,2336556,0,0,0,0,0,0,1,6,600000,0,0,0,0,0,0,0,0,0,0,0,0
202604,27,151,2,4,Swift County                                                ,3,3,1008734,3,6,1083333,0,0,0,0,0,0,2,2,683406,0,0,0,0,0,0,0,0,0
202604,27,153,2,4,Todd County                                                 ,19,19,6494493,0,0,0,0,0,0,0,0,0,17,17,5849552,0,0,0,0,0,0,0,0,0
202604,27,155,2,4,Traverse County                                             ,0,0,0,0,0,0,0,0,0,0,0,0,0,0,0,0,0,0,0,0,0,0,0,0
202604,27,157,2,4,Wabasha County                                              ,5,5,1343750,0,0,0,0,0,0,0,0,0,4,4,1125000,0,0,0,0,0,0,0,0,0
202604,27,159,2,4,Wadena County                                               ,17,17,6056720,0,0,0,0,0,0,0,0,0,14,14,5498386,0,0,0,0,0,0,0,0,0
202604,27,161,2,4,Waseca County                                               ,10,10,3007872,0,0,0,0,0,0,0,0,0,7,7,2008796,0,0,0,0,0,0,0,0,0
202604,27,163,2,4,Washington County                                           ,351,351,121070860,0,0,0,0,0,0,1,164,31715419,346,346,117545830,0,0,0,0,0,0,1,164,31715419
202604,27,165,2,4,Watonwan County                                             ,0,0,0,0,0,0,0,0,0,0,0,0,0,0,0,0,0,0,0,0,0,0,0,0
202604,27,167,2,4,Wilkin County                                               ,3,3,906639,0,0,0,0,0,0,0,0,0,0,0,0,0,0,0,0,0,0,0,0,0
202604,27,169,2,4,Winona County                                               ,24,24,19092265,0,0,0,0,0,0,0,0,0,22,22,18505000,0,0,0,0,0,0,0,0,0
202604,27,171,2,4,Wright County                                               ,287,287,99388231,0,0,0,0,0,0,2,42,4340000,249,249,85581192,0,0,0,0,0,0,2,42,4340000
202604,27,173,2,4,Yellow Medicine County                                      ,10,10,3270005,0,0,0,0,0,0,0,0,0,0,0,0,0,0,0,0,0,0,0,0,0
202604,28,001,3,6,Adams County                                                ,1,1,112875,0,0,0,0,0,0,0,0,0,0,0,0,0,0,0,0,0,0,0,0,0
202604,28,003,3,6,Alcorn County                                               ,7,7,2754659,0,0,0,0,0,0,0,0,0,4,4,1890110,0,0,0,0,0,0,0,0,0
202604,28,005,3,6,Amite County                                                ,0,0,0,0,0,0,0,0,0,0,0,0,0,0,0,0,0,0,0,0,0,0,0,0
202604,28,007,3,6,Attala County                                               ,3,3,1133334,0,0,0,0,0,0,0,0,0,0,0,0,0,0,0,0,0,0,0,0,0
202604,28,009,3,6,Benton County                                               ,0,0,0,0,0,0,0,0,0,0,0,0,0,0,0,0,0,0,0,0,0,0,0,0
202604,28,011,3,6,Bolivar County                                              ,3,3,605041,0,0,0,0,0,0,0,0,0,1,1,150000,0,0,0,0,0,0,0,0,0
202604,28,013,3,6,Calhoun County                                              ,1,1,302641,0,0,0,0,0,0,0,0,0,0,0,0,0,0,0,0,0,0,0,0,0
202604,28,017,3,6,Chickasaw County                                            ,2,2,371205,0,0,0,0,0,0,0,0,0,0,0,0,0,0,0,0,0,0,0,0,0
202604,28,019,3,6,Choctaw County                                              ,0,0,0,0,0,0,0,0,0,0,0,0,0,0,0,0,0,0,0,0,0,0,0,0
202604,28,021,3,6,Claiborne County                                            ,0,0,0,0,0,0,0,0,0,0,0,0,0,0,0,0,0,0,0,0,0,0,0,0
202604,28,023,3,6,Clarke County                                               ,0,0,0,0,0,0,0,0,0,0,0,0,0,0,0,0,0,0,0,0,0,0,0,0
202604,28,025,3,6,Clay County                                                 ,0,0,0,0,0,0,0,0,0,0,0,0,0,0,0,0,0,0,0,0,0,0,0,0
202604,28,027,3,6,Coahoma County                                              ,7,7,1099072,0,0,0,0,0,0,0,0,0,0,0,0,0,0,0,0,0,0,0,0,0
202604,28,029,3,6,Copiah County                                               ,0,0,0,0,0,0,0,0,0,0,0,0,0,0,0,0,0,0,0,0,0,0,0,0
202604,28,031,3,6,Covington County                                            ,0,0,0,0,0,0,0,0,0,0,0,0,0,0,0,0,0,0,0,0,0,0,0,0
202604,28,033,3,6,DeSoto County                                               ,339,339,72658456,0,0,0,0,0,0,0,0,0,308,308,69595199,0,0,0,0,0,0,0,0,0
202604,28,035,3,6,Forrest County                                              ,20,20,6989588,0,0,0,0,0,0,0,0,0,3,3,2589000,0,0,0,0,0,0,0,0,0
202604,28,039,3,6,George County                                               ,3,3,460000,0,0,0,0,0,0,0,0,0,3,3,460000,0,0,0,0,0,0,0,0,0
202604,28,041,3,6,Greene County                                               ,0,0,0,0,0,0,0,0,0,0,0,0,0,0,0,0,0,0,0,0,0,0,0,0
202604,28,043,3,6,Grenada County                                              ,2,2,308330,0,0,0,0,0,0,1,5,734759,0,0,0,0,0,0,0,0,0,0,0,0
202604,28,045,3,6,Hancock County                                              ,80,80,21000089,1,2,170758,0,0,0,0,0,0,34,34,11975066,0,0,0,0,0,0,0,0,0
202604,28,047,3,6,Harrison County                                             ,681,681,83667603,2,4,246096,1,4,350000,1,24,1081287,224,224,50420685,1,2,126096,1,4,350000,0,0,0
202604,28,049,3,6,Hinds County                                                ,87,87,16506553,2,4,311542,0,0,0,1,7,562301,45,45,11280299,0,0,0,0,0,0,0,0,0
202604,28,051,3,6,Holmes County                                               ,7,7,1591616,0,0,0,0,0,0,0,0,0,0,0,0,0,0,0,0,0,0,0,0,0
202604,28,053,3,6,Humphreys County                                            ,2,2,615000,0,0,0,0,0,0,0,0,0,0,0,0,0,0,0,0,0,0,0,0,0
202604,28,057,3,6,Itawamba County                                             ,2,2,426175,0,0,0,0,0,0,0,0,0,0,0,0,0,0,0,0,0,0,0,0,0
202604,28,059,3,6,Jackson County                                              ,324,324,55369575,0,0,0,0,0,0,0,0,0,321,321,54478704,0,0,0,0,0,0,0,0,0
202604,28,061,3,6,Jasper County                                               ,0,0,0,0,0,0,0,0,0,0,0,0,0,0,0,0,0,0,0,0,0,0,0,0
202604,28,063,3,6,Jefferson County                                            ,0,0,0,0,0,0,0,0,0,0,0,0,0,0,0,0,0,0,0,0,0,0,0,0
202604,28,065,3,6,Jefferson Davis County                                      ,0,0,0,0,0,0,0,0,0,0,0,0,0,0,0,0,0,0,0,0,0,0,0,0
202604,28,067,3,6,Jones County                                                ,1,1,296017,0,0,0,0,0,0,0,0,0,1,1,296017,0,0,0,0,0,0,0,0,0
202604,28,071,3,6,Lafayette County                                            ,153,153,51189299,5,10,2359479,3,9,2466657,0,0,0,0,0,0,0,0,0,0,0,0,0,0,0
202604,28,073,3,6,Lamar County                                                ,5,5,1381000,0,0,0,0,0,0,0,0,0,5,5,1381000,0,0,0,0,0,0,0,0,0
202604,28,075,3,6,Lauderdale County                                           ,8,8,2385590,0,0,0,0,0,0,0,0,0,0,0,0,0,0,0,0,0,0,0,0,0
202604,28,077,3,6,Lawrence County                                             ,0,0,0,0,0,0,0,0,0,0,0,0,0,0,0,0,0,0,0,0,0,0,0,0
202604,28,079,3,6,Leake County                                                ,0,0,0,0,0,0,0,0,0,0,0,0,0,0,0,0,0,0,0,0,0,0,0,0
202604,28,081,3,6,Lee County                                                  ,42,42,13193478,0,0,0,0,0,0,0,0,0,10,10,4049408,0,0,0,0,0,0,0,0,0
202604,28,083,3,6,Leflore County                                              ,4,4,1253040,0,0,0,0,0,0,1,5,252941,0,0,0,0,0,0,0,0,0,0,0,0
202604,28,085,3,6,Lincoln County                                              ,0,0,0,0,0,0,0,0,0,0,0,0,0,0,0,0,0,0,0,0,0,0,0,0
202604,28,087,3,6,Lowndes County                                              ,48,48,5045789,0,0,0,0,0,0,0,0,0,48,48,5045789,0,0,0,0,0,0,0,0,0
202604,28,089,3,6,Madison County                                              ,229,229,68719365,0,0,0,0,0,0,0,0,0,215,215,62779046,0,0,0,0,0,0,0,0,0
202604,28,091,3,6,Marion County                                               ,0,0,0,0,0,0,0,0,0,0,0,0,0,0,0,0,0,0,0,0,0,0,0,0
202604,28,093,3,6,Marshall County                                             ,167,167,32836794,0,0,0,0,0,0,0,0,0,166,166,32719294,0,0,0,0,0,0,0,0,0
202604,28,095,3,6,Monroe County                                               ,9,9,1740163,0,0,0,0,0,0,0,0,0,0,0,0,0,0,0,0,0,0,0,0,0
202604,28,097,3,6,Montgomery County                                           ,4,4,156000,0,0,0,0,0,0,4,25,625000,0,0,0,0,0,0,0,0,0,0,0,0
202604,28,099,3,6,Neshoba County                                              ,0,0,0,0,0,0,0,0,0,0,0,0,0,0,0,0,0,0,0,0,0,0,0,0
202604,28,101,3,6,Newton County                                               ,0,0,0,0,0,0,0,0,0,0,0,0,0,0,0,0,0,0,0,0,0,0,0,0
202604,28,103,3,6,Noxubee County                                              ,0,0,0,0,0,0,0,0,0,0,0,0,0,0,0,0,0,0,0,0,0,0,0,0
202604,28,105,3,6,Oktibbeha County                                            ,21,21,7282055,0,0,0,0,0,0,0,0,0,5,5,1640000,0,0,0,0,0,0,0,0,0
202604,28,107,3,6,Panola County                                               ,3,3,531678,0,0,0,0,0,0,0,0,0,1,1,92480,0,0,0,0,0,0,0,0,0
202604,28,109,3,6,Pearl River County                                          ,137,137,23499830,1,2,278431,0,0,0,0,0,0,121,121,20360401,0,0,0,0,0,0,0,0,0
202604,28,111,3,6,Perry County                                                ,0,0,0,0,0,0,0,0,0,0,0,0,0,0,0,0,0,0,0,0,0,0,0,0
202604,28,113,3,6,Pike County                                                 ,0,0,0,1,2,200000,0,0,0,0,0,0,0,0,0,0,0,0,0,0,0,0,0,0
202604,28,115,3,6,Pontotoc County                                             ,14,14,3014807,0,0,0,0,0,0,5,27,337500,0,0,0,0,0,0,0,0,0,0,0,0
202604,28,117,3,6,Prentiss County                                             ,2,2,491750,0,0,0,1,3,609375,0,0,0,2,2,491750,0,0,0,0,0,0,0,0,0
202604,28,119,3,6,Quitman County                                              ,3,3,198215,0,0,0,0,0,0,0,0,0,0,0,0,0,0,0,0,0,0,0,0,0
202604,28,121,3,6,Rankin County                                               ,213,213,70532858,0,0,0,0,0,0,0,0,0,194,194,64652777,0,0,0,0,0,0,0,0,0
202604,28,123,3,6,Scott County                                                ,8,8,2175617,0,0,0,0,0,0,0,0,0,0,0,0,0,0,0,0,0,0,0,0,0
202604,28,125,3,6,Sharkey County                                              ,0,0,0,0,0,0,0,0,0,0,0,0,0,0,0,0,0,0,0,0,0,0,0,0
202604,28,127,3,6,Simpson County                                              ,18,18,5393514,0,0,0,0,0,0,0,0,0,17,17,5294214,0,0,0,0,0,0,0,0,0
202604,28,129,3,6,Smith County                                                ,0,0,0,0,0,0,0,0,0,0,0,0,0,0,0,0,0,0,0,0,0,0,0,0
202604,28,131,3,6,Stone County                                                ,18,18,2892214,0,0,0,0,0,0,0,0,0,0,0,0,0,0,0,0,0,0,0,0,0
202604,28,133,3,6,Sunflower County                                            ,3,3,813125,0,0,0,0,0,0,0,0,0,0,0,0,0,0,0,0,0,0,0,0,0
202604,28,135,3,6,Tallahatchie County                                         ,0,0,0,1,2,234203,0,0,0,0,0,0,0,0,0,0,0,0,0,0,0,0,0,0
202604,28,137,3,6,Tate County                                                 ,35,35,10817610,0,0,0,0,0,0,0,0,0,23,23,8190800,0,0,0,0,0,0,0,0,0
202604,28,139,3,6,Tippah County                                               ,4,4,836304,0,0,0,0,0,0,0,0,0,0,0,0,0,0,0,0,0,0,0,0,0
202604,28,141,3,6,Tishomingo County                                           ,7,7,2118484,0,0,0,0,0,0,0,0,0,0,0,0,0,0,0,0,0,0,0,0,0
202604,28,143,3,6,Tunica County                                               ,30,30,6748378,0,0,0,0,0,0,0,0,0,0,0,0,0,0,0,0,0,0,0,0,0
202604,28,145,3,6,Union County                                                ,10,10,2033000,0,0,0,0,0,0,0,0,0,10,10,2033000,0,0,0,0,0,0,0,0,0
202604,28,147,3,6,Walthall County                                             ,0,0,0,0,0,0,0,0,0,0,0,0,0,0,0,0,0,0,0,0,0,0,0,0
202604,28,149,3,6,Warren County                                               ,2,2,423863,0,0,0,0,0,0,0,0,0,2,2,423863,0,0,0,0,0,0,0,0,0
202604,28,151,3,6,Washington County                                           ,2,2,799833,0,0,0,0,0,0,0,0,0,0,0,0,0,0,0,0,0,0,0,0,0
202604,28,153,3,6,Wayne County                                                ,1,1,150003,1,2,50000,0,0,0,0,0,0,0,0,0,0,0,0,0,0,0,0,0,0
202604,28,155,3,6,Webster County                                              ,4,4,590292,0,0,0,0,0,0,0,0,0,0,0,0,0,0,0,0,0,0,0,0,0
202604,28,157,3,6,Wilkinson County                                            ,0,0,0,0,0,0,0,0,0,0,0,0,0,0,0,0,0,0,0,0,0,0,0,0
202604,28,159,3,6,Winston County                                              ,0,0,0,0,0,0,0,0,0,0,0,0,0,0,0,0,0,0,0,0,0,0,0,0
202604,28,161,3,6,Yalobusha County                                            ,7,7,213115,0,0,0,0,0,0,0,0,0,0,0,0,0,0,0,0,0,0,0,0,0
202604,28,163,3,6,Yazoo County                                                ,4,4,289716,0,0,0,0,0,0,0,0,0,0,0,0,0,0,0,0,0,0,0,0,0
202604,29,001,2,4,Adair County                                                ,5,5,1633722,0,0,0,0,0,0,0,0,0,5,5,1633722,0,0,0,0,0,0,0,0,0
202604,29,003,2,4,Andrew County                                               ,0,0,0,0,0,0,0,0,0,0,0,0,0,0,0,0,0,0,0,0,0,0,0,0
202604,29,005,2,4,Atchison County                                             ,0,0,0,0,0,0,0,0,0,0,0,0,0,0,0,0,0,0,0,0,0,0,0,0
202604,29,007,2,4,Audrain County                                              ,12,12,2089604,2,4,406000,0,0,0,0,0,0,11,11,1948979,2,4,406000,0,0,0,0,0,0
202604,29,009,2,4,Barry County                                                ,12,12,3392957,5,10,962883,1,3,438855,0,0,0,0,0,0,0,0,0,0,0,0,0,0,0
202604,29,011,2,4,Barton County                                               ,0,0,0,0,0,0,1,3,198000,0,0,0,0,0,0,0,0,0,0,0,0,0,0,0
202604,29,013,2,4,Bates County                                                ,3,3,544114,0,0,0,0,0,0,0,0,0,0,0,0,0,0,0,0,0,0,0,0,0
202604,29,015,2,4,Benton County                                               ,0,0,0,0,0,0,0,0,0,0,0,0,0,0,0,0,0,0,0,0,0,0,0,0
202604,29,017,2,4,Bollinger County                                            ,0,0,0,0,0,0,0,0,0,0,0,0,0,0,0,0,0,0,0,0,0,0,0,0
202604,29,019,2,4,Boone County                                                ,201,201,85854716,0,0,0,0,0,0,4,248,37972645,201,201,85854716,0,0,0,0,0,0,4,248,37972645
202604,29,021,2,4,Buchanan County                                             ,12,12,2487317,0,0,0,0,0,0,0,0,0,0,0,0,0,0,0,0,0,0,0,0,0
202604,29,023,2,4,Butler County                                               ,3,3,378000,0,0,0,2,8,400000,0,0,0,3,3,378000,0,0,0,2,8,400000,0,0,0
202604,29,025,2,4,Caldwell County                                             ,2,2,704639,0,0,0,0,0,0,0,0,0,0,0,0,0,0,0,0,0,0,0,0,0
202604,29,027,2,4,Callaway County                                             ,10,10,2973467,1,2,335332,0,0,0,0,0,0,2,2,734277,1,2,335332,0,0,0,0,0,0
202604,29,029,2,4,Camden County                                               ,83,83,31387119,2,4,1289781,0,0,0,1,5,468750,2,2,600000,0,0,0,0,0,0,0,0,0
202604,29,031,2,4,Cape Girardeau County                                       ,27,27,9635827,1,2,250000,0,0,0,0,0,0,13,13,4403878,1,2,250000,0,0,0,0,0,0
202604,29,033,2,4,Carroll County                                              ,2,2,653703,1,2,187500,0,0,0,0,0,0,0,0,0,0,0,0,0,0,0,0,0,0
202604,29,035,2,4,Carter County                                               ,1,1,341703,0,0,0,0,0,0,0,0,0,0,0,0,0,0,0,0,0,0,0,0,0
202604,29,037,2,4,Cass County                                                 ,170,170,66625017,0,0,0,0,0,0,2,24,2592000,156,156,60887624,0,0,0,0,0,0,2,24,2592000
202604,29,039,2,4,Cedar County                                                ,2,2,479050,0,0,0,0,0,0,0,0,0,1,1,158400,0,0,0,0,0,0,0,0,0
202604,29,041,2,4,Chariton County                                             ,0,0,0,0,0,0,0,0,0,0,0,0,0,0,0,0,0,0,0,0,0,0,0,0
202604,29,043,2,4,Christian County                                            ,132,132,39874824,3,6,1039213,1,3,187500,2,60,4375000,44,44,11721536,2,4,752000,0,0,0,2,60,4375000
202604,29,045,2,4,Clark County                                                ,3,3,961950,0,0,0,0,0,0,0,0,0,0,0,0,0,0,0,0,0,0,0,0,0
202604,29,047,2,4,Clay County                                                 ,101,101,35603651,0,0,0,0,0,0,0,0,0,98,98,34996580,0,0,0,0,0,0,0,0,0
202604,29,049,2,4,Clinton County                                              ,21,21,6903100,0,0,0,0,0,0,0,0,0,14,14,5203764,0,0,0,0,0,0,0,0,0
202604,29,051,2,4,Cole County                                                 ,53,53,19173824,1,2,349292,0,0,0,0,0,0,35,35,12849854,0,0,0,0,0,0,0,0,0
202604,29,053,2,4,Cooper County                                               ,7,7,2218958,0,0,0,0,0,0,0,0,0,0,0,0,0,0,0,0,0,0,0,0,0
202604,29,055,2,4,Crawford County                                             ,4,4,2396732,0,0,0,1,3,120000,0,0,0,0,0,0,0,0,0,0,0,0,0,0,0
202604,29,057,2,4,Dade County                                                 ,0,0,0,0,0,0,0,0,0,0,0,0,0,0,0,0,0,0,0,0,0,0,0,0
202604,29,059,2,4,Dallas County                                               ,2,2,683406,0,0,0,0,0,0,0,0,0,2,2,683406,0,0,0,0,0,0,0,0,0
202604,29,061,2,4,Daviess County                                              ,2,2,310400,0,0,0,0,0,0,0,0,0,0,0,0,0,0,0,0,0,0,0,0,0
202604,29,063,2,4,DeKalb  County                                              ,1,1,225000,0,0,0,0,0,0,0,0,0,0,0,0,0,0,0,0,0,0,0,0,0
202604,29,065,2,4,Dent County                                                 ,0,0,0,0,0,0,0,0,0,0,0,0,0,0,0,0,0,0,0,0,0,0,0,0
202604,29,067,2,4,Douglas County                                              ,3,3,770799,0,0,0,0,0,0,0,0,0,0,0,0,0,0,0,0,0,0,0,0,0
202604,29,069,2,4,Dunklin County                                              ,8,8,1466728,0,0,0,0,0,0,0,0,0,0,0,0,0,0,0,0,0,0,0,0,0
202604,29,071,2,4,Franklin County                                             ,164,164,69446214,7,14,1644290,0,0,0,5,44,5570081,158,158,68086786,3,6,988040,0,0,0,1,16,2777553
202604,29,073,2,4,Gasconade County                                            ,1,1,341703,0,0,0,0,0,0,0,0,0,0,0,0,0,0,0,0,0,0,0,0,0
202604,29,075,2,4,Gentry County                                               ,0,0,0,0,0,0,0,0,0,0,0,0,0,0,0,0,0,0,0,0,0,0,0,0
202604,29,077,2,4,Greene County                                               ,330,330,111433362,6,12,1610000,0,0,0,4,120,25500000,309,309,104494211,6,12,1610000,0,0,0,4,120,25500000
202604,29,079,2,4,Grundy County                                               ,0,0,0,0,0,0,0,0,0,0,0,0,0,0,0,0,0,0,0,0,0,0,0,0
202604,29,081,2,4,Harrison County                                             ,1,1,124400,0,0,0,0,0,0,0,0,0,0,0,0,0,0,0,0,0,0,0,0,0
202604,29,083,2,4,Henry County                                                ,5,5,1343271,0,0,0,0,0,0,0,0,0,4,4,1055000,0,0,0,0,0,0,0,0,0
202604,29,087,2,4,Holt County                                                 ,0,0,0,0,0,0,0,0,0,0,0,0,0,0,0,0,0,0,0,0,0,0,0,0
202604,29,089,2,4,Howard County                                               ,1,1,95313,0,0,0,0,0,0,0,0,0,0,0,0,0,0,0,0,0,0,0,0,0
202604,29,091,2,4,Howell County                                               ,12,12,2821035,0,0,0,1,4,375000,0,0,0,10,10,2254000,0,0,0,1,4,375000,0,0,0
202604,29,093,2,4,Iron County                                                 ,3,3,546500,0,0,0,0,0,0,0,0,0,0,0,0,0,0,0,0,0,0,0,0,0
202604,29,095,2,4,Jackson County                                              ,335,335,107101526,13,26,4202613,38,138,22325620,8,199,31571656,324,324,104228635,13,26,4202613,38,138,22325620,8,199,31571656
202604,29,097,2,4,Jasper County                                               ,116,116,29965179,23,46,6901703,2,6,222500,1,10,1360683,85,85,20832330,22,44,6590733,0,0,0,1,10,1360683
202604,29,099,2,4,Jefferson County                                            ,171,171,58277052,1,2,300000,0,0,0,3,26,1625000,158,158,54355963,1,2,300000,0,0,0,0,0,0
202604,29,101,2,4,Johnson County                                              ,10,10,2238923,5,10,1375000,0,0,0,0,0,0,7,7,1678395,4,8,1200000,0,0,0,0,0,0
202604,29,103,2,4,Knox County                                                 ,1,1,341703,0,0,0,0,0,0,0,0,0,0,0,0,0,0,0,0,0,0,0,0,0
202604,29,105,2,4,Laclede County                                              ,14,14,3049740,1,2,380000,0,0,0,0,0,0,14,14,3049740,1,2,380000,0,0,0,0,0,0
202604,29,107,2,4,Lafayette County                                            ,28,28,9315491,0,0,0,2,8,700000,0,0,0,2,2,330000,0,0,0,2,8,700000,0,0,0
202604,29,109,2,4,Lawrence County                                             ,23,23,7087193,14,28,5210395,0,0,0,4,20,3809524,14,14,4783842,11,22,4106907,0,0,0,0,0,0
202604,29,111,2,4,Lewis County                                                ,1,1,185000,0,0,0,1,3,210000,0,0,0,0,0,0,0,0,0,0,0,0,0,0,0
202604,29,113,2,4,Lincoln County                                              ,22,22,5418469,8,16,1550000,0,0,0,11,102,7968401,19,19,4860049,8,16,1550000,0,0,0,11,102,7968401
202604,29,115,2,4,Linn County                                                 ,2,2,606476,0,0,0,0,0,0,0,0,0,0,0,0,0,0,0,0,0,0,0,0,0
202604,29,117,2,4,Livingston County                                           ,8,8,1915834,0,0,0,0,0,0,0,0,0,0,0,0,0,0,0,0,0,0,0,0,0
202604,29,119,2,4,McDonald County                                             ,2,2,302290,0,0,0,0,0,0,0,0,0,0,0,0,0,0,0,0,0,0,0,0,0
202604,29,121,2,4,Macon County                                                ,3,3,987514,0,0,0,0,0,0,0,0,0,1,1,346214,0,0,0,0,0,0,0,0,0
202604,29,123,2,4,Madison County                                              ,0,0,0,0,0,0,0,0,0,0,0,0,0,0,0,0,0,0,0,0,0,0,0,0
202604,29,125,2,4,Maries County                                               ,2,2,641300,0,0,0,0,0,0,0,0,0,0,0,0,0,0,0,0,0,0,0,0,0
202604,29,127,2,4,Marion County                                               ,18,18,7391694,2,4,698584,1,4,729916,0,0,0,18,18,7391694,2,4,698584,1,4,729916,0,0,0
202604,29,129,2,4,Mercer County                                               ,0,0,0,0,0,0,0,0,0,0,0,0,0,0,0,0,0,0,0,0,0,0,0,0
202604,29,131,2,4,Miller County                                               ,7,7,1864311,0,0,0,3,10,676781,0,0,0,3,3,1126311,0,0,0,0,0,0,0,0,0
202604,29,133,2,4,Mississippi County                                          ,4,4,386000,0,0,0,0,0,0,0,0,0,0,0,0,0,0,0,0,0,0,0,0,0
202604,29,135,2,4,Moniteau County                                             ,1,1,58333,0,0,0,0,0,0,0,0,0,0,0,0,0,0,0,0,0,0,0,0,0
202604,29,137,2,4,Monroe County                                               ,8,8,2565200,0,0,0,0,0,0,0,0,0,0,0,0,0,0,0,0,0,0,0,0,0
202604,29,139,2,4,Montgomery County                                           ,17,17,4651985,0,0,0,0,0,0,0,0,0,2,2,683406,0,0,0,0,0,0,0,0,0
202604,29,141,2,4,Morgan County                                               ,3,3,983003,0,0,0,0,0,0,0,0,0,0,0,0,0,0,0,0,0,0,0,0,0
202604,29,143,2,4,New Madrid County                                           ,5,5,1135236,0,0,0,0,0,0,0,0,0,2,2,692428,0,0,0,0,0,0,0,0,0
202604,29,145,2,4,Newton County                                               ,16,16,3058407,0,0,0,0,0,0,3,15,675000,0,0,0,0,0,0,0,0,0,0,0,0
202604,29,147,2,4,Nodaway County                                              ,14,14,3152365,1,2,266667,0,0,0,0,0,0,0,0,0,0,0,0,0,0,0,0,0,0
202604,29,149,2,4,Oregon County                                               ,0,0,0,0,0,0,0,0,0,0,0,0,0,0,0,0,0,0,0,0,0,0,0,0
202604,29,151,2,4,Osage County                                                ,0,0,0,0,0,0,0,0,0,0,0,0,0,0,0,0,0,0,0,0,0,0,0,0
202604,29,153,2,4,Ozark County                                                ,1,1,341703,0,0,0,0,0,0,0,0,0,0,0,0,0,0,0,0,0,0,0,0,0
202604,29,155,2,4,Pemiscot County                                             ,2,2,87000,0,0,0,0,0,0,2,10,375000,0,0,0,0,0,0,0,0,0,0,0,0
202604,29,157,2,4,Perry County                                                ,3,3,671981,5,10,1669103,0,0,0,0,0,0,0,0,0,0,0,0,0,0,0,0,0,0
202604,29,159,2,4,Pettis County                                               ,7,7,1178886,1,2,241625,1,3,197857,4,21,2436340,0,0,0,0,0,0,0,0,0,0,0,0
202604,29,161,2,4,Phelps County                                               ,27,27,7114667,1,2,250000,2,7,950000,0,0,0,26,26,6948000,1,2,250000,1,4,410000,0,0,0
202604,29,163,2,4,Pike County                                                 ,2,2,240000,0,0,0,0,0,0,0,0,0,2,2,240000,0,0,0,0,0,0,0,0,0
202604,29,165,2,4,Platte County                                               ,84,84,38766188,0,0,0,0,0,0,1,20,3303098,58,58,26828080,0,0,0,0,0,0,0,0,0
202604,29,167,2,4,Polk County                                                 ,4,4,806000,7,14,1750000,1,3,420272,0,0,0,4,4,806000,7,14,1750000,0,0,0,0,0,0
202604,29,169,2,4,Pulaski County                                              ,24,24,4621559,0,0,0,0,0,0,0,0,0,0,0,0,0,0,0,0,0,0,0,0,0
202604,29,171,2,4,Putnam County                                               ,0,0,0,0,0,0,0,0,0,0,0,0,0,0,0,0,0,0,0,0,0,0,0,0
202604,29,173,2,4,Ralls County                                                ,5,5,1703776,0,0,0,0,0,0,0,0,0,0,0,0,0,0,0,0,0,0,0,0,0
202604,29,175,2,4,Randolph County                                             ,14,14,4395462,0,0,0,0,0,0,0,0,0,0,0,0,0,0,0,0,0,0,0,0,0
202604,29,177,2,4,Ray County                                                  ,20,20,5381655,0,0,0,0,0,0,0,0,0,0,0,0,0,0,0,0,0,0,0,0,0
202604,29,179,2,4,Reynolds County                                             ,0,0,0,0,0,0,0,0,0,0,0,0,0,0,0,0,0,0,0,0,0,0,0,0
202604,29,181,2,4,Ripley County                                               ,0,0,0,0,0,0,0,0,0,0,0,0,0,0,0,0,0,0,0,0,0,0,0,0
202604,29,183,2,4,St. Charles County                                          ,551,551,211199503,2,4,1077000,8,25,3267222,11,142,23569479,534,534,202800873,2,4,1077000,8,25,3267222,11,142,23569479
202604,29,185,2,4,St. Clair County                                            ,2,2,333334,0,0,0,0,0,0,0,0,0,0,0,0,0,0,0,0,0,0,0,0,0
202604,29,186,2,4,Ste. Genevieve County                                       ,14,14,5494203,0,0,0,0,0,0,0,0,0,11,11,4685000,0,0,0,0,0,0,0,0,0
202604,29,187,2,4,St. Francois County                                         ,30,30,8011589,4,8,1042800,1,3,511500,1,5,625000,16,16,4463000,0,0,0,0,0,0,0,0,0
202604,29,189,2,4,St. Louis County                                            ,191,191,123502703,2,4,750000,0,0,0,6,113,18969076,53,53,46649231,1,2,600000,0,0,0,0,0,0
202604,29,195,2,4,Saline County                                               ,3,3,720036,1,2,300000,0,0,0,0,0,0,0,0,0,0,0,0,0,0,0,0,0,0
202604,29,197,2,4,Schuyler County                                             ,4,4,813232,0,0,0,0,0,0,0,0,0,0,0,0,0,0,0,0,0,0,0,0,0
202604,29,199,2,4,Scotland County                                             ,1,1,225000,0,0,0,0,0,0,0,0,0,0,0,0,0,0,0,0,0,0,0,0,0
202604,29,201,2,4,Scott County                                                ,14,14,2075263,1,2,137000,0,0,0,0,0,0,10,10,1473000,0,0,0,0,0,0,0,0,0
202604,29,203,2,4,Shannon County                                              ,0,0,0,0,0,0,0,0,0,0,0,0,0,0,0,0,0,0,0,0,0,0,0,0
202604,29,205,2,4,Shelby County                                               ,1,1,320650,0,0,0,0,0,0,0,0,0,0,0,0,0,0,0,0,0,0,0,0,0
202604,29,207,2,4,Stoddard County                                             ,2,2,687917,0,0,0,0,0,0,0,0,0,2,2,687917,0,0,0,0,0,0,0,0,0
202604,29,209,2,4,Stone County                                                ,63,63,26627638,0,0,0,0,0,0,1,12,1684650,59,59,25520500,0,0,0,0,0,0,1,12,1684650
202604,29,211,2,4,Sullivan County                                             ,2,2,683406,0,0,0,0,0,0,0,0,0,0,0,0,0,0,0,0,0,0,0,0,0
202604,29,213,2,4,Taney County                                                ,156,156,51706693,0,0,0,0,0,0,0,0,0,80,80,25896185,0,0,0,0,0,0,0,0,0
202604,29,215,2,4,Texas County                                                ,1,1,341703,1,2,150000,1,3,156000,1,5,187500,0,0,0,0,0,0,0,0,0,0,0,0
202604,29,217,2,4,Vernon County                                               ,2,2,299000,0,0,0,2,8,700000,0,0,0,2,2,299000,0,0,0,2,8,700000,0,0,0
202604,29,219,2,4,Warren County                                               ,121,121,36090127,5,10,2045802,0,0,0,0,0,0,121,121,36090127,5,10,2045802,0,0,0,0,0,0
202604,29,221,2,4,Washington County                                           ,1,1,341703,0,0,0,0,0,0,0,0,0,0,0,0,0,0,0,0,0,0,0,0,0
202604,29,225,2,4,Webster County                                              ,49,49,13686963,1,2,577987,0,0,0,3,67,10636526,8,8,3247762,1,2,577987,0,0,0,2,60,9726206
202604,29,227,2,4,Worth County                                                ,0,0,0,0,0,0,0,0,0,0,0,0,0,0,0,0,0,0,0,0,0,0,0,0
202604,29,229,2,4,Wright County                                               ,2,2,517536,1,2,203333,0,0,0,0,0,0,0,0,0,0,0,0,0,0,0,0,0,0
202604,29,510,2,4,St. Louis (Independent City)                                ,18,18,3924739,0,0,0,0,0,0,4,77,14326499,0,0,0,0,0,0,0,0,0,0,0,0
202604,30,000,4,8,Montana Balance of State                                    ,0,0,0,0,0,0,0,0,0,0,0,0,0,0,0,0,0,0,0,0,0,0,0,0
202604,30,001,4,8,Beaverhead County                                           ,6,6,1762259,1,2,399159,1,4,730286,0,0,0,6,6,1762259,1,2,399159,1,4,730286,0,0,0
202604,30,003,4,8,Big Horn County                                             ,0,0,0,0,0,0,0,0,0,0,0,0,0,0,0,0,0,0,0,0,0,0,0,0
202604,30,005,4,8,Blaine County                                               ,0,0,0,0,0,0,0,0,0,0,0,0,0,0,0,0,0,0,0,0,0,0,0,0
202604,30,007,4,8,Broadwater County                                           ,2,2,832468,0,0,0,0,0,0,0,0,0,0,0,0,0,0,0,0,0,0,0,0,0
202604,30,009,4,8,Carbon County                                               ,10,10,3842500,0,0,0,0,0,0,0,0,0,9,9,3655000,0,0,0,0,0,0,0,0,0
202604,30,011,4,8,Carter County                                               ,0,0,0,0,0,0,0,0,0,0,0,0,0,0,0,0,0,0,0,0,0,0,0,0
202604,30,013,4,8,Cascade County                                              ,65,65,25560161,0,0,0,0,0,0,0,0,0,31,31,12313660,0,0,0,0,0,0,0,0,0
202604,30,015,4,8,Chouteau County                                             ,6,6,1824558,0,0,0,0,0,0,0,0,0,0,0,0,0,0,0,0,0,0,0,0,0
202604,30,017,4,8,Custer County                                               ,0,0,0,0,0,0,0,0,0,0,0,0,0,0,0,0,0,0,0,0,0,0,0,0
202604,30,019,4,8,Daniels County                                              ,0,0,0,0,0,0,0,0,0,0,0,0,0,0,0,0,0,0,0,0,0,0,0,0
202604,30,021,4,8,Dawson County                                               ,0,0,0,0,0,0,0,0,0,0,0,0,0,0,0,0,0,0,0,0,0,0,0,0
202604,30,023,4,8,Deer Lodge County                                           ,5,5,1446587,0,0,0,0,0,0,0,0,0,0,0,0,0,0,0,0,0,0,0,0,0
202604,30,025,4,8,Fallon County                                               ,0,0,0,0,0,0,0,0,0,0,0,0,0,0,0,0,0,0,0,0,0,0,0,0
202604,30,027,4,8,Fergus County                                               ,0,0,0,0,0,0,0,0,0,0,0,0,0,0,0,0,0,0,0,0,0,0,0,0
202604,30,029,4,8,Flathead County                                             ,82,82,42907134,8,16,2968720,0,0,0,4,126,15331772,78,78,38301628,8,16,2968720,0,0,0,3,109,12252887
202604,30,031,4,8,Gallatin County                                             ,223,223,65941579,10,20,3828259,6,20,3472196,6,138,14573874,141,141,45378983,1,2,388198,0,0,0,0,0,0
202604,30,033,4,8,Garfield County                                             ,0,0,0,0,0,0,0,0,0,0,0,0,0,0,0,0,0,0,0,0,0,0,0,0
202604,30,035,4,8,Glacier County                                              ,0,0,0,0,0,0,0,0,0,0,0,0,0,0,0,0,0,0,0,0,0,0,0,0
202604,30,041,4,8,Hill County                                                 ,0,0,0,0,0,0,0,0,0,0,0,0,0,0,0,0,0,0,0,0,0,0,0,0
202604,30,043,4,8,Jefferson County                                            ,2,2,627269,0,0,0,0,0,0,0,0,0,1,1,290901,0,0,0,0,0,0,0,0,0
202604,30,047,4,8,Lake County                                                 ,4,4,1388840,0,0,0,3,12,1478928,0,0,0,3,3,864000,0,0,0,2,8,1000000,0,0,0
202604,30,049,4,8,Lewis and Clark County                                      ,38,38,13935365,3,6,1499297,6,24,2263019,10,294,63388268,26,26,8940553,3,6,1499297,6,24,2263019,10,294,63388268
202604,30,053,4,8,Lincoln County                                              ,3,3,399828,0,0,0,0,0,0,0,0,0,0,0,0,0,0,0,0,0,0,0,0,0
202604,30,055,4,8,McCone County                                               ,0,0,0,0,0,0,0,0,0,0,0,0,0,0,0,0,0,0,0,0,0,0,0,0
202604,30,057,4,8,Madison County                                              ,1,1,300000,1,2,419012,0,0,0,0,0,0,0,0,0,0,0,0,0,0,0,0,0,0
202604,30,061,4,8,Mineral County                                              ,1,1,381992,0,0,0,0,0,0,0,0,0,0,0,0,0,0,0,0,0,0,0,0,0
202604,30,063,4,8,Missoula County                                             ,93,93,26036415,2,4,130366,0,0,0,3,64,2403495,93,93,26036415,2,4,130366,0,0,0,3,64,2403495
202604,30,065,4,8,Musselshell County                                          ,0,0,0,0,0,0,0,0,0,0,0,0,0,0,0,0,0,0,0,0,0,0,0,0
202604,30,067,4,8,Park County                                                 ,8,8,1718496,0,0,0,0,0,0,0,0,0,0,0,0,0,0,0,0,0,0,0,0,0
202604,30,071,4,8,Phillips County                                             ,0,0,0,0,0,0,0,0,0,0,0,0,0,0,0,0,0,0,0,0,0,0,0,0
202604,30,073,4,8,Pondera County                                              ,0,0,0,0,0,0,0,0,0,0,0,0,0,0,0,0,0,0,0,0,0,0,0,0
202604,30,077,4,8,Powell County                                               ,16,16,5941455,0,0,0,0,0,0,2,10,1843758,0,0,0,0,0,0,0,0,0,0,0,0
202604,30,081,4,8,Ravalli County                                              ,5,5,1271548,0,0,0,1,4,897040,0,0,0,3,3,617880,0,0,0,1,4,897040,0,0,0
202604,30,083,4,8,Richland County                                             ,0,0,0,0,0,0,0,0,0,0,0,0,0,0,0,0,0,0,0,0,0,0,0,0
202604,30,085,4,8,Roosevelt County                                            ,0,0,0,0,0,0,0,0,0,0,0,0,0,0,0,0,0,0,0,0,0,0,0,0
202604,30,087,4,8,Rosebud County                                              ,1,1,296519,0,0,0,0,0,0,0,0,0,0,0,0,0,0,0,0,0,0,0,0,0
202604,30,091,4,8,Sheridan County                                             ,0,0,0,0,0,0,0,0,0,0,0,0,0,0,0,0,0,0,0,0,0,0,0,0
202604,30,093,4,8,Silver Bow County                                           ,29,29,5310259,0,0,0,1,3,423520,1,5,141600,17,17,4081482,0,0,0,0,0,0,0,0,0
202604,30,095,4,8,Stillwater County                                           ,0,0,0,0,0,0,0,0,0,0,0,0,0,0,0,0,0,0,0,0,0,0,0,0
202604,30,097,4,8,Sweet Grass County                                          ,1,1,416234,0,0,0,0,0,0,0,0,0,0,0,0,0,0,0,0,0,0,0,0,0
202604,30,099,4,8,Teton County                                                ,1,1,249200,0,0,0,0,0,0,0,0,0,0,0,0,0,0,0,0,0,0,0,0,0
202604,30,101,4,8,Toole County                                                ,0,0,0,0,0,0,0,0,0,0,0,0,0,0,0,0,0,0,0,0,0,0,0,0
202604,30,105,4,8,Valley County                                               ,0,0,0,0,0,0,0,0,0,0,0,0,0,0,0,0,0,0,0,0,0,0,0,0
202604,30,109,4,8,Wibaux County                                               ,0,0,0,0,0,0,0,0,0,0,0,0,0,0,0,0,0,0,0,0,0,0,0,0
202604,30,111,4,8,Yellowstone County                                          ,290,290,73958134,7,14,3597640,10,39,6518423,1,7,1175456,284,284,73090145,7,14,3597640,10,39,6518423,1,7,1175456
202604,31,001,2,4,Adams County                                                ,16,16,6208221,0,0,0,0,0,0,0,0,0,16,16,6208221,0,0,0,0,0,0,0,0,0
202604,31,003,2,4,Antelope County                                             ,5,5,1829026,0,0,0,0,0,0,0,0,0,3,3,1025109,0,0,0,0,0,0,0,0,0
202604,31,011,2,4,Boone County                                                ,3,3,1265461,0,0,0,0,0,0,0,0,0,0,0,0,0,0,0,0,0,0,0,0,0
202604,31,013,2,4,Box Butte County                                            ,0,0,0,0,0,0,0,0,0,0,0,0,0,0,0,0,0,0,0,0,0,0,0,0
202604,31,015,2,4,Boyd County                                                 ,0,0,0,0,0,0,0,0,0,0,0,0,0,0,0,0,0,0,0,0,0,0,0,0
202604,31,017,2,4,Brown County                                                ,0,0,0,0,0,0,0,0,0,0,0,0,0,0,0,0,0,0,0,0,0,0,0,0
202604,31,019,2,4,Buffalo County                                              ,55,55,24562493,0,0,0,0,0,0,0,0,0,51,51,23189080,0,0,0,0,0,0,0,0,0
202604,31,021,2,4,Burt County                                                 ,4,4,1519618,0,0,0,0,0,0,0,0,0,2,2,746214,0,0,0,0,0,0,0,0,0
202604,31,023,2,4,Butler County                                               ,4,4,748000,0,0,0,0,0,0,0,0,0,0,0,0,0,0,0,0,0,0,0,0,0
202604,31,025,2,4,Cass County                                                 ,22,22,6532098,0,0,0,0,0,0,0,0,0,22,22,6532098,0,0,0,0,0,0,0,0,0
202604,31,027,2,4,Cedar County                                                ,6,6,2050311,0,0,0,0,0,0,0,0,0,0,0,0,0,0,0,0,0,0,0,0,0
202604,31,029,2,4,Chase County                                                ,5,5,1460250,0,0,0,0,0,0,0,0,0,0,0,0,0,0,0,0,0,0,0,0,0
202604,31,031,2,4,Cherry County                                               ,7,7,2545993,0,0,0,0,0,0,0,0,0,6,6,2250000,0,0,0,0,0,0,0,0,0
202604,31,033,2,4,Cheyenne County                                             ,1,1,0,0,0,0,0,0,0,0,0,0,1,1,0,0,0,0,0,0,0,0,0,0
202604,31,035,2,4,Clay County                                                 ,6,6,3350536,0,0,0,0,0,0,0,0,0,5,5,2850536,0,0,0,0,0,0,0,0,0
202604,31,037,2,4,Colfax County                                               ,3,3,1062353,0,0,0,0,0,0,0,0,0,0,0,0,0,0,0,0,0,0,0,0,0
202604,31,039,2,4,Cuming County                                               ,3,3,856500,0,0,0,0,0,0,0,0,0,0,0,0,0,0,0,0,0,0,0,0,0
202604,31,041,2,4,Custer County                                               ,8,8,3005763,0,0,0,0,0,0,1,5,937500,6,6,2068263,0,0,0,0,0,0,0,0,0
202604,31,043,2,4,Dakota County                                               ,11,11,4051464,0,0,0,0,0,0,0,0,0,9,9,3520000,0,0,0,0,0,0,0,0,0
202604,31,045,2,4,Dawes County                                                ,2,2,483227,0,0,0,0,0,0,0,0,0,0,0,0,0,0,0,0,0,0,0,0,0
202604,31,047,2,4,Dawson County                                               ,10,10,3489667,0,0,0,0,0,0,0,0,0,7,7,2705250,0,0,0,0,0,0,0,0,0
202604,31,049,2,4,Deuel County                                                ,2,2,245632,0,0,0,0,0,0,0,0,0,0,0,0,0,0,0,0,0,0,0,0,0
202604,31,051,2,4,Dixon County                                                ,0,0,0,0,0,0,0,0,0,0,0,0,0,0,0,0,0,0,0,0,0,0,0,0
202604,31,053,2,4,Dodge County                                                ,11,11,4365973,0,0,0,1,4,940000,0,0,0,9,9,3818000,0,0,0,1,4,940000,0,0,0
202604,31,055,2,4,Douglas County                                              ,548,548,82880938,0,0,0,0,0,0,9,362,21631860,531,531,71448620,0,0,0,0,0,0,9,362,21631860
202604,31,057,2,4,Dundy County                                                ,2,2,257068,0,0,0,0,0,0,0,0,0,0,0,0,0,0,0,0,0,0,0,0,0
202604,31,059,2,4,Fillmore County                                             ,2,2,1050000,0,0,0,0,0,0,0,0,0,0,0,0,0,0,0,0,0,0,0,0,0
202604,31,061,2,4,Franklin County                                             ,1,1,134853,0,0,0,0,0,0,0,0,0,0,0,0,0,0,0,0,0,0,0,0,0
202604,31,063,2,4,Frontier County                                             ,3,3,710703,0,0,0,0,0,0,0,0,0,0,0,0,0,0,0,0,0,0,0,0,0
202604,31,065,2,4,Furnas County                                               ,0,0,0,0,0,0,0,0,0,0,0,0,0,0,0,0,0,0,0,0,0,0,0,0
202604,31,067,2,4,Gage County                                                 ,8,8,2560148,0,0,0,0,0,0,1,7,850000,4,4,1468555,0,0,0,0,0,0,1,7,850000
202604,31,069,2,4,Garden County                                               ,1,1,127500,0,0,0,0,0,0,0,0,0,0,0,0,0,0,0,0,0,0,0,0,0
202604,31,071,2,4,Garfield County                                             ,1,1,303238,0,0,0,0,0,0,0,0,0,0,0,0,0,0,0,0,0,0,0,0,0
202604,31,073,2,4,Gosper County                                               ,2,2,1300000,0,0,0,0,0,0,0,0,0,2,2,1300000,0,0,0,0,0,0,0,0,0
202604,31,077,2,4,Greeley County                                              ,1,1,124375,0,0,0,0,0,0,0,0,0,0,0,0,0,0,0,0,0,0,0,0,0
202604,31,079,2,4,Hall County                                                 ,33,33,8127908,3,6,968274,0,0,0,0,0,0,26,26,7047437,3,6,968274,0,0,0,0,0,0
202604,31,081,2,4,Hamilton County                                             ,9,9,3251803,1,2,391667,1,3,450000,0,0,0,0,0,0,0,0,0,0,0,0,0,0,0
202604,31,083,2,4,Harlan County                                               ,0,0,0,0,0,0,0,0,0,0,0,0,0,0,0,0,0,0,0,0,0,0,0,0
202604,31,085,2,4,Hayes County                                                ,0,0,0,0,0,0,0,0,0,0,0,0,0,0,0,0,0,0,0,0,0,0,0,0
202604,31,087,2,4,Hitchcock County                                            ,0,0,0,0,0,0,0,0,0,0,0,0,0,0,0,0,0,0,0,0,0,0,0,0
202604,31,089,2,4,Holt County                                                 ,4,4,1431036,0,0,0,0,0,0,0,0,0,0,0,0,0,0,0,0,0,0,0,0,0
202604,31,091,2,4,Hooker County                                               ,0,0,0,0,0,0,0,0,0,0,0,0,0,0,0,0,0,0,0,0,0,0,0,0
202604,31,093,2,4,Howard County                                               ,9,9,3417609,0,0,0,0,0,0,0,0,0,8,8,3045000,0,0,0,0,0,0,0,0,0
202604,31,095,2,4,Jefferson County                                            ,1,1,346214,0,0,0,0,0,0,0,0,0,1,1,346214,0,0,0,0,0,0,0,0,0
202604,31,097,2,4,Johnson County                                              ,0,0,0,0,0,0,0,0,0,0,0,0,0,0,0,0,0,0,0,0,0,0,0,0
202604,31,099,2,4,Kearney County                                              ,10,10,4348833,0,0,0,0,0,0,0,0,0,8,8,3578000,0,0,0,0,0,0,0,0,0
202604,31,101,2,4,Keith County                                                ,10,10,2968714,0,0,0,0,0,0,0,0,0,8,8,2516841,0,0,0,0,0,0,0,0,0
202604,31,103,2,4,Keya Paha County                                            ,0,0,0,0,0,0,0,0,0,0,0,0,0,0,0,0,0,0,0,0,0,0,0,0
202604,31,105,2,4,Kimball County                                              ,0,0,0,0,0,0,4,16,1720000,0,0,0,0,0,0,0,0,0,4,16,1720000,0,0,0
202604,31,107,2,4,Knox County                                                 ,9,9,2244170,1,2,275000,0,0,0,0,0,0,2,2,65000,0,0,0,0,0,0,0,0,0
202604,31,109,2,4,Lancaster County                                            ,308,308,109615318,1,2,428774,1,4,853508,3,102,10092720,305,305,107076354,1,2,428774,1,4,853508,3,102,10092720
202604,31,111,2,4,Lincoln County                                              ,8,8,2102000,5,10,2600000,0,0,0,1,62,7000000,5,5,1527000,5,10,2600000,0,0,0,1,62,7000000
202604,31,115,2,4,Loup County                                                 ,2,2,2225000,0,0,0,0,0,0,0,0,0,2,2,2225000,0,0,0,0,0,0,0,0,0
202604,31,117,2,4,McPherson County                                            ,0,0,0,0,0,0,0,0,0,0,0,0,0,0,0,0,0,0,0,0,0,0,0,0
202604,31,119,2,4,Madison County                                              ,13,13,4245748,2,4,1100000,0,0,0,0,0,0,13,13,4245748,1,2,500000,0,0,0,0,0,0
202604,31,121,2,4,Merrick County                                              ,11,11,3312451,0,0,0,0,0,0,0,0,0,4,4,1120000,0,0,0,0,0,0,0,0,0
202604,31,123,2,4,Morrill County                                              ,0,0,0,0,0,0,0,0,0,0,0,0,0,0,0,0,0,0,0,0,0,0,0,0
202604,31,125,2,4,Nance County                                                ,1,1,216667,0,0,0,0,0,0,0,0,0,0,0,0,0,0,0,0,0,0,0,0,0
202604,31,127,2,4,Nemaha County                                               ,0,0,0,0,0,0,0,0,0,0,0,0,0,0,0,0,0,0,0,0,0,0,0,0
202604,31,129,2,4,Nuckolls County                                             ,0,0,0,0,0,0,0,0,0,0,0,0,0,0,0,0,0,0,0,0,0,0,0,0
202604,31,131,2,4,Otoe County                                                 ,12,12,5931205,1,2,250000,0,0,0,0,0,0,8,8,3634705,1,2,250000,0,0,0,0,0,0
202604,31,133,2,4,Pawnee County                                               ,2,2,662353,0,0,0,0,0,0,0,0,0,0,0,0,0,0,0,0,0,0,0,0,0
202604,31,135,2,4,Perkins County                                              ,0,0,0,0,0,0,0,0,0,0,0,0,0,0,0,0,0,0,0,0,0,0,0,0
202604,31,137,2,4,Phelps County                                               ,1,1,400000,0,0,0,0,0,0,0,0,0,1,1,400000,0,0,0,0,0,0,0,0,0
202604,31,139,2,4,Pierce County                                               ,6,6,2150000,0,0,0,0,0,0,0,0,0,2,2,900000,0,0,0,0,0,0,0,0,0
202604,31,141,2,4,Platte County                                               ,16,16,6387111,0,0,0,0,0,0,5,30,4989600,14,14,5487111,0,0,0,0,0,0,5,30,4989600
202604,31,143,2,4,Polk County                                                 ,4,4,866667,0,0,0,0,0,0,0,0,0,0,0,0,0,0,0,0,0,0,0,0,0
202604,31,145,2,4,Red Willow County                                           ,4,4,1165941,1,2,350000,0,0,0,0,0,0,0,0,0,0,0,0,0,0,0,0,0,0
202604,31,147,2,4,Richardson County                                           ,0,0,0,2,4,443250,0,0,0,0,0,0,0,0,0,0,0,0,0,0,0,0,0,0
202604,31,149,2,4,Rock County                                                 ,1,1,275000,0,0,0,0,0,0,0,0,0,0,0,0,0,0,0,0,0,0,0,0,0
202604,31,151,2,4,Saline County                                               ,6,6,2141500,0,0,0,0,0,0,0,0,0,4,4,1460000,0,0,0,0,0,0,0,0,0
202604,31,153,2,4,Sarpy County                                                ,419,419,108969232,1,2,497422,1,4,436859,16,503,61170066,250,250,64997939,1,2,497422,1,4,436859,14,465,56874922
202604,31,155,2,4,Saunders County                                             ,29,29,9914250,2,4,1060674,0,0,0,2,56,7875000,26,26,9687584,2,4,1060674,0,0,0,2,56,7875000
202604,31,157,2,4,Scotts Bluff County                                         ,12,12,5105247,0,0,0,0,0,0,0,0,0,0,0,0,0,0,0,0,0,0,0,0,0
202604,31,159,2,4,Seward County                                               ,19,19,5956394,1,2,532942,1,4,560000,0,0,0,7,7,2793893,1,2,532942,1,4,560000,0,0,0
202604,31,161,2,4,Sheridan County                                             ,0,0,0,0,0,0,0,0,0,0,0,0,0,0,0,0,0,0,0,0,0,0,0,0
202604,31,163,2,4,Sherman County                                              ,1,1,251500,0,0,0,0,0,0,0,0,0,0,0,0,0,0,0,0,0,0,0,0,0
202604,31,165,2,4,Sioux County                                                ,0,0,0,0,0,0,0,0,0,0,0,0,0,0,0,0,0,0,0,0,0,0,0,0
202604,31,167,2,4,Stanton County                                              ,1,1,700000,0,0,0,0,0,0,0,0,0,1,1,700000,0,0,0,0,0,0,0,0,0
202604,31,169,2,4,Thayer County                                               ,0,0,0,0,0,0,0,0,0,0,0,0,0,0,0,0,0,0,0,0,0,0,0,0
202604,31,171,2,4,Thomas County                                               ,0,0,0,0,0,0,0,0,0,0,0,0,0,0,0,0,0,0,0,0,0,0,0,0
202604,31,173,2,4,Thurston County                                             ,1,1,315000,0,0,0,0,0,0,0,0,0,0,0,0,0,0,0,0,0,0,0,0,0
202604,31,175,2,4,Valley County                                               ,2,2,747500,0,0,0,0,0,0,0,0,0,0,0,0,0,0,0,0,0,0,0,0,0
202604,31,177,2,4,Washington County                                           ,19,19,5775669,0,0,0,0,0,0,0,0,0,16,16,5138274,0,0,0,0,0,0,0,0,0
202604,31,179,2,4,Wayne County                                                ,6,6,2570000,0,0,0,0,0,0,0,0,0,6,6,2570000,0,0,0,0,0,0,0,0,0
202604,31,181,2,4,Webster County                                              ,0,0,0,1,2,250000,0,0,0,0,0,0,0,0,0,0,0,0,0,0,0,0,0,0
202604,31,183,2,4,Wheeler County                                              ,2,2,335136,0,0,0,0,0,0,0,0,0,0,0,0,0,0,0,0,0,0,0,0,0
202604,31,185,2,4,York County                                                 ,9,9,4744132,0,0,0,0,0,0,0,0,0,5,5,3430000,0,0,0,0,0,0,0,0,0
202604,32,001,4,8,Churchill County                                            ,17,17,6548894,0,0,0,0,0,0,0,0,0,17,17,6548894,0,0,0,0,0,0,0,0,0
202604,32,003,4,8,Clark County                                                ,2820,2820,811777149,1,2,615322,0,0,0,0,0,0,2818,2818,809833698,0,0,0,0,0,0,0,0,0
202604,32,005,4,8,Douglas County                                              ,73,73,41136752,0,0,0,0,0,0,0,0,0,21,21,13130564,0,0,0,0,0,0,0,0,0
202604,32,007,4,8,Elko County                                                 ,44,44,9545035,0,0,0,0,0,0,0,0,0,41,41,8691035,0,0,0,0,0,0,0,0,0
202604,32,013,4,8,Humboldt County                                             ,23,23,5188548,0,0,0,0,0,0,0,0,0,22,22,4996519,0,0,0,0,0,0,0,0,0
202604,32,015,4,8,Lander County                                               ,1,1,416234,0,0,0,0,0,0,0,0,0,0,0,0,0,0,0,0,0,0,0,0,0
202604,32,017,4,8,Lincoln County                                              ,6,6,1955239,0,0,0,1,3,562500,1,5,395833,2,2,600000,0,0,0,0,0,0,0,0,0
202604,32,019,4,8,Lyon County                                                 ,59,59,17812572,0,0,0,0,0,0,1,9,2935362,14,14,5830276,0,0,0,0,0,0,0,0,0
202604,32,021,4,8,Mineral County                                              ,0,0,0,0,0,0,0,0,0,0,0,0,0,0,0,0,0,0,0,0,0,0,0,0
202604,32,027,4,8,Pershing County                                             ,1,1,179263,0,0,0,0,0,0,0,0,0,0,0,0,0,0,0,0,0,0,0,0,0
202604,32,029,4,8,Storey County                                               ,4,4,705034,0,0,0,0,0,0,0,0,0,4,4,705034,0,0,0,0,0,0,0,0,0
202604,32,031,4,8,Washoe County                                               ,494,494,165499145,3,6,1186595,0,0,0,25,700,121377817,337,337,120803633,3,6,1186595,0,0,0,25,700,121377817
202604,32,033,4,8,White Pine County                                           ,1,1,359000,0,0,0,0,0,0,0,0,0,1,1,359000,0,0,0,0,0,0,0,0,0
202604,32,510,4,8,Carson City (Independent City)                              ,82,82,30139123,0,0,0,0,0,0,1,13,2338922,54,54,19667523,0,0,0,0,0,0,0,0,0
202604,33,001,1,1,Belknap County                                              ,102,102,51544969,5,10,2438611,0,0,0,1,5,1000000,80,80,43780042,5,10,2438611,0,0,0,0,0,0
202604,33,003,1,1,Carroll County                                              ,55,55,37679172,5,10,1619336,1,3,600000,0,0,0,37,37,30998139,4,8,1354000,1,3,600000,0,0,0
202604,33,005,1,1,Cheshire County                                             ,41,41,14879991,1,2,80000,1,3,511644,1,5,891212,5,5,3075000,1,2,80000,0,0,0,0,0,0
202604,33,007,1,1,Coos County                                                 ,17,17,4802649,0,0,0,0,0,0,0,0,0,7,7,2832585,0,0,0,0,0,0,0,0,0
202604,33,009,1,1,Grafton County                                              ,63,63,25706099,4,8,1284672,3,10,1759061,4,24,4330752,19,19,7403959,0,0,0,2,7,1400000,0,0,0
202604,33,011,1,1,Hillsborough County                                         ,92,92,41409610,3,6,1447432,5,15,2660671,7,96,22207540,45,45,24930312,1,2,600000,0,0,0,2,59,13537500
202604,33,013,1,1,Merrimack County                                            ,70,70,31103557,4,8,1475758,0,0,0,4,37,6589388,28,28,14017586,3,6,1050758,0,0,0,4,37,6589388
202604,33,015,1,1,Rockingham County                                           ,265,265,94449660,4,8,2179537,5,19,4735200,14,375,43966924,182,182,68707634,2,4,962870,5,19,4735200,10,351,39740784
202604,33,017,1,1,Strafford County                                            ,62,62,22646785,9,18,3302376,1,4,250000,0,0,0,38,38,15214126,9,18,3302376,1,4,250000,0,0,0
202604,33,019,1,1,Sullivan County                                             ,32,32,13907198,0,0,0,0,0,0,0,0,0,6,6,3505000,0,0,0,0,0,0,0,0,0
202604,34,001,1,2,Atlantic County                                             ,142,142,46272886,6,12,3501067,0,0,0,4,22,2614598,100,100,34833883,4,8,2725900,0,0,0,1,7,747020
202604,34,003,1,2,Bergen County                                               ,443,443,128837184,41,82,7617306,11,37,1981042,46,948,202338612,210,210,86776162,21,42,3959463,2,8,708150,9,622,170136855
202604,34,005,1,2,Burlington County                                           ,525,525,85233360,1,2,345676,3,9,274989,12,79,10082652,322,322,57994163,0,0,0,0,0,0,0,0,0
202604,34,007,1,2,Camden County                                               ,194,194,36465888,3,6,153750,1,3,259309,19,129,11001511,104,104,21047031,2,4,22400,0,0,0,5,25,4200000
202604,34,009,1,2,Cape May County                                             ,213,213,92960166,11,22,8670973,3,9,1073880,1,5,842450,170,170,74367936,10,20,8386500,0,0,0,0,0,0
202604,34,011,1,2,Cumberland County                                           ,57,57,13498639,0,0,0,0,0,0,1,6,887196,38,38,10903667,0,0,0,0,0,0,0,0,0
202604,34,013,1,2,Essex County                                                ,125,125,41266130,60,120,15854992,26,79,10357043,45,1285,251692091,84,84,32432946,46,92,14250074,25,76,10335837,11,748,189674898
202604,34,015,1,2,Gloucester County                                           ,359,359,34120604,0,0,0,1,4,576000,3,16,1952038,336,336,29866479,0,0,0,1,4,576000,2,11,1614000
202604,34,017,1,2,Hudson County                                               ,77,77,25458615,19,38,4892430,7,22,3660527,25,1136,210201249,11,11,14972812,0,0,0,1,3,450000,0,0,0
202604,34,019,1,2,Hunterdon County                                            ,29,29,6053669,0,0,0,0,0,0,7,49,2014672,14,14,2940489,0,0,0,0,0,0,0,0,100000
202604,34,021,1,2,Mercer County                                               ,203,203,48969793,2,4,725740,8,28,334500,15,110,7244540,181,181,47063405,2,4,725740,8,28,334500,13,100,6756360
202604,34,023,1,2,Middlesex County                                            ,279,279,64624623,2,4,342426,5,16,2142750,18,225,26690409,234,234,52257013,0,0,0,5,16,2142750,6,160,24028488
202604,34,025,1,2,Monmouth County                                             ,763,763,172846644,1,2,471667,0,0,0,8,113,6072503,648,648,135721779,0,0,0,0,0,0,3,88,3243816
202604,34,027,1,2,Morris County                                               ,297,297,85208415,2,4,367872,2,6,778750,15,78,11801787,181,181,52048700,0,0,0,0,0,0,0,0,0
202604,34,029,1,2,Ocean County                                                ,724,724,188781241,8,16,2426383,1,3,499354,15,130,6671125,627,627,166305737,4,8,558303,0,0,0,12,115,6481400
202604,34,031,1,2,Passaic County                                              ,50,50,14511217,16,32,2629300,2,6,856500,21,113,9323440,14,14,5480200,16,32,2629300,1,3,350000,2,10,331000
202604,34,033,1,2,Salem County                                                ,25,25,5011837,0,0,0,0,0,0,0,0,0,15,15,3247490,0,0,0,0,0,0,0,0,0
202604,34,035,1,2,Somerset County                                             ,91,91,21528532,2,4,529370,4,13,1622810,11,62,6930416,68,68,14197361,1,2,362870,2,7,1165160,3,20,3564850
202604,34,037,1,2,Sussex County                                               ,33,33,7362043,1,2,19737,0,0,0,0,0,0,19,19,5211532,0,0,0,0,0,0,0,0,0
202604,34,039,1,2,Union County                                                ,65,65,14227828,12,24,2811850,0,0,0,31,466,39073934,26,26,7043820,1,2,150000,0,0,0,2,79,2140000
202604,34,041,1,2,Warren County                                               ,58,58,10267335,4,8,1451481,1,3,3,5,26,2594585,28,28,4488649,4,8,1451481,0,0,0,0,0,0
202604,35,000,4,8,New Mexico Balance of State                                 ,742,742,159837822,0,0,0,0,0,0,0,0,0,742,742,159837822,0,0,0,0,0,0,0,0,0
202604,35,001,4,8,Bernalillo County                                           ,258,258,75496319,0,0,0,0,0,0,39,463,68937460,213,213,65597501,0,0,0,0,0,0,37,414,63222286
202604,35,005,4,8,Chaves County                                               ,23,23,4184635,0,0,0,0,0,0,0,0,0,0,0,0,0,0,0,0,0,0,0,0,0
202604,35,009,4,8,Curry County                                                ,10,10,3881786,6,12,2299680,3,9,1575130,0,0,0,10,10,3881786,6,12,2299680,3,9,1575130,0,0,0
202604,35,013,4,8,Dona Ana County                                             ,238,238,63531406,6,12,2121882,2,7,786650,0,0,0,99,99,26601902,2,4,807923,1,4,470000,0,0,0
202604,35,015,4,8,Eddy County                                                 ,80,80,26789000,0,0,0,0,0,0,12,88,13600000,80,80,26789000,0,0,0,0,0,0,12,88,13600000
202604,35,025,4,8,Lea County                                                  ,48,48,14606630,0,0,0,0,0,0,0,0,0,10,10,3210535,0,0,0,0,0,0,0,0,0
202604,35,027,4,8,Lincoln County                                              ,28,28,14257535,0,0,0,0,0,0,0,0,0,0,0,0,0,0,0,0,0,0,0,0,0
202604,35,028,4,8,Los Alamos County                                           ,3,3,600000,0,0,0,0,0,0,0,0,0,0,0,0,0,0,0,0,0,0,0,0,0
202604,35,029,4,8,Luna County                                                 ,2,2,408382,0,0,0,0,0,0,0,0,0,0,0,0,0,0,0,0,0,0,0,0,0
202604,35,031,4,8,McKinley County                                             ,0,0,0,0,0,0,0,0,0,0,0,0,0,0,0,0,0,0,0,0,0,0,0,0
202604,35,035,4,8,Otero County                                                ,2,2,671027,0,0,0,0,0,0,0,0,0,0,0,0,0,0,0,0,0,0,0,0,0
202604,35,043,4,8,Sandoval County                                             ,310,310,67696913,0,0,0,0,0,0,0,0,0,310,310,67696913,0,0,0,0,0,0,0,0,0
202604,35,045,4,8,San Juan County                                             ,25,25,8702702,0,0,0,0,0,0,0,0,0,25,25,8702702,0,0,0,0,0,0,0,0,0
202604,35,047,4,8,San Miguel County                                           ,0,0,0,0,0,0,0,0,0,0,0,0,0,0,0,0,0,0,0,0,0,0,0,0
202604,35,049,4,8,Santa Fe County                                             ,81,81,32513346,0,0,0,0,0,0,0,0,0,81,81,32513346,0,0,0,0,0,0,0,0,0
202604,35,055,4,8,Taos County                                                 ,35,35,11464897,0,0,0,0,0,0,0,0,0,0,0,0,0,0,0,0,0,0,0,0,0
202604,35,061,4,8,Valencia County                                             ,128,128,42400998,0,0,0,0,0,0,0,0,0,124,124,41807666,0,0,0,0,0,0,0,0,0
202604,36,001,1,2,Albany County                                               ,57,57,19036037,3,6,1512617,11,33,12004430,4,23,5629852,13,13,6145000,3,6,1512617,10,30,11239430,0,0,0
202604,36,003,1,2,Allegany County                                             ,17,17,1708207,0,0,0,0,0,0,0,0,0,0,0,0,0,0,0,0,0,0,0,0,0
202604,36,005,1,2,Bronx County                                                ,7,7,2500838,7,14,2464388,1,3,499354,41,2935,523020967,7,7,2500838,7,14,2464388,1,3,499354,41,2935,523020967
202604,36,007,1,2,Broome County                                               ,19,19,4578994,0,0,0,0,0,0,6,36,5555071,6,6,1758608,0,0,0,0,0,0,0,0,0
202604,36,009,1,2,Cattaraugus County                                          ,30,30,7865818,2,4,350000,0,0,0,0,0,0,2,2,800000,0,0,0,0,0,0,0,0,0
202604,36,011,1,2,Cayuga County                                               ,24,24,5476773,0,0,0,0,0,0,1,5,739330,1,1,120000,0,0,0,0,0,0,0,0,0
202604,36,013,1,2,Chautauqua County                                           ,40,40,10111754,0,0,0,0,0,0,0,0,0,5,5,1237010,0,0,0,0,0,0,0,0,0
202604,36,015,1,2,Chemung County                                              ,10,10,3082011,1,2,292000,0,0,0,4,24,2689656,0,0,0,0,0,0,0,0,0,0,0,0
202604,36,017,1,2,Chenango County                                             ,10,10,1110717,0,0,0,0,0,0,3,25,1145830,0,0,0,0,0,0,0,0,0,0,0,0
202604,36,019,1,2,Clinton County                                              ,27,27,7158612,0,0,0,0,0,0,4,23,3185500,5,5,1633577,0,0,0,0,0,0,0,0,0
202604,36,021,1,2,Columbia County                                             ,38,38,15807603,0,0,0,0,0,0,0,0,0,11,11,5137775,0,0,0,0,0,0,0,0,0
202604,36,023,1,2,Cortland County                                             ,9,9,2199229,0,0,0,0,0,0,0,0,0,0,0,0,0,0,0,0,0,0,0,0,0
202604,36,025,1,2,Delaware County                                             ,21,21,5471918,0,0,0,0,0,0,0,0,0,6,6,1383000,0,0,0,0,0,0,0,0,0
202604,36,027,1,2,Dutchess County                                             ,51,51,40344356,1,2,250000,2,6,998708,10,57,9638011,20,20,13917262,0,0,0,2,6,998708,1,6,1069455
202604,36,029,1,2,Erie County                                                 ,186,186,134196185,0,0,0,13,51,6499970,11,107,19639645,149,149,122328003,0,0,0,13,51,6499970,6,47,7174950
202604,36,031,1,2,Essex County                                                ,43,43,15471978,0,0,0,0,0,0,1,6,1000000,9,9,3335000,0,0,0,0,0,0,1,6,1000000
202604,36,033,1,2,Franklin County                                             ,23,23,6745476,0,0,0,0,0,0,0,0,0,5,5,1725000,0,0,0,0,0,0,0,0,0
202604,36,035,1,2,Fulton County                                               ,16,16,6317023,0,0,0,0,0,0,0,0,0,5,5,2757262,0,0,0,0,0,0,0,0,0
202604,36,037,1,2,Genesee County                                              ,14,14,3544479,0,0,0,0,0,0,1,5,739330,0,0,0,0,0,0,0,0,0,0,0,0
202604,36,039,1,2,Greene County                                               ,24,24,6049692,0,0,0,0,0,0,0,0,0,8,8,1507112,0,0,0,0,0,0,0,0,0
202604,36,041,1,2,Hamilton County                                             ,8,8,3660971,0,0,0,0,0,0,0,0,0,3,3,2012000,0,0,0,0,0,0,0,0,0
202604,36,043,1,2,Herkimer County                                             ,10,10,2185423,0,0,0,0,0,0,0,0,0,2,2,180000,0,0,0,0,0,0,0,0,0
202604,36,045,1,2,Jefferson County                                            ,63,63,11544421,0,0,0,0,0,0,1,5,735578,5,5,1360000,0,0,0,0,0,0,0,0,0
202604,36,047,1,2,Kings County                                                ,10,10,3602450,8,16,2865109,11,35,5690557,53,3008,535821845,10,10,3602450,8,16,2865109,11,35,5690557,53,3008,535821845
202604,36,049,1,2,Lewis County                                                ,14,14,2308147,0,0,0,0,0,0,0,0,0,11,11,1863148,0,0,0,0,0,0,0,0,0
202604,36,051,1,2,Livingston County                                           ,17,17,4186232,0,0,0,0,0,0,0,0,0,2,2,588000,0,0,0,0,0,0,0,0,0
202604,36,053,1,2,Madison County                                              ,28,28,9281187,0,0,0,0,0,0,0,0,0,10,10,2679787,0,0,0,0,0,0,0,0,0
202604,36,055,1,2,Monroe County                                               ,138,138,58548463,0,0,0,10,40,6083670,5,125,24807000,104,104,47454063,0,0,0,10,40,6083670,2,107,20807000
202604,36,057,1,2,Montgomery County                                           ,12,12,2134683,0,0,0,0,0,0,0,0,0,0,0,0,0,0,0,0,0,0,0,0,0
202604,36,059,1,2,Nassau County                                               ,183,183,107681427,5,10,1587262,0,0,0,9,230,77880659,61,61,41705962,1,2,0,0,0,0,1,187,67000000
202604,36,061,1,2,New York County                                             ,2,2,714525,0,0,0,0,0,0,10,848,151032359,2,2,714525,0,0,0,0,0,0,10,848,151032359
202604,36,063,1,2,Niagara County                                              ,49,49,19586342,0,0,0,0,0,0,0,0,0,36,36,15424210,0,0,0,0,0,0,0,0,0
202604,36,065,1,2,Oneida County                                               ,46,46,12958764,0,0,0,0,0,0,5,29,3875000,3,3,1175000,0,0,0,0,0,0,0,0,0
202604,36,067,1,2,Onondaga County                                             ,110,110,62453272,0,0,0,0,0,0,3,15,1875000,95,95,55376702,0,0,0,0,0,0,0,0,0
202604,36,069,1,2,Ontario County                                              ,98,98,31432187,0,0,0,0,0,0,4,24,2910600,65,65,22540653,0,0,0,0,0,0,0,0,0
202604,36,071,1,2,Orange County                                               ,128,128,41698194,2,4,482870,1,3,884485,19,503,80586223,48,48,17790892,1,2,362870,0,0,0,5,170,25858225
202604,36,073,1,2,Orleans County                                              ,7,7,1753993,0,0,0,0,0,0,0,0,0,0,0,0,0,0,0,0,0,0,0,0,0
202604,36,075,1,2,Oswego County                                               ,44,44,7955545,0,0,0,0,0,0,0,0,0,18,18,3260000,0,0,0,0,0,0,0,0,0
202604,36,077,1,2,Otsego County                                               ,38,38,9354319,0,0,0,0,0,0,0,0,0,0,0,0,0,0,0,0,0,0,0,0,0
202604,36,079,1,2,Putnam County                                               ,16,16,5786522,0,0,0,0,0,0,0,0,0,14,14,5046700,0,0,0,0,0,0,0,0,0
202604,36,081,1,2,Queens County                                               ,17,17,6192762,32,64,11441512,19,58,9194359,20,2478,441549485,17,17,6192762,32,64,11441512,19,58,9194359,20,2478,441549485
202604,36,083,1,2,Rensselaer County                                           ,54,54,18916471,0,0,0,2,6,1015501,4,72,7188258,26,26,8455000,0,0,0,0,0,0,1,57,5900000
202604,36,085,1,2,Richmond County                                             ,40,40,14588751,85,170,30143704,0,0,0,0,0,0,40,40,14588751,85,170,30143704,0,0,0,0,0,0
202604,36,087,1,2,Rockland County                                             ,38,38,17649618,7,14,2110654,6,19,2073841,8,71,10710738,21,21,10514615,0,0,0,0,0,0,1,8,1425940
202604,36,089,1,2,St. Lawrence County                                         ,54,54,10338682,1,2,50000,0,0,0,0,0,0,13,13,3777950,0,0,0,0,0,0,0,0,0
202604,36,091,1,2,Saratoga County                                             ,176,176,74675447,3,6,1353944,0,0,0,12,156,44619675,139,139,58027143,1,2,343944,0,0,0,7,126,20426003
202604,36,093,1,2,Schenectady County                                          ,20,20,7199571,0,0,0,1,4,700000,0,0,0,16,16,5862071,0,0,0,1,4,700000,0,0,0
202604,36,095,1,2,Schoharie County                                            ,9,9,2570012,1,2,305000,0,0,0,0,0,0,0,0,0,0,0,0,0,0,0,0,0,0
202604,36,097,1,2,Schuyler County                                             ,14,14,3628790,0,0,0,0,0,0,0,0,0,0,0,0,0,0,0,0,0,0,0,0,0
202604,36,099,1,2,Seneca County                                               ,19,19,7613312,0,0,0,1,3,920000,0,0,0,19,19,7613312,0,0,0,1,3,920000,0,0,0
202604,36,101,1,2,Steuben County                                              ,31,31,7548735,0,0,0,0,0,0,0,0,0,0,0,0,0,0,0,0,0,0,0,0,0
202604,36,103,1,2,Suffolk County                                              ,349,349,270191431,0,0,0,1,3,286500,5,40,9480466,297,297,200280094,0,0,0,0,0,0,0,0,0
202604,36,105,1,2,Sullivan County                                             ,94,94,33956767,0,0,0,3,9,1534932,1,5,763158,44,44,18654926,0,0,0,0,0,0,0,0,0
202604,36,107,1,2,Tioga County                                                ,24,24,4618070,0,0,0,0,0,0,4,23,3355861,2,2,615000,0,0,0,0,0,0,0,0,0
202604,36,109,1,2,Tompkins County                                             ,34,34,10586829,4,8,1200276,0,0,0,8,51,8405932,4,4,1013802,2,4,800276,0,0,0,0,0,0
202604,36,111,1,2,Ulster County                                               ,68,68,25434223,3,6,1114670,3,9,1621550,12,112,14062506,40,40,16177855,0,0,0,0,0,0,8,71,8000000
202604,36,113,1,2,Warren County                                               ,42,42,17393360,2,4,725740,1,3,499354,3,18,2661588,38,38,16764129,2,4,725740,1,3,499354,0,0,0
202604,36,115,1,2,Washington County                                           ,27,27,8095067,0,0,0,0,0,0,0,0,0,23,23,7221400,0,0,0,0,0,0,0,0,0
202604,36,117,1,2,Wayne County                                                ,32,32,8697647,2,4,475000,0,0,0,0,0,0,19,19,5660000,0,0,0,0,0,0,0,0,0
202604,36,119,1,2,Westchester County                                          ,99,99,82878300,4,8,1489286,1,3,562500,15,259,59229847,65,65,58706869,3,6,1050000,0,0,0,0,0,0
202604,36,121,1,2,Wyoming County                                              ,11,11,2546048,0,0,0,0,0,0,0,0,0,0,0,0,0,0,0,0,0,0,0,0,0
202604,36,123,1,2,Yates County                                                ,24,24,8857009,0,0,0,0,0,0,0,0,0,16,16,5607296,0,0,0,0,0,0,0,0,0
202604,37,001,3,5,Alamance County                                             ,601,601,110943769,5,10,1570000,1,4,200000,1,30,2000000,601,601,110943769,5,10,1570000,1,4,200000,1,30,2000000
202604,37,003,3,5,Alexander County                                            ,35,35,6007495,0,0,0,0,0,0,0,0,0,0,0,0,0,0,0,0,0,0,0,0,0
202604,37,005,3,5,Alleghany County                                            ,39,39,23390001,0,0,0,0,0,0,0,0,0,39,39,23390001,0,0,0,0,0,0,0,0,0
202604,37,007,3,5,Anson County                                                ,18,18,2747705,0,0,0,0,0,0,0,0,0,0,0,0,0,0,0,0,0,0,0,0,0
202604,37,009,3,5,Ashe County                                                 ,64,64,23259617,0,0,0,0,0,0,0,0,0,48,48,17118117,0,0,0,0,0,0,0,0,0
202604,37,011,3,5,Avery County                                                ,42,42,42325949,0,0,0,0,0,0,2,48,4000000,42,42,42325949,0,0,0,0,0,0,2,48,4000000
202604,37,013,3,5,Beaufort County                                             ,41,41,14550053,0,0,0,0,0,0,0,0,0,41,41,14550053,0,0,0,0,0,0,0,0,0
202604,37,015,3,5,Bertie County                                               ,6,6,2350917,0,0,0,0,0,0,0,0,0,6,6,2350917,0,0,0,0,0,0,0,0,0
202604,37,017,3,5,Bladen County                                               ,10,10,2575520,0,0,0,0,0,0,0,0,0,10,10,2575520,0,0,0,0,0,0,0,0,0
202604,37,019,3,5,Brunswick County                                            ,1698,1698,427213210,0,0,0,0,0,0,0,0,0,1671,1671,418371164,0,0,0,0,0,0,0,0,0
202604,37,021,3,5,Buncombe County                                             ,369,369,155465371,2,4,652329,0,0,0,38,1354,221644755,282,282,125431731,0,0,0,0,0,0,34,1152,186406011
202604,37,023,3,5,Burke County                                                ,116,116,31351170,1,2,323152,0,0,0,5,39,2325872,1,1,500000,0,0,0,0,0,0,0,0,0
202604,37,025,3,5,Cabarrus County                                             ,531,531,107575430,4,8,739355,0,0,0,0,0,0,531,531,107575430,4,8,739355,0,0,0,0,0,0
202604,37,027,3,5,Caldwell County                                             ,99,99,42446488,0,0,0,0,0,0,0,0,0,99,99,42446488,0,0,0,0,0,0,0,0,0
202604,37,029,3,5,Camden County                                               ,76,76,17464128,0,0,0,0,0,0,0,0,0,76,76,17464128,0,0,0,0,0,0,0,0,0
202604,37,031,3,5,Carteret County                                             ,141,141,68940699,1,2,500000,0,0,0,0,0,0,139,139,68472440,0,0,0,0,0,0,0,0,0
202604,37,033,3,5,Caswell County                                              ,26,26,8234527,0,0,0,0,0,0,0,0,0,26,26,8234527,0,0,0,0,0,0,0,0,0
202604,37,035,3,5,Catawba County                                              ,757,757,146854847,37,74,9570000,0,0,0,4,245,35745700,757,757,146854847,37,74,9570000,0,0,0,4,245,35745700
202604,37,037,3,5,Chatham County                                              ,169,169,88520658,0,0,0,0,0,0,0,0,0,164,164,87080309,0,0,0,0,0,0,0,0,0
202604,37,039,3,5,Cherokee County                                             ,74,74,24257036,0,0,0,0,0,0,0,0,0,74,74,24257036,0,0,0,0,0,0,0,0,0
202604,37,041,3,5,Chowan County                                               ,28,28,5787925,0,0,0,0,0,0,0,0,0,28,28,5787925,0,0,0,0,0,0,0,0,0
202604,37,043,3,5,Clay County                                                 ,36,36,12672205,0,0,0,0,0,0,0,0,0,36,36,12672205,0,0,0,0,0,0,0,0,0
202604,37,045,3,5,Cleveland County                                            ,143,143,33636959,3,6,989040,2,6,690000,6,43,5716598,101,101,22977573,0,0,0,2,6,690000,3,17,1955000
202604,37,047,3,5,Columbus County                                             ,16,16,3911861,0,0,0,0,0,0,0,0,0,0,0,0,0,0,0,0,0,0,0,0,0
202604,37,049,3,5,Craven County                                               ,176,176,37994177,0,0,0,0,0,0,0,0,0,176,176,37994177,0,0,0,0,0,0,0,0,0
202604,37,051,3,5,Cumberland County                                           ,192,192,46731656,0,0,0,0,0,0,11,55,9472815,192,192,46731656,0,0,0,0,0,0,11,55,9472815
202604,37,053,3,5,Currituck County                                            ,146,146,50140936,0,0,0,0,0,0,0,0,0,80,80,24742601,0,0,0,0,0,0,0,0,0
202604,37,055,3,5,Dare County                                                 ,134,134,78159690,0,0,0,0,0,0,0,0,0,109,109,65035925,0,0,0,0,0,0,0,0,0
202604,37,057,3,5,Davidson County                                             ,399,399,155001213,0,0,0,0,0,0,0,0,0,377,377,151345994,0,0,0,0,0,0,0,0,0
202604,37,059,3,5,Davie County                                                ,55,55,13485112,0,0,0,0,0,0,4,29,1143604,0,0,0,0,0,0,0,0,0,0,0,0
202604,37,061,3,5,Duplin County                                               ,55,55,14995439,1,2,120000,0,0,0,0,0,0,55,55,14995439,1,2,120000,0,0,0,0,0,0
202604,37,063,3,5,Durham County                                               ,674,674,239320930,4,8,1271355,1,4,2073075,9,581,104366231,0,0,0,0,0,0,0,0,0,0,0,0
202604,37,065,3,5,Edgecombe County                                            ,13,13,2182069,0,0,0,0,0,0,0,0,0,13,13,2182069,0,0,0,0,0,0,0,0,0
202604,37,067,3,5,Forsyth County                                              ,905,905,245290527,0,0,0,0,0,0,0,0,0,905,905,245290527,0,0,0,0,0,0,0,0,0
202604,37,069,3,5,Franklin County                                             ,336,336,102389073,0,0,0,0,0,0,0,0,0,336,336,102389073,0,0,0,0,0,0,0,0,0
202604,37,071,3,5,Gaston County                                               ,718,718,302524401,8,16,3440558,0,0,0,8,228,39659271,718,718,302524401,8,16,3440558,0,0,0,8,228,39659271
202604,37,073,3,5,Gates County                                                ,4,4,743107,0,0,0,0,0,0,0,0,0,0,0,0,0,0,0,0,0,0,0,0,0
202604,37,075,3,5,Graham County                                               ,8,8,2544643,0,0,0,0,0,0,0,0,0,5,5,1481025,0,0,0,0,0,0,0,0,0
202604,37,077,3,5,Granville County                                            ,92,92,36150957,1,2,280000,0,0,0,0,0,0,92,92,36150957,1,2,280000,0,0,0,0,0,0
202604,37,079,3,5,Greene County                                               ,14,14,3887818,0,0,0,0,0,0,0,0,0,14,14,3887818,0,0,0,0,0,0,0,0,0
202604,37,081,3,5,Guilford County                                             ,539,539,117599308,2,4,619000,0,0,0,11,414,30847000,470,470,104051692,2,4,619000,0,0,0,4,96,4437000
202604,37,083,3,5,Halifax County                                              ,52,52,18422516,1,2,300000,0,0,0,0,0,0,52,52,18422516,1,2,300000,0,0,0,0,0,0
202604,37,085,3,5,Harnett County                                              ,706,706,228331889,0,0,0,0,0,0,1,5,416667,124,124,49548860,0,0,0,0,0,0,0,0,0
202604,37,087,3,5,Haywood County                                              ,134,134,62624911,1,2,350000,0,0,0,0,0,0,134,134,62624911,1,2,350000,0,0,0,0,0,0
202604,37,089,3,5,Henderson County                                            ,176,176,92779520,0,0,0,0,0,0,10,226,30581673,176,176,92779520,0,0,0,0,0,0,10,226,30581673
202604,37,091,3,5,Hertford County                                             ,1,1,201864,0,0,0,0,0,0,0,0,0,0,0,0,0,0,0,0,0,0,0,0,0
202604,37,093,3,5,Hoke County                                                 ,150,150,44211070,2,4,646304,0,0,0,0,0,0,150,150,44211070,2,4,646304,0,0,0,0,0,0
202604,37,095,3,5,Hyde County                                                 ,3,3,1100000,0,0,0,0,0,0,0,0,0,3,3,1100000,0,0,0,0,0,0,0,0,0
202604,37,097,3,5,Iredell County                                              ,446,446,109205849,1,2,297993,0,0,0,0,0,0,446,446,109205849,1,2,297993,0,0,0,0,0,0
202604,37,099,3,5,Jackson County                                              ,90,90,170910969,0,0,0,0,0,0,0,0,0,90,90,170910969,0,0,0,0,0,0,0,0,0
202604,37,101,3,5,Johnston County                                             ,853,853,256145874,0,0,0,0,0,0,0,0,0,726,726,226699671,0,0,0,0,0,0,0,0,0
202604,37,103,3,5,Jones County                                                ,7,7,1927401,0,0,0,0,0,0,0,0,0,7,7,1927401,0,0,0,0,0,0,0,0,0
202604,37,105,3,5,Lee County                                                  ,203,203,39298851,0,0,0,0,0,0,0,0,0,203,203,39298851,0,0,0,0,0,0,0,0,0
202604,37,107,3,5,Lenoir County                                               ,47,47,9552893,0,0,0,0,0,0,0,0,0,47,47,9552893,0,0,0,0,0,0,0,0,0
202604,37,109,3,5,Lincoln County                                              ,244,244,70580444,0,0,0,0,0,0,0,0,0,244,244,70580444,0,0,0,0,0,0,0,0,0
202604,37,111,3,5,McDowell County                                             ,55,55,26867700,0,0,0,0,0,0,0,0,0,0,0,0,0,0,0,0,0,0,0,0,0
202604,37,113,3,5,Macon County                                                ,79,79,39154948,0,0,0,0,0,0,0,0,0,79,79,39154948,0,0,0,0,0,0,0,0,0
202604,37,115,3,5,Madison County                                              ,66,66,20554011,0,0,0,0,0,0,0,0,0,66,66,20554011,0,0,0,0,0,0,0,0,0
202604,37,117,3,5,Martin County                                               ,0,0,0,0,0,0,0,0,0,0,0,0,0,0,0,0,0,0,0,0,0,0,0,0
202604,37,119,3,5,Mecklenburg County                                          ,224,224,34633953,0,0,0,0,0,0,25,2281,230895578,224,224,34633953,0,0,0,0,0,0,25,2281,230895578
202604,37,121,3,5,Mitchell County                                             ,25,25,8081005,0,0,0,0,0,0,0,0,0,25,25,8081005,0,0,0,0,0,0,0,0,0
202604,37,123,3,5,Montgomery County                                           ,47,47,22300527,0,0,0,0,0,0,0,0,0,47,47,22300527,0,0,0,0,0,0,0,0,0
202604,37,125,3,5,Moore County                                                ,339,339,95914144,7,14,2520000,0,0,0,1,42,3029760,300,300,85406550,7,14,2520000,0,0,0,1,42,3029760
202604,37,127,3,5,Nash County                                                 ,146,146,28917885,0,0,0,0,0,0,0,0,0,0,0,0,0,0,0,0,0,0,0,0,0
202604,37,129,3,5,New Hanover County                                          ,404,404,137587888,6,12,2625995,5,17,4053314,9,504,62139147,28,28,8693638,0,0,0,0,0,0,0,0,0
202604,37,131,3,5,Northampton County                                          ,4,4,1703595,0,0,0,0,0,0,0,0,0,0,0,0,0,0,0,0,0,0,0,0,0
202604,37,133,3,5,Onslow County                                               ,520,520,117603695,6,12,2490000,1,3,847500,3,72,7900000,506,506,108835477,6,12,2490000,0,0,0,3,72,7900000
202604,37,135,3,5,Orange County                                               ,129,129,44954672,0,0,0,0,0,0,12,357,66537538,109,109,38971349,0,0,0,0,0,0,10,346,64786560
202604,37,137,3,5,Pamlico County                                              ,20,20,9646046,0,0,0,0,0,0,0,0,0,20,20,9646046,0,0,0,0,0,0,0,0,0
202604,37,139,3,5,Pasquotank County                                           ,104,104,21931733,0,0,0,0,0,0,0,0,0,104,104,21931733,0,0,0,0,0,0,0,0,0
202604,37,141,3,5,Pender County                                               ,231,231,78000929,0,0,0,0,0,0,20,321,19516893,170,170,59947762,0,0,0,0,0,0,19,312,19055629
202604,37,143,3,5,Perquimans County                                           ,23,23,4983258,0,0,0,0,0,0,0,0,0,13,13,2841339,0,0,0,0,0,0,0,0,0
202604,37,145,3,5,Person County                                               ,43,43,15650061,0,0,0,0,0,0,0,0,0,43,43,15650061,0,0,0,0,0,0,0,0,0
202604,37,147,3,5,Pitt County                                                 ,212,212,59002006,55,110,13251440,0,0,0,18,408,75776539,73,73,27490525,55,110,13251440,0,0,0,18,408,75776539
202604,37,149,3,5,Polk County                                                 ,44,44,20546528,0,0,0,0,0,0,0,0,0,44,44,20546528,0,0,0,0,0,0,0,0,0
202604,37,151,3,5,Randolph County                                             ,166,166,60865960,10,20,3079407,1,4,568756,0,0,0,166,166,60865960,10,20,3079407,1,4,568756,0,0,0
202604,37,153,3,5,Richmond County                                             ,20,20,5930753,1,2,323152,0,0,0,1,8,960000,19,19,5716763,1,2,323152,0,0,0,0,0,0
202604,37,155,3,5,Robeson County                                              ,96,96,18311539,1,2,140000,0,0,0,0,0,0,9,9,2410800,1,2,140000,0,0,0,0,0,0
202604,37,157,3,5,Rockingham County                                           ,135,135,41384213,0,0,0,2,8,875000,0,0,0,135,135,41384213,0,0,0,2,8,875000,0,0,0
202604,37,159,3,5,Rowan County                                                ,370,370,168798821,1,2,277000,0,0,0,1,5,106949,370,370,168798821,1,2,277000,0,0,0,1,5,106949
202604,37,161,3,5,Rutherford County                                           ,70,70,21478156,1,2,250000,0,0,0,0,0,0,70,70,21478156,1,2,250000,0,0,0,0,0,0
202604,37,163,3,5,Sampson County                                              ,52,52,12112641,0,0,0,0,0,0,0,0,0,12,12,3334750,0,0,0,0,0,0,0,0,0
202604,37,165,3,5,Scotland County                                             ,23,23,5560615,0,0,0,0,0,0,0,0,0,23,23,5560615,0,0,0,0,0,0,0,0,0
202604,37,167,3,5,Stanly County                                               ,111,111,18690492,0,0,0,0,0,0,0,0,0,0,0,0,0,0,0,0,0,0,0,0,0
202604,37,169,3,5,Stokes County                                               ,64,64,18823485,0,0,0,0,0,0,1,5,1000000,48,48,13506186,0,0,0,0,0,0,0,0,0
202604,37,171,3,5,Surry County                                                ,81,81,20107255,0,0,0,0,0,0,0,0,0,81,81,20107255,0,0,0,0,0,0,0,0,0
202604,37,173,3,5,Swain County                                                ,23,23,8289483,0,0,0,0,0,0,0,0,0,0,0,0,0,0,0,0,0,0,0,0,0
202604,37,175,3,5,Transylvania County                                         ,56,56,38912300,0,0,0,0,0,0,0,0,0,0,0,0,0,0,0,0,0,0,0,0,0
202604,37,177,3,5,Tyrrell County                                              ,7,7,1833647,0,0,0,0,0,0,0,0,0,0,0,0,0,0,0,0,0,0,0,0,0
202604,37,179,3,5,Union County                                                ,774,774,203928702,0,0,0,0,0,0,5,275,52233575,774,774,203928702,0,0,0,0,0,0,5,275,52233575
202604,37,181,3,5,Vance County                                                ,27,27,8752246,0,0,0,0,0,0,0,0,0,0,0,0,0,0,0,0,0,0,0,0,0
202604,37,183,3,5,Wake County                                                 ,2645,2645,738589210,28,56,6723985,2,8,7126810,53,3004,319597910,2374,2374,676882081,28,56,6723985,2,8,7126810,50,2923,310123542
202604,37,185,3,5,Warren County                                               ,71,71,13202181,0,0,0,0,0,0,0,0,0,0,0,0,0,0,0,0,0,0,0,0,0
202604,37,187,3,5,Washington County                                           ,2,2,300000,0,0,0,0,0,0,0,0,0,2,2,300000,0,0,0,0,0,0,0,0,0
202604,37,189,3,5,Watauga County                                              ,88,88,56661751,6,12,5940000,3,12,1660000,1,6,950000,73,73,48593242,6,12,5940000,3,12,1660000,1,6,950000
202604,37,191,3,5,Wayne County                                                ,284,284,43110375,0,0,0,0,0,0,1,8,837037,259,259,37125496,0,0,0,0,0,0,0,0,0
202604,37,193,3,5,Wilkes County                                               ,40,40,17160019,0,0,0,0,0,0,0,0,0,40,40,17160019,0,0,0,0,0,0,0,0,0
202604,37,195,3,5,Wilson County                                               ,105,105,26190591,3,6,585000,0,0,0,0,0,0,105,105,26190591,3,6,585000,0,0,0,0,0,0
202604,37,197,3,5,Yadkin County                                               ,39,39,9801645,0,0,0,0,0,0,0,0,0,0,0,0,0,0,0,0,0,0,0,0,0
202604,37,199,3,5,Yancey County                                               ,34,34,8902268,0,0,0,0,0,0,0,0,0,0,0,0,0,0,0,0,0,0,0,0,0
202604,38,001,2,4,Adams County                                                ,0,0,0,0,0,0,0,0,0,0,0,0,0,0,0,0,0,0,0,0,0,0,0,0
202604,38,003,2,4,Barnes County                                               ,1,1,399460,0,0,0,0,0,0,0,0,0,0,0,0,0,0,0,0,0,0,0,0,0
202604,38,005,2,4,Benson County                                               ,0,0,0,0,0,0,0,0,0,0,0,0,0,0,0,0,0,0,0,0,0,0,0,0
202604,38,007,2,4,Billings County                                             ,3,3,805528,0,0,0,0,0,0,0,0,0,0,0,0,0,0,0,0,0,0,0,0,0
202604,38,009,2,4,Bottineau County                                            ,2,2,400000,0,0,0,0,0,0,0,0,0,2,2,400000,0,0,0,0,0,0,0,0,0
202604,38,011,2,4,Bowman County                                               ,1,1,533333,0,0,0,0,0,0,0,0,0,0,0,0,0,0,0,0,0,0,0,0,0
202604,38,013,2,4,Burke County                                                ,1,1,341703,0,0,0,0,0,0,0,0,0,0,0,0,0,0,0,0,0,0,0,0,0
202604,38,015,2,4,Burleigh County                                             ,53,53,18258068,10,20,4054321,3,11,2171024,0,0,0,44,44,15076852,10,20,4054321,3,11,2171024,0,0,0
202604,38,017,2,4,Cass County                                                 ,100,100,40710572,0,0,0,0,0,0,1,42,6840000,94,94,38507162,0,0,0,0,0,0,1,42,6840000
202604,38,019,2,4,Cavalier County                                             ,2,2,995000,0,0,0,0,0,0,0,0,0,0,0,0,0,0,0,0,0,0,0,0,0
202604,38,021,2,4,Dickey County                                               ,2,2,260091,0,0,0,0,0,0,0,0,0,0,0,0,0,0,0,0,0,0,0,0,0
202604,38,023,2,4,Divide County                                               ,0,0,0,0,0,0,0,0,0,0,0,0,0,0,0,0,0,0,0,0,0,0,0,0
202604,38,025,2,4,Dunn County                                                 ,1,1,1194661,0,0,0,0,0,0,0,0,0,1,1,1194661,0,0,0,0,0,0,0,0,0
202604,38,027,2,4,Eddy County                                                 ,1,1,481600,0,0,0,0,0,0,0,0,0,0,0,0,0,0,0,0,0,0,0,0,0
202604,38,029,2,4,Emmons County                                               ,8,8,2019122,0,0,0,0,0,0,0,0,0,0,0,0,0,0,0,0,0,0,0,0,0
202604,38,031,2,4,Foster County                                               ,0,0,0,0,0,0,0,0,0,0,0,0,0,0,0,0,0,0,0,0,0,0,0,0
202604,38,033,2,4,Golden Valley County                                        ,2,2,521000,0,0,0,0,0,0,0,0,0,0,0,0,0,0,0,0,0,0,0,0,0
202604,38,035,2,4,Grand Forks County                                          ,63,63,17155224,0,0,0,0,0,0,4,22,407409,55,55,15570763,0,0,0,0,0,0,0,0,0
202604,38,037,2,4,Grant County                                                ,0,0,0,0,0,0,0,0,0,0,0,0,0,0,0,0,0,0,0,0,0,0,0,0
202604,38,039,2,4,Griggs County                                               ,0,0,0,0,0,0,0,0,0,0,0,0,0,0,0,0,0,0,0,0,0,0,0,0
202604,38,041,2,4,Hettinger County                                            ,0,0,0,0,0,0,0,0,0,0,0,0,0,0,0,0,0,0,0,0,0,0,0,0
202604,38,043,2,4,Kidder County                                               ,0,0,0,0,0,0,0,0,0,0,0,0,0,0,0,0,0,0,0,0,0,0,0,0
202604,38,045,2,4,LaMoure County                                              ,0,0,0,0,0,0,0,0,0,0,0,0,0,0,0,0,0,0,0,0,0,0,0,0
202604,38,047,2,4,Logan County                                                ,0,0,0,0,0,0,0,0,0,0,0,0,0,0,0,0,0,0,0,0,0,0,0,0
202604,38,049,2,4,McHenry County                                              ,5,5,1211510,0,0,0,0,0,0,0,0,0,0,0,0,0,0,0,0,0,0,0,0,0
202604,38,051,2,4,McIntosh County                                             ,1,1,291386,0,0,0,0,0,0,0,0,0,0,0,0,0,0,0,0,0,0,0,0,0
202604,38,053,2,4,McKenzie County                                             ,8,8,4246100,0,0,0,0,0,0,0,0,0,8,8,4246100,0,0,0,0,0,0,0,0,0
202604,38,055,2,4,McLean County                                               ,10,10,4840101,0,0,0,0,0,0,0,0,0,9,9,4614060,0,0,0,0,0,0,0,0,0
202604,38,057,2,4,Mercer County                                               ,0,0,0,0,0,0,0,0,0,0,0,0,0,0,0,0,0,0,0,0,0,0,0,0
202604,38,059,2,4,Morton County                                               ,19,19,8915000,0,0,0,0,0,0,0,0,0,19,19,8915000,0,0,0,0,0,0,0,0,0
202604,38,061,2,4,Mountrail County                                            ,7,7,1334812,0,0,0,0,0,0,0,0,0,0,0,0,0,0,0,0,0,0,0,0,0
202604,38,063,2,4,Nelson County                                               ,2,2,608333,0,0,0,0,0,0,0,0,0,0,0,0,0,0,0,0,0,0,0,0,0
202604,38,065,2,4,Oliver County                                               ,2,2,662353,0,0,0,0,0,0,0,0,0,0,0,0,0,0,0,0,0,0,0,0,0
202604,38,067,2,4,Pembina County                                              ,0,0,0,0,0,0,0,0,0,0,0,0,0,0,0,0,0,0,0,0,0,0,0,0
202604,38,069,2,4,Pierce County                                               ,0,0,0,0,0,0,0,0,0,0,0,0,0,0,0,0,0,0,0,0,0,0,0,0
202604,38,071,2,4,Ramsey County                                               ,0,0,0,0,0,0,0,0,0,0,0,0,0,0,0,0,0,0,0,0,0,0,0,0
202604,38,073,2,4,Ransom County                                               ,0,0,0,1,2,600000,0,0,0,0,0,0,0,0,0,0,0,0,0,0,0,0,0,0
202604,38,075,2,4,Renville County                                             ,0,0,0,0,0,0,0,0,0,0,0,0,0,0,0,0,0,0,0,0,0,0,0,0
202604,38,077,2,4,Richland County                                             ,11,11,3182047,0,0,0,0,0,0,0,0,0,0,0,0,0,0,0,0,0,0,0,0,0
202604,38,079,2,4,Rolette County                                              ,0,0,0,0,0,0,0,0,0,0,0,0,0,0,0,0,0,0,0,0,0,0,0,0
202604,38,081,2,4,Sargent County                                              ,0,0,0,0,0,0,0,0,0,0,0,0,0,0,0,0,0,0,0,0,0,0,0,0
202604,38,083,2,4,Sheridan County                                             ,2,2,77666,0,0,0,0,0,0,0,0,0,0,0,0,0,0,0,0,0,0,0,0,0
202604,38,085,2,4,Sioux County                                                ,0,0,0,0,0,0,0,0,0,0,0,0,0,0,0,0,0,0,0,0,0,0,0,0
202604,38,087,2,4,Slope County                                                ,0,0,0,0,0,0,0,0,0,0,0,0,0,0,0,0,0,0,0,0,0,0,0,0
202604,38,089,2,4,Stark County                                                ,22,22,13060594,0,0,0,0,0,0,0,0,0,21,21,12711490,0,0,0,0,0,0,0,0,0
202604,38,091,2,4,Steele County                                               ,0,0,0,0,0,0,0,0,0,0,0,0,0,0,0,0,0,0,0,0,0,0,0,0
202604,38,093,2,4,Stutsman County                                             ,5,5,1031567,0,0,0,0,0,0,0,0,0,0,0,0,0,0,0,0,0,0,0,0,0
202604,38,095,2,4,Towner County                                               ,0,0,0,0,0,0,0,0,0,0,0,0,0,0,0,0,0,0,0,0,0,0,0,0
202604,38,097,2,4,Traill County                                               ,1,1,302000,0,0,0,0,0,0,0,0,0,0,0,0,0,0,0,0,0,0,0,0,0
202604,38,099,2,4,Walsh County                                                ,1,1,0,0,0,0,0,0,0,0,0,0,1,1,0,0,0,0,0,0,0,0,0,0
202604,38,101,2,4,Ward County                                                 ,21,21,5810471,1,2,242128,0,0,0,0,0,0,20,20,5489821,1,2,242128,0,0,0,0,0,0
202604,38,103,2,4,Wells County                                                ,1,1,230000,0,0,0,0,0,0,0,0,0,0,0,0,0,0,0,0,0,0,0,0,0
202604,38,105,2,4,Williams County                                             ,22,22,7894890,0,0,0,0,0,0,0,0,0,12,12,4268246,0,0,0,0,0,0,0,0,0
202604,39,001,2,3,Adams County                                                ,5,5,1624303,0,0,0,1,3,420272,0,0,0,0,0,0,0,0,0,0,0,0,0,0,0
202604,39,003,2,3,Allen County                                                ,23,23,5904211,0,0,0,0,0,0,1,5,293833,1,1,50000,0,0,0,0,0,0,0,0,0
202604,39,005,2,3,Ashland County                                              ,19,19,5509172,0,0,0,0,0,0,0,0,0,0,0,0,0,0,0,0,0,0,0,0,0
202604,39,007,2,3,Ashtabula County                                            ,43,43,10477532,0,0,0,1,3,185514,0,0,0,0,0,0,0,0,0,0,0,0,0,0,0
202604,39,009,2,3,Athens County                                               ,2,2,295000,0,0,0,0,0,0,1,13,2030028,2,2,295000,0,0,0,0,0,0,0,0,0
202604,39,011,2,3,Auglaize County                                             ,38,38,13403712,2,4,460000,0,0,0,0,0,0,13,13,5665050,2,4,460000,0,0,0,0,0,0
202604,39,013,2,3,Belmont County                                              ,0,0,0,0,0,0,0,0,0,0,0,0,0,0,0,0,0,0,0,0,0,0,0,0
202604,39,015,2,3,Brown County                                                ,29,29,10729078,4,8,1383207,2,6,1160055,0,0,0,29,29,10729078,4,8,1383207,2,6,1160055,0,0,0
202604,39,017,2,3,Butler County                                               ,156,156,41874815,8,16,2414644,10,38,4870522,2,76,8173484,70,70,22907205,2,4,712880,8,31,3980690,0,0,0
202604,39,019,2,3,Carroll County                                              ,0,0,0,0,0,0,0,0,0,0,0,0,0,0,0,0,0,0,0,0,0,0,0,0
202604,39,021,2,3,Champaign County                                            ,9,9,3139139,0,0,0,0,0,0,0,0,0,9,9,3139139,0,0,0,0,0,0,0,0,0
202604,39,023,2,3,Clark County                                                ,74,74,18947852,0,0,0,1,3,810000,0,0,0,74,74,18947852,0,0,0,1,3,810000,0,0,0
202604,39,025,2,3,Clermont County                                             ,302,302,93860545,6,12,1912404,15,59,8779408,47,658,42197294,299,299,92459762,6,12,1912404,15,59,8779408,47,658,42197294
202604,39,027,2,3,Clinton County                                              ,30,30,9547181,0,0,0,3,9,820797,0,0,0,30,30,9547181,0,0,0,3,9,820797,0,0,0
202604,39,029,2,3,Columbiana County                                           ,12,12,3597789,2,4,800000,0,0,0,0,0,0,8,8,2213173,2,4,800000,0,0,0,0,0,0
202604,39,031,2,3,Coshocton County                                            ,1,1,20000,1,2,112500,0,0,0,0,0,0,0,0,0,0,0,0,0,0,0,0,0,0
202604,39,033,2,3,Crawford County                                             ,3,3,1028464,0,0,0,0,0,0,0,0,0,0,0,0,0,0,0,0,0,0,0,0,0
202604,39,035,2,3,Cuyahoga County                                             ,175,175,67581949,1,2,230000,8,27,3770549,21,305,53987574,75,75,33398114,1,2,230000,6,21,2415000,5,25,3265000
202604,39,037,2,3,Darke County                                                ,10,10,7748230,0,0,0,1,3,450000,0,0,0,10,10,7748230,0,0,0,1,3,450000,0,0,0
202604,39,039,2,3,Defiance County                                             ,10,10,3526298,1,2,319999,0,0,0,0,0,0,0,0,0,0,0,0,0,0,0,0,0,0
202604,39,041,2,3,Delaware County                                             ,605,605,260798771,0,0,0,0,0,0,1,5,311715,591,591,255441564,0,0,0,0,0,0,1,5,311715
202604,39,043,2,3,Erie County                                                 ,49,49,27112393,0,0,0,0,0,0,0,0,0,33,33,22410174,0,0,0,0,0,0,0,0,0
202604,39,045,2,3,Fairfield County                                            ,120,120,46805546,0,0,0,0,0,0,0,0,0,44,44,15173171,0,0,0,0,0,0,0,0,0
202604,39,047,2,3,Fayette County                                              ,43,43,12072551,2,4,400000,0,0,0,0,0,0,43,43,12072551,2,4,400000,0,0,0,0,0,0
202604,39,049,2,3,Franklin County                                             ,559,559,228490733,10,20,3735000,1,3,150000,56,2688,307082121,549,549,221893428,10,20,3735000,1,3,150000,56,2688,307082121
202604,39,051,2,3,Fulton County                                               ,8,8,2783455,1,2,175000,0,0,0,0,0,0,6,6,2063752,1,2,175000,0,0,0,0,0,0
202604,39,053,2,3,Gallia County                                               ,0,0,0,0,0,0,0,0,0,0,0,0,0,0,0,0,0,0,0,0,0,0,0,0
202604,39,055,2,3,Geauga County                                               ,58,58,9545606,0,0,0,0,0,0,0,0,0,58,58,9545606,0,0,0,0,0,0,0,0,0
202604,39,057,2,3,Greene County                                               ,147,147,79999160,0,0,0,0,0,0,1,6,690000,131,131,75260819,0,0,0,0,0,0,1,6,690000
202604,39,059,2,3,Guernsey County                                             ,10,10,2579137,0,0,0,0,0,0,0,0,0,10,10,2579137,0,0,0,0,0,0,0,0,0
202604,39,061,2,3,Hamilton County                                             ,230,230,73671828,2,4,1388384,3,9,1657532,9,445,35187917,195,195,61997811,1,2,1000000,1,3,580028,6,413,32123154
202604,39,063,2,3,Hancock County                                              ,19,19,5449823,0,0,0,2,6,1400000,0,0,0,8,8,2130000,0,0,0,2,6,1400000,0,0,0
202604,39,065,2,3,Hardin County                                               ,20,20,4404056,0,0,0,1,3,200000,0,0,0,17,17,3400000,0,0,0,1,3,200000,0,0,0
202604,39,067,2,3,Harrison County                                             ,0,0,0,0,0,0,0,0,0,0,0,0,0,0,0,0,0,0,0,0,0,0,0,0
202604,39,069,2,3,Henry County                                                ,6,6,1495091,0,0,0,0,0,0,0,0,0,1,1,180000,0,0,0,0,0,0,0,0,0
202604,39,071,2,3,Highland County                                             ,2,2,470650,2,4,719572,3,9,1312873,0,0,0,1,1,150000,2,4,719572,3,9,1312873,0,0,0
202604,39,073,2,3,Hocking County                                              ,1,1,212338,1,2,165000,0,0,0,0,0,0,0,0,0,0,0,0,0,0,0,0,0,0
202604,39,075,2,3,Holmes County                                               ,3,3,837589,0,0,0,0,0,0,0,0,0,0,0,0,0,0,0,0,0,0,0,0,0
202604,39,077,2,3,Huron County                                                ,18,18,6053979,0,0,0,0,0,0,0,0,0,5,5,1711222,0,0,0,0,0,0,0,0,0
202604,39,079,2,3,Jackson County                                              ,13,13,3663296,0,0,0,0,0,0,0,0,0,12,12,3342646,0,0,0,0,0,0,0,0,0
202604,39,081,2,3,Jefferson County                                            ,1,1,287226,0,0,0,0,0,0,0,0,0,0,0,0,0,0,0,0,0,0,0,0,0
202604,39,083,2,3,Knox County                                                 ,69,69,23450989,0,0,0,2,6,600000,0,0,0,31,31,10821760,0,0,0,2,6,600000,0,0,0
202604,39,085,2,3,Lake County                                                 ,119,119,36234824,0,0,0,1,3,493012,0,0,0,119,119,36234824,0,0,0,1,3,493012,0,0,0
202604,39,087,2,3,Lawrence County                                             ,5,5,936846,0,0,0,0,0,0,0,0,0,0,0,0,0,0,0,0,0,0,0,0,0
202604,39,089,2,3,Licking County                                              ,61,61,28724119,0,0,0,0,0,0,0,0,0,60,60,28599119,0,0,0,0,0,0,0,0,0
202604,39,091,2,3,Logan County                                                ,40,40,12355656,1,2,353643,0,0,0,0,0,0,0,0,0,0,0,0,0,0,0,0,0,0
202604,39,093,2,3,Lorain County                                               ,337,337,129725420,1,2,287780,7,21,3349670,9,72,7706056,233,233,92624662,1,2,287780,7,21,3349670,9,72,7706056
202604,39,095,2,3,Lucas County                                                ,87,87,34757522,0,0,0,0,0,0,0,0,0,67,67,26825078,0,0,0,0,0,0,0,0,0
202604,39,097,2,3,Madison County                                              ,88,88,27848975,0,0,0,0,0,0,0,0,0,48,48,13944707,0,0,0,0,0,0,0,0,0
202604,39,099,2,3,Mahoning County                                             ,52,52,19106690,1,2,470880,0,0,0,0,0,0,52,52,19106690,1,2,470880,0,0,0,0,0,0
202604,39,101,2,3,Marion County                                               ,23,23,6825663,0,0,0,0,0,0,0,0,0,7,7,1323139,0,0,0,0,0,0,0,0,0
202604,39,103,2,3,Medina County                                               ,145,145,72699918,0,0,0,0,0,0,0,0,0,145,145,72699918,0,0,0,0,0,0,0,0,0
202604,39,105,2,3,Meigs County                                                ,0,0,0,0,0,0,0,0,0,0,0,0,0,0,0,0,0,0,0,0,0,0,0,0
202604,39,107,2,3,Mercer County                                               ,26,26,10659845,1,2,475000,0,0,0,0,0,0,11,11,4896000,1,2,475000,0,0,0,0,0,0
202604,39,109,2,3,Miami County                                                ,99,99,31370879,2,4,750000,2,7,1875000,0,0,0,99,99,31370879,2,4,750000,2,7,1875000,0,0,0
202604,39,111,2,3,Monroe County                                               ,0,0,0,0,0,0,0,0,0,0,0,0,0,0,0,0,0,0,0,0,0,0,0,0
202604,39,113,2,3,Montgomery County                                           ,184,184,50517856,2,4,900000,9,27,1315157,16,357,34543054,178,178,48602485,1,2,400000,9,27,1315157,11,260,22776208
202604,39,115,2,3,Morgan County                                               ,9,9,3093372,0,0,0,0,0,0,0,0,0,9,9,3093372,0,0,0,0,0,0,0,0,0
202604,39,117,2,3,Morrow County                                               ,33,33,10711660,0,0,0,0,0,0,0,0,0,14,14,5418389,0,0,0,0,0,0,0,0,0
202604,39,119,2,3,Muskingum County                                            ,9,9,1818466,2,4,700754,0,0,0,4,29,4534544,0,0,0,0,0,0,0,0,0,0,0,0
202604,39,121,2,3,Noble County                                                ,8,8,2445229,0,0,0,0,0,0,0,0,0,8,8,2445229,0,0,0,0,0,0,0,0,0
202604,39,123,2,3,Ottawa County                                               ,62,62,30996366,0,0,0,0,0,0,1,6,2070000,59,59,29922297,0,0,0,0,0,0,1,6,2070000
202604,39,125,2,3,Paulding County                                             ,5,5,1759800,0,0,0,0,0,0,0,0,0,3,3,1292000,0,0,0,0,0,0,0,0,0
202604,39,127,2,3,Perry County                                                ,9,9,1487931,0,0,0,0,0,0,0,0,0,0,0,0,0,0,0,0,0,0,0,0,0
202604,39,129,2,3,Pickaway County                                             ,102,102,36395669,1,2,349292,0,0,0,0,0,0,47,47,17301104,0,0,0,0,0,0,0,0,0
202604,39,131,2,3,Pike County                                                 ,11,11,3676194,0,0,0,0,0,0,0,0,0,10,10,3313861,0,0,0,0,0,0,0,0,0
202604,39,133,2,3,Portage County                                              ,71,71,31845089,0,0,0,0,0,0,0,0,0,71,71,31845089,0,0,0,0,0,0,0,0,0
202604,39,135,2,3,Preble County                                               ,15,15,4640391,0,0,0,0,0,0,0,0,0,5,5,1265000,0,0,0,0,0,0,0,0,0
202604,39,137,2,3,Putnam County                                               ,7,7,3064706,0,0,0,0,0,0,0,0,0,3,3,1631703,0,0,0,0,0,0,0,0,0
202604,39,139,2,3,Richland County                                             ,32,32,11297921,1,2,351462,0,0,0,0,0,0,1,1,367139,0,0,0,0,0,0,0,0,0
202604,39,141,2,3,Ross County                                                 ,8,8,2532194,1,2,150000,0,0,0,0,0,0,0,0,0,0,0,0,0,0,0,0,0,0
202604,39,143,2,3,Sandusky County                                             ,7,7,2369391,2,4,480000,0,0,0,0,0,0,0,0,0,2,4,480000,0,0,0,0,0,0
202604,39,145,2,3,Scioto County                                               ,5,5,1509714,0,0,0,0,0,0,0,0,0,0,0,0,0,0,0,0,0,0,0,0,0
202604,39,147,2,3,Seneca County                                               ,11,11,3181105,0,0,0,0,0,0,0,0,0,2,2,660000,0,0,0,0,0,0,0,0,0
202604,39,149,2,3,Shelby County                                               ,29,29,9191253,0,0,0,0,0,0,3,58,9091964,27,27,7991253,0,0,0,0,0,0,0,0,0
202604,39,151,2,3,Stark County                                                ,150,150,61635952,4,8,1628652,3,9,1610788,6,36,2765124,129,129,58034401,1,2,450000,1,3,660000,0,0,0
202604,39,153,2,3,Summit County                                               ,144,144,58702939,0,0,0,0,0,0,0,0,0,118,118,50483271,0,0,0,0,0,0,0,0,0
202604,39,155,2,3,Trumbull County                                             ,34,34,8700200,0,0,0,0,0,0,0,0,0,34,34,8700200,0,0,0,0,0,0,0,0,0
202604,39,157,2,3,Tuscarawas County                                           ,21,21,7458729,7,14,1371462,0,0,0,0,0,0,7,7,2710000,6,12,1020000,0,0,0,0,0,0
202604,39,159,2,3,Union County                                                ,178,178,95475695,2,4,980000,0,0,0,0,0,0,178,178,95475695,2,4,980000,0,0,0,0,0,0
202604,39,161,2,3,Van Wert County                                             ,12,12,2436207,0,0,0,0,0,0,0,0,0,7,7,795000,0,0,0,0,0,0,0,0,0
202604,39,163,2,3,Vinton County                                               ,0,0,0,0,0,0,0,0,0,0,0,0,0,0,0,0,0,0,0,0,0,0,0,0
202604,39,165,2,3,Warren County                                               ,295,295,84656929,0,0,0,0,0,0,8,210,27965658,278,278,79363319,0,0,0,0,0,0,8,210,27965658
202604,39,167,2,3,Washington County                                           ,1,1,100000,0,0,0,0,0,0,0,0,0,0,0,0,0,0,0,0,0,0,0,0,0
202604,39,169,2,3,Wayne County                                                ,72,72,23079932,0,0,0,0,0,0,0,0,0,72,72,23079932,0,0,0,0,0,0,0,0,0
202604,39,171,2,3,Williams County                                             ,4,4,1337800,0,0,0,0,0,0,0,0,0,1,1,398000,0,0,0,0,0,0,0,0,0
202604,39,173,2,3,Wood County                                                 ,22,22,10160204,1,2,200000,0,0,0,3,18,2543260,22,22,10160204,1,2,200000,0,0,0,3,18,2543260
202604,39,175,2,3,Wyandot County                                              ,4,4,1007000,0,0,0,0,0,0,0,0,0,4,4,1007000,0,0,0,0,0,0,0,0,0
202604,40,001,3,7,Adair County                                                ,0,0,0,0,0,0,0,0,0,0,0,0,0,0,0,0,0,0,0,0,0,0,0,0
202604,40,003,3,7,Alfalfa County                                              ,0,0,0,0,0,0,0,0,0,0,0,0,0,0,0,0,0,0,0,0,0,0,0,0
202604,40,005,3,7,Atoka County                                                ,7,7,2112049,0,0,0,0,0,0,0,0,0,0,0,0,0,0,0,0,0,0,0,0,0
202604,40,007,3,7,Beaver County                                               ,0,0,0,0,0,0,0,0,0,0,0,0,0,0,0,0,0,0,0,0,0,0,0,0
202604,40,009,3,7,Beckham County                                              ,0,0,0,0,0,0,0,0,0,0,0,0,0,0,0,0,0,0,0,0,0,0,0,0
202604,40,011,3,7,Blaine County                                               ,0,0,0,0,0,0,0,0,0,0,0,0,0,0,0,0,0,0,0,0,0,0,0,0
202604,40,013,3,7,Bryan County                                                ,12,12,1659971,3,6,834997,0,0,0,6,144,19000000,12,12,1659971,3,6,834997,0,0,0,6,144,19000000
202604,40,015,3,7,Caddo County                                                ,0,0,0,0,0,0,0,0,0,0,0,0,0,0,0,0,0,0,0,0,0,0,0,0
202604,40,017,3,7,Canadian County                                             ,100,100,22159881,2,4,410000,7,21,3867066,4,20,217650,34,34,7564017,0,0,0,7,21,3867066,4,20,217650
202604,40,019,3,7,Carter County                                               ,19,19,4009371,0,0,0,0,0,0,0,0,0,9,9,2141132,0,0,0,0,0,0,0,0,0
202604,40,021,3,7,Cherokee County                                             ,12,12,2146000,0,0,0,0,0,0,0,0,0,12,12,2146000,0,0,0,0,0,0,0,0,0
202604,40,023,3,7,Choctaw County                                              ,0,0,0,0,0,0,0,0,0,0,0,0,0,0,0,0,0,0,0,0,0,0,0,0
202604,40,025,3,7,Cimarron County                                             ,0,0,0,0,0,0,0,0,0,0,0,0,0,0,0,0,0,0,0,0,0,0,0,0
202604,40,027,3,7,Cleveland County                                            ,158,158,58559965,0,0,0,0,0,0,0,0,0,152,152,56542410,0,0,0,0,0,0,0,0,0
202604,40,029,3,7,Coal County                                                 ,2,2,264167,0,0,0,0,0,0,0,0,0,0,0,0,0,0,0,0,0,0,0,0,0
202604,40,031,3,7,Comanche County                                             ,51,51,8975214,8,16,1858780,0,0,0,0,0,0,34,34,6641790,8,16,1858780,0,0,0,0,0,0
202604,40,033,3,7,Cotton County                                               ,1,1,228333,0,0,0,0,0,0,0,0,0,0,0,0,0,0,0,0,0,0,0,0,0
202604,40,035,3,7,Craig County                                                ,3,3,901486,0,0,0,0,0,0,0,0,0,0,0,0,0,0,0,0,0,0,0,0,0
202604,40,037,3,7,Creek County                                                ,40,40,7684015,0,0,0,0,0,0,3,27,2076925,16,16,2191695,0,0,0,0,0,0,0,0,0
202604,40,039,3,7,Custer County                                               ,18,18,3327445,2,4,400000,0,0,0,0,0,0,17,17,3184945,2,4,400000,0,0,0,0,0,0
202604,40,041,3,7,Delaware County                                             ,10,10,3348209,6,12,2140006,0,0,0,0,0,0,5,5,1835005,6,12,2140006,0,0,0,0,0,0
202604,40,045,3,7,Ellis County                                                ,0,0,0,0,0,0,0,0,0,0,0,0,0,0,0,0,0,0,0,0,0,0,0,0
202604,40,047,3,7,Garfield County                                             ,1,1,319051,1,2,224600,0,0,0,0,0,0,0,0,0,0,0,0,0,0,0,0,0,0
202604,40,049,3,7,Garvin County                                               ,1,1,500000,0,0,0,0,0,0,0,0,0,0,0,0,0,0,0,0,0,0,0,0,0
202604,40,051,3,7,Grady County                                                ,66,66,18236074,0,0,0,0,0,0,0,0,0,41,41,11882590,0,0,0,0,0,0,0,0,0
202604,40,053,3,7,Grant County                                                ,0,0,0,0,0,0,0,0,0,0,0,0,0,0,0,0,0,0,0,0,0,0,0,0
202604,40,055,3,7,Greer County                                                ,0,0,0,0,0,0,0,0,0,0,0,0,0,0,0,0,0,0,0,0,0,0,0,0
202604,40,059,3,7,Harper County                                               ,0,0,0,0,0,0,0,0,0,0,0,0,0,0,0,0,0,0,0,0,0,0,0,0
202604,40,061,3,7,Haskell County                                              ,2,2,350491,0,0,0,0,0,0,0,0,0,0,0,0,0,0,0,0,0,0,0,0,0
202604,40,063,3,7,Hughes County                                               ,2,2,290000,0,0,0,0,0,0,0,0,0,0,0,0,0,0,0,0,0,0,0,0,0
202604,40,065,3,7,Jackson County                                              ,2,2,575000,0,0,0,0,0,0,0,0,0,2,2,575000,0,0,0,0,0,0,0,0,0
202604,40,069,3,7,Johnston County                                             ,0,0,0,0,0,0,0,0,0,0,0,0,0,0,0,0,0,0,0,0,0,0,0,0
202604,40,071,3,7,Kay County                                                  ,13,13,2475421,0,0,0,0,0,0,0,0,0,7,7,1947050,0,0,0,0,0,0,0,0,0
202604,40,073,3,7,Kingfisher County                                           ,12,12,2960890,0,0,0,0,0,0,0,0,0,4,4,1810000,0,0,0,0,0,0,0,0,0
202604,40,075,3,7,Kiowa County                                                ,0,0,0,0,0,0,0,0,0,0,0,0,0,0,0,0,0,0,0,0,0,0,0,0
202604,40,077,3,7,Latimer County                                              ,0,0,0,0,0,0,0,0,0,0,0,0,0,0,0,0,0,0,0,0,0,0,0,0
202604,40,079,3,7,Le Flore County                                             ,17,17,3476873,0,0,0,0,0,0,0,0,0,0,0,0,0,0,0,0,0,0,0,0,0
202604,40,081,3,7,Lincoln County                                              ,7,7,1782909,0,0,0,0,0,0,0,0,0,1,1,296017,0,0,0,0,0,0,0,0,0
202604,40,083,3,7,Logan County                                                ,42,42,9584234,0,0,0,0,0,0,0,0,0,24,24,5723650,0,0,0,0,0,0,0,0,0
202604,40,085,3,7,Love County                                                 ,1,1,296205,0,0,0,0,0,0,0,0,0,0,0,0,0,0,0,0,0,0,0,0,0
202604,40,087,3,7,McClain County                                              ,137,137,36343748,1,2,278333,0,0,0,0,0,0,92,92,26749740,0,0,0,0,0,0,0,0,0
202604,40,089,3,7,McCurtain County                                            ,4,4,1077736,1,2,318000,0,0,0,0,0,0,0,0,0,0,0,0,0,0,0,0,0,0
202604,40,091,3,7,McIntosh County                                             ,7,7,1239483,0,0,0,0,0,0,0,0,0,5,5,898650,0,0,0,0,0,0,0,0,0
202604,40,093,3,7,Major County                                                ,1,1,50000,0,0,0,0,0,0,0,0,0,0,0,0,0,0,0,0,0,0,0,0,0
202604,40,095,3,7,Marshall County                                             ,1,1,300000,0,0,0,0,0,0,0,0,0,1,1,300000,0,0,0,0,0,0,0,0,0
202604,40,097,3,7,Mayes County                                                ,4,4,916936,0,0,0,1,3,300000,0,0,0,2,2,673000,0,0,0,1,3,300000,0,0,0
202604,40,099,3,7,Murray County                                               ,4,4,598171,0,0,0,0,0,0,0,0,0,0,0,0,0,0,0,0,0,0,0,0,0
202604,40,101,3,7,Muskogee County                                             ,16,16,3158067,0,0,0,0,0,0,0,0,0,13,13,2382050,0,0,0,0,0,0,0,0,0
202604,40,103,3,7,Noble County                                                ,3,3,630698,0,0,0,0,0,0,0,0,0,0,0,0,0,0,0,0,0,0,0,0,0
202604,40,105,3,7,Nowata County                                               ,9,9,1645323,0,0,0,0,0,0,0,0,0,0,0,0,0,0,0,0,0,0,0,0,0
202604,40,107,3,7,Okfuskee County                                             ,0,0,0,0,0,0,0,0,0,0,0,0,0,0,0,0,0,0,0,0,0,0,0,0
202604,40,109,3,7,Oklahoma County                                             ,1828,1828,520937768,51,102,10903775,7,23,2842929,10,197,22005561,1117,1117,329493604,31,62,6934000,4,12,1450000,4,25,3175000
202604,40,111,3,7,Okmulgee County                                             ,3,3,468500,0,0,0,0,0,0,0,0,0,2,2,385000,0,0,0,0,0,0,0,0,0
202604,40,113,3,7,Osage County                                                ,33,33,5085633,0,0,0,0,0,0,0,0,0,32,32,4789616,0,0,0,0,0,0,0,0,0
202604,40,115,3,7,Ottawa County                                               ,5,5,976040,0,0,0,0,0,0,0,0,0,0,0,0,0,0,0,0,0,0,0,0,0
202604,40,117,3,7,Pawnee County                                               ,0,0,0,0,0,0,0,0,0,0,0,0,0,0,0,0,0,0,0,0,0,0,0,0
202604,40,119,3,7,Payne County                                                ,41,41,10983209,2,4,557833,1,3,1083333,0,0,0,6,6,1531736,1,2,175000,0,0,0,0,0,0
202604,40,121,3,7,Pittsburg County                                            ,18,18,7896706,0,0,0,0,0,0,0,0,0,14,14,6142050,0,0,0,0,0,0,0,0,0
202604,40,123,3,7,Pontotoc County                                             ,6,6,1482235,0,0,0,0,0,0,0,0,0,6,6,1482235,0,0,0,0,0,0,0,0,0
202604,40,125,3,7,Pottawatomie County                                         ,29,29,8835694,0,0,0,0,0,0,0,0,0,21,21,7035604,0,0,0,0,0,0,0,0,0
202604,40,127,3,7,Pushmataha County                                           ,0,0,0,0,0,0,0,0,0,0,0,0,0,0,0,0,0,0,0,0,0,0,0,0
202604,40,129,3,7,Roger Mills County                                          ,0,0,0,0,0,0,0,0,0,0,0,0,0,0,0,0,0,0,0,0,0,0,0,0
202604,40,131,3,7,Rogers County                                               ,181,181,45705499,0,0,0,0,0,0,0,0,0,176,176,44621856,0,0,0,0,0,0,0,0,0
202604,40,133,3,7,Seminole County                                             ,12,12,1949723,1,2,165000,0,0,0,3,19,2280000,0,0,0,0,0,0,0,0,0,0,0,0
202604,40,135,3,7,Sequoyah County                                             ,27,27,3951459,2,4,325000,2,6,510000,0,0,0,10,10,2215709,0,0,0,0,0,0,0,0,0
202604,40,137,3,7,Stephens County                                             ,8,8,1318076,0,0,0,0,0,0,0,0,0,6,6,742900,0,0,0,0,0,0,0,0,0
202604,40,139,3,7,Texas County                                                ,7,7,1793203,0,0,0,0,0,0,0,0,0,0,0,0,0,0,0,0,0,0,0,0,0
202604,40,141,3,7,Tillman County                                              ,0,0,0,0,0,0,0,0,0,0,0,0,0,0,0,0,0,0,0,0,0,0,0,0
202604,40,143,3,7,Tulsa County                                                ,570,570,161425176,0,0,0,1,4,763345,1,8,1723200,494,494,128001342,0,0,0,1,4,763345,1,8,1723200
202604,40,145,3,7,Wagoner County                                              ,185,185,58870163,0,0,0,0,0,0,0,0,0,185,185,58870163,0,0,0,0,0,0,0,0,0
202604,40,147,3,7,Washington  County                                          ,12,12,4771751,0,0,0,0,0,0,0,0,0,10,10,4196575,0,0,0,0,0,0,0,0,0
202604,40,149,3,7,Washita County                                              ,1,1,125000,0,0,0,0,0,0,0,0,0,0,0,0,0,0,0,0,0,0,0,0,0
202604,40,151,3,7,Woods County                                                ,2,2,154858,0,0,0,0,0,0,0,0,0,0,0,0,0,0,0,0,0,0,0,0,0
202604,40,153,3,7,Woodward County                                             ,1,1,200833,0,0,0,0,0,0,0,0,0,0,0,0,0,0,0,0,0,0,0,0,0
202604,41,000,4,9,Oregon Balance of State                                     ,42,42,5741519,0,0,0,0,0,0,0,0,0,30,30,3779900,0,0,0,0,0,0,0,0,0
202604,41,001,4,9,Baker County                                                ,11,11,2854075,0,0,0,0,0,0,0,0,0,11,11,2854075,0,0,0,0,0,0,0,0,0
202604,41,003,4,9,Benton County                                               ,108,108,23589383,4,8,2262338,1,4,1343286,6,131,26720546,104,104,21709814,4,8,2262338,1,4,1343286,6,131,26720546
202604,41,005,4,9,Clackamas County                                            ,270,270,124721862,0,0,0,2,6,1002333,2,67,9661885,265,265,123767665,0,0,0,2,6,1002333,1,45,5562150
202604,41,007,4,9,Clatsop County                                              ,19,19,6633812,0,0,0,0,0,0,0,0,0,19,19,6633812,0,0,0,0,0,0,0,0,0
202604,41,009,4,9,Columbia County                                             ,27,27,10807306,0,0,0,0,0,0,0,0,0,25,25,10485225,0,0,0,0,0,0,0,0,0
202604,41,011,4,9,Coos County                                                 ,29,29,10487154,1,2,50000,0,0,0,0,0,0,6,6,1914726,1,2,50000,0,0,0,0,0,0
202604,41,013,4,9,Crook County                                                ,46,46,13589302,0,0,0,0,0,0,1,24,3797280,46,46,13589302,0,0,0,0,0,0,1,24,3797280
202604,41,015,4,9,Curry County                                                ,16,16,8561109,0,0,0,2,8,925000,0,0,0,16,16,8561109,0,0,0,2,8,925000,0,0,0
202604,41,017,4,9,Deschutes County                                            ,425,425,159680157,14,28,7070735,3,9,2294700,11,282,42512904,425,425,159680157,14,28,7070735,3,9,2294700,11,282,42512904
202604,41,019,4,9,Douglas County                                              ,47,47,17307215,2,4,985474,0,0,0,0,0,0,47,47,17307215,2,4,985474,0,0,0,0,0,0
202604,41,023,4,9,Grant County                                                ,7,7,1193930,0,0,0,0,0,0,0,0,0,7,7,1193930,0,0,0,0,0,0,0,0,0
202604,41,025,4,9,Harney County                                               ,3,3,1085970,0,0,0,0,0,0,0,0,0,3,3,1085970,0,0,0,0,0,0,0,0,0
202604,41,027,4,9,Hood River County                                           ,16,16,9389276,0,0,0,0,0,0,0,0,0,16,16,9389276,0,0,0,0,0,0,0,0,0
202604,41,029,4,9,Jackson County                                              ,165,165,52135195,6,12,2570401,1,3,192000,12,147,20833625,150,150,44753937,5,10,2268580,0,0,0,9,105,13833189
202604,41,031,4,9,Jefferson County                                            ,46,46,12785736,0,0,0,0,0,0,1,18,3290409,46,46,12785736,0,0,0,0,0,0,1,18,3290409
202604,41,033,4,9,Josephine County                                            ,39,39,13282932,1,2,359037,0,0,0,1,16,2832867,34,34,11716564,0,0,0,0,0,0,0,0,0
202604,41,035,4,9,Klamath County                                              ,27,27,9983555,5,10,1597706,1,4,411164,0,0,0,27,27,9983555,5,10,1597706,1,4,411164,0,0,0
202604,41,037,4,9,Lake County                                                 ,5,5,1264524,0,0,0,0,0,0,0,0,0,0,0,0,0,0,0,0,0,0,0,0,0
202604,41,039,4,9,Lane County                                                 ,195,195,58082230,4,8,1953292,1,3,747236,6,61,10078614,76,76,24479020,0,0,0,0,0,0,0,0,0
202604,41,041,4,9,Lincoln County                                              ,31,31,12616514,0,0,0,0,0,0,5,72,11230998,30,30,12336514,0,0,0,0,0,0,5,72,11230998
202604,41,043,4,9,Linn County                                                 ,57,57,22460379,2,4,933482,2,8,1613705,0,0,0,52,52,21179981,2,4,933482,2,8,1613705,0,0,0
202604,41,045,4,9,Malheur County                                              ,15,15,5443166,1,2,369614,0,0,0,0,0,0,15,15,5443166,1,2,369614,0,0,0,0,0,0
202604,41,047,4,9,Marion County                                               ,358,358,124878562,6,12,3489037,1,3,496499,14,185,30094482,268,268,95493133,4,8,2362968,0,0,0,9,108,23066484
202604,41,049,4,9,Morrow County                                               ,16,16,5215258,0,0,0,0,0,0,0,0,0,16,16,5215258,0,0,0,0,0,0,0,0,0
202604,41,051,4,9,Multnomah County                                            ,395,395,90047267,10,20,3495979,3,11,1386770,9,350,62094433,395,395,90047267,10,20,3495979,3,11,1386770,9,350,62094433
202604,41,053,4,9,Polk County                                                 ,37,37,11859437,0,0,0,0,0,0,0,0,0,26,26,8878821,0,0,0,0,0,0,0,0,0
202604,41,057,4,9,Tillamook County                                            ,25,25,10905275,1,2,337335,0,0,0,0,0,0,21,21,9332483,0,0,0,0,0,0,0,0,0
202604,41,059,4,9,Umatilla County                                             ,56,56,14938135,0,0,0,0,0,0,0,0,0,15,15,4061122,0,0,0,0,0,0,0,0,0
202604,41,061,4,9,Union County                                                ,13,13,4625247,2,4,987561,0,0,0,0,0,0,13,13,4625247,2,4,987561,0,0,0,0,0,0
202604,41,063,4,9,Wallowa County                                              ,7,7,3302545,0,0,0,0,0,0,0,0,0,7,7,3302545,0,0,0,0,0,0,0,0,0
202604,41,065,4,9,Wasco County                                                ,11,11,4050640,2,4,714006,0,0,0,0,0,0,11,11,4050640,2,4,714006,0,0,0,0,0,0
202604,41,067,4,9,Washington County                                           ,427,427,161015915,7,14,4212945,0,0,0,12,395,58554740,391,391,146014318,7,14,4212945,0,0,0,12,395,58554740
202604,41,071,4,9,Yamhill County                                              ,57,57,23128044,2,4,796733,0,0,0,0,0,0,51,51,21045183,2,4,796733,0,0,0,0,0,0
202604,42,001,1,2,Adams County                                                ,151,151,52089057,0,0,0,0,0,0,0,0,0,151,151,52089057,0,0,0,0,0,0,0,0,0
202604,42,003,1,2,Allegheny County                                            ,393,393,133497003,0,0,0,0,0,0,7,665,59754590,266,266,93434336,0,0,0,0,0,0,3,269,21606465
202604,42,005,1,2,Armstrong County                                            ,12,12,3708837,0,0,0,0,0,0,0,0,0,0,0,0,0,0,0,0,0,0,0,0,0
202604,42,007,1,2,Beaver County                                               ,48,48,14638994,0,0,0,1,3,511644,6,31,4259349,24,24,7920863,0,0,0,0,0,0,0,0,0
202604,42,009,1,2,Bedford County                                              ,12,12,4306920,0,0,0,0,0,0,0,0,0,0,0,0,0,0,0,0,0,0,0,0,0
202604,42,011,1,2,Berks County                                                ,66,66,22007436,0,0,0,1,3,531000,7,135,17393821,23,23,8684975,0,0,0,0,0,0,1,88,13131893
202604,42,013,1,2,Blair County                                                ,22,22,7632485,2,4,850000,0,0,0,0,0,0,3,3,943469,0,0,0,0,0,0,0,0,0
202604,42,015,1,2,Bradford County                                             ,19,19,4759162,0,0,0,0,0,0,0,0,0,4,4,310797,0,0,0,0,0,0,0,0,0
202604,42,017,1,2,Bucks County                                                ,146,146,46635346,1,2,410000,0,0,0,6,42,5109500,101,101,31905820,1,2,410000,0,0,0,2,16,3247000
202604,42,019,1,2,Butler County                                               ,313,313,117994999,0,0,0,3,11,1700160,0,0,0,293,293,111564313,0,0,0,1,4,750720,0,0,0
202604,42,021,1,2,Cambria County                                              ,20,20,7150029,0,0,0,0,0,0,0,0,0,1,1,440000,0,0,0,0,0,0,0,0,0
202604,42,023,1,2,Cameron County                                              ,0,0,0,0,0,0,0,0,0,0,0,0,0,0,0,0,0,0,0,0,0,0,0,0
202604,42,025,1,2,Carbon County                                               ,49,49,17681406,0,0,0,0,0,0,0,0,0,35,35,13985500,0,0,0,0,0,0,0,0,0
202604,42,027,1,2,Centre County                                               ,64,64,24782368,9,18,3911963,0,0,0,3,27,12158453,47,47,19259955,9,18,3911963,0,0,0,3,27,12158453
202604,42,029,1,2,Chester County                                              ,347,347,109412424,0,0,0,2,6,1195500,3,26,7159097,249,249,77589924,0,0,0,1,3,499354,0,0,0
202604,42,031,1,2,Clarion County                                              ,5,5,1316223,0,0,0,0,0,0,0,0,0,0,0,0,0,0,0,0,0,0,0,0,0
202604,42,033,1,2,Clearfield County                                           ,17,17,4578811,2,4,540000,0,0,0,0,0,0,1,1,251633,0,0,0,0,0,0,0,0,0
202604,42,035,1,2,Clinton County                                              ,13,13,3363727,0,0,0,0,0,0,0,0,0,6,6,1882892,0,0,0,0,0,0,0,0,0
202604,42,037,1,2,Columbia County                                             ,31,31,7448831,0,0,0,0,0,0,0,0,0,20,20,4505035,0,0,0,0,0,0,0,0,0
202604,42,039,1,2,Crawford County                                             ,17,17,4884066,0,0,0,0,0,0,0,0,0,1,1,357262,0,0,0,0,0,0,0,0,0
202604,42,041,1,2,Cumberland County                                           ,202,202,50768966,5,10,1901024,0,0,0,0,0,0,147,147,34816063,5,10,1901024,0,0,0,0,0,0
202604,42,043,1,2,Dauphin County                                              ,90,90,19116122,0,0,0,2,8,1453425,7,42,7499207,82,82,16395976,0,0,0,2,8,1453425,7,42,7499207
202604,42,045,1,2,Delaware County                                             ,70,70,28682159,0,0,0,0,0,0,0,0,0,40,40,16286211,0,0,0,0,0,0,0,0,0
202604,42,047,1,2,Elk County                                                  ,10,10,2446277,0,0,0,0,0,0,0,0,0,2,2,750000,0,0,0,0,0,0,0,0,0
202604,42,049,1,2,Erie County                                                 ,33,33,12657319,1,2,341127,0,0,0,0,0,0,17,17,8347970,0,0,0,0,0,0,0,0,0
202604,42,051,1,2,Fayette County                                              ,58,58,15930498,0,0,0,0,0,0,0,0,0,3,3,1220000,0,0,0,0,0,0,0,0,0
202604,42,053,1,2,Forest County                                               ,1,1,333573,0,0,0,0,0,0,0,0,0,0,0,0,0,0,0,0,0,0,0,0,0
202604,42,055,1,2,Franklin County                                             ,159,159,55795797,5,10,1690000,0,0,0,6,127,8687500,95,95,34001788,5,10,1690000,0,0,0,5,122,8250000
202604,42,057,1,2,Fulton County                                               ,2,2,457268,0,0,0,0,0,0,0,0,0,0,0,0,0,0,0,0,0,0,0,0,0
202604,42,059,1,2,Greene County                                               ,5,5,1439569,0,0,0,0,0,0,0,0,0,0,0,0,0,0,0,0,0,0,0,0,0
202604,42,061,1,2,Huntingdon County                                           ,17,17,5195102,0,0,0,0,0,0,0,0,0,0,0,0,0,0,0,0,0,0,0,0,0
202604,42,063,1,2,Indiana County                                              ,21,21,6054393,0,0,0,0,0,0,0,0,0,16,16,4632593,0,0,0,0,0,0,0,0,0
202604,42,065,1,2,Jefferson County                                            ,0,0,0,0,0,0,0,0,0,0,0,0,0,0,0,0,0,0,0,0,0,0,0,0
202604,42,067,1,2,Juniata County                                              ,9,9,2312798,0,0,0,0,0,0,0,0,0,1,1,260000,0,0,0,0,0,0,0,0,0
202604,42,069,1,2,Lackawanna County                                           ,67,67,29576288,0,0,0,0,0,0,0,0,0,29,29,16802404,0,0,0,0,0,0,0,0,0
202604,42,071,1,2,Lancaster County                                            ,222,222,81629172,5,10,1120000,0,0,0,7,89,16629127,162,162,62152282,5,10,1120000,0,0,0,4,51,10430525
202604,42,073,1,2,Lawrence County                                             ,16,16,5827075,0,0,0,0,0,0,0,0,0,5,5,1837623,0,0,0,0,0,0,0,0,0
202604,42,075,1,2,Lebanon County                                              ,93,93,24436406,8,16,1599791,0,0,0,1,5,800000,78,78,20599905,5,10,1202000,0,0,0,0,0,0
202604,42,077,1,2,Lehigh County                                               ,100,100,30157485,1,2,400000,0,0,0,7,87,14070819,78,78,22731782,0,0,0,0,0,0,6,72,12808329
202604,42,079,1,2,Luzerne County                                              ,92,92,26971470,3,6,819000,0,0,0,3,15,620833,13,13,4248052,0,0,0,0,0,0,0,0,0
202604,42,081,1,2,Lycoming County                                             ,26,26,8382411,0,0,0,0,0,0,0,0,0,5,5,1512262,0,0,0,0,0,0,0,0,0
202604,42,083,1,2,McKean County                                               ,7,7,1994089,0,0,0,0,0,0,0,0,0,0,0,0,0,0,0,0,0,0,0,0,0
202604,42,085,1,2,Mercer County                                               ,17,17,6235056,0,0,0,0,0,0,0,0,0,1,1,900000,0,0,0,0,0,0,0,0,0
202604,42,087,1,2,Mifflin County                                              ,16,16,4560969,0,0,0,0,0,0,0,0,0,1,1,265000,0,0,0,0,0,0,0,0,0
202604,42,089,1,2,Monroe County                                               ,69,69,25080033,0,0,0,1,3,563981,3,15,2373040,46,46,17895143,0,0,0,0,0,0,0,0,0
202604,42,091,1,2,Montgomery County                                           ,302,302,88188046,3,6,1011066,0,0,0,10,320,72288802,136,136,34064427,0,0,0,0,0,0,2,277,69247698
202604,42,093,1,2,Montour County                                              ,3,3,1442263,0,0,0,0,0,0,0,0,0,2,2,1085000,0,0,0,0,0,0,0,0,0
202604,42,095,1,2,Northampton County                                          ,105,105,31180169,2,4,464900,1,3,103286,0,0,0,64,64,19390100,2,4,464900,0,0,0,0,0,0
202604,42,097,1,2,Northumberland County                                       ,11,11,3389146,0,0,0,0,0,0,0,0,0,2,2,657285,0,0,0,0,0,0,0,0,0
202604,42,099,1,2,Perry County                                                ,31,31,8781683,0,0,0,0,0,0,0,0,0,3,3,599615,0,0,0,0,0,0,0,0,0
202604,42,101,1,2,Philadelphia County                                         ,196,196,30010050,38,76,10595040,41,137,15472000,37,1362,193563899,196,196,30010050,38,76,10595040,41,137,15472000,37,1362,193563899
202604,42,103,1,2,Pike County                                                 ,34,34,13123340,0,0,0,0,0,0,0,0,0,20,20,7721613,0,0,0,0,0,0,0,0,0
202604,42,105,1,2,Potter County                                               ,7,7,1235769,0,0,0,0,0,0,0,0,0,0,0,0,0,0,0,0,0,0,0,0,0
202604,42,107,1,2,Schuylkill County                                           ,44,44,12604035,0,0,0,0,0,0,4,24,2297223,5,5,1846000,0,0,0,0,0,0,0,0,0
202604,42,109,1,2,Snyder County                                               ,13,13,4221044,0,0,0,0,0,0,0,0,0,0,0,0,0,0,0,0,0,0,0,0,0
202604,42,111,1,2,Somerset County                                             ,19,19,5934414,0,0,0,0,0,0,0,0,0,2,2,616479,0,0,0,0,0,0,0,0,0
202604,42,113,1,2,Sullivan County                                             ,2,2,1078581,0,0,0,0,0,0,0,0,0,0,0,0,0,0,0,0,0,0,0,0,0
202604,42,115,1,2,Susquehanna County                                          ,14,14,4557492,0,0,0,0,0,0,0,0,0,0,0,0,0,0,0,0,0,0,0,0,0
202604,42,117,1,2,Tioga County                                                ,12,12,3119310,0,0,0,0,0,0,0,0,0,4,4,673428,0,0,0,0,0,0,0,0,0
202604,42,119,1,2,Union County                                                ,17,17,6712835,0,0,0,0,0,0,0,0,0,10,10,4386545,0,0,0,0,0,0,0,0,0
202604,42,121,1,2,Venango County                                              ,15,15,5128667,0,0,0,0,0,0,0,0,0,6,6,2285139,0,0,0,0,0,0,0,0,0
202604,42,123,1,2,Warren County                                               ,7,7,4267248,0,0,0,0,0,0,3,15,3750000,6,6,3937000,0,0,0,0,0,0,0,0,0
202604,42,125,1,2,Washington County                                           ,110,110,38539533,0,0,0,0,0,0,4,20,3771832,35,35,11210848,0,0,0,0,0,0,2,10,2553622
202604,42,127,1,2,Wayne County                                                ,41,41,16415935,0,0,0,0,0,0,0,0,0,23,23,10886253,0,0,0,0,0,0,0,0,0
202604,42,129,1,2,Westmoreland County                                         ,103,103,29446307,4,8,1945350,1,3,511644,1,5,739330,55,55,14189408,1,2,595350,0,0,0,0,0,0
202604,42,131,1,2,Wyoming County                                              ,9,9,2326198,0,0,0,0,0,0,1,5,1459118,2,2,303000,0,0,0,0,0,0,0,0,0
202604,42,133,1,2,York County                                                 ,323,323,96987570,0,0,0,0,0,0,4,72,5174290,210,210,61387967,0,0,0,0,0,0,3,67,4605000
202604,44,001,1,1,Bristol County                                              ,6,6,4182120,0,0,0,0,0,0,0,0,0,2,2,1675000,0,0,0,0,0,0,0,0,0
202604,44,003,1,1,Kent County                                                 ,40,40,10525589,2,4,725740,0,0,0,6,297,39242169,27,27,8512736,2,4,725740,0,0,0,6,297,39242169
202604,44,005,1,1,Newport County                                              ,27,27,17996266,2,4,912870,1,3,25000,1,5,178182,20,20,14394192,1,2,362870,1,3,25000,0,0,0
202604,44,007,1,1,Providence County                                           ,80,80,19755410,45,90,11040914,8,26,2400001,4,163,26750902,69,69,17437746,45,90,11040914,8,26,2400001,3,158,26480000
202604,44,009,1,1,Washington County                                           ,58,58,32320064,0,0,0,1,4,500000,0,0,0,47,47,25683771,0,0,0,1,4,500000,0,0,0
202604,45,001,3,5,Abbeville County                                            ,63,63,14480252,0,0,0,0,0,0,3,55,8272894,63,63,14480252,0,0,0,0,0,0,3,55,8272894
202604,45,003,3,5,Aiken County                                                ,523,523,162055956,1,2,120000,0,0,0,0,0,0,523,523,162055956,1,2,120000,0,0,0,0,0,0
202604,45,005,3,5,Allendale County                                            ,2,2,598846,0,0,0,0,0,0,0,0,0,1,1,296205,0,0,0,0,0,0,0,0,0
202604,45,007,3,5,Anderson County                                             ,532,532,119296785,0,0,0,0,0,0,0,0,0,532,532,119296785,0,0,0,0,0,0,0,0,0
202604,45,009,3,5,Bamberg County                                              ,5,5,1289000,0,0,0,1,4,1300000,0,0,0,5,5,1289000,0,0,0,1,4,1300000,0,0,0
202604,45,011,3,5,Barnwell County                                             ,6,6,2461032,0,0,0,0,0,0,0,0,0,5,5,2323744,0,0,0,0,0,0,0,0,0
202604,45,013,3,5,Beaufort County                                             ,314,314,236312532,2,4,1400000,4,12,2513392,0,0,0,193,193,158702542,2,4,1400000,4,12,2513392,0,0,0
202604,45,015,3,5,Berkeley County                                             ,802,802,281774901,2,4,872814,0,0,0,4,246,23603210,271,271,106678048,0,0,0,0,0,0,0,0,0
202604,45,017,3,5,Calhoun County                                              ,14,14,3250716,0,0,0,0,0,0,0,0,0,0,0,0,0,0,0,0,0,0,0,0,0
202604,45,019,3,5,Charleston County                                           ,785,785,319060446,3,6,533679,6,20,719255,20,271,21865282,372,372,240543579,0,0,0,0,0,0,0,0,0
202604,45,021,3,5,Cherokee County                                             ,64,64,17977724,9,18,2475412,1,3,75000,1,10,1970791,55,55,16813488,5,10,1710000,0,0,0,0,0,0
202604,45,023,3,5,Chester County                                              ,103,103,36316749,0,0,0,0,0,0,0,0,0,103,103,36316749,0,0,0,0,0,0,0,0,0
202604,45,025,3,5,Chesterfield County                                         ,43,43,8283690,0,0,0,0,0,0,0,0,0,43,43,8283690,0,0,0,0,0,0,0,0,0
202604,45,027,3,5,Clarendon County                                            ,36,36,7043567,0,0,0,0,0,0,0,0,0,0,0,0,0,0,0,0,0,0,0,0,0
202604,45,029,3,5,Colleton County                                             ,14,14,8528384,2,4,561600,0,0,0,0,0,0,7,7,6094100,0,0,0,0,0,0,0,0,0
202604,45,031,3,5,Darlington County                                           ,94,94,15689929,0,0,0,0,0,0,1,5,488750,88,88,14586363,0,0,0,0,0,0,0,0,0
202604,45,033,3,5,Dillon County                                               ,11,11,1151604,0,0,0,0,0,0,0,0,0,0,0,0,0,0,0,0,0,0,0,0,0
202604,45,035,3,5,Dorchester County                                           ,517,517,184408073,0,0,0,0,0,0,0,0,0,471,471,167240141,0,0,0,0,0,0,0,0,0
202604,45,037,3,5,Edgefield County                                            ,57,57,29558457,0,0,0,0,0,0,0,0,0,57,57,29558457,0,0,0,0,0,0,0,0,0
202604,45,039,3,5,Fairfield County                                            ,24,24,7482738,0,0,0,0,0,0,0,0,0,24,24,7482738,0,0,0,0,0,0,0,0,0
202604,45,041,3,5,Florence County                                             ,175,175,29903882,0,0,0,1,3,820150,4,35,5483163,0,0,0,0,0,0,0,0,0,0,0,0
202604,45,043,3,5,Georgetown County                                           ,143,143,79649958,0,0,0,0,0,0,0,0,0,92,92,53879414,0,0,0,0,0,0,0,0,0
202604,45,045,3,5,Greenville County                                           ,1310,1310,687252665,0,0,0,0,0,0,12,521,96443888,1280,1280,679255025,0,0,0,0,0,0,12,521,96443888
202604,45,047,3,5,Greenwood County                                            ,71,71,17510335,0,0,0,0,0,0,0,0,0,0,0,0,0,0,0,0,0,0,0,0,0
202604,45,049,3,5,Hampton County                                              ,10,10,2073435,0,0,0,0,0,0,0,0,0,10,10,2073435,0,0,0,0,0,0,0,0,0
202604,45,051,3,5,Horry County                                                ,2168,2168,488829735,0,0,0,0,0,0,5,27,1350000,2091,2091,459878122,0,0,0,0,0,0,0,0,0
202604,45,053,3,5,Jasper County                                               ,507,507,115302517,0,0,0,2,6,1059526,0,0,0,500,500,112980217,0,0,0,0,0,0,0,0,0
202604,45,055,3,5,Kershaw County                                              ,106,106,32538338,0,0,0,0,0,0,0,0,0,103,103,32081537,0,0,0,0,0,0,0,0,0
202604,45,057,3,5,Lancaster County                                            ,379,379,172641041,0,0,0,0,0,0,0,0,0,379,379,172641041,0,0,0,0,0,0,0,0,0
202604,45,059,3,5,Laurens County                                              ,394,394,70542704,0,0,0,0,0,0,0,0,0,379,379,67677760,0,0,0,0,0,0,0,0,0
202604,45,061,3,5,Lee County                                                  ,5,5,1073350,0,0,0,0,0,0,0,0,0,5,5,1073350,0,0,0,0,0,0,0,0,0
202604,45,063,3,5,Lexington County                                            ,706,706,254057821,4,8,520800,0,0,0,0,0,0,682,682,249340829,4,8,520800,0,0,0,0,0,0
202604,45,065,3,5,McCormick County                                            ,28,28,11523243,0,0,0,0,0,0,0,0,0,28,28,11523243,0,0,0,0,0,0,0,0,0
202604,45,067,3,5,Marion County                                               ,24,24,3329797,0,0,0,0,0,0,0,0,0,0,0,0,0,0,0,0,0,0,0,0,0
202604,45,069,3,5,Marlboro County                                             ,0,0,0,0,0,0,0,0,0,0,0,0,0,0,0,0,0,0,0,0,0,0,0,0
202604,45,071,3,5,Newberry County                                             ,71,71,23078798,0,0,0,0,0,0,0,0,0,24,24,3401000,0,0,0,0,0,0,0,0,0
202604,45,073,3,5,Oconee County                                               ,254,254,113414375,0,0,0,0,0,0,1,5,766908,247,247,111047449,0,0,0,0,0,0,0,0,0
202604,45,075,3,5,Orangeburg County                                           ,29,29,4751339,0,0,0,0,0,0,1,5,833333,0,0,0,0,0,0,0,0,0,0,0,0
202604,45,077,3,5,Pickens County                                              ,195,195,96029053,3,6,796050,0,0,0,0,0,0,180,180,92925078,2,4,591550,0,0,0,0,0,0
202604,45,079,3,5,Richland County                                             ,754,754,145238830,6,12,2150837,2,8,1054975,10,720,99948728,247,247,46099264,5,10,1818200,0,0,0,8,583,76549920
202604,45,081,3,5,Saluda County                                               ,17,17,5242194,0,0,0,0,0,0,0,0,0,17,17,5242194,0,0,0,0,0,0,0,0,0
202604,45,083,3,5,Spartanburg County                                          ,1665,1665,347287509,0,0,0,0,0,0,0,0,0,1654,1654,344686614,0,0,0,0,0,0,0,0,0
202604,45,085,3,5,Sumter County                                               ,106,106,17857738,6,12,1144030,0,0,0,0,0,0,0,0,0,0,0,0,0,0,0,0,0,0
202604,45,087,3,5,Union County                                                ,30,30,3925869,1,2,283300,0,0,0,1,43,1251051,0,0,0,0,0,0,0,0,0,0,0,0
202604,45,089,3,5,Williamsburg County                                         ,12,12,2027024,0,0,0,0,0,0,0,0,0,0,0,0,0,0,0,0,0,0,0,0,0
202604,45,091,3,5,York County                                                 ,785,785,271941853,0,0,0,1,3,461363,12,528,90281036,512,512,169555790,0,0,0,1,3,461363,8,468,83470157
202604,46,003,2,4,Aurora County                                               ,2,2,425000,0,0,0,0,0,0,0,0,0,0,0,0,0,0,0,0,0,0,0,0,0
202604,46,005,2,4,Beadle County                                               ,4,4,1273074,0,0,0,0,0,0,0,0,0,4,4,1273074,0,0,0,0,0,0,0,0,0
202604,46,007,2,4,Bennett County                                              ,0,0,0,0,0,0,0,0,0,0,0,0,0,0,0,0,0,0,0,0,0,0,0,0
202604,46,009,2,4,Bon Homme County                                            ,6,6,1004224,0,0,0,0,0,0,0,0,0,0,0,0,0,0,0,0,0,0,0,0,0
202604,46,011,2,4,Brookings County                                            ,57,57,14901072,0,0,0,1,3,625000,0,0,0,53,53,13817678,0,0,0,0,0,0,0,0,0
202604,46,013,2,4,Brown County                                                ,14,14,4394286,0,0,0,0,0,0,0,0,0,14,14,4394286,0,0,0,0,0,0,0,0,0
202604,46,015,2,4,Brule County                                                ,4,4,2140000,2,4,1130000,0,0,0,0,0,0,4,4,2140000,0,0,0,0,0,0,0,0,0
202604,46,019,2,4,Butte County                                                ,26,26,8571851,0,0,0,0,0,0,0,0,0,26,26,8571851,0,0,0,0,0,0,0,0,0
202604,46,021,2,4,Campbell County                                             ,0,0,0,0,0,0,0,0,0,0,0,0,0,0,0,0,0,0,0,0,0,0,0,0
202604,46,023,2,4,Charles Mix County                                          ,8,8,3087900,0,0,0,0,0,0,1,5,610350,0,0,0,0,0,0,0,0,0,0,0,0
202604,46,025,2,4,Clark County                                                ,4,4,1228345,0,0,0,0,0,0,0,0,0,0,0,0,0,0,0,0,0,0,0,0,0
202604,46,027,2,4,Clay County                                                 ,5,5,1692987,1,2,600000,0,0,0,1,5,281250,3,3,1025109,1,2,600000,0,0,0,0,0,0
202604,46,029,2,4,Codington County                                            ,15,15,5810773,0,0,0,1,4,200000,1,72,8940000,14,14,5469070,0,0,0,1,4,200000,1,72,8940000
202604,46,031,2,4,Corson County                                               ,0,0,0,0,0,0,0,0,0,0,0,0,0,0,0,0,0,0,0,0,0,0,0,0
202604,46,033,2,4,Custer County                                               ,94,94,34860371,0,0,0,0,0,0,0,0,0,90,90,33370709,0,0,0,0,0,0,0,0,0
202604,46,035,2,4,Davison County                                              ,12,12,3978102,1,2,294552,0,0,0,0,0,0,3,3,2080000,0,0,0,0,0,0,0,0,0
202604,46,037,2,4,Day County                                                  ,8,8,3441300,0,0,0,0,0,0,0,0,0,6,6,2638000,0,0,0,0,0,0,0,0,0
202604,46,039,2,4,Deuel County                                                ,3,3,1320650,0,0,0,0,0,0,0,0,0,2,2,1000000,0,0,0,0,0,0,0,0,0
202604,46,041,2,4,Dewey County                                                ,0,0,0,0,0,0,0,0,0,0,0,0,0,0,0,0,0,0,0,0,0,0,0,0
202604,46,043,2,4,Douglas County                                              ,2,2,900000,0,0,0,0,0,0,0,0,0,0,0,0,0,0,0,0,0,0,0,0,0
202604,46,045,2,4,Edmunds County                                              ,0,0,0,0,0,0,0,0,0,0,0,0,0,0,0,0,0,0,0,0,0,0,0,0
202604,46,047,2,4,Fall River County                                           ,4,4,732700,0,0,0,0,0,0,0,0,0,0,0,0,0,0,0,0,0,0,0,0,0
202604,46,049,2,4,Faulk County                                                ,1,1,700000,0,0,0,0,0,0,0,0,0,1,1,700000,0,0,0,0,0,0,0,0,0
202604,46,051,2,4,Grant County                                                ,5,5,1647503,0,0,0,1,3,438855,0,0,0,0,0,0,0,0,0,0,0,0,0,0,0
202604,46,053,2,4,Gregory County                                              ,7,7,1950000,0,0,0,0,0,0,0,0,0,0,0,0,0,0,0,0,0,0,0,0,0
202604,46,055,2,4,Haakon County                                               ,1,1,200000,0,0,0,0,0,0,0,0,0,0,0,0,0,0,0,0,0,0,0,0,0
202604,46,057,2,4,Hamlin County                                               ,14,14,4434718,0,0,0,0,0,0,0,0,0,2,2,410000,0,0,0,0,0,0,0,0,0
202604,46,059,2,4,Hand County                                                 ,5,5,2700000,0,0,0,0,0,0,0,0,0,5,5,2700000,0,0,0,0,0,0,0,0,0
202604,46,061,2,4,Hanson County                                               ,3,3,1086654,0,0,0,0,0,0,0,0,0,0,0,0,0,0,0,0,0,0,0,0,0
202604,46,063,2,4,Harding County                                              ,1,1,341703,0,0,0,0,0,0,0,0,0,0,0,0,0,0,0,0,0,0,0,0,0
202604,46,065,2,4,Hughes County                                               ,9,9,4118700,0,0,0,0,0,0,0,0,0,9,9,4118700,0,0,0,0,0,0,0,0,0
202604,46,067,2,4,Hutchinson County                                           ,4,4,1520650,0,0,0,0,0,0,0,0,0,3,3,1200000,0,0,0,0,0,0,0,0,0
202604,46,069,2,4,Hyde County                                                 ,0,0,0,0,0,0,0,0,0,0,0,0,0,0,0,0,0,0,0,0,0,0,0,0
202604,46,071,2,4,Jackson County                                              ,0,0,0,0,0,0,0,0,0,0,0,0,0,0,0,0,0,0,0,0,0,0,0,0
202604,46,073,2,4,Jerauld County                                              ,0,0,0,0,0,0,0,0,0,0,0,0,0,0,0,0,0,0,0,0,0,0,0,0
202604,46,075,2,4,Jones County                                                ,0,0,0,0,0,0,0,0,0,0,0,0,0,0,0,0,0,0,0,0,0,0,0,0
202604,46,077,2,4,Kingsbury County                                            ,6,6,2200150,0,0,0,0,0,0,0,0,0,0,0,0,0,0,0,0,0,0,0,0,0
202604,46,079,2,4,Lake County                                                 ,6,6,1522229,0,0,0,0,0,0,1,5,547285,4,4,996125,0,0,0,0,0,0,0,0,0
202604,46,081,2,4,Lawrence County                                             ,44,44,24205498,1,2,605000,0,0,0,0,0,0,41,41,23080348,1,2,605000,0,0,0,0,0,0
202604,46,083,2,4,Lincoln County                                              ,81,81,23870592,0,0,0,5,20,3000000,0,0,0,79,79,23381258,0,0,0,5,20,3000000,0,0,0
202604,46,085,2,4,Lyman County                                                ,3,3,1172500,0,0,0,0,0,0,0,0,0,0,0,0,0,0,0,0,0,0,0,0,0
202604,46,087,2,4,McCook County                                               ,7,7,4086989,0,0,0,0,0,0,0,0,0,6,6,3770560,0,0,0,0,0,0,0,0,0
202604,46,089,2,4,McPherson County                                            ,0,0,0,0,0,0,0,0,0,0,0,0,0,0,0,0,0,0,0,0,0,0,0,0
202604,46,091,2,4,Marshall County                                             ,2,2,621803,0,0,0,0,0,0,0,0,0,0,0,0,0,0,0,0,0,0,0,0,0
202604,46,093,2,4,Meade County                                                ,32,32,10947935,0,0,0,0,0,0,0,0,0,31,31,10575935,0,0,0,0,0,0,0,0,0
202604,46,095,2,4,Mellette County                                             ,0,0,0,0,0,0,0,0,0,0,0,0,0,0,0,0,0,0,0,0,0,0,0,0
202604,46,097,2,4,Miner County                                                ,2,2,606476,0,0,0,0,0,0,0,0,0,0,0,0,0,0,0,0,0,0,0,0,0
202604,46,099,2,4,Minnehaha County                                            ,224,224,63592389,5,10,1920593,4,15,2563891,26,262,47059531,215,215,61307481,4,8,1399760,3,12,2209417,26,262,47059531
202604,46,101,2,4,Moody County                                                ,4,4,1229785,0,0,0,0,0,0,0,0,0,2,2,875000,0,0,0,0,0,0,0,0,0
202604,46,103,2,4,Pennington County                                           ,135,135,38749994,5,10,3430429,0,0,0,4,42,8184650,132,132,37872072,5,10,3430429,0,0,0,4,42,8184650
202604,46,105,2,4,Perkins County                                              ,0,0,0,0,0,0,0,0,0,0,0,0,0,0,0,0,0,0,0,0,0,0,0,0
202604,46,107,2,4,Potter County                                               ,2,2,621854,0,0,0,0,0,0,0,0,0,0,0,0,0,0,0,0,0,0,0,0,0
202604,46,109,2,4,Roberts County                                              ,15,15,3867107,0,0,0,0,0,0,0,0,0,14,14,3792107,0,0,0,0,0,0,0,0,0
202604,46,111,2,4,Sanborn County                                              ,4,4,1153000,0,0,0,0,0,0,0,0,0,4,4,1153000,0,0,0,0,0,0,0,0,0
202604,46,115,2,4,Spink County                                                ,4,4,1915500,0,0,0,0,0,0,0,0,0,0,0,0,0,0,0,0,0,0,0,0,0
202604,46,117,2,4,Stanley County                                              ,3,3,980909,0,0,0,0,0,0,0,0,0,0,0,0,0,0,0,0,0,0,0,0,0
202604,46,119,2,4,Sully County                                                ,6,6,1485000,0,0,0,0,0,0,0,0,0,6,6,1485000,0,0,0,0,0,0,0,0,0
202604,46,121,2,4,Todd County                                                 ,0,0,0,0,0,0,0,0,0,0,0,0,0,0,0,0,0,0,0,0,0,0,0,0
202604,46,123,2,4,Tripp County                                                ,0,0,0,0,0,0,0,0,0,1,5,325000,0,0,0,0,0,0,0,0,0,0,0,0
202604,46,125,2,4,Turner County                                               ,7,7,2380290,2,4,400000,0,0,0,0,0,0,0,0,0,0,0,0,0,0,0,0,0,0
202604,46,127,2,4,Union County                                                ,9,9,4259323,0,0,0,0,0,0,1,23,2801110,1,1,65000,0,0,0,0,0,0,0,0,0
202604,46,129,2,4,Walworth County                                             ,1,1,170000,0,0,0,0,0,0,0,0,0,0,0,0,0,0,0,0,0,0,0,0,0
202604,46,135,2,4,Yankton County                                              ,27,27,7988912,0,0,0,0,0,0,3,81,9216263,26,26,7838912,0,0,0,0,0,0,3,81,9216263
202604,47,001,3,6,Anderson County                                             ,134,134,34856314,2,4,819472,0,0,0,4,26,2304787,84,84,24330389,2,4,819472,0,0,0,0,0,0
202604,47,003,3,6,Bedford County                                              ,120,120,31079271,0,0,0,0,0,0,0,0,0,120,120,31079271,0,0,0,0,0,0,0,0,0
202604,47,005,3,6,Benton County                                               ,1,1,200000,0,0,0,0,0,0,0,0,0,1,1,200000,0,0,0,0,0,0,0,0,0
202604,47,007,3,6,Bledsoe County                                              ,0,0,0,0,0,0,0,0,0,0,0,0,0,0,0,0,0,0,0,0,0,0,0,0
202604,47,009,3,6,Blount County                                               ,289,289,83023969,0,0,0,0,0,0,0,0,0,151,151,38489993,0,0,0,0,0,0,0,0,0
202604,47,011,3,6,Bradley County                                              ,254,254,73620630,9,18,2859604,2,8,1611410,0,0,0,161,161,47420257,5,10,1594604,2,8,1611410,0,0,0
202604,47,013,3,6,Campbell County                                             ,40,40,10813686,0,0,0,0,0,0,0,0,0,10,10,2960166,0,0,0,0,0,0,0,0,0
202604,47,015,3,6,Cannon County                                               ,28,28,6782656,0,0,0,0,0,0,0,0,0,28,28,6782656,0,0,0,0,0,0,0,0,0
202604,47,017,3,6,Carroll County                                              ,4,4,660414,0,0,0,0,0,0,0,0,0,0,0,0,0,0,0,0,0,0,0,0,0
202604,47,019,3,6,Carter County                                               ,49,49,11552998,0,0,0,0,0,0,0,0,0,12,12,3552200,0,0,0,0,0,0,0,0,0
202604,47,021,3,6,Cheatham County                                             ,57,57,19676412,0,0,0,0,0,0,0,0,0,51,51,17580043,0,0,0,0,0,0,0,0,0
202604,47,023,3,6,Chester County                                              ,10,10,2065000,0,0,0,0,0,0,0,0,0,10,10,2065000,0,0,0,0,0,0,0,0,0
202604,47,025,3,6,Claiborne County                                            ,36,36,9334232,1,2,130000,0,0,0,1,5,1350000,30,30,8015000,0,0,0,0,0,0,0,0,0
202604,47,027,3,6,Clay County                                                 ,10,10,1534203,0,0,0,0,0,0,0,0,0,0,0,0,0,0,0,0,0,0,0,0,0
202604,47,029,3,6,Cocke County                                                ,0,0,0,0,0,0,0,0,0,0,0,0,0,0,0,0,0,0,0,0,0,0,0,0
202604,47,031,3,6,Coffee County                                               ,150,150,43878728,0,0,0,1,4,546560,0,0,0,132,132,38550428,0,0,0,1,4,546560,0,0,0
202604,47,033,3,6,Crockett County                                             ,9,9,2387975,0,0,0,0,0,0,0,0,0,0,0,0,0,0,0,0,0,0,0,0,0
202604,47,035,3,6,Cumberland County                                           ,24,24,3935633,2,4,498477,0,0,0,0,0,0,24,24,3935633,2,4,498477,0,0,0,0,0,0
202604,47,037,3,6,Davidson County                                             ,647,647,121308033,0,0,0,1,3,691769,7,679,112819846,640,640,115001020,0,0,0,0,0,0,7,679,112819846
202604,47,039,3,6,Decatur County                                              ,4,4,734800,0,0,0,0,0,0,0,0,0,0,0,0,0,0,0,0,0,0,0,0,0
202604,47,041,3,6,DeKalb County                                               ,58,58,9013066,0,0,0,0,0,0,0,0,0,0,0,0,0,0,0,0,0,0,0,0,0
202604,47,043,3,6,Dickson County                                              ,146,146,35472860,11,22,4950000,0,0,0,0,0,0,146,146,35472860,11,22,4950000,0,0,0,0,0,0
202604,47,045,3,6,Dyer County                                                 ,22,22,6360520,0,0,0,0,0,0,0,0,0,22,22,6360520,0,0,0,0,0,0,0,0,0
202604,47,047,3,6,Fayette County                                              ,167,167,47836661,0,0,0,0,0,0,0,0,0,167,167,47836661,0,0,0,0,0,0,0,0,0
202604,47,049,3,6,Fentress County                                             ,3,3,718782,0,0,0,0,0,0,0,0,0,0,0,0,0,0,0,0,0,0,0,0,0
202604,47,051,3,6,Franklin County                                             ,116,116,28800653,0,0,0,0,0,0,0,0,0,61,61,15055262,0,0,0,0,0,0,0,0,0
202604,47,053,3,6,Gibson County                                               ,65,65,21196273,4,8,850000,0,0,0,0,0,0,52,52,17489640,4,8,850000,0,0,0,0,0,0
202604,47,055,3,6,Giles County                                                ,31,31,6005527,0,0,0,0,0,0,0,0,0,27,27,5525497,0,0,0,0,0,0,0,0,0
202604,47,057,3,6,Grainger County                                             ,26,26,4508617,0,0,0,0,0,0,0,0,0,0,0,0,0,0,0,0,0,0,0,0,0
202604,47,059,3,6,Greene County                                               ,81,81,26413467,0,0,0,0,0,0,0,0,0,80,80,26125879,0,0,0,0,0,0,0,0,0
202604,47,061,3,6,Grundy County                                               ,7,7,875000,0,0,0,0,0,0,0,0,0,0,0,0,0,0,0,0,0,0,0,0,0
202604,47,063,3,6,Hamblen County                                              ,57,57,18761024,3,6,750000,1,3,275000,0,0,0,57,57,18761024,3,6,750000,1,3,275000,0,0,0
202604,47,065,3,6,Hamilton County                                             ,527,527,125553807,17,34,3376516,7,23,2380284,6,80,8407132,326,326,72130354,3,6,1166000,5,17,2032260,1,5,914600
202604,47,067,3,6,Hancock County                                              ,1,1,250000,0,0,0,0,0,0,0,0,0,0,0,0,0,0,0,0,0,0,0,0,0
202604,47,069,3,6,Hardeman County                                             ,7,7,2189000,0,0,0,0,0,0,0,0,0,7,7,2189000,0,0,0,0,0,0,0,0,0
202604,47,071,3,6,Hardin County                                               ,11,11,1835000,0,0,0,0,0,0,0,0,0,11,11,1835000,0,0,0,0,0,0,0,0,0
202604,47,073,3,6,Hawkins County                                              ,50,50,5650945,0,0,0,0,0,0,0,0,0,3,3,590000,0,0,0,0,0,0,0,0,0
202604,47,075,3,6,Haywood County                                              ,8,8,1620133,0,0,0,0,0,0,1,7,1145278,0,0,0,0,0,0,0,0,0,0,0,0
202604,47,077,3,6,Henderson County                                            ,8,8,1137925,1,2,315400,0,0,0,0,0,0,0,0,0,0,0,0,0,0,0,0,0,0
202604,47,079,3,6,Henry County                                                ,6,6,494688,0,0,0,0,0,0,0,0,0,0,0,0,0,0,0,0,0,0,0,0,0
202604,47,081,3,6,Hickman County                                              ,41,41,7052548,0,0,0,0,0,0,0,0,0,0,0,0,0,0,0,0,0,0,0,0,0
202604,47,083,3,6,Houston County                                              ,0,0,0,0,0,0,0,0,0,0,0,0,0,0,0,0,0,0,0,0,0,0,0,0
202604,47,085,3,6,Humphreys County                                            ,16,16,1989449,0,0,0,0,0,0,0,0,0,0,0,0,0,0,0,0,0,0,0,0,0
202604,47,087,3,6,Jackson County                                              ,0,0,0,0,0,0,0,0,0,0,0,0,0,0,0,0,0,0,0,0,0,0,0,0
202604,47,089,3,6,Jefferson County                                            ,104,104,43887055,2,4,1060000,5,15,4235000,0,0,0,92,92,41717605,2,4,1060000,5,15,4235000,0,0,0
202604,47,091,3,6,Johnson County                                              ,3,3,477015,0,0,0,0,0,0,0,0,0,0,0,0,0,0,0,0,0,0,0,0,0
202604,47,093,3,6,Knox County                                                 ,930,930,241898397,2,4,1040000,0,0,0,20,790,149621200,761,761,202535452,0,0,0,0,0,0,15,404,79729320
202604,47,095,3,6,Lake County                                                 ,2,2,450000,0,0,0,0,0,0,0,0,0,0,0,0,0,0,0,0,0,0,0,0,0
202604,47,097,3,6,Lauderdale County                                           ,11,11,3963000,0,0,0,0,0,0,0,0,0,7,7,3200000,0,0,0,0,0,0,0,0,0
202604,47,099,3,6,Lawrence County                                             ,6,6,1253535,0,0,0,0,0,0,0,0,0,0,0,0,0,0,0,0,0,0,0,0,0
202604,47,101,3,6,Lewis County                                                ,1,1,260000,2,4,370000,1,3,285000,0,0,0,1,1,260000,2,4,370000,1,3,285000,0,0,0
202604,47,103,3,6,Lincoln County                                              ,52,52,9258417,0,0,0,0,0,0,0,0,0,52,52,9258417,0,0,0,0,0,0,0,0,0
202604,47,105,3,6,Loudon County                                               ,162,162,80964051,2,4,1200000,0,0,0,0,0,0,162,162,80964051,2,4,1200000,0,0,0,0,0,0
202604,47,107,3,6,McMinn County                                               ,30,30,4648129,0,0,0,1,3,520000,0,0,0,15,15,2205059,0,0,0,0,0,0,0,0,0
202604,47,109,3,6,McNairy County                                              ,4,4,659474,0,0,0,0,0,0,0,0,0,0,0,0,0,0,0,0,0,0,0,0,0
202604,47,111,3,6,Macon County                                                ,59,59,16614926,0,0,0,0,0,0,1,5,645905,0,0,0,0,0,0,0,0,0,0,0,0
202604,47,113,3,6,Madison County                                              ,83,83,18948105,0,0,0,0,0,0,0,0,0,0,0,0,0,0,0,0,0,0,0,0,0
202604,47,115,3,6,Marion County                                               ,100,100,25740949,0,0,0,0,0,0,0,0,0,81,81,23799088,0,0,0,0,0,0,0,0,0
202604,47,117,3,6,Marshall County                                             ,109,109,29786854,0,0,0,1,3,284229,4,21,2794579,0,0,0,0,0,0,0,0,0,0,0,0
202604,47,119,3,6,Maury County                                                ,507,507,114757575,1,2,209236,0,0,0,4,23,1733468,122,122,25826211,0,0,0,0,0,0,0,0,0
202604,47,121,3,6,Meigs County                                                ,32,32,8768751,0,0,0,0,0,0,0,0,0,0,0,0,0,0,0,0,0,0,0,0,0
202604,47,123,3,6,Monroe County                                               ,76,76,21331710,2,4,305000,0,0,0,0,0,0,72,72,20388098,2,4,305000,0,0,0,0,0,0
202604,47,125,3,6,Montgomery County                                           ,586,586,123779882,8,16,2766000,3,11,1340218,46,443,47551758,586,586,123779882,8,16,2766000,3,11,1340218,46,443,47551758
202604,47,127,3,6,Moore County                                                ,10,10,2384738,0,0,0,0,0,0,0,0,0,0,0,0,0,0,0,0,0,0,0,0,0
202604,47,129,3,6,Morgan County                                               ,0,0,0,0,0,0,0,0,0,0,0,0,0,0,0,0,0,0,0,0,0,0,0,0
202604,47,131,3,6,Obion County                                                ,8,8,2397079,0,0,0,0,0,0,0,0,0,8,8,2397079,0,0,0,0,0,0,0,0,0
202604,47,133,3,6,Overton County                                              ,2,2,240000,0,0,0,0,0,0,0,0,0,2,2,240000,0,0,0,0,0,0,0,0,0
202604,47,135,3,6,Perry County                                                ,4,4,780672,0,0,0,0,0,0,0,0,0,0,0,0,0,0,0,0,0,0,0,0,0
202604,47,139,3,6,Polk County                                                 ,67,67,12134695,0,0,0,0,0,0,0,0,0,0,0,0,0,0,0,0,0,0,0,0,0
202604,47,141,3,6,Putnam County                                               ,170,170,48618988,1,2,371796,0,0,0,1,208,61500000,170,170,48618988,1,2,371796,0,0,0,1,208,61500000
202604,47,143,3,6,Rhea County                                                 ,70,70,19375752,0,0,0,0,0,0,0,0,0,70,70,19375752,0,0,0,0,0,0,0,0,0
202604,47,145,3,6,Roane County                                                ,109,109,35653356,0,0,0,0,0,0,0,0,0,109,109,35653356,0,0,0,0,0,0,0,0,0
202604,47,147,3,6,Robertson County                                            ,289,289,94457139,0,0,0,0,0,0,0,0,0,279,279,91561703,0,0,0,0,0,0,0,0,0
202604,47,149,3,6,Rutherford County                                           ,889,889,246084787,0,0,0,0,0,0,11,451,48148184,889,889,246084787,0,0,0,0,0,0,11,451,48148184
202604,47,151,3,6,Scott County                                                ,2,2,549422,0,0,0,0,0,0,0,0,0,0,0,0,0,0,0,0,0,0,0,0,0
202604,47,153,3,6,Sequatchie County                                           ,7,7,1367000,0,0,0,0,0,0,0,0,0,7,7,1367000,0,0,0,0,0,0,0,0,0
202604,47,155,3,6,Sevier County                                               ,250,250,85655148,4,8,1377646,0,0,0,17,342,34180734,246,246,84438736,0,0,0,0,0,0,14,317,31472412
202604,47,157,3,6,Shelby County                                               ,424,424,96835765,4,8,526928,4,16,2181256,1,100,17130000,424,424,96835765,4,8,526928,4,16,2181256,1,100,17130000
202604,47,159,3,6,Smith County                                                ,46,46,15066091,0,0,0,0,0,0,0,0,0,45,45,14880000,0,0,0,0,0,0,0,0,0
202604,47,161,3,6,Stewart County                                              ,4,4,701346,1,2,234203,0,0,0,1,5,500000,0,0,0,0,0,0,0,0,0,0,0,0
202604,47,163,3,6,Sullivan County                                             ,190,190,47185366,1,2,352000,2,6,543560,5,31,3200000,149,149,43701807,1,2,352000,0,0,0,4,26,2700000
202604,47,165,3,6,Sumner County                                               ,467,467,177455606,8,16,2565208,1,3,438026,0,0,0,458,458,175230878,7,14,2254732,0,0,0,0,0,0
202604,47,167,3,6,Tipton County                                               ,45,45,9593411,0,0,0,0,0,0,3,15,2067000,22,22,4404430,0,0,0,0,0,0,0,0,0
202604,47,169,3,6,Trousdale County                                            ,31,31,5038633,1,2,132000,2,6,334394,0,0,0,0,0,0,0,0,0,0,0,0,0,0,0
202604,47,171,3,6,Unicoi County                                               ,7,7,1732730,0,0,0,0,0,0,0,0,0,3,3,874000,0,0,0,0,0,0,0,0,0
202604,47,173,3,6,Union County                                                ,35,35,9253044,0,0,0,0,0,0,0,0,0,27,27,8230000,0,0,0,0,0,0,0,0,0
202604,47,175,3,6,Van Buren County                                            ,1,1,273487,0,0,0,0,0,0,0,0,0,0,0,0,0,0,0,0,0,0,0,0,0
202604,47,177,3,6,Warren County                                               ,93,93,24527893,0,0,0,1,3,443438,3,19,1622678,9,9,1600000,0,0,0,0,0,0,2,14,1056000
202604,47,179,3,6,Washington County                                           ,228,228,84372559,7,14,3819376,1,4,493288,4,22,2713084,228,228,84372559,7,14,3819376,1,4,493288,4,22,2713084
202604,47,181,3,6,Wayne County                                                ,1,1,150000,0,0,0,0,0,0,0,0,0,0,0,0,0,0,0,0,0,0,0,0,0
202604,47,183,3,6,Weakley County                                              ,20,20,6698971,0,0,0,0,0,0,0,0,0,16,16,5970600,0,0,0,0,0,0,0,0,0
202604,47,185,3,6,White County                                                ,73,73,17450758,0,0,0,0,0,0,0,0,0,66,66,16431925,0,0,0,0,0,0,0,0,0
202604,47,187,3,6,Williamson County                                           ,369,369,400160655,0,0,0,2,8,1230301,3,17,2927746,369,369,400160655,0,0,0,2,8,1230301,3,17,2927746
202604,47,189,3,6,Wilson County                                               ,523,523,158059151,1,2,1163000,0,0,0,4,95,5911110,523,523,158059151,1,2,1163000,0,0,0,4,95,5911110
202604,48,001,3,7,Anderson County                                             ,12,12,2173637,0,0,0,0,0,0,0,0,0,10,10,1665120,0,0,0,0,0,0,0,0,0
202604,48,003,3,7,Andrews County                                              ,23,23,5979787,0,0,0,0,0,0,2,10,1125000,14,14,3500000,0,0,0,0,0,0,0,0,0
202604,48,005,3,7,Angelina County                                             ,39,39,10480337,1,2,230188,0,0,0,0,0,0,13,13,2775807,0,0,0,0,0,0,0,0,0
202604,48,007,3,7,Aransas County                                              ,65,65,18173155,0,0,0,0,0,0,0,0,0,43,43,12867388,0,0,0,0,0,0,0,0,0
202604,48,009,3,7,Archer County                                               ,3,3,677641,0,0,0,0,0,0,0,0,0,2,2,375000,0,0,0,0,0,0,0,0,0
202604,48,011,3,7,Armstrong County                                            ,0,0,0,0,0,0,0,0,0,0,0,0,0,0,0,0,0,0,0,0,0,0,0,0
202604,48,013,3,7,Atascosa County                                             ,76,76,20625500,4,8,800000,0,0,0,0,0,0,76,76,20625500,4,8,800000,0,0,0,0,0,0
202604,48,015,3,7,Austin County                                               ,115,115,31979926,0,0,0,0,0,0,0,0,0,8,8,2580000,0,0,0,0,0,0,0,0,0
202604,48,017,3,7,Bailey County                                               ,0,0,0,0,0,0,0,0,0,0,0,0,0,0,0,0,0,0,0,0,0,0,0,0
202604,48,019,3,7,Bandera County                                              ,1,1,325000,0,0,0,0,0,0,0,0,0,0,0,0,0,0,0,0,0,0,0,0,0
202604,48,021,3,7,Bastrop County                                              ,492,492,148887156,3,6,702609,0,0,0,0,0,0,492,492,148887156,3,6,702609,0,0,0,0,0,0
202604,48,025,3,7,Bee County                                                  ,6,6,1084507,0,0,0,0,0,0,0,0,0,0,0,0,0,0,0,0,0,0,0,0,0
202604,48,027,3,7,Bell County                                                 ,779,779,224648235,51,102,12572701,0,0,0,1,5,675000,362,362,97843954,41,82,10074501,0,0,0,0,0,0
202604,48,029,3,7,Bexar County                                                ,1689,1689,379122413,0,0,0,0,0,0,21,300,99547032,1535,1535,345155913,0,0,0,0,0,0,21,300,99547032
202604,48,031,3,7,Blanco County                                               ,2,2,618012,0,0,0,0,0,0,0,0,0,0,0,0,0,0,0,0,0,0,0,0,0
202604,48,035,3,7,Bosque County                                               ,2,2,218000,0,0,0,0,0,0,0,0,0,2,2,218000,0,0,0,0,0,0,0,0,0
202604,48,037,3,7,Bowie County                                                ,28,28,7778459,2,4,467796,1,3,293334,2,10,1219674,10,10,2962050,0,0,0,0,0,0,0,0,0
202604,48,039,3,7,Brazoria County                                             ,1086,1086,402842159,0,0,0,0,0,0,0,0,0,1016,1016,383254645,0,0,0,0,0,0,0,0,0
202604,48,041,3,7,Brazos County                                               ,558,558,123060880,0,0,0,1,3,562500,7,527,100943009,558,558,123060880,0,0,0,1,3,562500,7,527,100943009
202604,48,043,3,7,Brewster County                                             ,1,1,117158,0,0,0,0,0,0,0,0,0,0,0,0,0,0,0,0,0,0,0,0,0
202604,48,047,3,7,Brooks County                                               ,0,0,0,0,0,0,0,0,0,0,0,0,0,0,0,0,0,0,0,0,0,0,0,0
202604,48,049,3,7,Brown County                                                ,49,49,12711298,0,0,0,0,0,0,0,0,0,11,11,2375000,0,0,0,0,0,0,0,0,0
202604,48,051,3,7,Burleson County                                             ,31,31,5834308,0,0,0,0,0,0,0,0,0,26,26,4078052,0,0,0,0,0,0,0,0,0
202604,48,053,3,7,Burnet County                                               ,200,200,72805723,1,2,237075,0,0,0,1,36,6581000,152,152,61199462,1,2,237075,0,0,0,1,36,6581000
202604,48,055,3,7,Caldwell County                                             ,123,123,31520289,2,4,471278,0,0,0,1,30,9533569,46,46,15291670,2,4,471278,0,0,0,1,30,9533569
202604,48,057,3,7,Calhoun County                                              ,31,31,12306478,1,2,400000,0,0,0,0,0,0,30,30,12062303,1,2,400000,0,0,0,0,0,0
202604,48,059,3,7,Callahan County                                             ,33,33,7216111,0,0,0,0,0,0,0,0,0,33,33,7216111,0,0,0,0,0,0,0,0,0
202604,48,061,3,7,Cameron County                                              ,572,572,121309994,14,28,3574706,1,3,461363,16,234,31857566,157,157,34164590,0,0,0,0,0,0,6,107,3000000
202604,48,063,3,7,Camp County                                                 ,7,7,2111860,0,0,0,0,0,0,0,0,0,0,0,0,0,0,0,0,0,0,0,0,0
202604,48,065,3,7,Carson County                                               ,13,13,3415416,0,0,0,0,0,0,0,0,0,0,0,0,0,0,0,0,0,0,0,0,0
202604,48,067,3,7,Cass County                                                 ,8,8,1240000,0,0,0,0,0,0,0,0,0,7,7,1000000,0,0,0,0,0,0,0,0,0
202604,48,069,3,7,Castro County                                               ,0,0,0,0,0,0,0,0,0,0,0,0,0,0,0,0,0,0,0,0,0,0,0,0
202604,48,071,3,7,Chambers County                                             ,150,150,26340763,0,0,0,0,0,0,0,0,0,90,90,12836684,0,0,0,0,0,0,0,0,0
202604,48,073,3,7,Cherokee County                                             ,5,5,937033,0,0,0,0,0,0,0,0,0,3,3,345000,0,0,0,0,0,0,0,0,0
202604,48,075,3,7,Childress County                                            ,0,0,0,0,0,0,0,0,0,0,0,0,0,0,0,0,0,0,0,0,0,0,0,0
202604,48,077,3,7,Clay County                                                 ,2,2,592410,0,0,0,0,0,0,0,0,0,2,2,592410,0,0,0,0,0,0,0,0,0
202604,48,079,3,7,Cochran County                                              ,0,0,0,0,0,0,0,0,0,0,0,0,0,0,0,0,0,0,0,0,0,0,0,0
202604,48,081,3,7,Coke County                                                 ,2,2,605282,0,0,0,0,0,0,0,0,0,0,0,0,0,0,0,0,0,0,0,0,0
202604,48,083,3,7,Coleman County                                              ,1,1,251795,0,0,0,0,0,0,0,0,0,0,0,0,0,0,0,0,0,0,0,0,0
202604,48,085,3,7,Collin County                                               ,3527,3527,1183611110,46,92,14305637,0,0,0,27,2454,380359927,2693,2693,834628436,46,92,14305637,0,0,0,19,2168,339144821
202604,48,087,3,7,Collingsworth County                                        ,0,0,0,0,0,0,0,0,0,0,0,0,0,0,0,0,0,0,0,0,0,0,0,0
202604,48,089,3,7,Colorado County                                             ,11,11,2214240,0,0,0,0,0,0,0,0,0,5,5,1087000,0,0,0,0,0,0,0,0,0
202604,48,091,3,7,Comal County                                                ,615,615,184993137,0,0,0,0,0,0,3,110,4750000,615,615,184993137,0,0,0,0,0,0,3,110,4750000
202604,48,093,3,7,Comanche County                                             ,2,2,605282,1,2,249820,0,0,0,0,0,0,0,0,0,0,0,0,0,0,0,0,0,0
202604,48,095,3,7,Concho County                                               ,0,0,0,0,0,0,0,0,0,0,0,0,0,0,0,0,0,0,0,0,0,0,0,0
202604,48,097,3,7,Cooke County                                                ,15,15,4273591,0,0,0,0,0,0,0,0,0,11,11,3179557,0,0,0,0,0,0,0,0,0
202604,48,099,3,7,Coryell County                                              ,108,108,9837399,12,24,1759757,0,0,0,1,26,2031195,105,105,8959523,11,22,1525554,0,0,0,1,26,2031195
202604,48,101,3,7,Cottle County                                               ,0,0,0,0,0,0,0,0,0,0,0,0,0,0,0,0,0,0,0,0,0,0,0,0
202604,48,103,3,7,Crane County                                                ,1,1,143750,0,0,0,0,0,0,0,0,0,0,0,0,0,0,0,0,0,0,0,0,0
202604,48,107,3,7,Crosby County                                               ,0,0,0,0,0,0,0,0,0,0,0,0,0,0,0,0,0,0,0,0,0,0,0,0
202604,48,109,3,7,Culberson County                                            ,2,2,360000,4,8,1089645,0,0,0,0,0,0,0,0,0,0,0,0,0,0,0,0,0,0
202604,48,111,3,7,Dallam County                                               ,1,1,302641,0,0,0,0,0,0,0,0,0,0,0,0,0,0,0,0,0,0,0,0,0
202604,48,113,3,7,Dallas County                                               ,1483,1483,430892460,41,82,10210110,7,27,3341664,29,2339,345574847,1340,1340,401278525,41,82,10210110,7,27,3341664,28,2314,341599928
202604,48,115,3,7,Dawson County                                               ,0,0,0,0,0,0,0,0,0,0,0,0,0,0,0,0,0,0,0,0,0,0,0,0
202604,48,117,3,7,Deaf Smith County                                           ,4,4,1204128,4,8,983663,0,0,0,0,0,0,0,0,0,0,0,0,0,0,0,0,0,0
202604,48,119,3,7,Delta County                                                ,10,10,3028700,0,0,0,0,0,0,0,0,0,10,10,3028700,0,0,0,0,0,0,0,0,0
202604,48,121,3,7,Denton County                                               ,2323,2323,699676674,49,98,16539909,7,26,5470495,24,1328,240703775,1478,1478,488029291,6,12,4050305,3,12,3550620,22,1309,237654582
202604,48,123,3,7,DeWitt County                                               ,0,0,0,0,0,0,0,0,0,0,0,0,0,0,0,0,0,0,0,0,0,0,0,0
202604,48,127,3,7,Dimmit County                                               ,1,1,276320,0,0,0,0,0,0,0,0,0,0,0,0,0,0,0,0,0,0,0,0,0
202604,48,129,3,7,Donley County                                               ,1,1,58333,0,0,0,0,0,0,0,0,0,0,0,0,0,0,0,0,0,0,0,0,0
202604,48,133,3,7,Eastland County                                             ,6,6,1188909,0,0,0,0,0,0,1,5,432692,0,0,0,0,0,0,0,0,0,0,0,0
202604,48,135,3,7,Ector County                                                ,466,466,104700264,0,0,0,0,0,0,0,0,0,466,466,104700264,0,0,0,0,0,0,0,0,0
202604,48,139,3,7,Ellis County                                                ,805,805,245345491,7,14,2240551,0,0,0,0,0,0,798,798,243857571,7,14,2240551,0,0,0,0,0,0
202604,48,141,3,7,El Paso County                                              ,632,632,154730478,9,18,2330257,4,13,1713530,4,35,4125892,103,103,30603343,0,0,0,0,0,0,0,0,0
202604,48,143,3,7,Erath County                                                ,4,4,656389,0,0,0,0,0,0,0,0,0,1,1,237828,0,0,0,0,0,0,0,0,0
202604,48,145,3,7,Falls County                                                ,3,3,439141,0,0,0,0,0,0,0,0,0,0,0,0,0,0,0,0,0,0,0,0,0
202604,48,147,3,7,Fannin County                                               ,52,52,15360898,1,2,270000,0,0,0,0,0,0,42,42,12986775,1,2,270000,0,0,0,0,0,0
202604,48,149,3,7,Fayette County                                              ,3,3,675917,0,0,0,0,0,0,0,0,0,0,0,0,0,0,0,0,0,0,0,0,0
202604,48,153,3,7,Floyd County                                                ,0,0,0,0,0,0,0,0,0,0,0,0,0,0,0,0,0,0,0,0,0,0,0,0
202604,48,157,3,7,Fort Bend County                                            ,3167,3167,939577851,0,0,0,0,0,0,17,424,67896547,3027,3027,899078724,0,0,0,0,0,0,13,312,53736696
202604,48,159,3,7,Franklin County                                             ,0,0,0,0,0,0,0,0,0,0,0,0,0,0,0,0,0,0,0,0,0,0,0,0
202604,48,161,3,7,Freestone County                                            ,0,0,0,0,0,0,0,0,0,0,0,0,0,0,0,0,0,0,0,0,0,0,0,0
202604,48,163,3,7,Frio County                                                 ,3,3,305427,0,0,0,0,0,0,0,0,0,0,0,0,0,0,0,0,0,0,0,0,0
202604,48,165,3,7,Gaines County                                               ,5,5,1276517,0,0,0,0,0,0,0,0,0,0,0,0,0,0,0,0,0,0,0,0,0
202604,48,167,3,7,Galveston County                                            ,829,829,223109735,0,0,0,0,0,0,0,0,0,299,299,96185732,0,0,0,0,0,0,0,0,0
202604,48,169,3,7,Garza County                                                ,1,1,202314,0,0,0,0,0,0,0,0,0,0,0,0,0,0,0,0,0,0,0,0,0
202604,48,171,3,7,Gillespie County                                            ,16,16,3404380,0,0,0,0,0,0,0,0,0,0,0,0,0,0,0,0,0,0,0,0,0
202604,48,175,3,7,Goliad County                                               ,1,1,296017,0,0,0,0,0,0,0,0,0,0,0,0,0,0,0,0,0,0,0,0,0
202604,48,177,3,7,Gonzales County                                             ,6,6,1433826,0,0,0,0,0,0,0,0,0,0,0,0,0,0,0,0,0,0,0,0,0
202604,48,179,3,7,Gray County                                                 ,1,1,296205,0,0,0,0,0,0,0,0,0,0,0,0,0,0,0,0,0,0,0,0,0
202604,48,181,3,7,Grayson County                                              ,365,365,106156184,2,4,551638,0,0,0,0,0,0,298,298,87255083,2,4,551638,0,0,0,0,0,0
202604,48,183,3,7,Gregg County                                                ,65,65,21779227,5,10,1171016,0,0,0,0,0,0,61,61,20534540,5,10,1171016,0,0,0,0,0,0
202604,48,185,3,7,Grimes County                                               ,9,9,1915399,0,0,0,0,0,0,0,0,0,9,9,1915399,0,0,0,0,0,0,0,0,0
202604,48,187,3,7,Guadalupe County                                            ,547,547,132603082,13,26,4132450,0,0,0,4,32,3930240,440,440,108766375,12,24,3877826,0,0,0,0,0,0
202604,48,189,3,7,Hale County                                                 ,0,0,0,0,0,0,0,0,0,0,0,0,0,0,0,0,0,0,0,0,0,0,0,0
202604,48,191,3,7,Hall County                                                 ,0,0,0,0,0,0,0,0,0,0,0,0,0,0,0,0,0,0,0,0,0,0,0,0
202604,48,193,3,7,Hamilton County                                             ,4,4,793614,0,0,0,0,0,0,0,0,0,0,0,0,0,0,0,0,0,0,0,0,0
202604,48,195,3,7,Hansford County                                             ,0,0,0,0,0,0,0,0,0,0,0,0,0,0,0,0,0,0,0,0,0,0,0,0
202604,48,197,3,7,Hardeman County                                             ,0,0,0,0,0,0,0,0,0,0,0,0,0,0,0,0,0,0,0,0,0,0,0,0
202604,48,199,3,7,Hardin County                                               ,129,129,40534814,0,0,0,0,0,0,0,0,0,129,129,40534814,0,0,0,0,0,0,0,0,0
202604,48,201,3,7,Harris County                                               ,5894,5894,1670303245,347,694,138813262,0,0,0,73,2313,428687986,5786,5786,1631282606,346,692,138424422,0,0,0,73,2313,428687986
202604,48,203,3,7,Harrison County                                             ,17,17,4308720,0,0,0,0,0,0,0,0,0,10,10,2261700,0,0,0,0,0,0,0,0,0
202604,48,207,3,7,Haskell County                                              ,0,0,0,0,0,0,0,0,0,0,0,0,0,0,0,0,0,0,0,0,0,0,0,0
202604,48,209,3,7,Hays County                                                 ,1415,1415,456641997,1,2,600000,0,0,0,1,35,3640734,746,746,306086620,1,2,600000,0,0,0,0,0,0
202604,48,211,3,7,Hemphill County                                             ,0,0,0,0,0,0,0,0,0,0,0,0,0,0,0,0,0,0,0,0,0,0,0,0
202604,48,213,3,7,Henderson County                                            ,53,53,16300597,0,0,0,0,0,0,0,0,0,22,22,6412799,0,0,0,0,0,0,0,0,0
202604,48,215,3,7,Hidalgo County                                              ,1547,1547,312105932,99,198,21908270,98,373,33985444,10,113,34584689,1377,1377,268783310,96,192,21322784,81,312,25298356,10,113,34584689
202604,48,217,3,7,Hill County                                                 ,15,15,3542131,0,0,0,0,0,0,0,0,0,3,3,955265,0,0,0,0,0,0,0,0,0
202604,48,219,3,7,Hockley County                                              ,3,3,1017220,0,0,0,0,0,0,0,0,0,0,0,0,0,0,0,0,0,0,0,0,0
202604,48,221,3,7,Hood County                                                 ,100,100,28424771,0,0,0,0,0,0,0,0,0,96,96,27320298,0,0,0,0,0,0,0,0,0
202604,48,223,3,7,Hopkins County                                              ,20,20,4114053,0,0,0,0,0,0,0,0,0,0,0,0,0,0,0,0,0,0,0,0,0
202604,48,225,3,7,Houston County                                              ,0,0,0,0,0,0,0,0,0,0,0,0,0,0,0,0,0,0,0,0,0,0,0,0
202604,48,227,3,7,Howard County                                               ,13,13,2784865,0,0,0,0,0,0,0,0,0,0,0,0,0,0,0,0,0,0,0,0,0
202604,48,231,3,7,Hunt County                                                 ,98,98,23299435,4,8,900000,0,0,0,0,0,0,90,90,20998728,4,8,900000,0,0,0,0,0,0
202604,48,233,3,7,Hutchinson County                                           ,0,0,0,0,0,0,0,0,0,0,0,0,0,0,0,0,0,0,0,0,0,0,0,0
202604,48,237,3,7,Jack County                                                 ,1,1,287588,0,0,0,0,0,0,0,0,0,0,0,0,0,0,0,0,0,0,0,0,0
202604,48,239,3,7,Jackson County                                              ,0,0,0,0,0,0,0,0,0,0,0,0,0,0,0,0,0,0,0,0,0,0,0,0
202604,48,241,3,7,Jasper County                                               ,8,8,2269913,0,0,0,0,0,0,1,8,1133366,6,6,1843880,0,0,0,0,0,0,1,8,1133366
202604,48,245,3,7,Jefferson County                                            ,82,82,18505251,0,0,0,0,0,0,1,9,700050,78,78,17359519,0,0,0,0,0,0,1,9,700050
202604,48,249,3,7,Jim Wells County                                            ,1,1,204898,0,0,0,0,0,0,0,0,0,0,0,0,0,0,0,0,0,0,0,0,0
202604,48,251,3,7,Johnson County                                              ,649,649,195678217,3,6,944104,1,3,438026,4,23,2001293,273,273,86979170,0,0,0,0,0,0,0,0,0
202604,48,253,3,7,Jones County                                                ,0,0,0,0,0,0,0,0,0,0,0,0,0,0,0,0,0,0,0,0,0,0,0,0
202604,48,255,3,7,Karnes County                                               ,21,21,3548354,0,0,0,0,0,0,0,0,0,2,2,160000,0,0,0,0,0,0,0,0,0
202604,48,257,3,7,Kaufman County                                              ,367,367,98828132,0,0,0,0,0,0,0,0,0,231,231,59453977,0,0,0,0,0,0,0,0,0
202604,48,259,3,7,Kendall County                                              ,192,192,42188430,0,0,0,0,0,0,0,0,0,0,0,0,0,0,0,0,0,0,0,0,0
202604,48,265,3,7,Kerr County                                                 ,49,49,14469778,0,0,0,0,0,0,1,5,904773,38,38,11248634,0,0,0,0,0,0,0,0,0
202604,48,267,3,7,Kimble County                                               ,0,0,0,0,0,0,0,0,0,0,0,0,0,0,0,0,0,0,0,0,0,0,0,0
202604,48,271,3,7,Kinney County                                               ,0,0,0,0,0,0,0,0,0,0,0,0,0,0,0,0,0,0,0,0,0,0,0,0
202604,48,273,3,7,Kleberg County                                              ,5,5,1143469,0,0,0,0,0,0,0,0,0,1,1,430208,0,0,0,0,0,0,0,0,0
202604,48,277,3,7,Lamar County                                                ,17,17,4630304,0,0,0,0,0,0,1,5,501091,12,12,3492595,0,0,0,0,0,0,0,0,0
202604,48,279,3,7,Lamb County                                                 ,0,0,0,0,0,0,0,0,0,0,0,0,0,0,0,0,0,0,0,0,0,0,0,0
202604,48,281,3,7,Lampasas County                                             ,6,6,1612023,0,0,0,0,0,0,0,0,0,0,0,0,0,0,0,0,0,0,0,0,0
202604,48,283,3,7,La Salle County                                             ,0,0,0,0,0,0,0,0,0,0,0,0,0,0,0,0,0,0,0,0,0,0,0,0
202604,48,285,3,7,Lavaca County                                               ,4,4,773948,0,0,0,0,0,0,0,0,0,0,0,0,0,0,0,0,0,0,0,0,0
202604,48,287,3,7,Lee County                                                  ,17,17,4995930,0,0,0,0,0,0,0,0,0,8,8,2436290,0,0,0,0,0,0,0,0,0
202604,48,289,3,7,Leon County                                                 ,1,1,296205,0,0,0,0,0,0,0,0,0,0,0,0,0,0,0,0,0,0,0,0,0
202604,48,291,3,7,Liberty County                                              ,318,318,69993457,0,0,0,0,0,0,0,0,0,313,313,68748092,0,0,0,0,0,0,0,0,0
202604,48,293,3,7,Limestone County                                            ,6,6,1815843,0,0,0,0,0,0,0,0,0,0,0,0,0,0,0,0,0,0,0,0,0
202604,48,295,3,7,Lipscomb County                                             ,0,0,0,0,0,0,0,0,0,0,0,0,0,0,0,0,0,0,0,0,0,0,0,0
202604,48,297,3,7,Live Oak County                                             ,3,3,813762,0,0,0,0,0,0,0,0,0,0,0,0,0,0,0,0,0,0,0,0,0
202604,48,299,3,7,Llano County                                                ,31,31,9479183,0,0,0,0,0,0,0,0,0,7,7,2257230,0,0,0,0,0,0,0,0,0
202604,48,303,3,7,Lubbock County                                              ,772,772,213227296,1,2,391812,1,4,668499,35,351,32183562,770,770,212644745,1,2,391812,1,4,668499,35,351,32183562
202604,48,305,3,7,Lynn County                                                 ,0,0,0,0,0,0,0,0,0,0,0,0,0,0,0,0,0,0,0,0,0,0,0,0
202604,48,307,3,7,McCulloch County                                            ,0,0,0,0,0,0,0,0,0,0,0,0,0,0,0,0,0,0,0,0,0,0,0,0
202604,48,309,3,7,McLennan County                                             ,265,265,85645334,13,26,3067722,0,0,0,4,21,2160001,234,234,79654080,11,22,2587722,0,0,0,0,0,0
202604,48,313,3,7,Madison County                                              ,0,0,0,0,0,0,0,0,0,0,0,0,0,0,0,0,0,0,0,0,0,0,0,0
202604,48,315,3,7,Marion County                                               ,3,3,907923,0,0,0,0,0,0,0,0,0,0,0,0,0,0,0,0,0,0,0,0,0
202604,48,317,3,7,Martin County                                               ,2,2,471424,0,0,0,0,0,0,0,0,0,2,2,471424,0,0,0,0,0,0,0,0,0
202604,48,319,3,7,Mason County                                                ,3,3,862764,0,0,0,0,0,0,0,0,0,0,0,0,0,0,0,0,0,0,0,0,0
202604,48,321,3,7,Matagorda County                                            ,84,84,15725369,0,0,0,0,0,0,0,0,0,80,80,14707644,0,0,0,0,0,0,0,0,0
202604,48,323,3,7,Maverick County                                             ,21,21,6697812,1,2,395370,0,0,0,0,0,0,10,10,3286570,0,0,0,0,0,0,0,0,0
202604,48,325,3,7,Medina County                                               ,24,24,11175701,0,0,0,0,0,0,0,0,0,23,23,10963201,0,0,0,0,0,0,0,0,0
202604,48,329,3,7,Midland County                                              ,244,244,78805765,0,0,0,0,0,0,0,0,0,244,244,78805765,0,0,0,0,0,0,0,0,0
202604,48,331,3,7,Milam County                                                ,23,23,4064645,0,0,0,0,0,0,0,0,0,12,12,1498527,0,0,0,0,0,0,0,0,0
202604,48,335,3,7,Mitchell County                                             ,1,1,302641,0,0,0,0,0,0,0,0,0,0,0,0,0,0,0,0,0,0,0,0,0
202604,48,337,3,7,Montague County                                             ,1,1,180000,0,0,0,0,0,0,0,0,0,1,1,180000,0,0,0,0,0,0,0,0,0
202604,48,339,3,7,Montgomery County                                           ,4023,4023,1161312369,17,34,3527770,4,12,821363,1,5,717580,3924,3924,1132964959,15,30,2920000,4,12,821363,0,0,0
202604,48,341,3,7,Moore County                                                ,2,2,540000,0,0,0,2,6,380000,0,0,0,2,2,540000,0,0,0,2,6,380000,0,0,0
202604,48,343,3,7,Morris County                                               ,0,0,0,0,0,0,0,0,0,0,0,0,0,0,0,0,0,0,0,0,0,0,0,0
202604,48,347,3,7,Nacogdoches County                                          ,10,10,2433973,0,0,0,0,0,0,0,0,0,0,0,0,0,0,0,0,0,0,0,0,0
202604,48,349,3,7,Navarro County                                              ,160,160,41132191,1,2,323152,0,0,0,0,0,0,0,0,0,0,0,0,0,0,0,0,0,0
202604,48,353,3,7,Nolan County                                                ,6,6,1157762,0,0,0,0,0,0,0,0,0,0,0,0,0,0,0,0,0,0,0,0,0
202604,48,355,3,7,Nueces County                                               ,461,461,131344313,1,2,310476,0,0,0,7,36,4128591,0,0,0,0,0,0,0,0,0,0,0,0
202604,48,357,3,7,Ochiltree County                                            ,0,0,0,0,0,0,0,0,0,0,0,0,0,0,0,0,0,0,0,0,0,0,0,0
202604,48,359,3,7,Oldham County                                               ,0,0,0,0,0,0,0,0,0,0,0,0,0,0,0,0,0,0,0,0,0,0,0,0
202604,48,361,3,7,Orange County                                               ,79,79,18443619,1,2,221104,1,4,295000,4,20,2045280,56,56,11882489,0,0,0,1,4,295000,0,0,0
202604,48,363,3,7,Palo Pinto County                                           ,5,5,1454797,1,2,310476,0,0,0,0,0,0,0,0,0,0,0,0,0,0,0,0,0,0
202604,48,365,3,7,Panola County                                               ,2,2,564436,1,2,249820,0,0,0,0,0,0,0,0,0,0,0,0,0,0,0,0,0,0
202604,48,367,3,7,Parker County                                               ,122,122,41041140,0,0,0,0,0,0,0,0,0,43,43,20423618,0,0,0,0,0,0,0,0,0
202604,48,369,3,7,Parmer County                                               ,0,0,0,0,0,0,0,0,0,0,0,0,0,0,0,0,0,0,0,0,0,0,0,0
202604,48,371,3,7,Pecos County                                                ,2,2,443300,0,0,0,0,0,0,0,0,0,0,0,0,0,0,0,0,0,0,0,0,0
202604,48,373,3,7,Polk County                                                 ,245,245,71316131,0,0,0,0,0,0,0,0,0,240,240,70289161,0,0,0,0,0,0,0,0,0
202604,48,375,3,7,Potter County                                               ,212,212,63556739,1,2,323152,0,0,0,5,177,30480337,212,212,63556739,1,2,323152,0,0,0,5,177,30480337
202604,48,377,3,7,Presidio County                                             ,7,7,1831874,0,0,0,0,0,0,0,0,0,4,4,1184820,0,0,0,0,0,0,0,0,0
202604,48,379,3,7,Rains County                                                ,3,3,1172866,0,0,0,0,0,0,0,0,0,1,1,600000,0,0,0,0,0,0,0,0,0
202604,48,381,3,7,Randall County                                              ,19,19,6116302,3,6,947942,0,0,0,0,0,0,16,16,4828714,3,6,947942,0,0,0,0,0,0
202604,48,383,3,7,Reagan County                                               ,1,1,200000,0,0,0,0,0,0,0,0,0,0,0,0,0,0,0,0,0,0,0,0,0
202604,48,385,3,7,Real County                                                 ,0,0,0,0,0,0,0,0,0,0,0,0,0,0,0,0,0,0,0,0,0,0,0,0
202604,48,387,3,7,Red River County                                            ,5,5,500000,0,0,0,0,0,0,0,0,0,0,0,0,0,0,0,0,0,0,0,0,0
202604,48,389,3,7,Reeves County                                               ,22,22,6384578,0,0,0,0,0,0,0,0,0,22,22,6384578,0,0,0,0,0,0,0,0,0
202604,48,391,3,7,Refugio County                                              ,4,4,1061250,0,0,0,0,0,0,0,0,0,2,2,659060,0,0,0,0,0,0,0,0,0
202604,48,397,3,7,Rockwall County                                             ,581,581,174749735,0,0,0,0,0,0,0,0,0,460,460,139775788,0,0,0,0,0,0,0,0,0
202604,48,399,3,7,Runnels County                                              ,0,0,0,0,0,0,0,0,0,0,0,0,0,0,0,0,0,0,0,0,0,0,0,0
202604,48,401,3,7,Rusk County                                                 ,3,3,627969,0,0,0,0,0,0,0,0,0,0,0,0,0,0,0,0,0,0,0,0,0
202604,48,403,3,7,Sabine County                                               ,0,0,0,0,0,0,0,0,0,0,0,0,0,0,0,0,0,0,0,0,0,0,0,0
202604,48,405,3,7,San Augustine County                                        ,0,0,0,0,0,0,0,0,0,0,0,0,0,0,0,0,0,0,0,0,0,0,0,0
202604,48,407,3,7,San Jacinto County                                          ,177,177,39136360,0,0,0,0,0,0,0,0,0,0,0,0,0,0,0,0,0,0,0,0,0
202604,48,409,3,7,San Patricio County                                         ,165,165,39334009,0,0,0,0,0,0,0,0,0,53,53,9315723,0,0,0,0,0,0,0,0,0
202604,48,411,3,7,San Saba County                                             ,0,0,0,0,0,0,0,0,0,0,0,0,0,0,0,0,0,0,0,0,0,0,0,0
202604,48,413,3,7,Schleicher County                                           ,1,1,302641,0,0,0,0,0,0,0,0,0,0,0,0,0,0,0,0,0,0,0,0,0
202604,48,415,3,7,Scurry County                                               ,0,0,0,0,0,0,0,0,0,0,0,0,0,0,0,0,0,0,0,0,0,0,0,0
202604,48,419,3,7,Shelby County                                               ,1,1,153750,0,0,0,0,0,0,0,0,0,0,0,0,0,0,0,0,0,0,0,0,0
202604,48,421,3,7,Sherman County                                              ,4,4,436024,0,0,0,0,0,0,0,0,0,0,0,0,0,0,0,0,0,0,0,0,0
202604,48,423,3,7,Smith County                                                ,182,182,53648563,0,0,0,1,3,461363,0,0,0,148,148,44297204,0,0,0,1,3,461363,0,0,0
202604,48,425,3,7,Somervell County                                            ,16,16,4943000,0,0,0,0,0,0,0,0,0,16,16,4943000,0,0,0,0,0,0,0,0,0
202604,48,427,3,7,Starr County                                                ,0,0,0,0,0,0,0,0,0,0,0,0,0,0,0,0,0,0,0,0,0,0,0,0
202604,48,429,3,7,Stephens County                                             ,0,0,0,0,0,0,0,0,0,0,0,0,0,0,0,0,0,0,0,0,0,0,0,0
202604,48,435,3,7,Sutton County                                               ,0,0,0,0,0,0,0,0,0,0,0,0,0,0,0,0,0,0,0,0,0,0,0,0
202604,48,437,3,7,Swisher County                                              ,0,0,0,0,0,0,0,0,0,0,0,0,0,0,0,0,0,0,0,0,0,0,0,0
202604,48,439,3,7,Tarrant County                                              ,3173,3173,902184577,9,18,2262065,15,57,7397741,46,2470,348121368,3109,3109,867483921,2,4,0,15,57,7397741,46,2470,348121368
202604,48,441,3,7,Taylor County                                               ,392,392,116928784,43,86,13594349,0,0,0,23,288,49603104,382,382,114742408,43,86,13594349,0,0,0,23,288,49603104
202604,48,445,3,7,Terry County                                                ,0,0,0,0,0,0,0,0,0,0,0,0,0,0,0,0,0,0,0,0,0,0,0,0
202604,48,449,3,7,Titus County                                                ,4,4,1184820,0,0,0,3,9,3600000,0,0,0,4,4,1184820,0,0,0,3,9,3600000,0,0,0
202604,48,451,3,7,Tom Green County                                            ,111,111,37077679,0,0,0,0,0,0,0,0,0,111,111,37077679,0,0,0,0,0,0,0,0,0
202604,48,453,3,7,Travis County                                               ,1766,1766,405025604,71,142,8799358,10,37,4184000,45,1103,151153170,1555,1555,334011010,65,130,7369499,10,37,4184000,44,1067,146053021
202604,48,455,3,7,Trinity County                                              ,0,0,0,0,0,0,0,0,0,0,0,0,0,0,0,0,0,0,0,0,0,0,0,0
202604,48,457,3,7,Tyler County                                                ,0,0,0,0,0,0,0,0,0,0,0,0,0,0,0,0,0,0,0,0,0,0,0,0
202604,48,459,3,7,Upshur County                                               ,11,11,3301915,0,0,0,0,0,0,0,0,0,0,0,0,0,0,0,0,0,0,0,0,0
202604,48,461,3,7,Upton County                                                ,0,0,0,0,0,0,0,0,0,0,0,0,0,0,0,0,0,0,0,0,0,0,0,0
202604,48,463,3,7,Uvalde County                                               ,15,15,3041870,0,0,0,0,0,0,0,0,0,15,15,3041870,0,0,0,0,0,0,0,0,0
202604,48,465,3,7,Val Verde County                                            ,27,27,6379962,0,0,0,0,0,0,0,0,0,0,0,0,0,0,0,0,0,0,0,0,0
202604,48,467,3,7,Van Zandt County                                            ,24,24,5642597,0,0,0,0,0,0,0,0,0,10,10,2972495,0,0,0,0,0,0,0,0,0
202604,48,469,3,7,Victoria County                                             ,29,29,8646116,0,0,0,0,0,0,0,0,0,29,29,8646116,0,0,0,0,0,0,0,0,0
202604,48,471,3,7,Walker County                                               ,169,169,35025300,0,0,0,0,0,0,0,0,0,44,44,9413102,0,0,0,0,0,0,0,0,0
202604,48,473,3,7,Waller County                                               ,97,97,41156248,0,0,0,0,0,0,0,0,0,77,77,35823014,0,0,0,0,0,0,0,0,0
202604,48,475,3,7,Ward County                                                 ,2,2,605282,1,2,36667,0,0,0,0,0,0,0,0,0,0,0,0,0,0,0,0,0,0
202604,48,477,3,7,Washington County                                           ,52,52,9258646,0,0,0,0,0,0,0,0,0,52,52,9258646,0,0,0,0,0,0,0,0,0
202604,48,479,3,7,Webb County                                                 ,353,353,98538654,3,6,745035,5,15,1785452,5,61,6238104,0,0,0,0,0,0,0,0,0,0,0,0
202604,48,481,3,7,Wharton County                                              ,41,41,12229587,1,2,310476,0,0,0,2,12,1923211,30,30,9034578,0,0,0,0,0,0,1,7,1205631
202604,48,483,3,7,Wheeler County                                              ,0,0,0,0,0,0,0,0,0,0,0,0,0,0,0,0,0,0,0,0,0,0,0,0
202604,48,485,3,7,Wichita County                                              ,50,50,15980122,4,8,942556,2,8,1182500,0,0,0,48,48,15617481,4,8,942556,2,8,1182500,0,0,0
202604,48,487,3,7,Wilbarger County                                            ,3,3,901487,0,0,0,0,0,0,0,0,0,0,0,0,0,0,0,0,0,0,0,0,0
202604,48,489,3,7,Willacy County                                              ,14,14,3001880,0,0,0,0,0,0,0,0,0,14,14,3001880,0,0,0,0,0,0,0,0,0
202604,48,491,3,7,Williamson County                                           ,1541,1541,403575340,0,0,0,0,0,0,3,34,3476976,1363,1363,351885346,0,0,0,0,0,0,0,0,0
202604,48,493,3,7,Wilson County                                               ,40,40,11337196,0,0,0,0,0,0,0,0,0,2,2,1000000,0,0,0,0,0,0,0,0,0
202604,48,495,3,7,Winkler County                                              ,2,2,605282,0,0,0,0,0,0,0,0,0,0,0,0,0,0,0,0,0,0,0,0,0
202604,48,497,3,7,Wise County                                                 ,193,193,53474461,2,4,560000,0,0,0,0,0,0,181,181,50472392,2,4,560000,0,0,0,0,0,0
202604,48,499,3,7,Wood County                                                 ,1,1,362855,1,2,234203,0,0,0,0,0,0,1,1,362855,1,2,234203,0,0,0,0,0,0
202604,48,501,3,7,Yoakum County                                               ,3,3,854307,0,0,0,0,0,0,0,0,0,0,0,0,0,0,0,0,0,0,0,0,0
202604,48,503,3,7,Young County                                                ,5,5,704641,0,0,0,0,0,0,0,0,0,0,0,0,0,0,0,0,0,0,0,0,0
202604,48,507,3,7,Zavala County                                               ,0,0,0,2,4,499640,0,0,0,0,0,0,0,0,0,0,0,0,0,0,0,0,0,0
202604,49,001,4,8,Beaver County                                               ,10,10,5378213,0,0,0,0,0,0,0,0,0,10,10,5378213,0,0,0,0,0,0,0,0,0
202604,49,003,4,8,Box Elder County                                            ,153,153,54437705,0,0,0,2,8,1975654,1,5,150000,132,132,48273234,0,0,0,2,8,1975654,1,5,150000
202604,49,005,4,8,Cache County                                                ,284,284,110997760,0,0,0,0,0,0,5,142,21040975,281,281,107505630,0,0,0,0,0,0,5,142,21040975
202604,49,007,4,8,Carbon County                                               ,11,11,5464641,0,0,0,0,0,0,0,0,0,11,11,5464641,0,0,0,0,0,0,0,0,0
202604,49,009,4,8,Daggett County                                              ,3,3,1780418,0,0,0,0,0,0,0,0,0,2,2,1310683,0,0,0,0,0,0,0,0,0
202604,49,011,4,8,Davis County                                                ,304,304,123188757,0,0,0,8,29,3062894,7,81,12778253,303,303,122354048,0,0,0,8,29,3062894,7,81,12778253
202604,49,013,4,8,Duchesne County                                             ,30,30,9800190,0,0,0,0,0,0,0,0,0,0,0,0,0,0,0,0,0,0,0,0,0
202604,49,015,4,8,Emery County                                                ,17,17,1771311,0,0,0,0,0,0,0,0,0,0,0,0,0,0,0,0,0,0,0,0,0
202604,49,017,4,8,Garfield County                                             ,9,9,3850216,0,0,0,0,0,0,0,0,0,9,9,3850216,0,0,0,0,0,0,0,0,0
202604,49,019,4,8,Grand County                                                ,23,23,8981733,4,8,1150974,0,0,0,5,188,32494326,23,23,8981733,4,8,1150974,0,0,0,5,188,32494326
202604,49,021,4,8,Iron County                                                 ,304,304,76579822,0,0,0,1,4,650145,0,0,0,304,304,76579822,0,0,0,1,4,650145,0,0,0
202604,49,023,4,8,Juab County                                                 ,24,24,13310837,0,0,0,0,0,0,0,0,0,21,21,11791465,0,0,0,0,0,0,0,0,0
202604,49,025,4,8,Kane County                                                 ,34,34,14705979,0,0,0,1,3,656250,0,0,0,15,15,8233543,0,0,0,0,0,0,0,0,0
202604,49,027,4,8,Millard County                                              ,19,19,3910001,0,0,0,0,0,0,0,0,0,15,15,3092112,0,0,0,0,0,0,0,0,0
202604,49,029,4,8,Morgan County                                               ,22,22,34409778,0,0,0,0,0,0,1,6,1162872,22,22,34409778,0,0,0,0,0,0,1,6,1162872
202604,49,031,4,8,Piute County                                                ,8,8,1206400,0,0,0,0,0,0,0,0,0,0,0,0,0,0,0,0,0,0,0,0,0
202604,49,033,4,8,Rich County                                                 ,18,18,11468133,0,0,0,0,0,0,1,8,1500000,2,2,3600000,0,0,0,0,0,0,1,8,1500000
202604,49,035,4,8,Salt Lake County                                            ,893,893,328463166,10,20,4869650,16,55,12176841,28,1047,207005612,860,860,312518252,7,14,3696000,15,52,11575989,27,1031,204479648
202604,49,037,4,8,San Juan County                                             ,13,13,4882755,1,2,419013,0,0,0,0,0,0,0,0,0,0,0,0,0,0,0,0,0,0
202604,49,039,4,8,Sanpete County                                              ,52,52,22935423,1,2,505647,0,0,0,1,14,2085224,52,52,22935423,1,2,505647,0,0,0,1,14,2085224
202604,49,041,4,8,Sevier County                                               ,38,38,19460991,0,0,0,0,0,0,0,0,0,38,38,19460991,0,0,0,0,0,0,0,0,0
202604,49,043,4,8,Summit County                                               ,85,85,71239861,0,0,0,2,8,3678153,0,0,0,82,82,70116871,0,0,0,2,8,3678153,0,0,0
202604,49,045,4,8,Tooele County                                               ,116,116,51643265,0,0,0,2,7,2341402,3,17,4996881,91,91,40567565,0,0,0,2,7,2341402,3,17,4996881
202604,49,047,4,8,Uintah County                                               ,26,26,11189935,0,0,0,1,4,306752,0,0,0,26,26,11189935,0,0,0,1,4,306752,0,0,0
202604,49,049,4,8,Utah County                                                 ,1586,1586,451139899,1,2,400000,11,43,8207420,29,618,105524091,1574,1574,441151188,1,2,400000,11,43,8207420,29,618,105524091
202604,49,051,4,8,Wasatch County                                              ,247,247,216380777,1,2,399871,0,0,0,0,0,0,206,206,185692179,1,2,399871,0,0,0,0,0,0
202604,49,053,4,8,Washington County                                           ,767,767,185595509,0,0,0,0,0,0,38,233,42863723,612,612,154615896,0,0,0,0,0,0,34,202,40744922
202604,49,055,4,8,Wayne County                                                ,4,4,1876000,0,0,0,0,0,0,0,0,0,4,4,1876000,0,0,0,0,0,0,0,0,0
202604,49,057,4,8,Weber County                                                ,268,268,105110518,1,2,379588,6,22,5229941,12,160,31631677,168,168,73038467,0,0,0,6,22,5229941,8,71,17875596
202604,50,001,1,1,Addison County                                              ,21,21,7555518,0,0,0,0,0,0,0,0,0,10,10,4438358,0,0,0,0,0,0,0,0,0
202604,50,003,1,1,Bennington County                                           ,18,18,9130259,0,0,0,0,0,0,0,0,0,9,9,5515364,0,0,0,0,0,0,0,0,0
202604,50,005,1,1,Caledonia County                                            ,15,15,4374060,0,0,0,4,12,1419348,0,0,0,3,3,774000,0,0,0,0,0,0,0,0,0
202604,50,007,1,1,Chittenden County                                           ,86,86,32205970,6,12,2140321,0,0,0,1,66,114454537,72,72,27492474,2,4,725740,0,0,0,1,66,114454537
202604,50,009,1,1,Essex County                                                ,3,3,837561,0,0,0,0,0,0,0,0,0,0,0,0,0,0,0,0,0,0,0,0,0
202604,50,011,1,1,Franklin County                                             ,35,35,12051105,1,2,300000,0,0,0,3,15,692307,21,21,7464888,0,0,0,0,0,0,0,0,0
202604,50,013,1,1,Grand Isle County                                           ,4,4,1427486,1,2,337022,0,0,0,0,0,0,3,3,1071786,0,0,0,0,0,0,0,0,0
202604,50,015,1,1,Lamoille County                                             ,23,23,7393021,1,2,254000,0,0,0,1,5,735578,13,13,4262365,0,0,0,0,0,0,0,0,0
202604,50,017,1,1,Orange County                                               ,12,12,3561464,0,0,0,0,0,0,0,0,0,3,3,647585,0,0,0,0,0,0,0,0,0
202604,50,019,1,1,Orleans County                                              ,9,9,2655066,0,0,0,0,0,0,0,0,0,2,2,410797,0,0,0,0,0,0,0,0,0
202604,50,021,1,1,Rutland County                                              ,16,16,4007854,0,0,0,0,0,0,1,5,767465,5,5,932390,0,0,0,0,0,0,0,0,0
202604,50,023,1,1,Washington County                                           ,47,47,15861928,4,8,1941667,0,0,0,0,0,0,16,16,4993136,1,2,500000,0,0,0,0,0,0
202604,50,025,1,1,Windham County                                              ,37,37,10228282,0,0,0,1,3,499354,1,6,500000,6,6,1951612,0,0,0,0,0,0,1,6,500000
202604,50,027,1,1,Windsor County                                              ,24,24,9356320,0,0,0,0,0,0,0,0,0,1,1,740000,0,0,0,0,0,0,0,0,0
202604,51,001,3,5,Accomack County                                             ,51,51,12914210,0,0,0,0,0,0,0,0,0,0,0,0,0,0,0,0,0,0,0,0,0
202604,51,003,3,5,Albemarle County                                            ,182,182,70244542,1,2,120000,1,3,237600,5,80,9800117,0,0,0,0,0,0,0,0,0,0,0,0
202604,51,005,3,5,Alleghany County                                            ,5,5,1631200,0,0,0,0,0,0,0,0,0,5,5,1631200,0,0,0,0,0,0,0,0,0
202604,51,007,3,5,Amelia County                                               ,24,24,5898987,0,0,0,0,0,0,0,0,0,24,24,5898987,0,0,0,0,0,0,0,0,0
202604,51,009,3,5,Amherst County                                              ,34,34,11042553,0,0,0,0,0,0,0,0,0,34,34,11042553,0,0,0,0,0,0,0,0,0
202604,51,011,3,5,Appomattox County                                           ,25,25,8482500,0,0,0,0,0,0,0,0,0,25,25,8482500,0,0,0,0,0,0,0,0,0
202604,51,013,3,5,Arlington County                                            ,49,49,30007000,0,0,0,0,0,0,4,1559,397465000,49,49,30007000,0,0,0,0,0,0,4,1559,397465000
202604,51,015,3,5,Augusta County                                              ,71,71,22196474,0,0,0,0,0,0,0,0,0,71,71,22196474,0,0,0,0,0,0,0,0,0
202604,51,017,3,5,Bath County                                                 ,9,9,6301316,0,0,0,0,0,0,0,0,0,9,9,6301316,0,0,0,0,0,0,0,0,0
202604,51,019,3,5,Bedford County                                              ,98,98,37610288,1,2,385714,0,0,0,1,7,1750000,45,45,16242199,0,0,0,0,0,0,1,7,1750000
202604,51,021,3,5,Bland County                                                ,0,0,0,0,0,0,0,0,0,0,0,0,0,0,0,0,0,0,0,0,0,0,0,0
202604,51,023,3,5,Botetourt County                                            ,30,30,9661742,0,0,0,0,0,0,3,126,8400000,30,30,9661742,0,0,0,0,0,0,3,126,8400000
202604,51,025,3,5,Brunswick County                                            ,11,11,2514180,0,0,0,0,0,0,0,0,0,0,0,0,0,0,0,0,0,0,0,0,0
202604,51,027,3,5,Buchanan County                                             ,4,4,722284,0,0,0,0,0,0,0,0,0,0,0,0,0,0,0,0,0,0,0,0,0
202604,51,029,3,5,Buckingham County                                           ,28,28,6450131,0,0,0,0,0,0,0,0,0,28,28,6450131,0,0,0,0,0,0,0,0,0
202604,51,031,3,5,Campbell County                                             ,64,64,17320500,0,0,0,1,3,600000,0,0,0,64,64,17320500,0,0,0,1,3,600000,0,0,0
202604,51,033,3,5,Caroline County                                             ,75,75,21139523,0,0,0,0,0,0,0,0,0,75,75,21139523,0,0,0,0,0,0,0,0,0
202604,51,035,3,5,Carroll County                                              ,24,24,5030717,0,0,0,0,0,0,0,0,0,0,0,0,0,0,0,0,0,0,0,0,0
202604,51,036,3,5,Charles City County                                         ,14,14,4039213,0,0,0,0,0,0,0,0,0,14,14,4039213,0,0,0,0,0,0,0,0,0
202604,51,037,3,5,Charlotte County                                            ,7,7,2206734,0,0,0,0,0,0,0,0,0,7,7,2206734,0,0,0,0,0,0,0,0,0
202604,51,041,3,5,Chesterfield County                                         ,404,404,90640338,0,0,0,0,0,0,25,740,57204971,404,404,90640338,0,0,0,0,0,0,25,740,57204971
202604,51,043,3,5,Clarke County                                               ,11,11,2833157,0,0,0,0,0,0,0,0,0,11,11,2833157,0,0,0,0,0,0,0,0,0
202604,51,045,3,5,Craig County                                                ,7,7,2081502,0,0,0,0,0,0,0,0,0,0,0,0,0,0,0,0,0,0,0,0,0
202604,51,047,3,5,Culpeper County                                             ,89,89,39202891,2,4,1000000,0,0,0,0,0,0,89,89,39202891,2,4,1000000,0,0,0,0,0,0
202604,51,049,3,5,Cumberland County                                           ,18,18,4080046,0,0,0,0,0,0,0,0,0,18,18,4080046,0,0,0,0,0,0,0,0,0
202604,51,051,3,5,Dickenson County                                            ,2,2,500000,0,0,0,0,0,0,0,0,0,2,2,500000,0,0,0,0,0,0,0,0,0
202604,51,053,3,5,Dinwiddie County                                            ,16,16,2280000,0,0,0,0,0,0,0,0,0,16,16,2280000,0,0,0,0,0,0,0,0,0
202604,51,057,3,5,Essex County                                                ,11,11,3175362,0,0,0,0,0,0,0,0,0,11,11,3175362,0,0,0,0,0,0,0,0,0
202604,51,059,3,5,Fairfax County                                              ,189,189,26345485,0,0,0,0,0,0,7,1435,68568421,189,189,26345485,0,0,0,0,0,0,6,1372,66200000
202604,51,061,3,5,Fauquier County                                             ,152,152,54733642,0,0,0,0,0,0,0,0,0,91,91,32101298,0,0,0,0,0,0,0,0,0
202604,51,063,3,5,Floyd County                                                ,19,19,5147850,0,0,0,0,0,0,0,0,0,3,3,760000,0,0,0,0,0,0,0,0,0
202604,51,065,3,5,Fluvanna County                                             ,71,71,30702000,0,0,0,0,0,0,0,0,0,71,71,30702000,0,0,0,0,0,0,0,0,0
202604,51,067,3,5,Franklin County                                             ,48,48,21463553,0,0,0,0,0,0,0,0,0,0,0,0,0,0,0,0,0,0,0,0,0
202604,51,069,3,5,Frederick County                                            ,229,229,52829526,0,0,0,0,0,0,0,0,0,229,229,52829526,0,0,0,0,0,0,0,0,0
202604,51,071,3,5,Giles County                                                ,7,7,1769294,0,0,0,0,0,0,0,0,0,3,3,380000,0,0,0,0,0,0,0,0,0
202604,51,073,3,5,Gloucester County                                           ,79,79,27334319,0,0,0,0,0,0,0,0,0,79,79,27334319,0,0,0,0,0,0,0,0,0
202604,51,075,3,5,Goochland County                                            ,52,52,19271426,0,0,0,0,0,0,0,0,0,52,52,19271426,0,0,0,0,0,0,0,0,0
202604,51,077,3,5,Grayson County                                              ,10,10,3218804,0,0,0,0,0,0,0,0,0,10,10,3218804,0,0,0,0,0,0,0,0,0
202604,51,079,3,5,Greene County                                               ,51,51,15408000,0,0,0,5,20,4700000,2,10,2500000,51,51,15408000,0,0,0,5,20,4700000,2,10,2500000
202604,51,081,3,5,Greensville County                                          ,10,10,2363660,0,0,0,0,0,0,0,0,0,5,5,687515,0,0,0,0,0,0,0,0,0
202604,51,083,3,5,Halifax County                                              ,32,32,7390911,0,0,0,0,0,0,0,0,0,32,32,7390911,0,0,0,0,0,0,0,0,0
202604,51,085,3,5,Hanover County                                              ,120,120,30007544,0,0,0,0,0,0,0,0,0,120,120,30007544,0,0,0,0,0,0,0,0,0
202604,51,087,3,5,Henrico County                                              ,288,288,54617642,39,78,9263440,0,0,0,0,0,0,288,288,54617642,39,78,9263440,0,0,0,0,0,0
202604,51,089,3,5,Henry County                                                ,10,10,2188000,0,0,0,0,0,0,0,0,0,10,10,2188000,0,0,0,0,0,0,0,0,0
202604,51,091,3,5,Highland County                                             ,5,5,1266408,0,0,0,0,0,0,0,0,0,4,4,1025374,0,0,0,0,0,0,0,0,0
202604,51,093,3,5,Isle of Wight County                                        ,94,94,23960912,0,0,0,0,0,0,0,0,0,94,94,23960912,0,0,0,0,0,0,0,0,0
202604,51,095,3,5,James City County                                           ,123,123,53105813,0,0,0,0,0,0,0,0,0,123,123,53105813,0,0,0,0,0,0,0,0,0
202604,51,097,3,5,King and Queen County                                       ,12,12,3074696,0,0,0,0,0,0,0,0,0,12,12,3074696,0,0,0,0,0,0,0,0,0
202604,51,099,3,5,King George County                                          ,56,56,10959585,0,0,0,0,0,0,0,0,0,56,56,10959585,0,0,0,0,0,0,0,0,0
202604,51,101,3,5,King William County                                         ,46,46,11663942,0,0,0,0,0,0,0,0,0,39,39,10156300,0,0,0,0,0,0,0,0,0
202604,51,103,3,5,Lancaster County                                            ,33,33,13075453,0,0,0,0,0,0,0,0,0,33,33,13075453,0,0,0,0,0,0,0,0,0
202604,51,105,3,5,Lee County                                                  ,7,7,1511760,0,0,0,0,0,0,0,0,0,7,7,1511760,0,0,0,0,0,0,0,0,0
202604,51,107,3,5,Loudoun County                                              ,183,183,65153419,0,0,0,0,0,0,6,252,26952000,183,183,65153419,0,0,0,0,0,0,6,252,26952000
202604,51,109,3,5,Louisa County                                               ,107,107,36620285,0,0,0,0,0,0,0,0,0,107,107,36620285,0,0,0,0,0,0,0,0,0
202604,51,111,3,5,Lunenburg County                                            ,8,8,2069049,0,0,0,0,0,0,0,0,0,0,0,0,0,0,0,0,0,0,0,0,0
202604,51,113,3,5,Madison County                                              ,19,19,7380947,0,0,0,0,0,0,0,0,0,19,19,7380947,0,0,0,0,0,0,0,0,0
202604,51,115,3,5,Mathews County                                              ,5,5,3450000,0,0,0,0,0,0,0,0,0,5,5,3450000,0,0,0,0,0,0,0,0,0
202604,51,117,3,5,Mecklenburg County                                          ,42,42,14217820,0,0,0,0,0,0,0,0,0,42,42,14217820,0,0,0,0,0,0,0,0,0
202604,51,119,3,5,Middlesex County                                            ,15,15,4477629,0,0,0,0,0,0,0,0,0,9,9,3079000,0,0,0,0,0,0,0,0,0
202604,51,121,3,5,Montgomery County                                           ,151,151,42837869,1,2,380000,7,21,6617994,4,108,19000000,103,103,28925497,1,2,380000,7,21,6617994,4,108,19000000
202604,51,125,3,5,Nelson County                                               ,20,20,6278837,0,0,0,0,0,0,0,0,0,0,0,0,0,0,0,0,0,0,0,0,0
202604,51,127,3,5,New Kent County                                             ,61,61,24708535,0,0,0,0,0,0,0,0,0,61,61,24708535,0,0,0,0,0,0,0,0,0
202604,51,131,3,5,Northampton County                                          ,61,61,28313443,0,0,0,0,0,0,0,0,0,61,61,28313443,0,0,0,0,0,0,0,0,0
202604,51,133,3,5,Northumberland County                                       ,22,22,6548086,0,0,0,0,0,0,0,0,0,7,7,2386400,0,0,0,0,0,0,0,0,0
202604,51,135,3,5,Nottoway County                                             ,15,15,2833990,0,0,0,0,0,0,0,0,0,15,15,2833990,0,0,0,0,0,0,0,0,0
202604,51,137,3,5,Orange County                                               ,77,77,23318652,0,0,0,0,0,0,0,0,0,77,77,23318652,0,0,0,0,0,0,0,0,0
202604,51,139,3,5,Page County                                                 ,37,37,9326993,0,0,0,0,0,0,0,0,0,37,37,9326993,0,0,0,0,0,0,0,0,0
202604,51,141,3,5,Patrick County                                              ,7,7,2555230,0,0,0,0,0,0,0,0,0,1,1,392000,0,0,0,0,0,0,0,0,0
202604,51,143,3,5,Pittsylvania County                                         ,23,23,5618353,0,0,0,0,0,0,0,0,0,0,0,0,0,0,0,0,0,0,0,0,0
202604,51,145,3,5,Powhatan County                                             ,42,42,16337198,0,0,0,0,0,0,0,0,0,42,42,16337198,0,0,0,0,0,0,0,0,0
202604,51,147,3,5,Prince Edward County                                        ,12,12,2323065,0,0,0,0,0,0,0,0,0,9,9,1923897,0,0,0,0,0,0,0,0,0
202604,51,149,3,5,Prince George County                                        ,61,61,10704000,0,0,0,0,0,0,0,0,0,61,61,10704000,0,0,0,0,0,0,0,0,0
202604,51,153,3,5,Prince William County                                       ,378,378,80599932,0,0,0,0,0,0,1,13,1865708,378,378,80599932,0,0,0,0,0,0,0,0,0
202604,51,155,3,5,Pulaski County                                              ,13,13,4704129,0,0,0,0,0,0,0,0,0,12,12,4502278,0,0,0,0,0,0,0,0,0
202604,51,157,3,5,Rappahannock County                                         ,7,7,3712738,0,0,0,0,0,0,0,0,0,7,7,3712738,0,0,0,0,0,0,0,0,0
202604,51,159,3,5,Richmond County                                             ,8,8,2083918,0,0,0,0,0,0,0,0,0,4,4,1184820,0,0,0,0,0,0,0,0,0
202604,51,161,3,5,Roanoke County                                              ,51,51,15597080,0,0,0,0,0,0,0,0,0,51,51,15597080,0,0,0,0,0,0,0,0,0
202604,51,163,3,5,Rockbridge County                                           ,28,28,9442542,0,0,0,0,0,0,0,0,0,4,4,2000000,0,0,0,0,0,0,0,0,0
202604,51,165,3,5,Rockingham County                                           ,133,133,33159816,7,14,1960000,0,0,0,6,144,18791200,133,133,33159816,7,14,1960000,0,0,0,6,144,18791200
202604,51,167,3,5,Russell County                                              ,6,6,1843880,0,0,0,0,0,0,0,0,0,6,6,1843880,0,0,0,0,0,0,0,0,0
202604,51,169,3,5,Scott County                                                ,6,6,1458488,0,0,0,0,0,0,0,0,0,1,1,285000,0,0,0,0,0,0,0,0,0
202604,51,171,3,5,Shenandoah County                                           ,47,47,13397633,0,0,0,0,0,0,0,0,0,47,47,13397633,0,0,0,0,0,0,0,0,0
202604,51,173,3,5,Smyth County                                                ,2,2,598846,0,0,0,0,0,0,0,0,0,1,1,296205,0,0,0,0,0,0,0,0,0
202604,51,175,3,5,Southampton County                                          ,22,22,6360151,0,0,0,0,0,0,0,0,0,22,22,6360151,0,0,0,0,0,0,0,0,0
202604,51,177,3,5,Spotsylvania County                                         ,222,222,63542207,0,0,0,0,0,0,0,0,0,222,222,63542207,0,0,0,0,0,0,0,0,0
202604,51,179,3,5,Stafford County                                             ,131,131,19537102,0,0,0,0,0,0,0,0,0,131,131,19537102,0,0,0,0,0,0,0,0,0
202604,51,181,3,5,Surry County                                                ,12,12,3504152,0,0,0,0,0,0,0,0,0,12,12,3504152,0,0,0,0,0,0,0,0,0
202604,51,183,3,5,Sussex County                                               ,18,18,3708130,0,0,0,0,0,0,0,0,0,18,18,3708130,0,0,0,0,0,0,0,0,0
202604,51,185,3,5,Tazewell County                                             ,4,4,1375000,0,0,0,0,0,0,0,0,0,4,4,1375000,0,0,0,0,0,0,0,0,0
202604,51,187,3,5,Warren County                                               ,45,45,14832000,0,0,0,0,0,0,0,0,0,45,45,14832000,0,0,0,0,0,0,0,0,0
202604,51,191,3,5,Washington County                                           ,32,32,10733005,1,2,650000,0,0,0,1,12,1200000,0,0,0,0,0,0,0,0,0,0,0,0
202604,51,193,3,5,Westmoreland County                                         ,67,67,13503100,0,0,0,1,3,1050000,0,0,0,0,0,0,0,0,0,0,0,0,0,0,0
202604,51,195,3,5,Wise County                                                 ,17,17,1805318,0,0,0,0,0,0,0,0,0,17,17,1805318,0,0,0,0,0,0,0,0,0
202604,51,197,3,5,Wythe County                                                ,17,17,3430146,0,0,0,0,0,0,0,0,0,5,5,1196497,0,0,0,0,0,0,0,0,0
202604,51,199,3,5,York County                                                 ,41,41,13251654,0,0,0,0,0,0,0,0,0,41,41,13251654,0,0,0,0,0,0,0,0,0
202604,51,510,3,5,Alexandria (Independent City)                               ,11,11,4085698,0,0,0,0,0,0,1,16,6000000,11,11,4085698,0,0,0,0,0,0,1,16,6000000
202604,51,520,3,5,Bristol (Independent City)                                  ,0,0,0,0,0,0,0,0,0,0,0,0,0,0,0,0,0,0,0,0,0,0,0,0
202604,51,530,3,5,Buena Vista (Independent City)                              ,1,1,500000,0,0,0,0,0,0,0,0,0,1,1,500000,0,0,0,0,0,0,0,0,0
202604,51,540,3,5,Charlottesville (Independent City)                          ,7,7,3415704,2,4,460000,0,0,0,2,16,1856400,7,7,3415704,2,4,460000,0,0,0,2,16,1856400
202604,51,550,3,5,Chesapeake(Independent City)                                ,269,269,113364074,0,0,0,0,0,0,9,415,67459017,269,269,113364074,0,0,0,0,0,0,9,415,67459017
202604,51,570,3,5,Colonial Heights (Independent City)                         ,3,3,452500,0,0,0,0,0,0,0,0,0,3,3,452500,0,0,0,0,0,0,0,0,0
202604,51,580,3,5,Covington (Independent City)                                ,1,1,75000,0,0,0,0,0,0,0,0,0,0,0,0,0,0,0,0,0,0,0,0,0
202604,51,590,3,5,Danville (Independent City)                                 ,5,5,818453,0,0,0,0,0,0,0,0,0,2,2,385000,0,0,0,0,0,0,0,0,0
202604,51,595,3,5,Emporia (Independent City)                                  ,0,0,0,0,0,0,0,0,0,0,0,0,0,0,0,0,0,0,0,0,0,0,0,0
202604,51,600,3,5,Fairfax (Independent City)                                  ,4,4,1285000,0,0,0,0,0,0,0,0,0,4,4,1285000,0,0,0,0,0,0,0,0,0
202604,51,610,3,5,Falls Church (Independent City)                             ,3,3,3125000,0,0,0,0,0,0,0,0,0,3,3,3125000,0,0,0,0,0,0,0,0,0
202604,51,630,3,5,Fredericksburg(Independent City)                            ,3,3,975000,0,0,0,0,0,0,0,0,0,3,3,975000,0,0,0,0,0,0,0,0,0
202604,51,640,3,5,Galax (Independent City)                                    ,2,2,552641,0,0,0,0,0,0,0,0,0,0,0,0,0,0,0,0,0,0,0,0,0
202604,51,650,3,5,Hampton (Independent City)                                  ,19,19,3264000,0,0,0,0,0,0,0,0,0,19,19,3264000,0,0,0,0,0,0,0,0,0
202604,51,660,3,5,Harrisonburg (Independent City)                             ,3,3,648000,0,0,0,0,0,0,5,84,7580160,3,3,648000,0,0,0,0,0,0,5,84,7580160
202604,51,670,3,5,Hopewell (Independent City)                                 ,22,22,3451200,2,4,663600,0,0,0,0,0,0,22,22,3451200,2,4,663600,0,0,0,0,0,0
202604,51,678,3,5,Lexington (Independent City)                                ,3,3,1190413,0,0,0,0,0,0,0,0,0,3,3,1190413,0,0,0,0,0,0,0,0,0
202604,51,680,3,5,Lynchburg (Independent City)                                ,123,123,31136250,0,0,0,0,0,0,0,0,0,123,123,31136250,0,0,0,0,0,0,0,0,0
202604,51,683,3,5,Manassas (Independent City)                                 ,34,34,6741330,0,0,0,0,0,0,0,0,0,34,34,6741330,0,0,0,0,0,0,0,0,0
202604,51,685,3,5,Manassas Park (Independent City)                            ,0,0,0,0,0,0,0,0,0,3,34,4879544,0,0,0,0,0,0,0,0,0,0,0,0
202604,51,690,3,5,Martinsville (Independent City)                             ,1,1,258667,0,0,0,0,0,0,3,15,2643672,0,0,0,0,0,0,0,0,0,0,0,0
202604,51,700,3,5,Newport News (Independent City)                             ,15,15,2604500,0,0,0,0,0,0,0,0,0,15,15,2604500,0,0,0,0,0,0,0,0,0
202604,51,710,3,5,Norfolk (Independent City)                                  ,49,49,9837874,2,4,958750,0,0,0,0,0,0,49,49,9837874,2,4,958750,0,0,0,0,0,0
202604,51,720,3,5,Norton (Independent City)                                   ,1,1,224000,0,0,0,0,0,0,0,0,0,0,0,0,0,0,0,0,0,0,0,0,0
202604,51,730,3,5,Petersburg (Independent City)                               ,19,19,4190921,0,0,0,0,0,0,3,25,4822535,0,0,0,0,0,0,0,0,0,0,0,0
202604,51,735,3,5,Poquoson (Independent City)                                 ,28,28,9447969,0,0,0,0,0,0,0,0,0,28,28,9447969,0,0,0,0,0,0,0,0,0
202604,51,740,3,5,Portsmouth (Independent City)                               ,45,45,10069705,0,0,0,0,0,0,1,52,148200000,45,45,10069705,0,0,0,0,0,0,1,52,148200000
202604,51,750,3,5,Radford (Independent City)                                  ,1,1,180000,0,0,0,0,0,0,0,0,0,1,1,180000,0,0,0,0,0,0,0,0,0
202604,51,760,3,5,Richmond (Independent City)                                 ,126,126,27615353,5,10,1136741,0,0,0,16,1270,172748216,126,126,27615353,5,10,1136741,0,0,0,16,1270,172748216
202604,51,770,3,5,Roanoke (Independent City)                                  ,27,27,7212783,0,0,0,0,0,0,1,50,4849198,3,3,894240,0,0,0,0,0,0,0,0,0
202604,51,775,3,5,Salem (Independent City)                                    ,5,5,1151300,0,0,0,0,0,0,0,0,0,5,5,1151300,0,0,0,0,0,0,0,0,0
202604,51,790,3,5,Staunton (Independent City)                                 ,19,19,3715784,0,0,0,0,0,0,0,0,0,19,19,3715784,0,0,0,0,0,0,0,0,0
202604,51,800,3,5,Suffolk (Independent City)                                  ,188,188,33153869,0,0,0,0,0,0,0,0,0,188,188,33153869,0,0,0,0,0,0,0,0,0
202604,51,810,3,5,Virginia Beach (Independent City)                           ,66,66,20613398,0,0,0,0,0,0,1,8,992520,66,66,20613398,0,0,0,0,0,0,1,8,992520
202604,51,820,3,5,Waynesboro (Independent City)                               ,143,143,29465000,2,4,600000,0,0,0,0,0,0,143,143,29465000,2,4,600000,0,0,0,0,0,0
202604,51,830,3,5,Williamsburg (Independent City)                             ,18,18,4018955,0,0,0,0,0,0,0,0,0,18,18,4018955,0,0,0,0,0,0,0,0,0
202604,51,840,3,5,Winchester (Independent City)                               ,27,27,3276287,0,0,0,0,0,0,0,0,0,27,27,3276287,0,0,0,0,0,0,0,0,0
202604,53,001,4,9,Adams County                                                ,12,12,3357576,0,0,0,0,0,0,2,11,1248762,3,3,1359987,0,0,0,0,0,0,0,0,0
202604,53,003,4,9,Asotin County                                               ,6,6,1439637,2,4,921600,0,0,0,0,0,0,5,5,1157970,2,4,921600,0,0,0,0,0,0
202604,53,005,4,9,Benton County                                               ,385,385,127055744,4,8,1562258,0,0,0,14,297,51400216,310,310,104400628,2,4,782540,0,0,0,11,264,46021629
202604,53,007,4,9,Chelan County                                               ,95,95,36457019,0,0,0,0,0,0,1,20,3750000,44,44,17628821,0,0,0,0,0,0,1,20,3750000
202604,53,009,4,9,Clallam County                                              ,79,79,20595858,4,8,2120000,1,3,928451,0,0,0,79,79,20595858,4,8,2120000,1,3,928451,0,0,0
202604,53,011,4,9,Clark County                                                ,700,700,347003317,14,28,5021744,0,0,0,17,481,63393119,372,372,136502280,14,28,5021744,0,0,0,12,403,52759069
202604,53,013,4,9,Columbia County                                             ,2,2,588030,0,0,0,0,0,0,0,0,0,0,0,0,0,0,0,0,0,0,0,0,0
202604,53,015,4,9,Cowlitz County                                              ,66,66,18427020,0,0,0,1,4,850000,0,0,0,60,60,16501425,0,0,0,1,4,850000,0,0,0
202604,53,017,4,9,Douglas County                                              ,58,58,20053244,0,0,0,0,0,0,0,0,0,58,58,20053244,0,0,0,0,0,0,0,0,0
202604,53,019,4,9,Ferry County                                                ,4,4,603481,0,0,0,0,0,0,0,0,0,2,2,221035,0,0,0,0,0,0,0,0,0
202604,53,021,4,9,Franklin County                                             ,123,123,38118975,0,0,0,2,6,1058209,8,188,29916856,5,5,1638470,0,0,0,0,0,0,0,0,0
202604,53,023,4,9,Garfield County                                             ,1,1,384667,0,0,0,0,0,0,0,0,0,0,0,0,0,0,0,0,0,0,0,0,0
202604,53,025,4,9,Grant County                                                ,130,130,42131112,8,16,3213977,2,8,1960612,0,0,0,63,63,27463469,2,4,1063337,2,8,1960612,0,0,0
202604,53,027,4,9,Grays Harbor County                                         ,89,89,25134153,1,2,501234,0,0,0,0,0,0,82,82,22583636,1,2,501234,0,0,0,0,0,0
202604,53,029,4,9,Island County                                               ,53,53,20982661,0,0,0,1,4,762095,1,5,673011,37,37,15164725,0,0,0,0,0,0,0,0,0
202604,53,031,4,9,Jefferson County                                            ,59,59,19844515,1,2,50000,0,0,0,0,0,0,50,50,16014170,1,2,50000,0,0,0,0,0,0
202604,53,033,4,9,King County                                                 ,851,851,384037932,120,240,73606780,16,59,15886421,40,2231,306865625,739,739,324621947,120,240,73606780,16,59,15886421,31,2106,290361032
202604,53,035,4,9,Kitsap County                                               ,175,175,57433137,1,2,293344,1,4,587351,2,72,10473120,175,175,57433137,1,2,293344,1,4,587351,2,72,10473120
202604,53,037,4,9,Kittitas County                                             ,69,69,29581688,1,2,239955,0,0,0,0,0,0,65,65,28425304,0,0,0,0,0,0,0,0,0
202604,53,039,4,9,Klickitat County                                            ,23,23,6113387,1,2,467000,0,0,0,0,0,0,23,23,6113387,1,2,467000,0,0,0,0,0,0
202604,53,041,4,9,Lewis County                                                ,75,75,18302670,0,0,0,2,7,1233940,0,0,0,75,75,18302670,0,0,0,2,7,1233940,0,0,0
202604,53,043,4,9,Lincoln County                                              ,20,20,5655825,0,0,0,0,0,0,0,0,0,6,6,1638090,0,0,0,0,0,0,0,0,0
202604,53,045,4,9,Mason County                                                ,41,41,8978577,0,0,0,0,0,0,0,0,0,40,40,8760120,0,0,0,0,0,0,0,0,0
202604,53,047,4,9,Okanogan County                                             ,63,63,16165758,6,12,1780568,0,0,0,0,0,0,32,32,7534247,2,4,663601,0,0,0,0,0,0
202604,53,049,4,9,Pacific County                                              ,19,19,4513363,0,0,0,0,0,0,0,0,0,16,16,3746402,0,0,0,0,0,0,0,0,0
202604,53,051,4,9,Pend Oreille County                                         ,14,14,6005074,0,0,0,0,0,0,0,0,0,9,9,4285000,0,0,0,0,0,0,0,0,0
202604,53,053,4,9,Pierce County                                               ,659,659,263451760,19,38,7835509,17,66,17550896,60,1435,176307018,649,649,260468742,19,38,7835509,17,66,17550896,55,1387,168019406
202604,53,055,4,9,San Juan County                                             ,23,23,12784738,0,0,0,6,24,1800000,0,0,0,23,23,12784738,0,0,0,6,24,1800000,0,0,0
202604,53,057,4,9,Skagit County                                               ,34,34,13731221,1,2,170800,0,0,0,5,61,5693430,34,34,13731221,1,2,170800,0,0,0,0,0,0
202604,53,059,4,9,Skamania County                                             ,16,16,3070715,0,0,0,0,0,0,0,0,0,16,16,3070715,0,0,0,0,0,0,0,0,0
202604,53,061,4,9,Snohomish County                                            ,679,679,225623500,5,10,3373798,5,18,6059104,11,378,76779364,640,640,211710586,5,10,3373798,5,18,6059104,10,319,66625616
202604,53,063,4,9,Spokane County                                              ,401,401,122738619,17,34,6874858,6,23,3379145,24,686,82123292,172,172,64863948,13,26,5398298,6,23,3379145,20,528,67977871
202604,53,065,4,9,Stevens County                                              ,55,55,13566367,0,0,0,0,0,0,0,0,0,51,51,12551579,0,0,0,0,0,0,0,0,0
202604,53,067,4,9,Thurston County                                             ,237,237,79768059,2,4,513854,0,0,0,9,219,29459904,208,208,73049097,0,0,0,0,0,0,4,159,25622835
202604,53,069,4,9,Wahkiakum County                                            ,6,6,3013000,1,2,550000,0,0,0,0,0,0,6,6,3013000,1,2,550000,0,0,0,0,0,0
202604,53,071,4,9,Walla Walla County                                          ,54,54,20650900,1,2,208090,0,0,0,4,84,14217535,49,49,19746942,0,0,0,0,0,0,4,84,14217535
202604,53,073,4,9,Whatcom County                                              ,172,172,51838603,17,34,6992419,0,0,0,6,115,14561661,129,129,37956981,17,34,6992419,0,0,0,6,115,14561661
202604,53,075,4,9,Whitman County                                              ,11,11,3306469,0,0,0,0,0,0,0,0,0,8,8,2738743,0,0,0,0,0,0,0,0,0
202604,53,077,4,9,Yakima County                                               ,161,161,50629488,4,8,1876097,5,19,2247687,1,14,1607087,116,116,37380242,0,0,0,4,16,1757340,1,14,1607087
202604,54,001,3,5,Barbour County                                              ,1,1,209076,0,0,0,0,0,0,0,0,0,0,0,0,0,0,0,0,0,0,0,0,0
202604,54,003,3,5,Berkeley County                                             ,397,397,94749358,4,8,1590000,1,4,800000,3,72,6000000,396,396,94453341,4,8,1590000,1,4,800000,3,72,6000000
202604,54,005,3,5,Boone County                                                ,3,3,514367,0,0,0,0,0,0,0,0,0,0,0,0,0,0,0,0,0,0,0,0,0
202604,54,007,3,5,Braxton County                                              ,3,3,907923,0,0,0,0,0,0,0,0,0,0,0,0,0,0,0,0,0,0,0,0,0
202604,54,009,3,5,Brooke County                                               ,0,0,0,0,0,0,0,0,0,0,0,0,0,0,0,0,0,0,0,0,0,0,0,0
202604,54,011,3,5,Cabell County                                               ,14,14,5047846,1,2,100000,0,0,0,0,0,0,12,12,4696211,0,0,0,0,0,0,0,0,0
202604,54,015,3,5,Clay County                                                 ,1,1,31818,0,0,0,0,0,0,0,0,0,0,0,0,0,0,0,0,0,0,0,0,0
202604,54,019,3,5,Fayette County                                              ,7,7,1277992,0,0,0,0,0,0,0,0,0,4,4,447392,0,0,0,0,0,0,0,0,0
202604,54,021,3,5,Gilmer County                                               ,2,2,655000,0,0,0,0,0,0,0,0,0,2,2,655000,0,0,0,0,0,0,0,0,0
202604,54,023,3,5,Grant County                                                ,15,15,3873400,0,0,0,0,0,0,0,0,0,15,15,3873400,0,0,0,0,0,0,0,0,0
202604,54,025,3,5,Greenbrier County                                           ,18,18,14442497,0,0,0,0,0,0,0,0,0,15,15,13553997,0,0,0,0,0,0,0,0,0
202604,54,027,3,5,Hampshire County                                            ,52,52,16707650,0,0,0,0,0,0,0,0,0,51,51,16502650,0,0,0,0,0,0,0,0,0
202604,54,029,3,5,Hancock County                                              ,4,4,1493500,0,0,0,0,0,0,0,0,0,4,4,1493500,0,0,0,0,0,0,0,0,0
202604,54,031,3,5,Hardy County                                                ,26,26,4476797,0,0,0,0,0,0,0,0,0,24,24,4130922,0,0,0,0,0,0,0,0,0
202604,54,033,3,5,Harrison County                                             ,23,23,6882836,0,0,0,0,0,0,0,0,0,19,19,5747658,0,0,0,0,0,0,0,0,0
202604,54,035,3,5,Jackson County                                              ,0,0,0,0,0,0,0,0,0,0,0,0,0,0,0,0,0,0,0,0,0,0,0,0
202604,54,037,3,5,Jefferson County                                            ,395,395,96987062,0,0,0,1,4,800000,1,7,1400000,268,268,68374010,0,0,0,1,4,800000,1,7,1400000
202604,54,039,3,5,Kanawha County                                              ,23,23,2485026,0,0,0,0,0,0,0,0,0,0,0,0,0,0,0,0,0,0,0,0,0
202604,54,041,3,5,Lewis County                                                ,1,1,165000,0,0,0,0,0,0,0,0,0,0,0,0,0,0,0,0,0,0,0,0,0
202604,54,043,3,5,Lincoln County                                              ,1,1,130000,0,0,0,0,0,0,0,0,0,1,1,130000,0,0,0,0,0,0,0,0,0
202604,54,045,3,5,Logan County                                                ,0,0,0,0,0,0,0,0,0,0,0,0,0,0,0,0,0,0,0,0,0,0,0,0
202604,54,047,3,5,McDowell County                                             ,1,1,91333,0,0,0,0,0,0,0,0,0,0,0,0,0,0,0,0,0,0,0,0,0
202604,54,049,3,5,Marion County                                               ,3,3,327827,0,0,0,0,0,0,0,0,0,2,2,257125,0,0,0,0,0,0,0,0,0
202604,54,051,3,5,Marshall County                                             ,0,0,0,0,0,0,0,0,0,0,0,0,0,0,0,0,0,0,0,0,0,0,0,0
202604,54,053,3,5,Mason County                                                ,0,0,0,0,0,0,0,0,0,1,5,291667,0,0,0,0,0,0,0,0,0,0,0,0
202604,54,055,3,5,Mercer County                                               ,2,2,407476,0,0,0,0,0,0,1,5,400000,0,0,0,0,0,0,0,0,0,0,0,0
202604,54,057,3,5,Mineral County                                              ,26,26,6287000,0,0,0,0,0,0,0,0,0,26,26,6287000,0,0,0,0,0,0,0,0,0
202604,54,059,3,5,Mingo County                                                ,0,0,0,0,0,0,0,0,0,0,0,0,0,0,0,0,0,0,0,0,0,0,0,0
202604,54,061,3,5,Monongalia County                                           ,7,7,1506466,0,0,0,0,0,0,0,0,0,1,1,210000,0,0,0,0,0,0,0,0,0
202604,54,063,3,5,Monroe County                                               ,0,0,0,0,0,0,0,0,0,0,0,0,0,0,0,0,0,0,0,0,0,0,0,0
202604,54,065,3,5,Morgan County                                               ,38,38,10000411,0,0,0,0,0,0,0,0,0,38,38,10000411,0,0,0,0,0,0,0,0,0
202604,54,067,3,5,Nicholas County                                             ,0,0,0,0,0,0,0,0,0,0,0,0,0,0,0,0,0,0,0,0,0,0,0,0
202604,54,069,3,5,Ohio County                                                 ,2,2,380900,0,0,0,0,0,0,0,0,0,2,2,380900,0,0,0,0,0,0,0,0,0
202604,54,071,3,5,Pendleton County                                            ,10,10,2620632,0,0,0,0,0,0,0,0,0,6,6,1472000,0,0,0,0,0,0,0,0,0
202604,54,073,3,5,Pleasants County                                            ,1,1,140000,0,0,0,0,0,0,0,0,0,0,0,0,0,0,0,0,0,0,0,0,0
202604,54,075,3,5,Pocahontas County                                           ,3,3,460000,0,0,0,0,0,0,0,0,0,0,0,0,0,0,0,0,0,0,0,0,0
202604,54,077,3,5,Preston County                                              ,1,1,296205,0,0,0,0,0,0,0,0,0,0,0,0,0,0,0,0,0,0,0,0,0
202604,54,079,3,5,Putnam County                                               ,29,29,6945369,1,2,96667,0,0,0,3,89,17340457,0,0,0,0,0,0,0,0,0,0,0,0
202604,54,081,3,5,Raleigh County                                              ,16,16,3513870,0,0,0,0,0,0,0,0,0,16,16,3513870,0,0,0,0,0,0,0,0,0
202604,54,083,3,5,Randolph County                                             ,0,0,0,0,0,0,0,0,0,0,0,0,0,0,0,0,0,0,0,0,0,0,0,0
202604,54,085,3,5,Ritchie County                                              ,9,9,2670679,0,0,0,0,0,0,0,0,0,6,6,1777230,0,0,0,0,0,0,0,0,0
202604,54,087,3,5,Roane County                                                ,7,7,1010334,0,0,0,0,0,0,0,0,0,0,0,0,0,0,0,0,0,0,0,0,0
202604,54,089,3,5,Summers County                                              ,4,4,815454,0,0,0,0,0,0,0,0,0,0,0,0,0,0,0,0,0,0,0,0,0
202604,54,091,3,5,Taylor County                                               ,0,0,0,0,0,0,0,0,0,0,0,0,0,0,0,0,0,0,0,0,0,0,0,0
202604,54,093,3,5,Tucker County                                               ,0,0,0,0,0,0,0,0,0,0,0,0,0,0,0,0,0,0,0,0,0,0,0,0
202604,54,095,3,5,Tyler County                                                ,0,0,0,0,0,0,0,0,0,0,0,0,0,0,0,0,0,0,0,0,0,0,0,0
202604,54,097,3,5,Upshur County                                               ,6,6,3764667,1,2,100000,0,0,0,0,0,0,5,5,3720000,1,2,100000,0,0,0,0,0,0
202604,54,099,3,5,Wayne County                                                ,20,20,1568818,0,0,0,0,0,0,0,0,0,0,0,0,0,0,0,0,0,0,0,0,0
202604,54,101,3,5,Webster County                                              ,0,0,0,0,0,0,0,0,0,0,0,0,0,0,0,0,0,0,0,0,0,0,0,0
202604,54,103,3,5,Wetzel County                                               ,1,1,425000,0,0,0,0,0,0,0,0,0,0,0,0,0,0,0,0,0,0,0,0,0
202604,54,105,3,5,Wirt County                                                 ,4,4,608000,0,0,0,0,0,0,0,0,0,0,0,0,0,0,0,0,0,0,0,0,0
202604,54,107,3,5,Wood County                                                 ,26,26,5502818,0,0,0,0,0,0,0,0,0,26,26,5502818,0,0,0,0,0,0,0,0,0
202604,54,109,3,5,Wyoming County                                              ,10,10,3013535,0,0,0,0,0,0,0,0,0,0,0,0,0,0,0,0,0,0,0,0,0
202604,55,001,2,3,Adams County                                                ,38,38,14896055,0,0,0,0,0,0,0,0,0,22,22,8458635,0,0,0,0,0,0,0,0,0
202604,55,003,2,3,Ashland County                                              ,7,7,1706748,0,0,0,0,0,0,0,0,0,0,0,0,0,0,0,0,0,0,0,0,0
202604,55,005,2,3,Barron County                                               ,33,33,12301951,1,2,330000,0,0,0,0,0,0,20,20,7564100,0,0,0,0,0,0,0,0,0
202604,55,007,2,3,Bayfield County                                             ,26,26,8974464,0,0,0,0,0,0,1,5,1312500,25,25,8565131,0,0,0,0,0,0,0,0,0
202604,55,009,2,3,Brown County                                                ,192,192,90891312,22,44,8139472,0,0,0,24,574,314078585,147,147,69937461,2,4,770000,0,0,0,22,561,311851252
202604,55,011,2,3,Buffalo County                                              ,11,11,4957667,0,0,0,0,0,0,0,0,0,7,7,3497000,0,0,0,0,0,0,0,0,0
202604,55,013,2,3,Burnett County                                              ,30,30,9968810,0,0,0,0,0,0,0,0,0,27,27,9298160,0,0,0,0,0,0,0,0,0
202604,55,015,2,3,Calumet County                                              ,84,84,29844631,2,4,709602,0,0,0,0,0,0,75,75,26576155,0,0,0,0,0,0,0,0,0
202604,55,017,2,3,Chippewa County                                             ,44,44,17459622,0,0,0,0,0,0,0,0,0,44,44,17459622,0,0,0,0,0,0,0,0,0
202604,55,019,2,3,Clark County                                                ,26,26,7194458,3,6,900000,0,0,0,0,0,0,0,0,0,0,0,0,0,0,0,0,0,0
202604,55,021,2,3,Columbia County                                             ,48,48,22602029,0,0,0,0,0,0,3,55,7250000,26,26,15559966,0,0,0,0,0,0,1,45,6000000
202604,55,023,2,3,Crawford County                                             ,11,11,2358699,0,0,0,0,0,0,0,0,0,1,1,75000,0,0,0,0,0,0,0,0,0
202604,55,025,2,3,Dane County                                                 ,444,444,233376036,11,22,6630656,0,0,0,19,1248,271249714,376,376,205677246,5,10,3286856,0,0,0,12,1124,249731012
202604,55,027,2,3,Dodge County                                                ,37,37,13319840,2,4,1111000,0,0,0,0,0,0,11,11,5200720,2,4,1111000,0,0,0,0,0,0
202604,55,029,2,3,Door County                                                 ,56,56,20198104,8,16,2831760,0,0,0,0,0,0,6,6,2800000,0,0,0,0,0,0,0,0,0
202604,55,031,2,3,Douglas County                                              ,20,20,6122790,0,0,0,0,0,0,0,0,0,20,20,6122790,0,0,0,0,0,0,0,0,0
202604,55,033,2,3,Dunn County                                                 ,34,34,11569643,3,6,1230000,0,0,0,0,0,0,24,24,8111116,3,6,1230000,0,0,0,0,0,0
202604,55,035,2,3,Eau Claire County                                           ,51,51,23438347,9,18,4665776,0,0,0,6,215,47090000,44,44,20862031,9,18,4665776,0,0,0,6,215,47090000
202604,55,037,2,3,Florence County                                             ,10,10,3517275,0,0,0,0,0,0,0,0,0,0,0,0,0,0,0,0,0,0,0,0,0
202604,55,039,2,3,Fond du Lac County                                          ,53,53,20040517,1,2,349292,0,0,0,0,0,0,3,3,1071000,0,0,0,0,0,0,0,0,0
202604,55,041,2,3,Forest County                                               ,7,7,2035488,0,0,0,0,0,0,0,0,0,6,6,1775000,0,0,0,0,0,0,0,0,0
202604,55,043,2,3,Grant County                                                ,45,45,14302157,0,0,0,0,0,0,0,0,0,30,30,9676000,0,0,0,0,0,0,0,0,0
202604,55,045,2,3,Green County                                                ,25,25,12827816,3,6,1756500,0,0,0,0,0,0,24,24,12474352,0,0,0,0,0,0,0,0,0
202604,55,047,2,3,Green Lake County                                           ,11,11,6251544,2,4,670000,0,0,0,1,6,600000,3,3,2850000,0,0,0,0,0,0,0,0,0
202604,55,049,2,3,Iowa County                                                 ,20,20,9011581,0,0,0,0,0,0,0,0,0,1,1,350000,0,0,0,0,0,0,0,0,0
202604,55,051,2,3,Iron County                                                 ,7,7,2386046,0,0,0,0,0,0,3,15,5175000,3,3,1025109,0,0,0,0,0,0,0,0,0
202604,55,053,2,3,Jackson County                                              ,10,10,3169300,0,0,0,0,0,0,0,0,0,6,6,1618000,0,0,0,0,0,0,0,0,0
202604,55,055,2,3,Jefferson County                                            ,37,37,14711082,10,20,2995000,0,0,0,0,0,0,29,29,12059077,10,20,2995000,0,0,0,0,0,0
202604,55,057,2,3,Juneau County                                               ,28,28,9043231,0,0,0,0,0,0,0,0,0,7,7,2505000,0,0,0,0,0,0,0,0,0
202604,55,059,2,3,Kenosha County                                              ,49,49,20763261,1,2,340000,0,0,0,0,0,0,26,26,8095886,1,2,340000,0,0,0,0,0,0
202604,55,061,2,3,Kewaunee County                                             ,13,13,6772895,1,2,357285,0,0,0,1,5,900000,3,3,1128768,0,0,0,0,0,0,1,5,900000
202604,55,063,2,3,La Crosse County                                            ,88,88,38020318,1,2,466667,0,0,0,0,0,0,55,55,25979417,0,0,0,0,0,0,0,0,0
202604,55,065,2,3,Lafayette County                                            ,11,11,3193662,1,2,360093,0,0,0,0,0,0,1,1,111000,0,0,0,0,0,0,0,0,0
202604,55,067,2,3,Langlade County                                             ,37,37,11160824,0,0,0,0,0,0,0,0,0,6,6,3705000,0,0,0,0,0,0,0,0,0
202604,55,069,2,3,Lincoln County                                              ,34,34,11746065,0,0,0,0,0,0,0,0,0,25,25,8587687,0,0,0,0,0,0,0,0,0
202604,55,071,2,3,Manitowoc County                                            ,41,41,15744876,1,2,200000,0,0,0,4,44,8667923,31,31,12022850,0,0,0,0,0,0,4,44,8667923
202604,55,073,2,3,Marathon County                                             ,47,47,24484416,3,6,1207542,0,0,0,7,39,6785894,29,29,16308812,3,6,1207542,0,0,0,0,0,0
202604,55,075,2,3,Marinette County                                            ,43,43,11736364,1,2,351462,0,0,0,1,5,745918,15,15,3706000,0,0,0,0,0,0,0,0,0
202604,55,077,2,3,Marquette County                                            ,14,14,4605190,0,0,0,0,0,0,0,0,0,12,12,3686857,0,0,0,0,0,0,0,0,0
202604,55,078,2,3,Menominee County                                            ,0,0,0,0,0,0,0,0,0,0,0,0,0,0,0,0,0,0,0,0,0,0,0,0
202604,55,079,2,3,Milwaukee County                                            ,39,39,17344235,1,2,349292,0,0,0,6,128,21086788,32,32,12298205,0,0,0,0,0,0,1,16,2820000
202604,55,081,2,3,Monroe County                                               ,34,34,10358389,1,2,434352,0,0,0,0,0,0,13,13,2782000,0,0,0,0,0,0,0,0,0
202604,55,083,2,3,Oconto County                                               ,45,45,18576091,0,0,0,0,0,0,3,16,2508128,42,42,17788574,0,0,0,0,0,0,0,0,0
202604,55,085,2,3,Oneida County                                               ,55,55,23370852,0,0,0,0,0,0,1,14,2318523,9,9,3925000,0,0,0,0,0,0,0,0,0
202604,55,087,2,3,Outagamie County                                            ,106,106,39736526,3,6,1890000,0,0,0,9,182,18354000,88,88,33132054,3,6,1890000,0,0,0,9,182,18354000
202604,55,089,2,3,Ozaukee County                                              ,85,85,39833253,7,14,3500000,0,0,0,3,60,8400000,69,69,28774438,7,14,3500000,0,0,0,3,60,8400000
202604,55,091,2,3,Pepin County                                                ,11,11,5136300,0,0,0,0,0,0,0,0,0,6,6,2800000,0,0,0,0,0,0,0,0,0
202604,55,093,2,3,Pierce County                                               ,60,60,21277705,1,2,621180,0,0,0,1,9,1983443,53,53,18262407,0,0,0,0,0,0,0,0,0
202604,55,095,2,3,Polk County                                                 ,50,50,9370796,0,0,0,0,0,0,0,0,0,9,9,2695000,0,0,0,0,0,0,0,0,0
202604,55,097,2,3,Portage County                                              ,54,54,20269478,5,10,2034386,0,0,0,0,0,0,52,52,19857978,1,2,380000,0,0,0,0,0,0
202604,55,099,2,3,Price County                                                ,9,9,2786795,1,2,332500,0,0,0,0,0,0,0,0,0,0,0,0,0,0,0,0,0,0
202604,55,101,2,3,Racine County                                               ,188,188,64234243,9,18,3031751,0,0,0,6,58,4152881,177,177,60089462,7,14,2037719,0,0,0,0,0,0
202604,55,103,2,3,Richland County                                             ,11,11,2674953,0,0,0,0,0,0,0,0,0,2,2,800000,0,0,0,0,0,0,0,0,0
202604,55,105,2,3,Rock County                                                 ,84,84,27600369,7,14,2498000,3,12,2955000,2,16,3000000,53,53,18054972,7,14,2498000,3,12,2955000,2,16,3000000
202604,55,107,2,3,Rusk County                                                 ,17,17,5884343,0,0,0,0,0,0,0,0,0,0,0,0,0,0,0,0,0,0,0,0,0
202604,55,109,2,3,St. Croix County                                            ,141,141,50772117,0,0,0,0,0,0,0,0,0,130,130,46929583,0,0,0,0,0,0,0,0,0
202604,55,111,2,3,Sauk County                                                 ,80,80,31720956,4,8,1450000,0,0,0,9,188,27396425,35,35,13711869,4,8,1450000,0,0,0,9,188,27396425
202604,55,113,2,3,Sawyer County                                               ,39,39,18306518,0,0,0,0,0,0,0,0,0,39,39,18306518,0,0,0,0,0,0,0,0,0
202604,55,115,2,3,Shawano County                                              ,22,22,8810093,0,0,0,0,0,0,0,0,0,17,17,6730500,0,0,0,0,0,0,0,0,0
202604,55,117,2,3,Sheboygan County                                            ,41,41,24042641,0,0,0,0,0,0,2,28,5207861,18,18,13532237,0,0,0,0,0,0,0,0,0
202604,55,119,2,3,Taylor County                                               ,9,9,3287934,2,4,320000,0,0,0,0,0,0,0,0,0,0,0,0,0,0,0,0,0,0
202604,55,121,2,3,Trempealeau County                                          ,15,15,5788650,0,0,0,0,0,0,0,0,0,14,14,5468000,0,0,0,0,0,0,0,0,0
202604,55,123,2,3,Vernon County                                               ,28,28,8359124,4,8,236000,0,0,0,0,0,0,1,1,100000,4,8,236000,0,0,0,0,0,0
202604,55,125,2,3,Vilas County                                                ,52,52,23091091,0,0,0,0,0,0,0,0,0,45,45,19221293,0,0,0,0,0,0,0,0,0
202604,55,127,2,3,Walworth County                                             ,89,89,59209897,0,0,0,0,0,0,0,0,0,72,72,52551971,0,0,0,0,0,0,0,0,0
202604,55,129,2,3,Washburn County                                             ,27,27,8396688,0,0,0,0,0,0,0,0,0,18,18,6443917,0,0,0,0,0,0,0,0,0
202604,55,131,2,3,Washington County                                           ,91,91,40528392,13,26,6229795,0,0,0,1,5,821250,65,65,27773986,11,22,5300000,0,0,0,0,0,0
202604,55,133,2,3,Waukesha County                                             ,286,286,169237194,15,30,8294776,0,0,0,8,221,47913324,188,188,117971197,10,20,5981095,0,0,0,2,140,36176000
202604,55,135,2,3,Waupaca County                                              ,28,28,13339768,0,0,0,0,0,0,0,0,0,25,25,12408918,0,0,0,0,0,0,0,0,0
202604,55,137,2,3,Waushara County                                             ,22,22,7251787,0,0,0,0,0,0,1,5,421875,13,13,4111000,0,0,0,0,0,0,0,0,0
202604,55,139,2,3,Winnebago County                                            ,90,90,35542801,2,4,937000,0,0,0,13,214,34380851,77,77,30865787,2,4,937000,0,0,0,13,214,34380851
202604,55,141,2,3,Wood County                                                 ,43,43,15883778,4,8,951462,0,0,0,0,0,0,8,8,2563750,3,6,600000,0,0,0,0,0,0
202604,56,001,4,8,Albany County                                               ,24,24,10182491,0,0,0,0,0,0,0,0,0,24,24,10182491,0,0,0,0,0,0,0,0,0
202604,56,003,4,8,Big Horn County                                             ,6,6,1847202,0,0,0,0,0,0,0,0,0,0,0,0,0,0,0,0,0,0,0,0,0
202604,56,005,4,8,Campbell County                                             ,13,13,4915000,0,0,0,0,0,0,0,0,0,13,13,4915000,0,0,0,0,0,0,0,0,0
202604,56,007,4,8,Carbon County                                               ,5,5,978708,0,0,0,0,0,0,0,0,0,1,1,198000,0,0,0,0,0,0,0,0,0
202604,56,009,4,8,Converse County                                             ,2,2,600000,0,0,0,0,0,0,0,0,0,2,2,600000,0,0,0,0,0,0,0,0,0
202604,56,011,4,8,Crook County                                                ,3,3,815684,0,0,0,0,0,0,0,0,0,0,0,0,0,0,0,0,0,0,0,0,0
202604,56,013,4,8,Fremont County                                              ,3,3,639144,0,0,0,0,0,0,0,0,0,1,1,245000,0,0,0,0,0,0,0,0,0
202604,56,015,4,8,Goshen County                                               ,0,0,0,0,0,0,0,0,0,0,0,0,0,0,0,0,0,0,0,0,0,0,0,0
202604,56,017,4,8,Hot Springs County                                          ,0,0,0,0,0,0,0,0,0,0,0,0,0,0,0,0,0,0,0,0,0,0,0,0
202604,56,019,4,8,Johnson County                                              ,4,4,1097703,0,0,0,0,0,0,0,0,0,4,4,1097703,0,0,0,0,0,0,0,0,0
202604,56,021,4,8,Laramie County                                              ,101,101,20785095,0,0,0,5,20,2315425,1,28,3978000,71,71,14196437,0,0,0,5,20,2315425,1,28,3978000
202604,56,023,4,8,Lincoln County                                              ,55,55,16370726,0,0,0,0,0,0,0,0,0,51,51,14993248,0,0,0,0,0,0,0,0,0
202604,56,025,4,8,Natrona County                                              ,40,40,16440221,1,2,520000,0,0,0,0,0,0,38,38,15764782,1,2,520000,0,0,0,0,0,0
202604,56,027,4,8,Niobrara County                                             ,0,0,0,0,0,0,0,0,0,0,0,0,0,0,0,0,0,0,0,0,0,0,0,0
202604,56,029,4,8,Park County                                                 ,56,56,15764514,0,0,0,1,4,140000,1,24,4127628,45,45,12247930,0,0,0,1,4,140000,1,24,4127628
202604,56,031,4,8,Platte County                                               ,9,9,2021934,0,0,0,0,0,0,0,0,0,0,0,0,0,0,0,0,0,0,0,0,0
202604,56,033,4,8,Sheridan County                                             ,77,77,25306835,1,2,300000,3,9,1112500,1,6,3000000,45,45,13047123,1,2,300000,2,6,925000,1,6,3000000
202604,56,035,4,8,Sublette County                                             ,29,29,11039043,0,0,0,0,0,0,0,0,0,0,0,0,0,0,0,0,0,0,0,0,0
202604,56,037,4,8,Sweetwater County                                           ,9,9,3604076,0,0,0,0,0,0,0,0,0,9,9,3604076,0,0,0,0,0,0,0,0,0
202604,56,039,4,8,Teton County                                                ,31,31,83343037,0,0,0,1,3,900000,0,0,0,9,9,12100000,0,0,0,1,3,900000,0,0,0
202604,56,041,4,8,Uinta County                                                ,12,12,3964000,0,0,0,0,0,0,0,0,0,12,12,3964000,0,0,0,0,0,0,0,0,0
202604,56,043,4,8,Washakie County                                             ,1,1,266667,0,0,0,0,0,0,0,0,0,0,0,0,0,0,0,0,0,0,0,0,0
202604,56,045,4,8,Weston County                                               ,0,0,0,0,0,0,0,0,0,0,0,0,0,0,0,0,0,0,0,0,0,0,0,0
