Survey,FIPS,FIPS,Region,Division,County,,1-unit,,,2-units,,,3-4 units,,,5+ units,,,1-unit rep,,,2-units rep,,,3-4 units rep,,, 5+units rep
Date,State,County,Code,Code,Name,Bldgs,Units,Value,Bldgs,Units,Value,Bldgs,Units,Value,Bldgs,Units,Value,Bldgs,Units,Value,Bldgs,Units,Value,Bldgs,Units,Value,Bldgs,Units,Value
 
202601,01,001,3,6,Autauga County                                              ,22,22,9911012,0,0,0,0,0,0,0,0,0,22,22,9911012,0,0,0,0,0,0,0,0,0
202601,01,003,3,6,Baldwin County                                              ,248,248,87749338,1,2,525212,1,3,502729,6,40,6815720,236,236,84829282,1,2,525212,1,3,502729,6,40,6815720
202601,01,005,3,6,Barbour County                                              ,1,1,416300,0,0,0,0,0,0,0,0,0,1,1,416300,0,0,0,0,0,0,0,0,0
202601,01,007,3,6,Bibb County                                                 ,1,1,235000,0,0,0,0,0,0,0,0,0,1,1,235000,0,0,0,0,0,0,0,0,0
202601,01,009,3,6,Blount County                                               ,1,1,282917,0,0,0,0,0,0,0,0,0,0,0,0,0,0,0,0,0,0,0,0,0
202601,01,011,3,6,Bullock County                                              ,0,0,0,0,0,0,0,0,0,0,0,0,0,0,0,0,0,0,0,0,0,0,0,0
202601,01,013,3,6,Butler County                                               ,0,0,0,0,0,0,0,0,0,0,0,0,0,0,0,0,0,0,0,0,0,0,0,0
202601,01,015,3,6,Calhoun County                                              ,6,6,1200656,0,0,0,0,0,0,0,0,0,5,5,909120,0,0,0,0,0,0,0,0,0
202601,01,017,3,6,Chambers County                                             ,1,1,269714,0,0,0,0,0,0,0,0,0,0,0,0,0,0,0,0,0,0,0,0,0
202601,01,019,3,6,Cherokee County                                             ,1,1,200000,0,0,0,0,0,0,0,0,0,1,1,200000,0,0,0,0,0,0,0,0,0
202601,01,021,3,6,Chilton County                                              ,6,6,718162,0,0,0,2,7,703760,0,0,0,5,5,510000,0,0,0,2,7,703760,0,0,0
202601,01,023,3,6,Choctaw County                                              ,0,0,0,0,0,0,0,0,0,0,0,0,0,0,0,0,0,0,0,0,0,0,0,0
202601,01,025,3,6,Clarke County                                               ,1,1,170333,0,0,0,0,0,0,0,0,0,0,0,0,0,0,0,0,0,0,0,0,0
202601,01,027,3,6,Clay County                                                 ,1,1,150477,0,0,0,0,0,0,0,0,0,0,0,0,0,0,0,0,0,0,0,0,0
202601,01,029,3,6,Cleburne County                                             ,0,0,0,0,0,0,0,0,0,0,0,0,0,0,0,0,0,0,0,0,0,0,0,0
202601,01,031,3,6,Coffee County                                               ,24,24,7036653,0,0,0,0,0,0,0,0,0,24,24,7036653,0,0,0,0,0,0,0,0,0
202601,01,033,3,6,Colbert County                                              ,6,6,796805,0,0,0,0,0,0,0,0,0,3,3,320673,0,0,0,0,0,0,0,0,0
202601,01,035,3,6,Conecuh County                                              ,0,0,0,0,0,0,0,0,0,0,0,0,0,0,0,0,0,0,0,0,0,0,0,0
202601,01,037,3,6,Coosa County                                                ,0,0,0,0,0,0,0,0,0,0,0,0,0,0,0,0,0,0,0,0,0,0,0,0
202601,01,039,3,6,Covington County                                            ,1,1,279507,0,0,0,0,0,0,0,0,0,0,0,0,0,0,0,0,0,0,0,0,0
202601,01,041,3,6,Crenshaw County                                             ,0,0,0,0,0,0,0,0,0,0,0,0,0,0,0,0,0,0,0,0,0,0,0,0
202601,01,043,3,6,Cullman County                                              ,22,22,4570123,0,0,0,0,0,0,0,0,0,21,21,4411471,0,0,0,0,0,0,0,0,0
202601,01,045,3,6,Dale County                                                 ,1,1,148750,0,0,0,0,0,0,0,0,0,1,1,148750,0,0,0,0,0,0,0,0,0
202601,01,047,3,6,Dallas County                                               ,0,0,0,0,0,0,0,0,0,0,0,0,0,0,0,0,0,0,0,0,0,0,0,0
202601,01,049,3,6,DeKalb County                                               ,2,2,467528,0,0,0,0,0,0,0,0,0,0,0,0,0,0,0,0,0,0,0,0,0
202601,01,051,3,6,Elmore County                                               ,14,14,2725469,0,0,0,0,0,0,0,0,0,11,11,2006330,0,0,0,0,0,0,0,0,0
202601,01,053,3,6,Escambia County                                             ,0,0,0,0,0,0,0,0,0,0,0,0,0,0,0,0,0,0,0,0,0,0,0,0
202601,01,055,3,6,Etowah County                                               ,6,6,1661852,0,0,0,0,0,0,0,0,0,6,6,1661852,0,0,0,0,0,0,0,0,0
202601,01,057,3,6,Fayette County                                              ,0,0,0,0,0,0,0,0,0,0,0,0,0,0,0,0,0,0,0,0,0,0,0,0
202601,01,059,3,6,Franklin County                                             ,0,0,0,0,0,0,0,0,0,0,0,0,0,0,0,0,0,0,0,0,0,0,0,0
202601,01,061,3,6,Geneva County                                               ,0,0,0,0,0,0,0,0,0,0,0,0,0,0,0,0,0,0,0,0,0,0,0,0
202601,01,063,3,6,Greene County                                               ,0,0,0,0,0,0,0,0,0,0,0,0,0,0,0,0,0,0,0,0,0,0,0,0
202601,01,065,3,6,Hale County                                                 ,3,3,360000,0,0,0,0,0,0,0,0,0,3,3,360000,0,0,0,0,0,0,0,0,0
202601,01,067,3,6,Henry County                                                ,11,11,2734916,0,0,0,0,0,0,0,0,0,11,11,2734916,0,0,0,0,0,0,0,0,0
202601,01,069,3,6,Houston County                                              ,30,30,9571405,0,0,0,0,0,0,0,0,0,21,21,7471948,0,0,0,0,0,0,0,0,0
202601,01,071,3,6,Jackson County                                              ,3,3,935609,0,0,0,0,0,0,0,0,0,0,0,0,0,0,0,0,0,0,0,0,0
202601,01,073,3,6,Jefferson County                                            ,108,108,39818789,1,2,1031629,0,0,0,2,48,9045281,90,90,36969676,0,0,0,0,0,0,0,0,0
202601,01,075,3,6,Lamar County                                                ,0,0,0,0,0,0,0,0,0,0,0,0,0,0,0,0,0,0,0,0,0,0,0,0
202601,01,077,3,6,Lauderdale County                                           ,14,14,1380461,6,12,720000,0,0,0,0,0,0,14,14,1380461,6,12,720000,0,0,0,0,0,0
202601,01,079,3,6,Lawrence County                                             ,0,0,0,0,0,0,0,0,0,0,0,0,0,0,0,0,0,0,0,0,0,0,0,0
202601,01,081,3,6,Lee County                                                  ,211,211,52373980,0,0,0,0,0,0,8,155,19717841,190,190,46273220,0,0,0,0,0,0,8,155,19717841
202601,01,083,3,6,Limestone County                                            ,0,0,0,0,0,0,0,0,0,0,0,0,0,0,0,0,0,0,0,0,0,0,0,0
202601,01,085,3,6,Lowndes County                                              ,1,1,277700,0,0,0,0,0,0,0,0,0,0,0,0,0,0,0,0,0,0,0,0,0
202601,01,087,3,6,Macon County                                                ,1,1,495230,0,0,0,0,0,0,0,0,0,0,0,0,0,0,0,0,0,0,0,0,0
202601,01,089,3,6,Madison County                                              ,287,287,80867997,1,2,323152,0,0,0,0,0,0,180,180,54491778,1,2,323152,0,0,0,0,0,0
202601,01,091,3,6,Marengo County                                              ,0,0,0,0,0,0,0,0,0,0,0,0,0,0,0,0,0,0,0,0,0,0,0,0
202601,01,093,3,6,Marion County                                               ,0,0,0,0,0,0,0,0,0,0,0,0,0,0,0,0,0,0,0,0,0,0,0,0
202601,01,095,3,6,Marshall County                                             ,14,14,2790723,0,0,0,0,0,0,0,0,0,11,11,2297622,0,0,0,0,0,0,0,0,0
202601,01,097,3,6,Mobile County                                               ,66,66,7666957,0,0,0,0,0,0,0,0,0,62,62,6812000,0,0,0,0,0,0,0,0,0
202601,01,099,3,6,Monroe County                                               ,0,0,0,0,0,0,0,0,0,1,5,1145833,0,0,0,0,0,0,0,0,0,0,0,0
202601,01,101,3,6,Montgomery County                                           ,51,51,13025570,0,0,0,0,0,0,0,0,0,51,51,13025570,0,0,0,0,0,0,0,0,0
202601,01,103,3,6,Morgan County                                               ,12,12,3820760,0,0,0,0,0,0,0,0,0,11,11,3522414,0,0,0,0,0,0,0,0,0
202601,01,105,3,6,Perry County                                                ,0,0,0,0,0,0,0,0,0,0,0,0,0,0,0,0,0,0,0,0,0,0,0,0
202601,01,107,3,6,Pickens County                                              ,0,0,0,0,0,0,0,0,0,0,0,0,0,0,0,0,0,0,0,0,0,0,0,0
202601,01,109,3,6,Pike County                                                 ,4,4,880000,0,0,0,0,0,0,0,0,0,4,4,880000,0,0,0,0,0,0,0,0,0
202601,01,111,3,6,Randolph County                                             ,0,0,0,0,0,0,0,0,0,0,0,0,0,0,0,0,0,0,0,0,0,0,0,0
202601,01,113,3,6,Russell County                                              ,5,5,1091562,0,0,0,0,0,0,0,0,0,5,5,1091562,0,0,0,0,0,0,0,0,0
202601,01,115,3,6,St. Clair County                                            ,34,34,7841023,0,0,0,0,0,0,0,0,0,27,27,6232078,0,0,0,0,0,0,0,0,0
202601,01,117,3,6,Shelby County                                               ,83,83,25551651,0,0,0,0,0,0,0,0,0,71,71,22377779,0,0,0,0,0,0,0,0,0
202601,01,119,3,6,Sumter County                                               ,0,0,0,0,0,0,0,0,0,0,0,0,0,0,0,0,0,0,0,0,0,0,0,0
202601,01,121,3,6,Talladega County                                            ,9,9,2179110,0,0,0,1,4,629780,0,0,0,9,9,2179110,0,0,0,1,4,629780,0,0,0
202601,01,123,3,6,Tallapoosa County                                           ,19,19,16340643,0,0,0,0,0,0,0,0,0,19,19,16340643,0,0,0,0,0,0,0,0,0
202601,01,125,3,6,Tuscaloosa County                                           ,32,32,9332550,0,0,0,1,3,545691,1,6,922729,6,6,2060718,0,0,0,0,0,0,0,0,0
202601,01,127,3,6,Walker County                                               ,1,1,160000,0,0,0,0,0,0,0,0,0,1,1,160000,0,0,0,0,0,0,0,0,0
202601,01,129,3,6,Washington County                                           ,1,1,525000,0,0,0,0,0,0,0,0,0,0,0,0,0,0,0,0,0,0,0,0,0
202601,01,131,3,6,Wilcox County                                               ,0,0,0,0,0,0,0,0,0,0,0,0,0,0,0,0,0,0,0,0,0,0,0,0
202601,01,133,3,6,Winston County                                              ,1,1,25000,0,0,0,0,0,0,0,0,0,0,0,0,0,0,0,0,0,0,0,0,0
202601,02,013,4,9,Aleutians East Borough                                      ,0,0,0,0,0,0,0,0,0,0,0,0,0,0,0,0,0,0,0,0,0,0,0,0
202601,02,016,4,9,Aleutians West Census Area                                  ,0,0,0,0,0,0,0,0,0,0,0,0,0,0,0,0,0,0,0,0,0,0,0,0
202601,02,020,4,9,Anchorage Municipality                                      ,12,12,4994812,2,4,838025,1,3,447867,1,5,921879,0,0,0,0,0,0,0,0,0,0,0,0
202601,02,050,4,9,Bethel Census Area                                          ,0,0,0,0,0,0,0,0,0,0,0,0,0,0,0,0,0,0,0,0,0,0,0,0
202601,02,060,4,9,Bristol Bay Borough                                         ,0,0,0,0,0,0,0,0,0,0,0,0,0,0,0,0,0,0,0,0,0,0,0,0
202601,02,063,4,9,Chugach Census Area                                         ,1,1,206500,0,0,0,0,0,0,0,0,0,0,0,0,0,0,0,0,0,0,0,0,0
202601,02,070,4,9,Dillingham Census Area                                      ,0,0,0,0,0,0,0,0,0,0,0,0,0,0,0,0,0,0,0,0,0,0,0,0
202601,02,090,4,9,Fairbanks North Star Borough                                ,0,0,0,1,2,450000,0,0,0,0,0,0,0,0,0,0,0,0,0,0,0,0,0,0
202601,02,100,4,9,Haines Borough                                              ,0,0,0,0,0,0,0,0,0,0,0,0,0,0,0,0,0,0,0,0,0,0,0,0
202601,02,105,4,9,Hoonah-Angoon Census Area                                   ,0,0,0,0,0,0,0,0,0,0,0,0,0,0,0,0,0,0,0,0,0,0,0,0
202601,02,110,4,9,Juneau City and Borough                                     ,2,2,410426,0,0,0,0,0,0,1,5,298880,0,0,0,0,0,0,0,0,0,0,0,0
202601,02,122,4,9,Kenai Peninsula Borough                                     ,1,1,250000,0,0,0,1,4,390000,0,0,0,1,1,250000,0,0,0,1,4,390000,0,0,0
202601,02,130,4,9,Ketchikan Gateway Borough                                   ,0,0,0,0,0,0,0,0,0,0,0,0,0,0,0,0,0,0,0,0,0,0,0,0
202601,02,150,4,9,Kodiak Island Borough                                       ,0,0,0,0,0,0,0,0,0,0,0,0,0,0,0,0,0,0,0,0,0,0,0,0
202601,02,170,4,9,Matanuska-Susitna Borough                                   ,1,1,416234,0,0,0,0,0,0,0,0,0,0,0,0,0,0,0,0,0,0,0,0,0
202601,02,180,4,9,Nome Census Area                                            ,0,0,0,0,0,0,0,0,0,0,0,0,0,0,0,0,0,0,0,0,0,0,0,0
202601,02,185,4,9,North Slope Borough                                         ,0,0,0,0,0,0,0,0,0,0,0,0,0,0,0,0,0,0,0,0,0,0,0,0
202601,02,188,4,9,Northwest Arctic Borough                                    ,0,0,0,0,0,0,0,0,0,0,0,0,0,0,0,0,0,0,0,0,0,0,0,0
202601,02,195,4,9,Petersburg Borough                                          ,1,1,399063,0,0,0,0,0,0,0,0,0,0,0,0,0,0,0,0,0,0,0,0,0
202601,02,198,4,9,Prince of Wales-Hyder Census Area                           ,0,0,0,0,0,0,0,0,0,0,0,0,0,0,0,0,0,0,0,0,0,0,0,0
202601,02,220,4,9,Sitka City and Borough                                      ,0,0,0,0,0,0,0,0,0,0,0,0,0,0,0,0,0,0,0,0,0,0,0,0
202601,02,230,4,9,Skagway Municipality                                        ,0,0,0,0,0,0,0,0,0,0,0,0,0,0,0,0,0,0,0,0,0,0,0,0
202601,02,275,4,9,Wrangell City and Borough                                   ,0,0,0,0,0,0,0,0,0,0,0,0,0,0,0,0,0,0,0,0,0,0,0,0
202601,02,282,4,9,Yakutat City and Borough                                    ,0,0,0,0,0,0,0,0,0,0,0,0,0,0,0,0,0,0,0,0,0,0,0,0
202601,02,290,4,9,Yukon-Koyukuk Census Area                                   ,0,0,0,0,0,0,0,0,0,0,0,0,0,0,0,0,0,0,0,0,0,0,0,0
202601,04,001,4,8,Apache County                                               ,11,11,3114085,0,0,0,0,0,0,0,0,0,11,11,3114085,0,0,0,0,0,0,0,0,0
202601,04,003,4,8,Cochise County                                              ,32,32,5349827,0,0,0,0,0,0,0,0,0,26,26,4560211,0,0,0,0,0,0,0,0,0
202601,04,005,4,8,Coconino County                                             ,37,37,14039027,0,0,0,0,0,0,0,0,0,30,30,11718250,0,0,0,0,0,0,0,0,0
202601,04,007,4,8,Gila County                                                 ,10,10,3655004,1,2,197631,0,0,0,0,0,0,6,6,2965940,0,0,0,0,0,0,0,0,0
202601,04,009,4,8,Graham County                                               ,15,15,3783000,0,0,0,0,0,0,0,0,0,15,15,3783000,0,0,0,0,0,0,0,0,0
202601,04,011,4,8,Greenlee County                                             ,1,1,123736,0,0,0,0,0,0,0,0,0,0,0,0,0,0,0,0,0,0,0,0,0
202601,04,012,4,8,La Paz County                                               ,9,9,1107750,0,0,0,0,0,0,0,0,0,8,8,1000000,0,0,0,0,0,0,0,0,0
202601,04,013,4,8,Maricopa County                                             ,999,999,334531876,23,46,5524664,2,8,2426947,16,476,52949169,988,988,330733412,23,46,5524664,2,8,2426947,15,427,44385823
202601,04,015,4,8,Mohave County                                               ,59,59,9359460,2,4,423948,0,0,0,0,0,0,57,57,9048154,2,4,423948,0,0,0,0,0,0
202601,04,017,4,8,Navajo County                                               ,26,26,8493213,0,0,0,0,0,0,0,0,0,21,21,6823216,0,0,0,0,0,0,0,0,0
202601,04,019,4,8,Pima County                                                 ,297,297,108393566,1,2,237727,0,0,0,2,27,4051862,243,243,94627818,0,0,0,0,0,0,0,0,0
202601,04,021,4,8,Pinal County                                                ,585,585,123637634,0,0,0,0,0,0,0,0,0,501,501,103517106,0,0,0,0,0,0,0,0,0
202601,04,023,4,8,Santa Cruz County                                           ,16,16,2802091,0,0,0,0,0,0,0,0,0,15,15,2397764,0,0,0,0,0,0,0,0,0
202601,04,025,4,8,Yavapai County                                              ,78,78,31022983,0,0,0,0,0,0,0,0,0,78,78,31022983,0,0,0,0,0,0,0,0,0
202601,04,027,4,8,Yuma County                                                 ,65,65,13754074,0,0,0,0,0,0,4,54,2687360,64,64,13487134,0,0,0,0,0,0,4,54,2687360
202601,05,001,3,7,Arkansas County                                             ,0,0,0,0,0,0,0,0,0,0,0,0,0,0,0,0,0,0,0,0,0,0,0,0
202601,05,003,3,7,Ashley County                                               ,0,0,0,0,0,0,0,0,0,0,0,0,0,0,0,0,0,0,0,0,0,0,0,0
202601,05,005,3,7,Baxter County                                               ,3,3,412641,0,0,0,0,0,0,0,0,0,1,1,70000,0,0,0,0,0,0,0,0,0
202601,05,007,3,7,Benton County                                               ,250,250,80295087,6,12,1102694,0,0,0,9,134,21019963,181,181,61899275,4,8,565180,0,0,0,6,108,19101405
202601,05,009,3,7,Boone County                                                ,2,2,203572,0,0,0,0,0,0,1,8,888889,0,0,0,0,0,0,0,0,0,0,0,0
202601,05,011,3,7,Bradley County                                              ,0,0,0,0,0,0,0,0,0,0,0,0,0,0,0,0,0,0,0,0,0,0,0,0
202601,05,013,3,7,Calhoun County                                              ,0,0,0,0,0,0,0,0,0,0,0,0,0,0,0,0,0,0,0,0,0,0,0,0
202601,05,015,3,7,Carroll County                                              ,1,1,304500,0,0,0,0,0,0,0,0,0,0,0,0,0,0,0,0,0,0,0,0,0
202601,05,017,3,7,Chicot County                                               ,0,0,0,0,0,0,0,0,0,0,0,0,0,0,0,0,0,0,0,0,0,0,0,0
202601,05,019,3,7,Clark County                                                ,3,3,856600,0,0,0,0,0,0,0,0,0,3,3,856600,0,0,0,0,0,0,0,0,0
202601,05,021,3,7,Clay County                                                 ,0,0,0,0,0,0,0,0,0,0,0,0,0,0,0,0,0,0,0,0,0,0,0,0
202601,05,023,3,7,Cleburne County                                             ,1,1,441015,0,0,0,0,0,0,0,0,0,0,0,0,0,0,0,0,0,0,0,0,0
202601,05,025,3,7,Cleveland County                                            ,0,0,0,0,0,0,0,0,0,0,0,0,0,0,0,0,0,0,0,0,0,0,0,0
202601,05,027,3,7,Columbia County                                             ,1,1,111000,0,0,0,0,0,0,0,0,0,0,0,0,0,0,0,0,0,0,0,0,0
202601,05,029,3,7,Conway County                                               ,1,1,127772,0,0,0,0,0,0,0,0,0,0,0,0,0,0,0,0,0,0,0,0,0
202601,05,031,3,7,Craighead County                                            ,46,46,7739570,3,6,412712,3,10,518313,2,10,567445,3,3,792033,0,0,0,0,0,0,0,0,0
202601,05,033,3,7,Crawford County                                             ,0,0,0,0,0,0,0,0,0,0,0,0,0,0,0,0,0,0,0,0,0,0,0,0
202601,05,035,3,7,Crittenden County                                           ,3,3,859045,0,0,0,0,0,0,0,0,0,0,0,0,0,0,0,0,0,0,0,0,0
202601,05,037,3,7,Cross County                                                ,1,1,41667,0,0,0,0,0,0,0,0,0,0,0,0,0,0,0,0,0,0,0,0,0
202601,05,039,3,7,Dallas County                                               ,0,0,0,0,0,0,0,0,0,0,0,0,0,0,0,0,0,0,0,0,0,0,0,0
202601,05,041,3,7,Desha County                                                ,0,0,0,0,0,0,0,0,0,0,0,0,0,0,0,0,0,0,0,0,0,0,0,0
202601,05,043,3,7,Drew County                                                 ,0,0,0,0,0,0,0,0,0,0,0,0,0,0,0,0,0,0,0,0,0,0,0,0
202601,05,045,3,7,Faulkner County                                             ,6,6,2645483,1,2,150000,0,0,0,0,0,0,5,5,2359975,1,2,150000,0,0,0,0,0,0
202601,05,047,3,7,Franklin County                                             ,1,1,190645,0,0,0,0,0,0,0,0,0,0,0,0,0,0,0,0,0,0,0,0,0
202601,05,049,3,7,Fulton County                                               ,0,0,0,0,0,0,0,0,0,0,0,0,0,0,0,0,0,0,0,0,0,0,0,0
202601,05,051,3,7,Garland County                                              ,4,4,3083888,0,0,0,0,0,0,0,0,0,4,4,3083888,0,0,0,0,0,0,0,0,0
202601,05,053,3,7,Grant County                                                ,2,2,310910,0,0,0,0,0,0,0,0,0,0,0,0,0,0,0,0,0,0,0,0,0
202601,05,055,3,7,Greene County                                               ,12,12,2046000,2,4,490000,0,0,0,0,0,0,12,12,2046000,2,4,490000,0,0,0,0,0,0
202601,05,057,3,7,Hempstead County                                            ,0,0,0,0,0,0,0,0,0,0,0,0,0,0,0,0,0,0,0,0,0,0,0,0
202601,05,059,3,7,Hot Spring County                                           ,0,0,0,0,0,0,0,0,0,0,0,0,0,0,0,0,0,0,0,0,0,0,0,0
202601,05,061,3,7,Howard County                                               ,0,0,0,0,0,0,0,0,0,0,0,0,0,0,0,0,0,0,0,0,0,0,0,0
202601,05,063,3,7,Independence County                                         ,0,0,0,0,0,0,0,0,0,1,5,250000,0,0,0,0,0,0,0,0,0,0,0,0
202601,05,065,3,7,Izard County                                                ,0,0,0,0,0,0,0,0,0,0,0,0,0,0,0,0,0,0,0,0,0,0,0,0
202601,05,067,3,7,Jackson County                                              ,0,0,0,0,0,0,0,0,0,0,0,0,0,0,0,0,0,0,0,0,0,0,0,0
202601,05,069,3,7,Jefferson County                                            ,2,2,203462,0,0,0,0,0,0,0,0,0,1,1,55000,0,0,0,0,0,0,0,0,0
202601,05,071,3,7,Johnson County                                              ,1,1,209076,0,0,0,0,0,0,0,0,0,0,0,0,0,0,0,0,0,0,0,0,0
202601,05,073,3,7,Lafayette County                                            ,0,0,0,0,0,0,0,0,0,0,0,0,0,0,0,0,0,0,0,0,0,0,0,0
202601,05,075,3,7,Lawrence County                                             ,4,4,1082650,0,0,0,0,0,0,0,0,0,0,0,0,0,0,0,0,0,0,0,0,0
202601,05,077,3,7,Lee County                                                  ,0,0,0,0,0,0,0,0,0,0,0,0,0,0,0,0,0,0,0,0,0,0,0,0
202601,05,079,3,7,Lincoln County                                              ,0,0,0,0,0,0,0,0,0,0,0,0,0,0,0,0,0,0,0,0,0,0,0,0
202601,05,081,3,7,Little River County                                         ,0,0,0,0,0,0,0,0,0,0,0,0,0,0,0,0,0,0,0,0,0,0,0,0
202601,05,083,3,7,Logan County                                                ,0,0,0,0,0,0,0,0,0,0,0,0,0,0,0,0,0,0,0,0,0,0,0,0
202601,05,085,3,7,Lonoke County                                               ,37,37,7122972,0,0,0,0,0,0,0,0,0,37,37,7122972,0,0,0,0,0,0,0,0,0
202601,05,087,3,7,Madison County                                              ,5,5,1295000,0,0,0,0,0,0,0,0,0,5,5,1295000,0,0,0,0,0,0,0,0,0
202601,05,089,3,7,Marion County                                               ,14,14,2976500,0,0,0,0,0,0,0,0,0,14,14,2976500,0,0,0,0,0,0,0,0,0
202601,05,091,3,7,Miller County                                               ,3,3,1184460,0,0,0,0,0,0,0,0,0,3,3,1184460,0,0,0,0,0,0,0,0,0
202601,05,093,3,7,Mississippi County                                          ,4,4,725891,0,0,0,0,0,0,0,0,0,0,0,0,0,0,0,0,0,0,0,0,0
202601,05,095,3,7,Monroe County                                               ,0,0,0,0,0,0,0,0,0,0,0,0,0,0,0,0,0,0,0,0,0,0,0,0
202601,05,099,3,7,Nevada County                                               ,0,0,0,0,0,0,0,0,0,0,0,0,0,0,0,0,0,0,0,0,0,0,0,0
202601,05,101,3,7,Newton County                                               ,0,0,0,0,0,0,0,0,0,0,0,0,0,0,0,0,0,0,0,0,0,0,0,0
202601,05,103,3,7,Ouachita County                                             ,0,0,0,0,0,0,0,0,0,0,0,0,0,0,0,0,0,0,0,0,0,0,0,0
202601,05,105,3,7,Perry County                                                ,0,0,0,0,0,0,0,0,0,0,0,0,0,0,0,0,0,0,0,0,0,0,0,0
202601,05,107,3,7,Phillips County                                             ,0,0,0,0,0,0,0,0,0,0,0,0,0,0,0,0,0,0,0,0,0,0,0,0
202601,05,111,3,7,Poinsett County                                             ,2,2,459286,2,4,264000,0,0,0,0,0,0,1,1,320000,2,4,264000,0,0,0,0,0,0
202601,05,113,3,7,Polk County                                                 ,0,0,0,0,0,0,0,0,0,0,0,0,0,0,0,0,0,0,0,0,0,0,0,0
202601,05,115,3,7,Pope County                                                 ,0,0,0,1,2,212990,0,0,0,0,0,0,0,0,0,1,2,212990,0,0,0,0,0,0
202601,05,117,3,7,Prairie County                                              ,0,0,0,0,0,0,0,0,0,0,0,0,0,0,0,0,0,0,0,0,0,0,0,0
202601,05,119,3,7,Pulaski County                                              ,101,101,31236905,0,0,0,0,0,0,0,0,0,101,101,31236905,0,0,0,0,0,0,0,0,0
202601,05,121,3,7,Randolph County                                             ,0,0,0,0,0,0,0,0,0,0,0,0,0,0,0,0,0,0,0,0,0,0,0,0
202601,05,123,3,7,St. Francis County                                          ,3,3,0,3,6,540000,0,0,0,0,0,0,3,3,0,3,6,540000,0,0,0,0,0,0
202601,05,125,3,7,Saline County                                               ,46,46,8040926,0,0,0,0,0,0,0,0,0,41,41,6602984,0,0,0,0,0,0,0,0,0
202601,05,127,3,7,Scott County                                                ,0,0,0,0,0,0,0,0,0,0,0,0,0,0,0,0,0,0,0,0,0,0,0,0
202601,05,129,3,7,Searcy County                                               ,0,0,0,0,0,0,0,0,0,0,0,0,0,0,0,0,0,0,0,0,0,0,0,0
202601,05,131,3,7,Sebastian County                                            ,8,8,1644795,10,20,2559880,0,0,0,0,0,0,7,7,1569795,10,20,2559880,0,0,0,0,0,0
202601,05,133,3,7,Sevier County                                               ,0,0,0,0,0,0,0,0,0,0,0,0,0,0,0,0,0,0,0,0,0,0,0,0
202601,05,135,3,7,Sharp County                                                ,1,1,202929,0,0,0,0,0,0,0,0,0,0,0,0,0,0,0,0,0,0,0,0,0
202601,05,137,3,7,Stone County                                                ,0,0,0,0,0,0,0,0,0,0,0,0,0,0,0,0,0,0,0,0,0,0,0,0
202601,05,139,3,7,Union County                                                ,1,1,174800,0,0,0,0,0,0,0,0,0,0,0,0,0,0,0,0,0,0,0,0,0
202601,05,141,3,7,Van Buren County                                            ,0,0,0,0,0,0,0,0,0,0,0,0,0,0,0,0,0,0,0,0,0,0,0,0
202601,05,143,3,7,Washington County                                           ,157,157,55330422,1,2,322000,0,0,0,10,324,58832898,156,156,55027781,1,2,322000,0,0,0,10,324,58832898
202601,05,145,3,7,White County                                                ,15,15,3000601,0,0,0,0,0,0,1,5,385417,8,8,1924318,0,0,0,0,0,0,0,0,0
202601,05,147,3,7,Woodruff County                                             ,0,0,0,0,0,0,0,0,0,0,0,0,0,0,0,0,0,0,0,0,0,0,0,0
202601,05,149,3,7,Yell County                                                 ,1,1,185000,0,0,0,0,0,0,0,0,0,1,1,185000,0,0,0,0,0,0,0,0,0
202601,06,001,4,9,Alameda County                                              ,99,99,38013310,3,6,430000,2,6,2222247,5,173,53560214,82,82,31776301,3,6,430000,1,3,1413847,2,140,45500000
202601,06,003,4,9,Alpine County                                               ,0,0,0,0,0,0,0,0,0,0,0,0,0,0,0,0,0,0,0,0,0,0,0,0
202601,06,005,4,9,Amador County                                               ,2,2,347881,0,0,0,0,0,0,0,0,0,2,2,347881,0,0,0,0,0,0,0,0,0
202601,06,007,4,9,Butte County                                                ,48,48,9939011,2,4,310990,1,4,384894,9,73,6939517,8,8,2335491,0,0,0,1,4,384894,8,64,6152685
202601,06,009,4,9,Calaveras County                                            ,2,2,796839,0,0,0,0,0,0,0,0,0,0,0,0,0,0,0,0,0,0,0,0,0
202601,06,011,4,9,Colusa County                                               ,1,1,642172,0,0,0,0,0,0,0,0,0,0,0,0,0,0,0,0,0,0,0,0,0
202601,06,013,4,9,Contra Costa County                                         ,75,75,16111029,0,0,0,0,0,0,0,0,0,68,68,14392406,0,0,0,0,0,0,0,0,0
202601,06,015,4,9,Del Norte County                                            ,3,3,1184034,0,0,0,0,0,0,1,21,6636580,3,3,1184034,0,0,0,0,0,0,0,0,0
202601,06,017,4,9,El Dorado County                                            ,23,23,13026961,0,0,0,0,0,0,0,0,0,23,23,13026961,0,0,0,0,0,0,0,0,0
202601,06,019,4,9,Fresno County                                               ,126,126,31775838,2,4,320000,9,36,585000,0,0,0,114,114,27280897,2,4,320000,9,36,585000,0,0,0
202601,06,021,4,9,Glenn County                                                ,1,1,221896,0,0,0,0,0,0,1,6,557038,0,0,0,0,0,0,0,0,0,0,0,0
202601,06,023,4,9,Humboldt County                                             ,11,11,1713370,1,2,306163,1,4,600000,0,0,0,8,8,1117263,0,0,0,1,4,600000,0,0,0
202601,06,025,4,9,Imperial County                                             ,16,16,1733398,1,2,160000,0,0,0,0,0,0,14,14,958000,1,2,160000,0,0,0,0,0,0
202601,06,027,4,9,Inyo County                                                 ,0,0,0,0,0,0,0,0,0,0,0,0,0,0,0,0,0,0,0,0,0,0,0,0
202601,06,029,4,9,Kern County                                                 ,188,188,46201893,17,34,5455484,3,9,606181,1,5,630384,79,79,15791312,0,0,0,3,9,606181,0,0,0
202601,06,031,4,9,Kings County                                                ,46,46,13671103,0,0,0,1,3,600206,1,8,869868,24,24,5618522,0,0,0,0,0,0,0,0,0
202601,06,033,4,9,Lake County                                                 ,3,3,764143,0,0,0,0,0,0,1,5,640256,0,0,0,0,0,0,0,0,0,0,0,0
202601,06,035,4,9,Lassen County                                               ,0,0,0,0,0,0,0,0,0,0,0,0,0,0,0,0,0,0,0,0,0,0,0,0
202601,06,037,4,9,Los Angeles County                                          ,673,673,177628546,55,110,19944701,6,19,4176796,20,1173,124186484,573,573,154612618,51,102,18797213,3,10,2807322,13,1033,100030365
202601,06,039,4,9,Madera County                                               ,69,69,24172730,0,0,0,0,0,0,0,0,0,69,69,24172730,0,0,0,0,0,0,0,0,0
202601,06,041,4,9,Marin County                                                ,9,9,4237259,0,0,0,0,0,0,0,0,0,1,1,92071,0,0,0,0,0,0,0,0,0
202601,06,043,4,9,Mariposa County                                             ,1,1,350924,0,0,0,0,0,0,0,0,0,1,1,350924,0,0,0,0,0,0,0,0,0
202601,06,045,4,9,Mendocino County                                            ,0,0,0,0,0,0,0,0,0,0,0,0,0,0,0,0,0,0,0,0,0,0,0,0
202601,06,047,4,9,Merced County                                               ,28,28,9085065,0,0,0,0,0,0,0,0,0,15,15,4939284,0,0,0,0,0,0,0,0,0
202601,06,049,4,9,Modoc County                                                ,0,0,0,0,0,0,0,0,0,0,0,0,0,0,0,0,0,0,0,0,0,0,0,0
202601,06,051,4,9,Mono County                                                 ,0,0,0,0,0,0,0,0,0,0,0,0,0,0,0,0,0,0,0,0,0,0,0,0
202601,06,053,4,9,Monterey County                                             ,85,85,21830245,1,2,1250081,0,0,0,0,0,0,82,82,21279082,1,2,1250081,0,0,0,0,0,0
202601,06,055,4,9,Napa County                                                 ,14,14,6431406,0,0,0,0,0,0,1,18,3447619,7,7,3315553,0,0,0,0,0,0,0,0,0
202601,06,057,4,9,Nevada County                                               ,14,14,7275000,0,0,0,0,0,0,0,0,0,14,14,7275000,0,0,0,0,0,0,0,0,0
202601,06,059,4,9,Orange County                                               ,195,195,58123219,8,16,3882983,1,3,899581,5,427,138337525,148,148,42620628,5,10,1882947,0,0,0,3,389,127897330
202601,06,061,4,9,Placer County                                               ,145,145,50219382,7,14,1227564,0,0,0,0,0,0,145,145,50219382,7,14,1227564,0,0,0,0,0,0
202601,06,063,4,9,Plumas County                                               ,2,2,211004,0,0,0,0,0,0,0,0,0,2,2,211004,0,0,0,0,0,0,0,0,0
202601,06,065,4,9,Riverside County                                            ,431,431,97756282,1,2,576802,0,0,0,2,10,1189044,361,361,76976936,1,2,576802,0,0,0,0,0,0
202601,06,067,4,9,Sacramento County                                           ,280,280,45315220,19,38,7231435,0,0,0,0,0,0,280,280,45315220,19,38,7231435,0,0,0,0,0,0
202601,06,069,4,9,San Benito County                                           ,7,7,2920004,0,0,0,0,0,0,0,0,0,7,7,2920004,0,0,0,0,0,0,0,0,0
202601,06,071,4,9,San Bernardino County                                       ,349,349,96869702,13,26,1296249,0,0,0,10,501,83836747,312,312,87654621,13,26,1296249,0,0,0,10,501,83836747
202601,06,073,4,9,San Diego County                                            ,186,186,56004514,39,78,9886346,14,50,11231109,14,447,55601212,169,169,50596319,39,78,9886346,14,50,11231109,12,422,50857894
202601,06,075,4,9,San Francisco County                                        ,2,2,658571,1,2,376589,1,4,510000,2,148,52658800,2,2,658571,1,2,376589,1,4,510000,2,148,52658800
202601,06,077,4,9,San Joaquin County                                          ,156,156,61192534,0,0,0,0,0,0,0,0,0,119,119,50503237,0,0,0,0,0,0,0,0,0
202601,06,079,4,9,San Luis Obispo County                                      ,45,45,16999981,0,0,0,0,0,0,0,0,0,33,33,13899627,0,0,0,0,0,0,0,0,0
202601,06,081,4,9,San Mateo County                                            ,28,28,23301324,2,4,1404838,1,3,1100000,3,46,14980547,19,19,19313506,0,0,0,0,0,0,0,0,0
202601,06,083,4,9,Santa Barbara County                                        ,32,32,10319318,1,2,644804,0,0,0,2,10,1694445,15,15,5897500,0,0,0,0,0,0,0,0,0
202601,06,085,4,9,Santa Clara County                                          ,126,126,44026741,1,2,244487,2,8,1652022,6,397,85310201,112,112,36189460,0,0,0,2,8,1652022,5,388,80762742
202601,06,087,4,9,Santa Cruz County                                           ,7,7,1468657,1,2,507339,0,0,0,1,5,1236111,4,4,1139214,1,2,507339,0,0,0,0,0,0
202601,06,089,4,9,Shasta County                                               ,5,5,1987391,0,0,0,0,0,0,0,0,0,5,5,1987391,0,0,0,0,0,0,0,0,0
202601,06,091,4,9,Sierra County                                               ,0,0,0,0,0,0,0,0,0,0,0,0,0,0,0,0,0,0,0,0,0,0,0,0
202601,06,093,4,9,Siskiyou County                                             ,5,5,1436075,0,0,0,0,0,0,0,0,0,4,4,1186075,0,0,0,0,0,0,0,0,0
202601,06,095,4,9,Solano County                                               ,31,31,6847440,2,4,800000,0,0,0,0,0,0,30,30,6561636,2,4,800000,0,0,0,0,0,0
202601,06,097,4,9,Sonoma County                                               ,57,57,14101251,0,0,0,0,0,0,1,6,1000000,44,44,11549151,0,0,0,0,0,0,0,0,0
202601,06,099,4,9,Stanislaus County                                           ,112,112,24450135,0,0,0,0,0,0,0,0,0,108,108,23983150,0,0,0,0,0,0,0,0,0
202601,06,101,4,9,Sutter County                                               ,14,14,6070012,0,0,0,0,0,0,0,0,0,14,14,6070012,0,0,0,0,0,0,0,0,0
202601,06,103,4,9,Tehama County                                               ,12,12,2154421,0,0,0,0,0,0,0,0,0,1,1,151726,0,0,0,0,0,0,0,0,0
202601,06,105,4,9,Trinity County                                              ,0,0,0,0,0,0,0,0,0,0,0,0,0,0,0,0,0,0,0,0,0,0,0,0
202601,06,107,4,9,Tulare County                                               ,107,107,26131722,5,10,1267160,0,0,0,0,0,0,104,104,25641456,5,10,1267160,0,0,0,0,0,0
202601,06,109,4,9,Tuolumne County                                             ,4,4,786182,0,0,0,0,0,0,0,0,0,4,4,786182,0,0,0,0,0,0,0,0,0
202601,06,111,4,9,Ventura County                                              ,40,40,14452331,0,0,0,1,4,1475637,2,58,9132501,20,20,8315220,0,0,0,0,0,0,0,0,0
202601,06,113,4,9,Yolo County                                                 ,45,45,14931166,25,50,10293447,0,0,0,1,37,6608897,42,42,14038383,25,50,10293447,0,0,0,1,37,6608897
202601,06,115,4,9,Yuba County                                                 ,22,22,9539246,1,2,100000,0,0,0,1,5,250000,22,22,9539246,1,2,100000,0,0,0,0,0,0
202601,08,001,4,8,Adams County                                                ,123,123,36756258,0,0,0,0,0,0,1,6,924587,99,99,29375124,0,0,0,0,0,0,0,0,0
202601,08,003,4,8,Alamosa County                                              ,6,6,1194229,0,0,0,0,0,0,0,0,0,4,4,836440,0,0,0,0,0,0,0,0,0
202601,08,005,4,8,Arapahoe County                                             ,119,119,3414898,0,0,0,0,0,0,0,0,0,117,117,1810200,0,0,0,0,0,0,0,0,0
202601,08,007,4,8,Archuleta County                                            ,6,6,1781775,0,0,0,0,0,0,0,0,0,0,0,0,0,0,0,0,0,0,0,0,0
202601,08,009,4,8,Baca County                                                 ,0,0,0,0,0,0,0,0,0,0,0,0,0,0,0,0,0,0,0,0,0,0,0,0
202601,08,011,4,8,Bent County                                                 ,0,0,0,0,0,0,0,0,0,0,0,0,0,0,0,0,0,0,0,0,0,0,0,0
202601,08,013,4,8,Boulder County                                              ,22,22,9880018,0,0,0,0,0,0,0,0,0,22,22,9880018,0,0,0,0,0,0,0,0,0
202601,08,014,4,8,Broomfield County                                           ,3,3,1833318,0,0,0,1,4,1143160,0,0,0,3,3,1833318,0,0,0,1,4,1143160,0,0,0
202601,08,015,4,8,Chaffee County                                              ,9,9,4401643,0,0,0,0,0,0,0,0,0,9,9,4401643,0,0,0,0,0,0,0,0,0
202601,08,017,4,8,Cheyenne County                                             ,0,0,0,0,0,0,0,0,0,0,0,0,0,0,0,0,0,0,0,0,0,0,0,0
202601,08,019,4,8,Clear Creek County                                          ,1,1,554116,0,0,0,0,0,0,0,0,0,0,0,0,0,0,0,0,0,0,0,0,0
202601,08,021,4,8,Conejos County                                              ,3,3,1182465,0,0,0,0,0,0,0,0,0,2,2,1032465,0,0,0,0,0,0,0,0,0
202601,08,023,4,8,Costilla County                                             ,3,3,889556,0,0,0,0,0,0,0,0,0,3,3,889556,0,0,0,0,0,0,0,0,0
202601,08,025,4,8,Crowley County                                              ,1,1,337086,0,0,0,0,0,0,0,0,0,0,0,0,0,0,0,0,0,0,0,0,0
202601,08,027,4,8,Custer County                                               ,10,10,2965187,0,0,0,0,0,0,0,0,0,10,10,2965187,0,0,0,0,0,0,0,0,0
202601,08,029,4,8,Delta County                                                ,4,4,916585,0,0,0,0,0,0,0,0,0,1,1,280000,0,0,0,0,0,0,0,0,0
202601,08,031,4,8,Denver County                                               ,41,41,13500709,0,0,0,0,0,0,4,335,79953443,41,41,13500709,0,0,0,0,0,0,4,335,79953443
202601,08,033,4,8,Dolores County                                              ,0,0,0,0,0,0,0,0,0,0,0,0,0,0,0,0,0,0,0,0,0,0,0,0
202601,08,035,4,8,Douglas County                                              ,104,104,54264042,0,0,0,0,0,0,1,10,1815148,104,104,54264042,0,0,0,0,0,0,1,10,1815148
202601,08,037,4,8,Eagle County                                                ,1,1,928571,0,0,0,0,0,0,0,0,0,0,0,0,0,0,0,0,0,0,0,0,0
202601,08,039,4,8,Elbert County                                               ,19,19,11981092,0,0,0,0,0,0,0,0,0,19,19,11981092,0,0,0,0,0,0,0,0,0
202601,08,041,4,8,El Paso County                                              ,264,264,118605568,15,30,4781186,0,0,0,0,0,0,264,264,118605568,15,30,4781186,0,0,0,0,0,0
202601,08,043,4,8,Fremont County                                              ,4,4,987300,0,0,0,0,0,0,0,0,0,3,3,771300,0,0,0,0,0,0,0,0,0
202601,08,045,4,8,Garfield County                                             ,8,8,4439668,0,0,0,0,0,0,1,8,1861900,6,6,3393699,0,0,0,0,0,0,1,8,1861900
202601,08,047,4,8,Gilpin County                                               ,2,2,993375,0,0,0,0,0,0,0,0,0,0,0,0,0,0,0,0,0,0,0,0,0
202601,08,049,4,8,Grand County                                                ,7,7,2805261,1,2,348136,0,0,0,0,0,0,1,1,773173,1,2,348136,0,0,0,0,0,0
202601,08,051,4,8,Gunnison County                                             ,1,1,637500,0,0,0,0,0,0,0,0,0,1,1,637500,0,0,0,0,0,0,0,0,0
202601,08,053,4,8,Hinsdale County                                             ,1,1,421425,0,0,0,0,0,0,0,0,0,0,0,0,0,0,0,0,0,0,0,0,0
202601,08,055,4,8,Huerfano County                                             ,3,3,613196,0,0,0,0,0,0,0,0,0,0,0,0,0,0,0,0,0,0,0,0,0
202601,08,057,4,8,Jackson County                                              ,0,0,0,0,0,0,0,0,0,0,0,0,0,0,0,0,0,0,0,0,0,0,0,0
202601,08,059,4,8,Jefferson County                                            ,45,45,14032301,0,0,0,0,0,0,1,5,830030,40,40,12698469,0,0,0,0,0,0,0,0,0
202601,08,061,4,8,Kiowa County                                                ,0,0,0,0,0,0,0,0,0,0,0,0,0,0,0,0,0,0,0,0,0,0,0,0
202601,08,063,4,8,Kit Carson County                                           ,0,0,0,0,0,0,0,0,0,0,0,0,0,0,0,0,0,0,0,0,0,0,0,0
202601,08,065,4,8,Lake County                                                 ,3,3,640893,0,0,0,0,0,0,0,0,0,0,0,0,0,0,0,0,0,0,0,0,0
202601,08,067,4,8,La Plata County                                             ,14,14,8923519,2,4,1050000,1,4,270000,0,0,0,14,14,8923519,2,4,1050000,1,4,270000,0,0,0
202601,08,069,4,8,Larimer County                                              ,57,57,11998600,0,0,0,0,0,0,1,76,13819053,57,57,11998600,0,0,0,0,0,0,1,76,13819053
202601,08,071,4,8,Las Animas County                                           ,2,2,287857,0,0,0,0,0,0,0,0,0,0,0,0,0,0,0,0,0,0,0,0,0
202601,08,073,4,8,Lincoln County                                              ,0,0,0,0,0,0,0,0,0,0,0,0,0,0,0,0,0,0,0,0,0,0,0,0
202601,08,075,4,8,Logan County                                                ,0,0,0,0,0,0,0,0,0,0,0,0,0,0,0,0,0,0,0,0,0,0,0,0
202601,08,077,4,8,Mesa County                                                 ,40,40,5863343,0,0,0,0,0,0,0,0,0,40,40,5863343,0,0,0,0,0,0,0,0,0
202601,08,079,4,8,Mineral County                                              ,0,0,0,0,0,0,0,0,0,0,0,0,0,0,0,0,0,0,0,0,0,0,0,0
202601,08,081,4,8,Moffat County                                               ,0,0,0,0,0,0,0,0,0,0,0,0,0,0,0,0,0,0,0,0,0,0,0,0
202601,08,083,4,8,Montezuma County                                            ,2,2,457626,0,0,0,0,0,0,0,0,0,0,0,0,0,0,0,0,0,0,0,0,0
202601,08,085,4,8,Montrose County                                             ,18,18,3127056,0,0,0,0,0,0,0,0,0,18,18,3127056,0,0,0,0,0,0,0,0,0
202601,08,087,4,8,Morgan County                                               ,1,1,343994,0,0,0,0,0,0,0,0,0,1,1,343994,0,0,0,0,0,0,0,0,0
202601,08,089,4,8,Otero County                                                ,0,0,0,0,0,0,0,0,0,0,0,0,0,0,0,0,0,0,0,0,0,0,0,0
202601,08,091,4,8,Ouray County                                                ,3,3,427483,0,0,0,0,0,0,0,0,0,1,1,85000,0,0,0,0,0,0,0,0,0
202601,08,093,4,8,Park County                                                 ,8,8,2205891,0,0,0,0,0,0,0,0,0,8,8,2205891,0,0,0,0,0,0,0,0,0
202601,08,095,4,8,Phillips County                                             ,0,0,0,0,0,0,0,0,0,0,0,0,0,0,0,0,0,0,0,0,0,0,0,0
202601,08,097,4,8,Pitkin County                                               ,5,5,37005958,0,0,0,0,0,0,0,0,0,5,5,37005958,0,0,0,0,0,0,0,0,0
202601,08,099,4,8,Prowers County                                              ,0,0,0,0,0,0,0,0,0,0,0,0,0,0,0,0,0,0,0,0,0,0,0,0
202601,08,101,4,8,Pueblo County                                               ,3,3,360602,0,0,0,0,0,0,0,0,0,3,3,360602,0,0,0,0,0,0,0,0,0
202601,08,103,4,8,Rio Blanco County                                           ,1,1,273571,0,0,0,0,0,0,0,0,0,0,0,0,0,0,0,0,0,0,0,0,0
202601,08,105,4,8,Rio Grande County                                           ,0,0,0,0,0,0,0,0,0,0,0,0,0,0,0,0,0,0,0,0,0,0,0,0
202601,08,107,4,8,Routt County                                                ,1,1,700000,0,0,0,0,0,0,0,0,0,1,1,700000,0,0,0,0,0,0,0,0,0
202601,08,109,4,8,Saguache County                                             ,3,3,280000,0,0,0,0,0,0,0,0,0,3,3,280000,0,0,0,0,0,0,0,0,0
202601,08,111,4,8,San Juan County                                             ,0,0,0,0,0,0,0,0,0,0,0,0,0,0,0,0,0,0,0,0,0,0,0,0
202601,08,113,4,8,San Miguel County                                           ,1,1,2141789,0,0,0,0,0,0,0,0,0,0,0,0,0,0,0,0,0,0,0,0,0
202601,08,115,4,8,Sedgwick County                                             ,0,0,0,0,0,0,0,0,0,0,0,0,0,0,0,0,0,0,0,0,0,0,0,0
202601,08,117,4,8,Summit County                                               ,3,3,1386692,0,0,0,0,0,0,1,5,1217257,0,0,0,0,0,0,0,0,0,0,0,0
202601,08,119,4,8,Teller County                                               ,7,7,1941671,0,0,0,0,0,0,0,0,0,0,0,0,0,0,0,0,0,0,0,0,0
202601,08,121,4,8,Washington County                                           ,0,0,0,0,0,0,0,0,0,0,0,0,0,0,0,0,0,0,0,0,0,0,0,0
202601,08,123,4,8,Weld County                                                 ,181,181,63738685,0,0,0,0,0,0,0,0,0,179,179,63251288,0,0,0,0,0,0,0,0,0
202601,08,125,4,8,Yuma County                                                 ,0,0,0,0,0,0,0,0,0,0,0,0,0,0,0,0,0,0,0,0,0,0,0,0
202601,09,110,1,1,Capitol Planning Region                                     ,22,22,6460607,1,2,160000,2,8,1109760,1,11,1380461,14,14,4102055,1,2,160000,2,8,1109760,0,0,0
202601,09,120,1,1,Greater Bridgeport Planning Region                          ,6,6,3602550,2,4,390000,0,0,0,0,0,0,6,6,3602550,2,4,390000,0,0,0,0,0,0
202601,09,130,1,1,Lower Connecticut River Valley Planning Region              ,13,13,12254844,0,0,0,0,0,0,1,12,1820800,9,9,4315713,0,0,0,0,0,0,1,12,1820800
202601,09,140,1,1,Naugatuck Valley Planning Region                            ,22,22,5515955,0,0,0,0,0,0,0,0,0,11,11,3257206,0,0,0,0,0,0,0,0,0
202601,09,150,1,1,Northeastern Connecticut Planning Region                    ,4,4,702452,0,0,0,0,0,0,0,0,0,2,2,477400,0,0,0,0,0,0,0,0,0
202601,09,160,1,1,Northwest Hills Planning Region                             ,5,5,3697579,0,0,0,1,3,337500,0,0,0,3,3,2967292,0,0,0,0,0,0,0,0,0
202601,09,170,1,1,South Central Connecticut Planning Region                   ,13,13,4160568,1,2,578500,0,0,0,2,12,834708,6,6,2070000,1,2,578500,0,0,0,1,6,450000
202601,09,180,1,1,Southeastern Connecticut Planning Region                    ,10,10,3122056,1,2,254500,0,0,0,1,18,3000000,7,7,2457107,0,0,0,0,0,0,1,18,3000000
202601,09,190,1,1,Western Connecticut Planning Region                         ,34,34,25939974,7,14,4601800,1,3,706500,2,214,41528000,31,31,23922000,7,14,4601800,1,3,706500,2,214,41528000
202601,10,001,3,5,Kent County                                                 ,74,74,12732489,5,10,2302660,0,0,0,5,79,10321617,74,74,12732489,5,10,2302660,0,0,0,5,79,10321617
202601,10,003,3,5,New Castle County                                           ,51,51,6543738,0,0,0,0,0,0,3,96,15045970,51,51,6543738,0,0,0,0,0,0,3,96,15045970
202601,10,005,3,5,Sussex County                                               ,222,222,34875790,1,2,250934,0,0,0,2,36,4100000,222,222,34875790,1,2,250934,0,0,0,2,36,4100000
202601,11,001,3,5,Washington  DC                                              ,12,12,3552200,2,4,646304,0,0,0,1,30,5166990,12,12,3552200,2,4,646304,0,0,0,1,30,5166990
202601,12,001,3,5,Alachua County                                              ,60,60,28148239,0,0,0,0,0,0,1,52,4250265,21,21,12054674,0,0,0,0,0,0,0,0,0
202601,12,003,3,5,Baker County                                                ,20,20,5977741,0,0,0,0,0,0,0,0,0,20,20,5977741,0,0,0,0,0,0,0,0,0
202601,12,005,3,5,Bay County                                                  ,129,129,51583683,0,0,0,0,0,0,2,13,2164656,15,15,10381445,0,0,0,0,0,0,0,0,0
202601,12,007,3,5,Bradford County                                             ,8,8,1844000,0,0,0,0,0,0,0,0,0,8,8,1844000,0,0,0,0,0,0,0,0,0
202601,12,009,3,5,Brevard County                                              ,198,198,81746645,0,0,0,0,0,0,0,0,0,189,189,79774792,0,0,0,0,0,0,0,0,0
202601,12,011,3,5,Broward County                                              ,66,66,37265402,0,0,0,0,0,0,5,66,72109983,51,51,33713801,0,0,0,0,0,0,3,48,70500000
202601,12,013,3,5,Calhoun County                                              ,2,2,381688,0,0,0,0,0,0,0,0,0,0,0,0,0,0,0,0,0,0,0,0,0
202601,12,015,3,5,Charlotte County                                            ,209,209,9612697,3,6,1250595,4,16,4017000,1,5,899003,204,204,6671585,3,6,1250595,4,16,4017000,0,0,0
202601,12,017,3,5,Citrus County                                               ,144,144,42350833,2,4,600000,0,0,0,0,0,0,144,144,42350833,2,4,600000,0,0,0,0,0,0
202601,12,019,3,5,Clay County                                                 ,64,64,18427118,0,0,0,0,0,0,0,0,0,63,63,18081285,0,0,0,0,0,0,0,0,0
202601,12,021,3,5,Collier County                                              ,181,181,145594891,0,0,0,2,8,913220,0,0,0,173,173,116941262,0,0,0,2,8,913220,0,0,0
202601,12,023,3,5,Columbia County                                             ,20,20,6180100,0,0,0,0,0,0,0,0,0,20,20,6180100,0,0,0,0,0,0,0,0,0
202601,12,027,3,5,DeSoto County                                               ,17,17,4626444,2,4,470334,0,0,0,0,0,0,17,17,4626444,2,4,470334,0,0,0,0,0,0
202601,12,029,3,5,Dixie County                                                ,9,9,2665845,0,0,0,0,0,0,0,0,0,9,9,2665845,0,0,0,0,0,0,0,0,0
202601,12,031,3,5,Duval County                                                ,300,300,57085916,2,4,260000,0,0,0,0,0,0,296,296,55175040,2,4,260000,0,0,0,0,0,0
202601,12,033,3,5,Escambia County                                             ,251,251,1749392,0,0,0,0,0,0,0,0,0,251,251,1749392,0,0,0,0,0,0,0,0,0
202601,12,035,3,5,Flagler County                                              ,118,118,55798143,4,8,2231000,0,0,0,1,104,12857430,109,109,53411199,4,8,2231000,0,0,0,1,104,12857430
202601,12,037,3,5,Franklin County                                             ,8,8,1752358,0,0,0,0,0,0,0,0,0,0,0,0,0,0,0,0,0,0,0,0,0
202601,12,039,3,5,Gadsden County                                              ,2,2,725000,0,0,0,0,0,0,0,0,0,1,1,350000,0,0,0,0,0,0,0,0,0
202601,12,041,3,5,Gilchrist County                                            ,6,6,3138637,0,0,0,0,0,0,0,0,0,6,6,3138637,0,0,0,0,0,0,0,0,0
202601,12,043,3,5,Glades County                                               ,5,5,1138284,0,0,0,0,0,0,0,0,0,0,0,0,0,0,0,0,0,0,0,0,0
202601,12,045,3,5,Gulf County                                                 ,22,22,6475054,0,0,0,0,0,0,0,0,0,0,0,0,0,0,0,0,0,0,0,0,0
202601,12,047,3,5,Hamilton County                                             ,0,0,0,0,0,0,0,0,0,0,0,0,0,0,0,0,0,0,0,0,0,0,0,0
202601,12,049,3,5,Hardee County                                               ,7,7,1945233,0,0,0,0,0,0,0,0,0,7,7,1945233,0,0,0,0,0,0,0,0,0
202601,12,051,3,5,Hendry County                                               ,30,30,5751442,0,0,0,0,0,0,0,0,0,30,30,5751442,0,0,0,0,0,0,0,0,0
202601,12,053,3,5,Hernando County                                             ,153,153,43269085,1,2,270000,0,0,0,0,0,0,153,153,43269085,1,2,270000,0,0,0,0,0,0
202601,12,055,3,5,Highlands County                                            ,45,45,10830955,0,0,0,0,0,0,0,0,0,45,45,10830955,0,0,0,0,0,0,0,0,0
202601,12,057,3,5,Hillsborough County                                         ,345,345,124039969,1,2,275000,0,0,0,2,126,21912612,345,345,124039969,1,2,275000,0,0,0,2,126,21912612
202601,12,059,3,5,Holmes County                                               ,1,1,133083,0,0,0,0,0,0,0,0,0,0,0,0,0,0,0,0,0,0,0,0,0
202601,12,061,3,5,Indian River County                                         ,15,15,8660346,1,2,348129,0,0,0,0,0,0,14,14,8207568,1,2,348129,0,0,0,0,0,0
202601,12,063,3,5,Jackson County                                              ,4,4,1085262,0,0,0,0,0,0,0,0,0,4,4,1085262,0,0,0,0,0,0,0,0,0
202601,12,065,3,5,Jefferson County                                            ,8,8,2368134,0,0,0,0,0,0,0,0,0,8,8,2368134,0,0,0,0,0,0,0,0,0
202601,12,067,3,5,Lafayette County                                            ,3,3,246532,0,0,0,0,0,0,0,0,0,0,0,0,0,0,0,0,0,0,0,0,0
202601,12,069,3,5,Lake County                                                 ,342,342,110286488,4,8,1410888,0,0,0,5,150,23512413,274,274,87219680,3,6,630000,0,0,0,5,150,23512413
202601,12,071,3,5,Lee County                                                  ,551,551,163512710,4,8,2103820,0,0,0,7,510,99897613,551,551,163512710,4,8,2103820,0,0,0,7,510,99897613
202601,12,073,3,5,Leon County                                                 ,59,59,17366201,1,2,250000,0,0,0,0,0,0,38,38,12537166,1,2,250000,0,0,0,0,0,0
202601,12,075,3,5,Levy County                                                 ,13,13,3426184,0,0,0,0,0,0,0,0,0,13,13,3426184,0,0,0,0,0,0,0,0,0
202601,12,077,3,5,Liberty County                                              ,1,1,50000,0,0,0,0,0,0,0,0,0,1,1,50000,0,0,0,0,0,0,0,0,0
202601,12,079,3,5,Madison County                                              ,1,1,409500,0,0,0,0,0,0,0,0,0,1,1,409500,0,0,0,0,0,0,0,0,0
202601,12,081,3,5,Manatee County                                              ,470,470,143126520,3,6,700000,0,0,0,0,0,0,470,470,143126520,3,6,700000,0,0,0,0,0,0
202601,12,083,3,5,Marion County                                               ,486,486,88400465,9,18,1680000,0,0,0,0,0,0,485,485,88131977,9,18,1680000,0,0,0,0,0,0
202601,12,085,3,5,Martin County                                               ,160,160,91635493,1,2,409374,0,0,0,0,0,0,160,160,91635493,1,2,409374,0,0,0,0,0,0
202601,12,086,3,5,Miami-Dade County                                           ,171,171,82476617,15,30,6063661,0,0,0,19,663,118427199,132,132,60067677,14,28,5970328,0,0,0,17,639,111785264
202601,12,087,3,5,Monroe County                                               ,15,15,16153000,1,2,589000,0,0,0,0,0,0,5,5,8625312,1,2,589000,0,0,0,0,0,0
202601,12,089,3,5,Nassau County                                               ,61,61,24774417,0,0,0,0,0,0,0,0,0,58,58,24159923,0,0,0,0,0,0,0,0,0
202601,12,091,3,5,Okaloosa County                                             ,132,132,35350938,0,0,0,0,0,0,0,0,0,127,127,33418886,0,0,0,0,0,0,0,0,0
202601,12,093,3,5,Okeechobee County                                           ,2,2,752214,0,0,0,0,0,0,0,0,0,2,2,752214,0,0,0,0,0,0,0,0,0
202601,12,095,3,5,Orange County                                               ,259,259,114266642,1,2,328632,0,0,0,2,122,26034519,258,258,113745196,1,2,328632,0,0,0,2,122,26034519
202601,12,097,3,5,Osceola County                                              ,270,270,85225772,0,0,0,0,0,0,1,100,11321500,270,270,85225772,0,0,0,0,0,0,1,100,11321500
202601,12,099,3,5,Palm Beach County                                           ,216,216,110216082,9,18,4377164,0,0,0,10,539,37661736,160,160,69037252,9,18,4377164,0,0,0,8,529,36508389
202601,12,101,3,5,Pasco County                                                ,496,496,148399688,0,0,0,0,0,0,1,5,431250,495,495,148304970,0,0,0,0,0,0,0,0,0
202601,12,103,3,5,Pinellas County                                             ,126,126,75078304,0,0,0,0,0,0,0,0,0,124,124,73536121,0,0,0,0,0,0,0,0,0
202601,12,105,3,5,Polk County                                                 ,485,485,140362391,3,6,1022886,0,0,0,5,37,5840969,427,427,126229497,2,4,886600,0,0,0,4,26,4828460
202601,12,107,3,5,Putnam County                                               ,2,2,545393,0,0,0,0,0,0,0,0,0,1,1,323130,0,0,0,0,0,0,0,0,0
202601,12,109,3,5,St. Johns County                                            ,198,198,1975838,0,0,0,0,0,0,0,0,0,198,198,1975838,0,0,0,0,0,0,0,0,0
202601,12,111,3,5,St. Lucie County                                            ,236,236,87930566,0,0,0,3,9,2515736,0,0,0,236,236,87930566,0,0,0,3,9,2515736,0,0,0
202601,12,113,3,5,Santa Rosa County                                           ,143,143,0,0,0,0,0,0,0,0,0,0,143,143,0,0,0,0,0,0,0,0,0,0
202601,12,115,3,5,Sarasota County                                             ,324,324,142325633,0,0,0,2,8,3421762,2,14,5543953,324,324,142325633,0,0,0,2,8,3421762,2,14,5543953
202601,12,117,3,5,Seminole County                                             ,85,85,24302659,0,0,0,0,0,0,2,56,2073496,83,83,23999854,0,0,0,0,0,0,0,0,0
202601,12,119,3,5,Sumter County                                               ,238,238,57579001,6,12,1213729,0,0,0,1,14,1150806,0,0,0,0,0,0,0,0,0,0,0,0
202601,12,121,3,5,Suwannee County                                             ,15,15,2361511,0,0,0,0,0,0,0,0,0,15,15,2361511,0,0,0,0,0,0,0,0,0
202601,12,123,3,5,Taylor County                                               ,4,4,771706,0,0,0,0,0,0,0,0,0,1,1,156619,0,0,0,0,0,0,0,0,0
202601,12,125,3,5,Union County                                                ,4,4,43513,0,0,0,0,0,0,0,0,0,0,0,0,0,0,0,0,0,0,0,0,0
202601,12,127,3,5,Volusia County                                              ,110,110,43770989,1,2,615562,1,3,277455,1,56,6376740,92,92,36570817,1,2,615562,0,0,0,1,56,6376740
202601,12,129,3,5,Wakulla County                                              ,23,23,3767000,0,0,0,0,0,0,0,0,0,23,23,3767000,0,0,0,0,0,0,0,0,0
202601,12,131,3,5,Walton County                                               ,133,133,73463462,0,0,0,0,0,0,2,12,1862139,133,133,73463462,0,0,0,0,0,0,2,12,1862139
202601,12,133,3,5,Washington County                                           ,15,15,3497072,0,0,0,0,0,0,0,0,0,0,0,0,0,0,0,0,0,0,0,0,0
202601,13,001,3,5,Appling County                                              ,1,1,578174,0,0,0,0,0,0,0,0,0,0,0,0,0,0,0,0,0,0,0,0,0
202601,13,003,3,5,Atkinson County                                             ,2,2,239282,0,0,0,0,0,0,0,0,0,0,0,0,0,0,0,0,0,0,0,0,0
202601,13,005,3,5,Bacon County                                                ,0,0,0,0,0,0,0,0,0,0,0,0,0,0,0,0,0,0,0,0,0,0,0,0
202601,13,007,3,5,Baker County                                                ,0,0,0,0,0,0,0,0,0,0,0,0,0,0,0,0,0,0,0,0,0,0,0,0
202601,13,009,3,5,Baldwin County                                              ,63,63,14732450,20,40,7074310,0,0,0,0,0,0,62,62,14625032,20,40,7074310,0,0,0,0,0,0
202601,13,011,3,5,Banks County                                                ,9,9,3620267,0,0,0,0,0,0,0,0,0,9,9,3620267,0,0,0,0,0,0,0,0,0
202601,13,013,3,5,Barrow County                                               ,109,109,27410692,0,0,0,0,0,0,0,0,0,106,106,26799181,0,0,0,0,0,0,0,0,0
202601,13,015,3,5,Bartow County                                               ,40,40,13206041,0,0,0,0,0,0,1,6,1033398,40,40,13206041,0,0,0,0,0,0,1,6,1033398
202601,13,017,3,5,Ben Hill County                                             ,1,1,100000,0,0,0,0,0,0,0,0,0,1,1,100000,0,0,0,0,0,0,0,0,0
202601,13,019,3,5,Berrien County                                              ,6,6,2028859,0,0,0,0,0,0,1,5,616305,0,0,0,0,0,0,0,0,0,0,0,0
202601,13,021,3,5,Bibb County                                                 ,10,10,1756848,0,0,0,0,0,0,0,0,0,0,0,0,0,0,0,0,0,0,0,0,0
202601,13,023,3,5,Bleckley County                                             ,8,8,2369640,0,0,0,0,0,0,0,0,0,8,8,2369640,0,0,0,0,0,0,0,0,0
202601,13,025,3,5,Brantley County                                             ,4,4,950857,0,0,0,0,0,0,0,0,0,0,0,0,0,0,0,0,0,0,0,0,0
202601,13,027,3,5,Brooks County                                               ,3,3,541868,0,0,0,0,0,0,0,0,0,0,0,0,0,0,0,0,0,0,0,0,0
202601,13,029,3,5,Bryan County                                                ,30,30,11940040,14,28,3156027,5,19,3281770,2,11,1568517,30,30,11940040,14,28,3156027,5,19,3281770,2,11,1568517
202601,13,031,3,5,Bulloch County                                              ,62,62,14543757,4,8,846667,0,0,0,2,50,3720000,24,24,4934835,0,0,0,0,0,0,2,50,3720000
202601,13,033,3,5,Burke County                                                ,3,3,1102000,0,0,0,0,0,0,0,0,0,3,3,1102000,0,0,0,0,0,0,0,0,0
202601,13,035,3,5,Butts County                                                ,6,6,1776100,0,0,0,0,0,0,0,0,0,6,6,1776100,0,0,0,0,0,0,0,0,0
202601,13,037,3,5,Calhoun County                                              ,0,0,0,0,0,0,0,0,0,0,0,0,0,0,0,0,0,0,0,0,0,0,0,0
202601,13,039,3,5,Camden County                                               ,39,39,10554401,0,0,0,0,0,0,0,0,0,39,39,10554401,0,0,0,0,0,0,0,0,0
202601,13,043,3,5,Candler County                                              ,1,1,216889,0,0,0,0,0,0,0,0,0,0,0,0,0,0,0,0,0,0,0,0,0
202601,13,045,3,5,Carroll County                                              ,83,83,15445159,0,0,0,0,0,0,0,0,0,80,80,14817812,0,0,0,0,0,0,0,0,0
202601,13,047,3,5,Catoosa County                                              ,28,28,4142568,0,0,0,2,6,583186,1,22,2187556,0,0,0,0,0,0,0,0,0,0,0,0
202601,13,049,3,5,Charlton County                                             ,1,1,296205,0,0,0,0,0,0,0,0,0,1,1,296205,0,0,0,0,0,0,0,0,0
202601,13,051,3,5,Chatham County                                              ,120,120,27631025,1,2,189580,0,0,0,1,57,5516013,44,44,12329221,0,0,0,0,0,0,0,0,0
202601,13,053,3,5,Chattahoochee County                                        ,0,0,0,0,0,0,0,0,0,0,0,0,0,0,0,0,0,0,0,0,0,0,0,0
202601,13,055,3,5,Chattooga County                                            ,0,0,0,0,0,0,0,0,0,0,0,0,0,0,0,0,0,0,0,0,0,0,0,0
202601,13,057,3,5,Cherokee County                                             ,99,99,54735300,0,0,0,0,0,0,8,240,25209177,99,99,54735300,0,0,0,0,0,0,8,240,25209177
202601,13,059,3,5,Clarke County                                               ,38,38,7336307,0,0,0,0,0,0,0,0,0,38,38,7336307,0,0,0,0,0,0,0,0,0
202601,13,061,3,5,Clay County                                                 ,1,1,202876,0,0,0,0,0,0,0,0,0,0,0,0,0,0,0,0,0,0,0,0,0
202601,13,063,3,5,Clayton County                                              ,29,29,7396625,0,0,0,0,0,0,1,7,1683600,28,28,7159125,0,0,0,0,0,0,0,0,0
202601,13,065,3,5,Clinch County                                               ,0,0,0,0,0,0,0,0,0,0,0,0,0,0,0,0,0,0,0,0,0,0,0,0
202601,13,067,3,5,Cobb County                                                 ,65,65,30375783,0,0,0,1,3,672612,1,28,4698340,53,53,28256369,0,0,0,0,0,0,0,0,0
202601,13,069,3,5,Coffee County                                               ,7,7,1290452,0,0,0,0,0,0,0,0,0,0,0,0,0,0,0,0,0,0,0,0,0
202601,13,071,3,5,Colquitt County                                             ,6,6,1625727,2,4,409812,0,0,0,0,0,0,4,4,1184820,0,0,0,0,0,0,0,0,0
202601,13,073,3,5,Columbia County                                             ,99,99,21804161,0,0,0,0,0,0,0,0,0,32,32,8604615,0,0,0,0,0,0,0,0,0
202601,13,075,3,5,Cook County                                                 ,11,11,2421389,0,0,0,0,0,0,0,0,0,9,9,2020000,0,0,0,0,0,0,0,0,0
202601,13,077,3,5,Coweta County                                               ,38,38,18663976,0,0,0,0,0,0,0,0,0,38,38,18663976,0,0,0,0,0,0,0,0,0
202601,13,079,3,5,Crawford County                                             ,0,0,0,0,0,0,0,0,0,0,0,0,0,0,0,0,0,0,0,0,0,0,0,0
202601,13,081,3,5,Crisp County                                                ,1,1,325000,0,0,0,0,0,0,0,0,0,1,1,325000,0,0,0,0,0,0,0,0,0
202601,13,083,3,5,Dade County                                                 ,1,1,187778,0,0,0,0,0,0,0,0,0,0,0,0,0,0,0,0,0,0,0,0,0
202601,13,085,3,5,Dawson County                                               ,31,31,8416361,0,0,0,0,0,0,0,0,0,31,31,8416361,0,0,0,0,0,0,0,0,0
202601,13,087,3,5,Decatur County                                              ,5,5,993292,0,0,0,0,0,0,1,5,465179,0,0,0,0,0,0,0,0,0,0,0,0
202601,13,089,3,5,DeKalb County                                               ,66,66,24028236,0,0,0,0,0,0,1,53,7844089,66,66,24028236,0,0,0,0,0,0,1,53,7844089
202601,13,091,3,5,Dodge County                                                ,0,0,0,0,0,0,0,0,0,0,0,0,0,0,0,0,0,0,0,0,0,0,0,0
202601,13,093,3,5,Dooly County                                                ,3,3,1245652,0,0,0,0,0,0,0,0,0,0,0,0,0,0,0,0,0,0,0,0,0
202601,13,095,3,5,Dougherty County                                            ,27,27,7997535,0,0,0,0,0,0,0,0,0,27,27,7997535,0,0,0,0,0,0,0,0,0
202601,13,097,3,5,Douglas County                                              ,13,13,3366445,0,0,0,0,0,0,0,0,0,13,13,3366445,0,0,0,0,0,0,0,0,0
202601,13,099,3,5,Early County                                                ,1,1,192495,0,0,0,0,0,0,0,0,0,0,0,0,0,0,0,0,0,0,0,0,0
202601,13,101,3,5,Echols County                                               ,0,0,0,0,0,0,0,0,0,0,0,0,0,0,0,0,0,0,0,0,0,0,0,0
202601,13,103,3,5,Effingham County                                            ,38,38,8647685,0,0,0,0,0,0,0,0,0,38,38,8647685,0,0,0,0,0,0,0,0,0
202601,13,105,3,5,Elbert County                                               ,9,9,1461539,0,0,0,1,4,400000,0,0,0,8,8,1111539,0,0,0,1,4,400000,0,0,0
202601,13,107,3,5,Emanuel County                                              ,6,6,1776630,0,0,0,0,0,0,0,0,0,6,6,1776630,0,0,0,0,0,0,0,0,0
202601,13,109,3,5,Evans County                                                ,1,1,195179,0,0,0,0,0,0,0,0,0,0,0,0,0,0,0,0,0,0,0,0,0
202601,13,111,3,5,Fannin County                                               ,24,24,7263374,0,0,0,0,0,0,0,0,0,0,0,0,0,0,0,0,0,0,0,0,0
202601,13,113,3,5,Fayette County                                              ,34,34,12378715,0,0,0,0,0,0,0,0,0,22,22,7423760,0,0,0,0,0,0,0,0,0
202601,13,115,3,5,Floyd County                                                ,26,26,6359291,0,0,0,0,0,0,0,0,0,26,26,6359291,0,0,0,0,0,0,0,0,0
202601,13,117,3,5,Forsyth County                                              ,71,71,21017185,0,0,0,0,0,0,0,0,0,71,71,21017185,0,0,0,0,0,0,0,0,0
202601,13,119,3,5,Franklin County                                             ,15,15,3904067,0,0,0,0,0,0,0,0,0,11,11,3258255,0,0,0,0,0,0,0,0,0
202601,13,121,3,5,Fulton County                                               ,172,172,31237411,5,10,2450000,1,4,709369,37,295,37378773,145,145,25461145,5,10,2450000,1,4,709369,35,226,28702737
202601,13,123,3,5,Gilmer County                                               ,2,2,511717,0,0,0,0,0,0,1,7,646709,0,0,0,0,0,0,0,0,0,0,0,0
202601,13,127,3,5,Glynn County                                                ,31,31,13309868,3,6,664294,1,3,606102,1,13,1558838,0,0,0,0,0,0,0,0,0,0,0,0
202601,13,129,3,5,Gordon County                                               ,36,36,9746993,0,0,0,0,0,0,0,0,0,36,36,9746993,0,0,0,0,0,0,0,0,0
202601,13,131,3,5,Grady County                                                ,2,2,473203,0,0,0,0,0,0,0,0,0,1,1,271542,0,0,0,0,0,0,0,0,0
202601,13,133,3,5,Greene County                                               ,24,24,28130052,0,0,0,0,0,0,0,0,0,24,24,28130052,0,0,0,0,0,0,0,0,0
202601,13,135,3,5,Gwinnett County                                             ,205,205,21691446,0,0,0,0,0,0,3,88,15000000,177,177,14009758,0,0,0,0,0,0,3,88,15000000
202601,13,137,3,5,Habersham County                                            ,15,15,5552350,0,0,0,0,0,0,1,12,687277,2,2,640000,0,0,0,0,0,0,0,0,0
202601,13,139,3,5,Hall County                                                 ,101,101,38211893,0,0,0,1,3,505706,2,15,2301934,39,39,19709123,0,0,0,0,0,0,0,0,0
202601,13,141,3,5,Hancock County                                              ,4,4,1184820,0,0,0,0,0,0,0,0,0,4,4,1184820,0,0,0,0,0,0,0,0,0
202601,13,143,3,5,Haralson County                                             ,15,15,4067888,0,0,0,0,0,0,0,0,0,0,0,0,0,0,0,0,0,0,0,0,0
202601,13,145,3,5,Harris County                                               ,12,12,3794453,0,0,0,0,0,0,0,0,0,0,0,0,0,0,0,0,0,0,0,0,0
202601,13,147,3,5,Hart County                                                 ,11,11,2602936,0,0,0,0,0,0,0,0,0,11,11,2602936,0,0,0,0,0,0,0,0,0
202601,13,149,3,5,Heard County                                                ,6,6,1722533,0,0,0,0,0,0,0,0,0,0,0,0,0,0,0,0,0,0,0,0,0
202601,13,151,3,5,Henry County                                                ,125,125,37714317,0,0,0,0,0,0,0,0,0,125,125,37714317,0,0,0,0,0,0,0,0,0
202601,13,153,3,5,Houston County                                              ,58,58,11944196,0,0,0,0,0,0,0,0,0,48,48,9484567,0,0,0,0,0,0,0,0,0
202601,13,155,3,5,Irwin County                                                ,2,2,174235,0,0,0,0,0,0,0,0,0,0,0,0,0,0,0,0,0,0,0,0,0
202601,13,157,3,5,Jackson County                                              ,150,150,57483146,0,0,0,0,0,0,0,0,0,137,137,53677116,0,0,0,0,0,0,0,0,0
202601,13,159,3,5,Jasper County                                               ,15,15,5250000,0,0,0,0,0,0,0,0,0,15,15,5250000,0,0,0,0,0,0,0,0,0
202601,13,161,3,5,Jeff Davis County                                           ,1,1,158333,0,0,0,0,0,0,0,0,0,0,0,0,0,0,0,0,0,0,0,0,0
202601,13,163,3,5,Jefferson County                                            ,2,2,504533,0,0,0,0,0,0,0,0,0,0,0,0,0,0,0,0,0,0,0,0,0
202601,13,165,3,5,Jenkins County                                              ,1,1,100000,0,0,0,0,0,0,0,0,0,0,0,0,0,0,0,0,0,0,0,0,0
202601,13,167,3,5,Johnson County                                              ,0,0,0,0,0,0,0,0,0,0,0,0,0,0,0,0,0,0,0,0,0,0,0,0
202601,13,169,3,5,Jones County                                                ,6,6,1812000,0,0,0,0,0,0,0,0,0,6,6,1812000,0,0,0,0,0,0,0,0,0
202601,13,171,3,5,Lamar County                                                ,9,9,2155026,0,0,0,0,0,0,0,0,0,0,0,0,0,0,0,0,0,0,0,0,0
202601,13,173,3,5,Lanier County                                               ,3,3,385000,0,0,0,0,0,0,0,0,0,3,3,385000,0,0,0,0,0,0,0,0,0
202601,13,175,3,5,Laurens County                                              ,0,0,0,0,0,0,0,0,0,0,0,0,0,0,0,0,0,0,0,0,0,0,0,0
202601,13,177,3,5,Lee County                                                  ,13,13,1635645,0,0,0,0,0,0,0,0,0,13,13,1635645,0,0,0,0,0,0,0,0,0
202601,13,179,3,5,Liberty County                                              ,37,37,9048881,0,0,0,0,0,0,0,0,0,37,37,9048881,0,0,0,0,0,0,0,0,0
202601,13,181,3,5,Lincoln County                                              ,4,4,1460000,0,0,0,0,0,0,0,0,0,4,4,1460000,0,0,0,0,0,0,0,0,0
202601,13,183,3,5,Long County                                                 ,20,20,4754615,0,0,0,0,0,0,0,0,0,0,0,0,0,0,0,0,0,0,0,0,0
202601,13,185,3,5,Lowndes County                                              ,59,59,12974550,0,0,0,0,0,0,0,0,0,0,0,0,0,0,0,0,0,0,0,0,0
202601,13,187,3,5,Lumpkin County                                              ,19,19,6420000,0,0,0,0,0,0,0,0,0,19,19,6420000,0,0,0,0,0,0,0,0,0
202601,13,189,3,5,McDuffie County                                             ,4,4,929813,0,0,0,0,0,0,0,0,0,0,0,0,0,0,0,0,0,0,0,0,0
202601,13,191,3,5,McIntosh County                                             ,9,9,1984665,0,0,0,0,0,0,0,0,0,4,4,800000,0,0,0,0,0,0,0,0,0
202601,13,193,3,5,Macon County                                                ,1,1,222532,0,0,0,0,0,0,0,0,0,0,0,0,0,0,0,0,0,0,0,0,0
202601,13,195,3,5,Madison County                                              ,3,3,888050,0,0,0,0,0,0,0,0,0,3,3,888050,0,0,0,0,0,0,0,0,0
202601,13,197,3,5,Marion County                                               ,1,1,198375,0,0,0,0,0,0,0,0,0,0,0,0,0,0,0,0,0,0,0,0,0
202601,13,199,3,5,Meriwether County                                           ,19,19,4429846,0,0,0,0,0,0,0,0,0,18,18,4333179,0,0,0,0,0,0,0,0,0
202601,13,201,3,5,Miller County                                               ,0,0,0,0,0,0,0,0,0,0,0,0,0,0,0,0,0,0,0,0,0,0,0,0
202601,13,205,3,5,Mitchell County                                             ,1,1,400000,0,0,0,0,0,0,0,0,0,1,1,400000,0,0,0,0,0,0,0,0,0
202601,13,207,3,5,Monroe County                                               ,18,18,5542334,0,0,0,0,0,0,0,0,0,0,0,0,0,0,0,0,0,0,0,0,0
202601,13,209,3,5,Montgomery County                                           ,30,30,8886150,0,0,0,0,0,0,0,0,0,30,30,8886150,0,0,0,0,0,0,0,0,0
202601,13,211,3,5,Morgan County                                               ,10,10,4223556,0,0,0,0,0,0,0,0,0,0,0,0,0,0,0,0,0,0,0,0,0
202601,13,213,3,5,Murray County                                               ,6,6,1560377,0,0,0,1,3,450786,0,0,0,0,0,0,0,0,0,0,0,0,0,0,0
202601,13,215,3,5,Muscogee County                                             ,16,16,5108539,0,0,0,0,0,0,1,5,515030,0,0,0,0,0,0,0,0,0,0,0,0
202601,13,217,3,5,Newton County                                               ,38,38,3323925,0,0,0,0,0,0,0,0,0,38,38,3323925,0,0,0,0,0,0,0,0,0
202601,13,219,3,5,Oconee County                                               ,18,18,9868088,0,0,0,0,0,0,0,0,0,10,10,6169852,0,0,0,0,0,0,0,0,0
202601,13,221,3,5,Oglethorpe County                                           ,9,9,1765649,0,0,0,0,0,0,0,0,0,0,0,0,0,0,0,0,0,0,0,0,0
202601,13,223,3,5,Paulding County                                             ,59,59,6167217,0,0,0,0,0,0,0,0,0,59,59,6167217,0,0,0,0,0,0,0,0,0
202601,13,225,3,5,Peach County                                                ,9,9,1580817,0,0,0,0,0,0,0,0,0,0,0,0,0,0,0,0,0,0,0,0,0
202601,13,227,3,5,Pickens County                                              ,13,13,5545070,0,0,0,0,0,0,0,0,0,0,0,0,0,0,0,0,0,0,0,0,0
202601,13,229,3,5,Pierce County                                               ,7,7,2722993,0,0,0,5,20,785226,0,0,0,7,7,2722993,0,0,0,5,20,785226,0,0,0
202601,13,231,3,5,Pike County                                                 ,9,9,2664150,0,0,0,0,0,0,0,0,0,9,9,2664150,0,0,0,0,0,0,0,0,0
202601,13,233,3,5,Polk County                                                 ,6,6,1776100,0,0,0,0,0,0,0,0,0,6,6,1776100,0,0,0,0,0,0,0,0,0
202601,13,235,3,5,Pulaski County                                              ,4,4,1184820,0,0,0,0,0,0,0,0,0,4,4,1184820,0,0,0,0,0,0,0,0,0
202601,13,237,3,5,Putnam County                                               ,5,5,1973258,0,0,0,0,0,0,1,5,956644,0,0,0,0,0,0,0,0,0,0,0,0
202601,13,239,3,5,Quitman County                                              ,1,1,127342,0,0,0,0,0,0,0,0,0,0,0,0,0,0,0,0,0,0,0,0,0
202601,13,241,3,5,Rabun County                                                ,5,5,1767495,0,0,0,0,0,0,0,0,0,4,4,1525000,0,0,0,0,0,0,0,0,0
202601,13,243,3,5,Randolph County                                             ,0,0,0,0,0,0,0,0,0,0,0,0,0,0,0,0,0,0,0,0,0,0,0,0
202601,13,245,3,5,Richmond County                                             ,50,50,7370558,0,0,0,0,0,0,0,0,0,50,50,7370558,0,0,0,0,0,0,0,0,0
202601,13,247,3,5,Rockdale County                                             ,25,25,4458372,0,0,0,0,0,0,0,0,0,13,13,0,0,0,0,0,0,0,0,0,0
202601,13,249,3,5,Schley County                                               ,1,1,212798,0,0,0,0,0,0,0,0,0,0,0,0,0,0,0,0,0,0,0,0,0
202601,13,251,3,5,Screven County                                              ,1,1,156386,0,0,0,0,0,0,0,0,0,0,0,0,0,0,0,0,0,0,0,0,0
202601,13,253,3,5,Seminole County                                             ,1,1,78000,0,0,0,0,0,0,0,0,0,0,0,0,0,0,0,0,0,0,0,0,0
202601,13,255,3,5,Spalding County                                             ,21,21,4811933,0,0,0,0,0,0,0,0,0,0,0,0,0,0,0,0,0,0,0,0,0
202601,13,257,3,5,Stephens County                                             ,2,2,308125,0,0,0,0,0,0,0,0,0,1,1,116000,0,0,0,0,0,0,0,0,0
202601,13,259,3,5,Stewart County                                              ,0,0,0,0,0,0,0,0,0,0,0,0,0,0,0,0,0,0,0,0,0,0,0,0
202601,13,261,3,5,Sumter County                                               ,2,2,437680,0,0,0,0,0,0,0,0,0,0,0,0,0,0,0,0,0,0,0,0,0
202601,13,263,3,5,Talbot County                                               ,0,0,0,0,0,0,0,0,0,0,0,0,0,0,0,0,0,0,0,0,0,0,0,0
202601,13,267,3,5,Tattnall County                                             ,3,3,599641,0,0,0,0,0,0,0,0,0,0,0,0,0,0,0,0,0,0,0,0,0
202601,13,269,3,5,Taylor County                                               ,1,1,287500,0,0,0,0,0,0,0,0,0,0,0,0,0,0,0,0,0,0,0,0,0
202601,13,271,3,5,Telfair County                                              ,0,0,0,0,0,0,0,0,0,0,0,0,0,0,0,0,0,0,0,0,0,0,0,0
202601,13,273,3,5,Terrell County                                              ,0,0,0,0,0,0,0,0,0,0,0,0,0,0,0,0,0,0,0,0,0,0,0,0
202601,13,275,3,5,Thomas County                                               ,7,7,1707456,0,0,0,0,0,0,0,0,0,7,7,1707456,0,0,0,0,0,0,0,0,0
202601,13,277,3,5,Tift County                                                 ,7,7,932273,0,0,0,0,0,0,1,5,424107,0,0,0,0,0,0,0,0,0,0,0,0
202601,13,279,3,5,Toombs County                                               ,3,3,410000,0,0,0,0,0,0,0,0,0,3,3,410000,0,0,0,0,0,0,0,0,0
202601,13,281,3,5,Towns County                                                ,3,3,1140000,0,0,0,0,0,0,0,0,0,2,2,690000,0,0,0,0,0,0,0,0,0
202601,13,283,3,5,Treutlen County                                             ,0,0,0,0,0,0,0,0,0,0,0,0,0,0,0,0,0,0,0,0,0,0,0,0
202601,13,285,3,5,Troup County                                                ,29,29,11415030,0,0,0,0,0,0,0,0,0,18,18,7916366,0,0,0,0,0,0,0,0,0
202601,13,287,3,5,Turner County                                               ,0,0,0,0,0,0,0,0,0,0,0,0,0,0,0,0,0,0,0,0,0,0,0,0
202601,13,289,3,5,Twiggs County                                               ,0,0,0,0,0,0,0,0,0,0,0,0,0,0,0,0,0,0,0,0,0,0,0,0
202601,13,291,3,5,Union County                                                ,17,17,6355822,0,0,0,0,0,0,0,0,0,17,17,6355822,0,0,0,0,0,0,0,0,0
202601,13,293,3,5,Upson County                                                ,7,7,1869691,0,0,0,0,0,0,0,0,0,0,0,0,0,0,0,0,0,0,0,0,0
202601,13,295,3,5,Walker County                                               ,17,17,5818000,1,2,323152,0,0,0,0,0,0,17,17,5818000,1,2,323152,0,0,0,0,0,0
202601,13,297,3,5,Walton County                                               ,43,43,14692059,0,0,0,0,0,0,1,5,646657,41,41,14033311,0,0,0,0,0,0,1,5,646657
202601,13,299,3,5,Ware County                                                 ,3,3,525829,0,0,0,0,0,0,0,0,0,0,0,0,0,0,0,0,0,0,0,0,0
202601,13,301,3,5,Warren County                                               ,0,0,0,0,0,0,0,0,0,0,0,0,0,0,0,0,0,0,0,0,0,0,0,0
202601,13,303,3,5,Washington County                                           ,3,3,907922,0,0,0,0,0,0,0,0,0,0,0,0,0,0,0,0,0,0,0,0,0
202601,13,305,3,5,Wayne County                                                ,8,8,1985000,0,0,0,0,0,0,0,0,0,8,8,1985000,0,0,0,0,0,0,0,0,0
202601,13,307,3,5,Webster County                                              ,0,0,0,0,0,0,0,0,0,0,0,0,0,0,0,0,0,0,0,0,0,0,0,0
202601,13,309,3,5,Wheeler County                                              ,0,0,0,0,0,0,0,0,0,0,0,0,0,0,0,0,0,0,0,0,0,0,0,0
202601,13,311,3,5,White County                                                ,15,15,4242217,0,0,0,0,0,0,0,0,0,14,14,4146870,0,0,0,0,0,0,0,0,0
202601,13,313,3,5,Whitfield County                                            ,28,28,5976513,1,2,183800,0,0,0,0,0,0,28,28,5976513,1,2,183800,0,0,0,0,0,0
202601,13,317,3,5,Wilkes County                                               ,4,4,1092821,0,0,0,0,0,0,0,0,0,2,2,740000,0,0,0,0,0,0,0,0,0
202601,13,319,3,5,Wilkinson County                                            ,0,0,0,0,0,0,0,0,0,0,0,0,0,0,0,0,0,0,0,0,0,0,0,0
202601,13,321,3,5,Worth County                                                ,2,2,510624,0,0,0,0,0,0,1,5,709713,0,0,0,0,0,0,0,0,0,0,0,0
202601,15,001,4,9,Hawaii County                                               ,72,72,44739386,0,0,0,0,0,0,0,0,0,0,0,0,0,0,0,0,0,0,0,0,0
202601,15,003,4,9,Honolulu County                                             ,53,53,19303456,6,12,1678191,0,0,0,1,46,14701959,0,0,0,0,0,0,0,0,0,0,0,0
202601,15,007,4,9,Kauai County                                                ,12,12,14554600,0,0,0,0,0,0,0,0,0,12,12,14554600,0,0,0,0,0,0,0,0,0
202601,15,009,4,9,Maui County                                                 ,39,39,0,1,2,120000,0,0,0,0,0,0,39,39,0,1,2,120000,0,0,0,0,0,0
202601,16,001,4,8,Ada County                                                  ,312,312,91938777,1,2,1225628,0,0,0,2,43,7634077,280,280,76133342,1,2,1225628,0,0,0,2,43,7634077
202601,16,003,4,8,Adams County                                                ,0,0,0,0,0,0,0,0,0,0,0,0,0,0,0,0,0,0,0,0,0,0,0,0
202601,16,005,4,8,Bannock County                                              ,21,21,2211068,0,0,0,1,3,311077,0,0,0,17,17,1800184,0,0,0,0,0,0,0,0,0
202601,16,007,4,8,Bear Lake County                                            ,7,7,2467427,0,0,0,0,0,0,0,0,0,0,0,0,0,0,0,0,0,0,0,0,0
202601,16,009,4,8,Benewah County                                              ,2,2,412159,0,0,0,0,0,0,0,0,0,0,0,0,0,0,0,0,0,0,0,0,0
202601,16,011,4,8,Bingham County                                              ,4,4,1166480,0,0,0,0,0,0,0,0,0,4,4,1166480,0,0,0,0,0,0,0,0,0
202601,16,013,4,8,Blaine County                                               ,5,5,3713279,0,0,0,0,0,0,0,0,0,4,4,3066339,0,0,0,0,0,0,0,0,0
202601,16,015,4,8,Boise County                                                ,1,1,390764,0,0,0,0,0,0,0,0,0,1,1,390764,0,0,0,0,0,0,0,0,0
202601,16,017,4,8,Bonner County                                               ,2,2,909646,0,0,0,0,0,0,0,0,0,1,1,600155,0,0,0,0,0,0,0,0,0
202601,16,019,4,8,Bonneville County                                           ,43,43,9405676,0,0,0,0,0,0,1,7,722000,43,43,9405676,0,0,0,0,0,0,1,7,722000
202601,16,021,4,8,Boundary County                                             ,0,0,0,1,2,170769,0,0,0,0,0,0,0,0,0,0,0,0,0,0,0,0,0,0
202601,16,023,4,8,Butte County                                                ,1,1,125375,0,0,0,0,0,0,0,0,0,0,0,0,0,0,0,0,0,0,0,0,0
202601,16,025,4,8,Camas County                                                ,1,1,702582,0,0,0,0,0,0,0,0,0,1,1,702582,0,0,0,0,0,0,0,0,0
202601,16,027,4,8,Canyon County                                               ,156,156,35654232,0,0,0,1,4,575333,0,0,0,156,156,35654232,0,0,0,1,4,575333,0,0,0
202601,16,029,4,8,Caribou County                                              ,1,1,217062,0,0,0,0,0,0,0,0,0,0,0,0,0,0,0,0,0,0,0,0,0
202601,16,031,4,8,Cassia County                                               ,7,7,1878477,0,0,0,0,0,0,0,0,0,7,7,1878477,0,0,0,0,0,0,0,0,0
202601,16,033,4,8,Clark County                                                ,0,0,0,0,0,0,0,0,0,0,0,0,0,0,0,0,0,0,0,0,0,0,0,0
202601,16,035,4,8,Clearwater County                                           ,1,1,50000,0,0,0,0,0,0,0,0,0,0,0,0,0,0,0,0,0,0,0,0,0
202601,16,037,4,8,Custer County                                               ,3,3,1128987,0,0,0,0,0,0,0,0,0,1,1,296519,0,0,0,0,0,0,0,0,0
202601,16,039,4,8,Elmore County                                               ,18,18,3020446,0,0,0,0,0,0,0,0,0,16,16,2555545,0,0,0,0,0,0,0,0,0
202601,16,041,4,8,Franklin County                                             ,4,4,944705,0,0,0,0,0,0,0,0,0,0,0,0,0,0,0,0,0,0,0,0,0
202601,16,043,4,8,Fremont County                                              ,1,1,183876,0,0,0,0,0,0,0,0,0,1,1,183876,0,0,0,0,0,0,0,0,0
202601,16,045,4,8,Gem County                                                  ,23,23,4569662,0,0,0,0,0,0,0,0,0,23,23,4569662,0,0,0,0,0,0,0,0,0
202601,16,047,4,8,Gooding County                                              ,2,2,496208,0,0,0,0,0,0,0,0,0,0,0,0,0,0,0,0,0,0,0,0,0
202601,16,049,4,8,Idaho County                                                ,0,0,0,0,0,0,0,0,0,0,0,0,0,0,0,0,0,0,0,0,0,0,0,0
202601,16,051,4,8,Jefferson County                                            ,14,14,3885225,0,0,0,0,0,0,0,0,0,14,14,3885225,0,0,0,0,0,0,0,0,0
202601,16,053,4,8,Jerome County                                               ,9,9,2091688,0,0,0,0,0,0,0,0,0,9,9,2091688,0,0,0,0,0,0,0,0,0
202601,16,055,4,8,Kootenai County                                             ,137,137,43437621,1,2,312082,0,0,0,8,137,13742238,121,121,39179426,1,2,312082,0,0,0,7,132,13200000
202601,16,057,4,8,Latah County                                                ,5,5,1414851,0,0,0,0,0,0,0,0,0,5,5,1414851,0,0,0,0,0,0,0,0,0
202601,16,059,4,8,Lemhi County                                                ,1,1,296519,0,0,0,0,0,0,0,0,0,1,1,296519,0,0,0,0,0,0,0,0,0
202601,16,061,4,8,Lewis County                                                ,2,2,210472,0,0,0,0,0,0,0,0,0,0,0,0,0,0,0,0,0,0,0,0,0
202601,16,063,4,8,Lincoln County                                              ,1,1,96516,0,0,0,0,0,0,0,0,0,0,0,0,0,0,0,0,0,0,0,0,0
202601,16,065,4,8,Madison County                                              ,6,6,3263254,0,0,0,0,0,0,0,0,0,6,6,3263254,0,0,0,0,0,0,0,0,0
202601,16,067,4,8,Minidoka County                                             ,3,3,891036,0,0,0,0,0,0,0,0,0,2,2,593037,0,0,0,0,0,0,0,0,0
202601,16,069,4,8,Nez Perce County                                            ,10,10,2768464,0,0,0,0,0,0,0,0,0,10,10,2768464,0,0,0,0,0,0,0,0,0
202601,16,071,4,8,Oneida County                                               ,1,1,329286,0,0,0,0,0,0,0,0,0,1,1,329286,0,0,0,0,0,0,0,0,0
202601,16,073,4,8,Owyhee County                                               ,3,3,867261,0,0,0,0,0,0,0,0,0,1,1,60000,0,0,0,0,0,0,0,0,0
202601,16,075,4,8,Payette County                                              ,16,16,4910089,0,0,0,0,0,0,0,0,0,16,16,4910089,0,0,0,0,0,0,0,0,0
202601,16,077,4,8,Power County                                                ,0,0,0,0,0,0,0,0,0,0,0,0,0,0,0,0,0,0,0,0,0,0,0,0
202601,16,079,4,8,Shoshone County                                             ,1,1,188967,0,0,0,0,0,0,0,0,0,1,1,188967,0,0,0,0,0,0,0,0,0
202601,16,081,4,8,Teton County                                                ,7,7,3060987,3,6,1094522,0,0,0,0,0,0,3,3,1861864,3,6,1094522,0,0,0,0,0,0
202601,16,083,4,8,Twin Falls County                                           ,28,28,5476961,0,0,0,0,0,0,0,0,0,24,24,4282839,0,0,0,0,0,0,0,0,0
202601,16,085,4,8,Valley County                                               ,7,7,2984528,0,0,0,0,0,0,0,0,0,3,3,579437,0,0,0,0,0,0,0,0,0
202601,16,087,4,8,Washington County                                           ,4,4,269854,0,0,0,0,0,0,0,0,0,4,4,269854,0,0,0,0,0,0,0,0,0
202601,17,001,2,3,Adams County                                                ,1,1,256647,0,0,0,1,3,455454,0,0,0,0,0,0,0,0,0,0,0,0,0,0,0
202601,17,003,2,3,Alexander County                                            ,0,0,0,0,0,0,0,0,0,0,0,0,0,0,0,0,0,0,0,0,0,0,0,0
202601,17,005,2,3,Bond County                                                 ,1,1,60000,0,0,0,0,0,0,0,0,0,1,1,60000,0,0,0,0,0,0,0,0,0
202601,17,007,2,3,Boone County                                                ,1,1,150000,0,0,0,0,0,0,0,0,0,1,1,150000,0,0,0,0,0,0,0,0,0
202601,17,009,2,3,Brown County                                                ,0,0,0,0,0,0,0,0,0,0,0,0,0,0,0,0,0,0,0,0,0,0,0,0
202601,17,011,2,3,Bureau County                                               ,1,1,285000,0,0,0,0,0,0,0,0,0,1,1,285000,0,0,0,0,0,0,0,0,0
202601,17,013,2,3,Calhoun County                                              ,1,1,420000,0,0,0,0,0,0,0,0,0,1,1,420000,0,0,0,0,0,0,0,0,0
202601,17,015,2,3,Carroll County                                              ,0,0,0,0,0,0,0,0,0,0,0,0,0,0,0,0,0,0,0,0,0,0,0,0
202601,17,017,2,3,Cass County                                                 ,0,0,0,0,0,0,0,0,0,0,0,0,0,0,0,0,0,0,0,0,0,0,0,0
202601,17,019,2,3,Champaign County                                            ,3,3,756399,0,0,0,0,0,0,0,0,0,3,3,756399,0,0,0,0,0,0,0,0,0
202601,17,021,2,3,Christian County                                            ,4,4,1565008,0,0,0,0,0,0,0,0,0,0,0,0,0,0,0,0,0,0,0,0,0
202601,17,023,2,3,Clark County                                                ,1,1,320650,0,0,0,0,0,0,0,0,0,0,0,0,0,0,0,0,0,0,0,0,0
202601,17,025,2,3,Clay County                                                 ,0,0,0,0,0,0,0,0,0,0,0,0,0,0,0,0,0,0,0,0,0,0,0,0
202601,17,027,2,3,Clinton County                                              ,2,2,615965,0,0,0,0,0,0,0,0,0,1,1,262500,0,0,0,0,0,0,0,0,0
202601,17,029,2,3,Coles County                                                ,0,0,0,0,0,0,0,0,0,1,5,367672,0,0,0,0,0,0,0,0,0,0,0,0
202601,17,031,2,3,Cook County                                                 ,54,54,22085380,12,24,7246673,11,40,8188500,18,286,71258869,43,43,18331627,11,22,7069173,11,40,8188500,13,226,53680501
202601,17,033,2,3,Crawford County                                             ,1,1,320650,0,0,0,0,0,0,0,0,0,0,0,0,0,0,0,0,0,0,0,0,0
202601,17,035,2,3,Cumberland County                                           ,0,0,0,0,0,0,0,0,0,0,0,0,0,0,0,0,0,0,0,0,0,0,0,0
202601,17,037,2,3,DeKalb County                                               ,9,9,2684718,0,0,0,0,0,0,1,7,640511,3,3,780683,0,0,0,0,0,0,0,0,0
202601,17,039,2,3,De Witt County                                              ,1,1,375000,0,0,0,0,0,0,0,0,0,1,1,375000,0,0,0,0,0,0,0,0,0
202601,17,041,2,3,Douglas County                                              ,1,1,300000,0,0,0,0,0,0,0,0,0,0,0,0,0,0,0,0,0,0,0,0,0
202601,17,043,2,3,DuPage County                                               ,36,36,15664997,5,10,1847063,0,0,0,1,6,1394118,33,33,14451511,5,10,1847063,0,0,0,0,0,0
202601,17,045,2,3,Edgar County                                                ,0,0,0,0,0,0,0,0,0,0,0,0,0,0,0,0,0,0,0,0,0,0,0,0
202601,17,049,2,3,Effingham County                                            ,3,3,1012164,0,0,0,0,0,0,0,0,0,1,1,505000,0,0,0,0,0,0,0,0,0
202601,17,051,2,3,Fayette County                                              ,0,0,0,0,0,0,0,0,0,0,0,0,0,0,0,0,0,0,0,0,0,0,0,0
202601,17,053,2,3,Ford County                                                 ,0,0,0,0,0,0,0,0,0,0,0,0,0,0,0,0,0,0,0,0,0,0,0,0
202601,17,055,2,3,Franklin County                                             ,0,0,0,0,0,0,0,0,0,0,0,0,0,0,0,0,0,0,0,0,0,0,0,0
202601,17,057,2,3,Fulton County                                               ,2,2,442000,0,0,0,0,0,0,0,0,0,2,2,442000,0,0,0,0,0,0,0,0,0
202601,17,061,2,3,Greene County                                               ,0,0,0,0,0,0,0,0,0,0,0,0,0,0,0,0,0,0,0,0,0,0,0,0
202601,17,063,2,3,Grundy County                                               ,1,1,367139,0,0,0,0,0,0,0,0,0,1,1,367139,0,0,0,0,0,0,0,0,0
202601,17,067,2,3,Hancock County                                              ,0,0,0,0,0,0,0,0,0,0,0,0,0,0,0,0,0,0,0,0,0,0,0,0
202601,17,069,2,3,Hardin County                                               ,0,0,0,0,0,0,0,0,0,0,0,0,0,0,0,0,0,0,0,0,0,0,0,0
202601,17,071,2,3,Henderson County                                            ,0,0,0,0,0,0,0,0,0,0,0,0,0,0,0,0,0,0,0,0,0,0,0,0
202601,17,073,2,3,Henry County                                                ,2,2,1115831,0,0,0,0,0,0,0,0,0,1,1,576000,0,0,0,0,0,0,0,0,0
202601,17,075,2,3,Iroquois County                                             ,0,0,0,0,0,0,0,0,0,0,0,0,0,0,0,0,0,0,0,0,0,0,0,0
202601,17,077,2,3,Jackson County                                              ,0,0,0,0,0,0,0,0,0,0,0,0,0,0,0,0,0,0,0,0,0,0,0,0
202601,17,079,2,3,Jasper County                                               ,0,0,0,0,0,0,0,0,0,0,0,0,0,0,0,0,0,0,0,0,0,0,0,0
202601,17,081,2,3,Jefferson County                                            ,0,0,0,0,0,0,0,0,0,0,0,0,0,0,0,0,0,0,0,0,0,0,0,0
202601,17,083,2,3,Jersey County                                               ,0,0,0,0,0,0,0,0,0,0,0,0,0,0,0,0,0,0,0,0,0,0,0,0
202601,17,085,2,3,Jo Daviess County                                           ,0,0,0,0,0,0,0,0,0,0,0,0,0,0,0,0,0,0,0,0,0,0,0,0
202601,17,087,2,3,Johnson County                                              ,0,0,0,0,0,0,0,0,0,0,0,0,0,0,0,0,0,0,0,0,0,0,0,0
202601,17,089,2,3,Kane County                                                 ,61,61,25342748,2,4,762592,0,0,0,0,0,0,27,27,10916864,2,4,762592,0,0,0,0,0,0
202601,17,091,2,3,Kankakee County                                             ,5,5,1432250,0,0,0,0,0,0,0,0,0,2,2,748709,0,0,0,0,0,0,0,0,0
202601,17,093,2,3,Kendall County                                              ,41,41,11198237,0,0,0,0,0,0,1,5,812500,41,41,11198237,0,0,0,0,0,0,1,5,812500
202601,17,095,2,3,Knox County                                                 ,0,0,0,0,0,0,0,0,0,0,0,0,0,0,0,0,0,0,0,0,0,0,0,0
202601,17,097,2,3,Lake County                                                 ,19,19,10573610,0,0,0,0,0,0,3,32,13711693,13,13,7064115,0,0,0,0,0,0,0,0,0
202601,17,099,2,3,La Salle County                                             ,2,2,470000,0,0,0,0,0,0,0,0,0,1,1,120000,0,0,0,0,0,0,0,0,0
202601,17,101,2,3,Lawrence County                                             ,2,2,345000,0,0,0,0,0,0,0,0,0,0,0,0,0,0,0,0,0,0,0,0,0
202601,17,103,2,3,Lee County                                                  ,0,0,0,0,0,0,0,0,0,0,0,0,0,0,0,0,0,0,0,0,0,0,0,0
202601,17,105,2,3,Livingston County                                           ,3,3,1420000,0,0,0,0,0,0,0,0,0,0,0,0,0,0,0,0,0,0,0,0,0
202601,17,107,2,3,Logan County                                                ,0,0,0,0,0,0,0,0,0,0,0,0,0,0,0,0,0,0,0,0,0,0,0,0
202601,17,109,2,3,McDonough County                                            ,0,0,0,0,0,0,0,0,0,0,0,0,0,0,0,0,0,0,0,0,0,0,0,0
202601,17,111,2,3,McHenry County                                              ,25,25,7650886,1,2,300000,0,0,0,1,5,363720,23,23,7241378,0,0,0,0,0,0,0,0,0
202601,17,113,2,3,McLean County                                               ,4,4,1153530,0,0,0,0,0,0,0,0,0,4,4,1153530,0,0,0,0,0,0,0,0,0
202601,17,115,2,3,Macon County                                                ,4,4,1409610,0,0,0,0,0,0,0,0,0,3,3,1064200,0,0,0,0,0,0,0,0,0
202601,17,117,2,3,Macoupin County                                             ,3,3,604313,0,0,0,0,0,0,0,0,0,0,0,0,0,0,0,0,0,0,0,0,0
202601,17,119,2,3,Madison County                                              ,21,21,8105798,2,4,494255,1,3,1129374,0,0,0,17,17,7176291,2,4,494255,0,0,0,0,0,0
202601,17,121,2,3,Marion County                                               ,0,0,0,0,0,0,0,0,0,0,0,0,0,0,0,0,0,0,0,0,0,0,0,0
202601,17,123,2,3,Marshall County                                             ,1,1,353464,0,0,0,0,0,0,0,0,0,0,0,0,0,0,0,0,0,0,0,0,0
202601,17,125,2,3,Mason County                                                ,0,0,0,0,0,0,0,0,0,0,0,0,0,0,0,0,0,0,0,0,0,0,0,0
202601,17,127,2,3,Massac County                                               ,1,1,77143,0,0,0,0,0,0,0,0,0,0,0,0,0,0,0,0,0,0,0,0,0
202601,17,129,2,3,Menard County                                               ,0,0,0,0,0,0,0,0,0,0,0,0,0,0,0,0,0,0,0,0,0,0,0,0
202601,17,131,2,3,Mercer County                                               ,2,2,530464,0,0,0,0,0,0,0,0,0,0,0,0,0,0,0,0,0,0,0,0,0
202601,17,133,2,3,Monroe County                                               ,4,4,2180000,0,0,0,0,0,0,0,0,0,4,4,2180000,0,0,0,0,0,0,0,0,0
202601,17,135,2,3,Montgomery County                                           ,2,2,167000,0,0,0,0,0,0,0,0,0,2,2,167000,0,0,0,0,0,0,0,0,0
202601,17,137,2,3,Morgan County                                               ,0,0,0,1,2,360000,0,0,0,0,0,0,0,0,0,0,0,0,0,0,0,0,0,0
202601,17,139,2,3,Moultrie County                                             ,0,0,0,0,0,0,0,0,0,0,0,0,0,0,0,0,0,0,0,0,0,0,0,0
202601,17,141,2,3,Ogle County                                                 ,1,1,226000,0,0,0,0,0,0,0,0,0,0,0,0,0,0,0,0,0,0,0,0,0
202601,17,143,2,3,Peoria County                                               ,4,4,1452824,0,0,0,0,0,0,0,0,0,0,0,0,0,0,0,0,0,0,0,0,0
202601,17,145,2,3,Perry County                                                ,3,3,745000,0,0,0,0,0,0,0,0,0,3,3,745000,0,0,0,0,0,0,0,0,0
202601,17,147,2,3,Piatt County                                                ,1,1,368000,0,0,0,0,0,0,0,0,0,1,1,368000,0,0,0,0,0,0,0,0,0
202601,17,149,2,3,Pike County                                                 ,1,1,200000,0,0,0,0,0,0,0,0,0,1,1,200000,0,0,0,0,0,0,0,0,0
202601,17,151,2,3,Pope County                                                 ,0,0,0,0,0,0,0,0,0,0,0,0,0,0,0,0,0,0,0,0,0,0,0,0
202601,17,153,2,3,Pulaski County                                              ,0,0,0,0,0,0,0,0,0,0,0,0,0,0,0,0,0,0,0,0,0,0,0,0
202601,17,155,2,3,Putnam County                                               ,0,0,0,0,0,0,0,0,0,0,0,0,0,0,0,0,0,0,0,0,0,0,0,0
202601,17,157,2,3,Randolph County                                             ,0,0,0,0,0,0,0,0,0,0,0,0,0,0,0,0,0,0,0,0,0,0,0,0
202601,17,159,2,3,Richland County                                             ,0,0,0,0,0,0,0,0,0,0,0,0,0,0,0,0,0,0,0,0,0,0,0,0
202601,17,161,2,3,Rock Island County                                          ,4,4,1316330,2,4,693000,0,0,0,1,5,524295,1,1,450000,0,0,0,0,0,0,0,0,0
202601,17,163,2,3,St. Clair County                                            ,39,39,9816776,0,0,0,0,0,0,0,0,0,37,37,9530891,0,0,0,0,0,0,0,0,0
202601,17,165,2,3,Saline County                                               ,0,0,0,0,0,0,0,0,0,0,0,0,0,0,0,0,0,0,0,0,0,0,0,0
202601,17,167,2,3,Sangamon County                                             ,29,29,10318534,0,0,0,0,0,0,0,0,0,28,28,9975020,0,0,0,0,0,0,0,0,0
202601,17,169,2,3,Schuyler County                                             ,0,0,0,0,0,0,0,0,0,0,0,0,0,0,0,0,0,0,0,0,0,0,0,0
202601,17,173,2,3,Shelby County                                               ,1,1,705000,0,0,0,1,4,500000,0,0,0,1,1,705000,0,0,0,1,4,500000,0,0,0
202601,17,175,2,3,Stark County                                                ,1,1,590662,0,0,0,0,0,0,0,0,0,0,0,0,0,0,0,0,0,0,0,0,0
202601,17,177,2,3,Stephenson County                                           ,2,2,670000,0,0,0,0,0,0,0,0,0,2,2,670000,0,0,0,0,0,0,0,0,0
202601,17,179,2,3,Tazewell County                                             ,1,1,325000,0,0,0,0,0,0,2,16,2600000,1,1,325000,0,0,0,0,0,0,2,16,2600000
202601,17,181,2,3,Union County                                                ,1,1,78333,0,0,0,0,0,0,0,0,0,0,0,0,0,0,0,0,0,0,0,0,0
202601,17,183,2,3,Vermilion County                                            ,1,1,353464,0,0,0,0,0,0,0,0,0,0,0,0,0,0,0,0,0,0,0,0,0
202601,17,185,2,3,Wabash County                                               ,0,0,0,0,0,0,0,0,0,0,0,0,0,0,0,0,0,0,0,0,0,0,0,0
202601,17,187,2,3,Warren County                                               ,1,1,147378,0,0,0,0,0,0,0,0,0,0,0,0,0,0,0,0,0,0,0,0,0
202601,17,189,2,3,Washington County                                           ,1,1,320650,0,0,0,0,0,0,0,0,0,0,0,0,0,0,0,0,0,0,0,0,0
202601,17,191,2,3,Wayne County                                                ,0,0,0,0,0,0,0,0,0,0,0,0,0,0,0,0,0,0,0,0,0,0,0,0
202601,17,193,2,3,White County                                                ,0,0,0,0,0,0,0,0,0,0,0,0,0,0,0,0,0,0,0,0,0,0,0,0
202601,17,195,2,3,Whiteside County                                            ,0,0,0,0,0,0,0,0,0,0,0,0,0,0,0,0,0,0,0,0,0,0,0,0
202601,17,197,2,3,Will County                                                 ,107,107,31373916,0,0,0,0,0,0,0,0,0,105,105,30902299,0,0,0,0,0,0,0,0,0
202601,17,199,2,3,Williamson County                                           ,7,7,1381095,0,0,0,1,3,224873,0,0,0,4,4,747139,0,0,0,0,0,0,0,0,0
202601,17,201,2,3,Winnebago County                                            ,5,5,202020,0,0,0,0,0,0,0,0,0,5,5,202020,0,0,0,0,0,0,0,0,0
202601,17,203,2,3,Woodford County                                             ,0,0,0,0,0,0,0,0,0,0,0,0,0,0,0,0,0,0,0,0,0,0,0,0
202601,18,001,2,3,Adams County                                                ,7,7,1686798,0,0,0,0,0,0,0,0,0,5,5,944000,0,0,0,0,0,0,0,0,0
202601,18,003,2,3,Allen County                                                ,69,69,25332569,0,0,0,0,0,0,0,0,0,69,69,25332569,0,0,0,0,0,0,0,0,0
202601,18,005,2,3,Bartholomew County                                          ,3,3,1006000,0,0,0,0,0,0,0,0,0,3,3,1006000,0,0,0,0,0,0,0,0,0
202601,18,007,2,3,Benton County                                               ,0,0,0,0,0,0,0,0,0,0,0,0,0,0,0,0,0,0,0,0,0,0,0,0
202601,18,009,2,3,Blackford County                                            ,0,0,0,0,0,0,0,0,0,0,0,0,0,0,0,0,0,0,0,0,0,0,0,0
202601,18,011,2,3,Boone County                                                ,73,73,31345704,0,0,0,0,0,0,0,0,0,73,73,31345704,0,0,0,0,0,0,0,0,0
202601,18,013,2,3,Brown County                                                ,4,4,1468555,0,0,0,0,0,0,0,0,0,4,4,1468555,0,0,0,0,0,0,0,0,0
202601,18,015,2,3,Carroll County                                              ,2,2,677743,0,0,0,0,0,0,0,0,0,2,2,677743,0,0,0,0,0,0,0,0,0
202601,18,017,2,3,Cass County                                                 ,2,2,705728,0,0,0,0,0,0,0,0,0,1,1,350000,0,0,0,0,0,0,0,0,0
202601,18,019,2,3,Clark County                                                ,59,59,19094772,0,0,0,0,0,0,1,24,2985000,55,55,18074196,0,0,0,0,0,0,1,24,2985000
202601,18,021,2,3,Clay County                                                 ,0,0,0,0,0,0,0,0,0,0,0,0,0,0,0,0,0,0,0,0,0,0,0,0
202601,18,023,2,3,Clinton County                                              ,4,4,896789,0,0,0,0,0,0,0,0,0,2,2,370000,0,0,0,0,0,0,0,0,0
202601,18,025,2,3,Crawford County                                             ,0,0,0,0,0,0,0,0,0,0,0,0,0,0,0,0,0,0,0,0,0,0,0,0
202601,18,027,2,3,Daviess County                                              ,2,2,551800,0,0,0,0,0,0,0,0,0,2,2,551800,0,0,0,0,0,0,0,0,0
202601,18,029,2,3,Dearborn County                                             ,8,8,3247000,0,0,0,0,0,0,0,0,0,8,8,3247000,0,0,0,0,0,0,0,0,0
202601,18,031,2,3,Decatur County                                              ,3,3,666368,0,0,0,0,0,0,0,0,0,0,0,0,0,0,0,0,0,0,0,0,0
202601,18,033,2,3,DeKalb County                                               ,1,1,650000,0,0,0,0,0,0,0,0,0,1,1,650000,0,0,0,0,0,0,0,0,0
202601,18,035,2,3,Delaware County                                             ,8,8,2566150,0,0,0,0,0,0,0,0,0,5,5,1115000,0,0,0,0,0,0,0,0,0
202601,18,037,2,3,Dubois County                                               ,8,8,681400,2,4,480000,0,0,0,0,0,0,7,7,533000,2,4,480000,0,0,0,0,0,0
202601,18,039,2,3,Elkhart County                                              ,16,16,6847000,0,0,0,0,0,0,0,0,0,16,16,6847000,0,0,0,0,0,0,0,0,0
202601,18,041,2,3,Fayette County                                              ,0,0,0,0,0,0,0,0,0,0,0,0,0,0,0,0,0,0,0,0,0,0,0,0
202601,18,043,2,3,Floyd County                                                ,13,13,3830431,1,2,351462,0,0,0,0,0,0,9,9,2912267,0,0,0,0,0,0,0,0,0
202601,18,045,2,3,Fountain County                                             ,0,0,0,0,0,0,0,0,0,0,0,0,0,0,0,0,0,0,0,0,0,0,0,0
202601,18,047,2,3,Franklin County                                             ,4,4,1152524,0,0,0,0,0,0,0,0,0,0,0,0,0,0,0,0,0,0,0,0,0
202601,18,049,2,3,Fulton County                                               ,1,1,303444,0,0,0,0,0,0,0,0,0,0,0,0,0,0,0,0,0,0,0,0,0
202601,18,051,2,3,Gibson County                                               ,4,4,916349,0,0,0,0,0,0,1,6,683333,1,1,427660,0,0,0,0,0,0,0,0,0
202601,18,053,2,3,Grant County                                                ,2,2,603095,0,0,0,0,0,0,0,0,0,1,1,327500,0,0,0,0,0,0,0,0,0
202601,18,057,2,3,Hamilton County                                             ,246,246,81727493,24,48,12072110,0,0,0,7,520,75843331,237,237,78567585,24,48,12072110,0,0,0,7,520,75843331
202601,18,059,2,3,Hancock County                                              ,46,46,16459498,0,0,0,0,0,0,0,0,0,46,46,16459498,0,0,0,0,0,0,0,0,0
202601,18,061,2,3,Harrison County                                             ,1,1,20500,0,0,0,0,0,0,0,0,0,1,1,20500,0,0,0,0,0,0,0,0,0
202601,18,063,2,3,Hendricks County                                            ,83,83,32538347,2,4,655278,0,0,0,0,0,0,83,83,32538347,2,4,655278,0,0,0,0,0,0
202601,18,065,2,3,Henry County                                                ,2,2,654294,0,0,0,0,0,0,0,0,0,0,0,0,0,0,0,0,0,0,0,0,0
202601,18,067,2,3,Howard County                                               ,7,7,1696136,0,0,0,0,0,0,0,0,0,5,5,1085000,0,0,0,0,0,0,0,0,0
202601,18,069,2,3,Huntington County                                           ,1,1,615000,0,0,0,0,0,0,0,0,0,1,1,615000,0,0,0,0,0,0,0,0,0
202601,18,071,2,3,Jackson County                                              ,7,7,2637093,0,0,0,0,0,0,0,0,0,4,4,1757139,0,0,0,0,0,0,0,0,0
202601,18,073,2,3,Jasper County                                               ,2,2,525000,0,0,0,0,0,0,0,0,0,2,2,525000,0,0,0,0,0,0,0,0,0
202601,18,075,2,3,Jay County                                                  ,0,0,0,0,0,0,0,0,0,0,0,0,0,0,0,0,0,0,0,0,0,0,0,0
202601,18,077,2,3,Jefferson County                                            ,2,2,898802,0,0,0,0,0,0,0,0,0,1,1,650000,0,0,0,0,0,0,0,0,0
202601,18,079,2,3,Jennings County                                             ,4,4,1057000,0,0,0,0,0,0,0,0,0,4,4,1057000,0,0,0,0,0,0,0,0,0
202601,18,081,2,3,Johnson County                                              ,66,66,25281258,0,0,0,0,0,0,0,0,0,65,65,24979816,0,0,0,0,0,0,0,0,0
202601,18,083,2,3,Knox County                                                 ,2,2,642158,0,0,0,0,0,0,0,0,0,1,1,341703,0,0,0,0,0,0,0,0,0
202601,18,085,2,3,Kosciusko County                                            ,12,12,3668491,0,0,0,0,0,0,0,0,0,12,12,3668491,0,0,0,0,0,0,0,0,0
202601,18,087,2,3,LaGrange County                                             ,7,7,1750000,0,0,0,0,0,0,0,0,0,7,7,1750000,0,0,0,0,0,0,0,0,0
202601,18,089,2,3,Lake County                                                 ,64,64,23762680,0,0,0,0,0,0,1,8,1129360,61,61,22496177,0,0,0,0,0,0,1,8,1129360
202601,18,091,2,3,LaPorte County                                              ,13,13,4841202,0,0,0,0,0,0,1,6,760000,0,0,0,0,0,0,0,0,0,0,0,0
202601,18,093,2,3,Lawrence County                                             ,3,3,753464,0,0,0,0,0,0,0,0,0,2,2,400000,0,0,0,0,0,0,0,0,0
202601,18,095,2,3,Madison County                                              ,12,12,3997078,0,0,0,0,0,0,0,0,0,8,8,3293700,0,0,0,0,0,0,0,0,0
202601,18,097,2,3,Marion County                                               ,76,76,330000,0,0,0,0,0,0,1,34,6700000,76,76,330000,0,0,0,0,0,0,1,34,6700000
202601,18,099,2,3,Marshall County                                             ,4,4,1780729,0,0,0,0,0,0,0,0,0,2,2,950000,0,0,0,0,0,0,0,0,0
202601,18,101,2,3,Martin County                                               ,0,0,0,0,0,0,0,0,0,0,0,0,0,0,0,0,0,0,0,0,0,0,0,0
202601,18,103,2,3,Miami County                                                ,0,0,0,0,0,0,0,0,0,0,0,0,0,0,0,0,0,0,0,0,0,0,0,0
202601,18,105,2,3,Monroe County                                               ,15,15,4710000,0,0,0,2,7,1540000,1,14,14400000,15,15,4710000,0,0,0,2,7,1540000,1,14,14400000
202601,18,107,2,3,Montgomery County                                           ,6,6,1617947,0,0,0,0,0,0,0,0,0,4,4,1135000,0,0,0,0,0,0,0,0,0
202601,18,109,2,3,Morgan County                                               ,13,13,4177827,0,0,0,0,0,0,0,0,0,13,13,4177827,0,0,0,0,0,0,0,0,0
202601,18,111,2,3,Newton County                                               ,0,0,0,0,0,0,0,0,0,0,0,0,0,0,0,0,0,0,0,0,0,0,0,0
202601,18,113,2,3,Noble County                                                ,6,6,1430574,0,0,0,0,0,0,0,0,0,3,3,581300,0,0,0,0,0,0,0,0,0
202601,18,115,2,3,Ohio County                                                 ,0,0,0,0,0,0,0,0,0,0,0,0,0,0,0,0,0,0,0,0,0,0,0,0
202601,18,117,2,3,Orange County                                               ,1,1,146667,0,0,0,0,0,0,1,5,909091,0,0,0,0,0,0,0,0,0,0,0,0
202601,18,119,2,3,Owen County                                                 ,8,8,2688486,0,0,0,0,0,0,0,0,0,0,0,0,0,0,0,0,0,0,0,0,0
202601,18,121,2,3,Parke County                                                ,7,7,2190000,0,0,0,0,0,0,0,0,0,7,7,2190000,0,0,0,0,0,0,0,0,0
202601,18,123,2,3,Perry County                                                ,1,1,281085,0,0,0,0,0,0,0,0,0,0,0,0,0,0,0,0,0,0,0,0,0
202601,18,125,2,3,Pike County                                                 ,0,0,0,0,0,0,0,0,0,0,0,0,0,0,0,0,0,0,0,0,0,0,0,0
202601,18,127,2,3,Porter County                                               ,41,41,17318036,0,0,0,0,0,0,0,0,0,40,40,17132450,0,0,0,0,0,0,0,0,0
202601,18,129,2,3,Posey County                                                ,2,2,734277,0,0,0,0,0,0,0,0,0,2,2,734277,0,0,0,0,0,0,0,0,0
202601,18,131,2,3,Pulaski County                                              ,1,1,200000,0,0,0,0,0,0,0,0,0,1,1,200000,0,0,0,0,0,0,0,0,0
202601,18,133,2,3,Putnam County                                               ,6,6,2202832,0,0,0,0,0,0,0,0,0,6,6,2202832,0,0,0,0,0,0,0,0,0
202601,18,135,2,3,Randolph County                                             ,1,1,164127,0,0,0,0,0,0,0,0,0,0,0,0,0,0,0,0,0,0,0,0,0
202601,18,137,2,3,Ripley County                                               ,5,5,1380575,0,0,0,0,0,0,1,7,550000,5,5,1380575,0,0,0,0,0,0,1,7,550000
202601,18,139,2,3,Rush County                                                 ,2,2,980000,0,0,0,0,0,0,0,0,0,2,2,980000,0,0,0,0,0,0,0,0,0
202601,18,141,2,3,St. Joseph County                                           ,28,28,13237335,0,0,0,0,0,0,0,0,0,28,28,13237335,0,0,0,0,0,0,0,0,0
202601,18,143,2,3,Scott County                                                ,6,6,2058515,0,0,0,0,0,0,0,0,0,6,6,2058515,0,0,0,0,0,0,0,0,0
202601,18,145,2,3,Shelby County                                               ,9,9,2773303,0,0,0,0,0,0,0,0,0,9,9,2773303,0,0,0,0,0,0,0,0,0
202601,18,147,2,3,Spencer County                                              ,2,2,687081,0,0,0,0,0,0,0,0,0,0,0,0,0,0,0,0,0,0,0,0,0
202601,18,149,2,3,Starke County                                               ,4,4,1184445,0,0,0,0,0,0,0,0,0,3,3,892845,0,0,0,0,0,0,0,0,0
202601,18,151,2,3,Steuben County                                              ,5,5,2718000,0,0,0,0,0,0,0,0,0,5,5,2718000,0,0,0,0,0,0,0,0,0
202601,18,153,2,3,Sullivan County                                             ,0,0,0,0,0,0,0,0,0,0,0,0,0,0,0,0,0,0,0,0,0,0,0,0
202601,18,155,2,3,Switzerland County                                          ,3,3,174798,0,0,0,0,0,0,0,0,0,0,0,0,0,0,0,0,0,0,0,0,0
202601,18,157,2,3,Tippecanoe County                                           ,14,14,5165336,0,0,0,0,0,0,2,56,6603619,13,13,4913526,0,0,0,0,0,0,0,0,0
202601,18,159,2,3,Tipton County                                               ,2,2,416491,0,0,0,0,0,0,0,0,0,0,0,0,0,0,0,0,0,0,0,0,0
202601,18,161,2,3,Union County                                                ,0,0,0,0,0,0,0,0,0,0,0,0,0,0,0,0,0,0,0,0,0,0,0,0
202601,18,163,2,3,Vanderburgh County                                          ,24,24,5591865,0,0,0,0,0,0,0,0,0,14,14,2283952,0,0,0,0,0,0,0,0,0
202601,18,165,2,3,Vermillion County                                           ,1,1,870000,0,0,0,0,0,0,0,0,0,1,1,870000,0,0,0,0,0,0,0,0,0
202601,18,167,2,3,Vigo County                                                 ,5,5,659903,0,0,0,0,0,0,0,0,0,0,0,0,0,0,0,0,0,0,0,0,0
202601,18,169,2,3,Wabash County                                               ,19,19,6665654,0,0,0,0,0,0,0,0,0,19,19,6665654,0,0,0,0,0,0,0,0,0
202601,18,171,2,3,Warren County                                               ,2,2,734277,0,0,0,0,0,0,0,0,0,2,2,734277,0,0,0,0,0,0,0,0,0
202601,18,173,2,3,Warrick County                                              ,12,12,3526747,0,0,0,0,0,0,0,0,0,12,12,3526747,0,0,0,0,0,0,0,0,0
202601,18,175,2,3,Washington County                                           ,1,1,700000,0,0,0,0,0,0,0,0,0,1,1,700000,0,0,0,0,0,0,0,0,0
202601,18,177,2,3,Wayne County                                                ,2,2,448224,0,0,0,0,0,0,0,0,0,1,1,125000,0,0,0,0,0,0,0,0,0
202601,18,179,2,3,Wells County                                                ,4,4,1468555,0,0,0,0,0,0,0,0,0,4,4,1468555,0,0,0,0,0,0,0,0,0
202601,18,181,2,3,White County                                                ,3,3,1025000,0,0,0,0,0,0,0,0,0,3,3,1025000,0,0,0,0,0,0,0,0,0
202601,18,183,2,3,Whitley County                                              ,0,0,0,0,0,0,0,0,0,0,0,0,0,0,0,0,0,0,0,0,0,0,0,0
202601,19,001,2,4,Adair County                                                ,1,1,320650,0,0,0,0,0,0,0,0,0,0,0,0,0,0,0,0,0,0,0,0,0
202601,19,003,2,4,Adams County                                                ,0,0,0,0,0,0,0,0,0,0,0,0,0,0,0,0,0,0,0,0,0,0,0,0
202601,19,005,2,4,Allamakee County                                            ,0,0,0,0,0,0,0,0,0,1,5,500000,0,0,0,0,0,0,0,0,0,0,0,0
202601,19,007,2,4,Appanoose County                                            ,0,0,0,0,0,0,0,0,0,0,0,0,0,0,0,0,0,0,0,0,0,0,0,0
202601,19,009,2,4,Audubon County                                              ,0,0,0,0,0,0,0,0,0,0,0,0,0,0,0,0,0,0,0,0,0,0,0,0
202601,19,011,2,4,Benton County                                               ,2,2,630467,0,0,0,0,0,0,0,0,0,0,0,0,0,0,0,0,0,0,0,0,0
202601,19,013,2,4,Black Hawk County                                           ,6,6,2238732,0,0,0,0,0,0,0,0,0,3,3,1300000,0,0,0,0,0,0,0,0,0
202601,19,015,2,4,Boone County                                                ,2,2,247500,0,0,0,0,0,0,0,0,0,2,2,247500,0,0,0,0,0,0,0,0,0
202601,19,017,2,4,Bremer County                                               ,7,7,1523623,0,0,0,0,0,0,0,0,0,6,6,1066956,0,0,0,0,0,0,0,0,0
202601,19,019,2,4,Buchanan County                                             ,1,1,320650,0,0,0,0,0,0,0,0,0,0,0,0,0,0,0,0,0,0,0,0,0
202601,19,021,2,4,Buena Vista County                                          ,1,1,348300,0,0,0,0,0,0,0,0,0,0,0,0,0,0,0,0,0,0,0,0,0
202601,19,023,2,4,Butler County                                               ,0,0,0,0,0,0,0,0,0,0,0,0,0,0,0,0,0,0,0,0,0,0,0,0
202601,19,025,2,4,Calhoun County                                              ,1,1,285000,0,0,0,0,0,0,0,0,0,0,0,0,0,0,0,0,0,0,0,0,0
202601,19,027,2,4,Carroll County                                              ,2,2,1065793,0,0,0,0,0,0,0,0,0,0,0,0,0,0,0,0,0,0,0,0,0
202601,19,029,2,4,Cass County                                                 ,0,0,0,0,0,0,0,0,0,0,0,0,0,0,0,0,0,0,0,0,0,0,0,0
202601,19,031,2,4,Cedar County                                                ,0,0,0,0,0,0,0,0,0,0,0,0,0,0,0,0,0,0,0,0,0,0,0,0
202601,19,033,2,4,Cerro Gordo County                                          ,0,0,0,0,0,0,0,0,0,0,0,0,0,0,0,0,0,0,0,0,0,0,0,0
202601,19,035,2,4,Cherokee County                                             ,1,1,393750,0,0,0,0,0,0,1,5,544643,0,0,0,0,0,0,0,0,0,0,0,0
202601,19,037,2,4,Chickasaw County                                            ,1,1,34345,0,0,0,0,0,0,0,0,0,0,0,0,0,0,0,0,0,0,0,0,0
202601,19,039,2,4,Clarke County                                               ,4,4,483066,0,0,0,0,0,0,0,0,0,0,0,0,0,0,0,0,0,0,0,0,0
202601,19,041,2,4,Clay County                                                 ,0,0,0,0,0,0,0,0,0,0,0,0,0,0,0,0,0,0,0,0,0,0,0,0
202601,19,043,2,4,Clayton County                                              ,1,1,750000,1,2,160000,0,0,0,0,0,0,0,0,0,0,0,0,0,0,0,0,0,0
202601,19,045,2,4,Clinton County                                              ,1,1,370000,0,0,0,0,0,0,1,5,833333,0,0,0,0,0,0,0,0,0,0,0,0
202601,19,047,2,4,Crawford County                                             ,1,1,550000,0,0,0,0,0,0,0,0,0,0,0,0,0,0,0,0,0,0,0,0,0
202601,19,049,2,4,Dallas County                                               ,25,25,10422274,0,0,0,0,0,0,0,0,0,23,23,9841270,0,0,0,0,0,0,0,0,0
202601,19,051,2,4,Davis County                                                ,0,0,0,0,0,0,0,0,0,0,0,0,0,0,0,0,0,0,0,0,0,0,0,0
202601,19,053,2,4,Decatur County                                              ,1,1,320650,0,0,0,0,0,0,0,0,0,0,0,0,0,0,0,0,0,0,0,0,0
202601,19,055,2,4,Delaware County                                             ,0,0,0,0,0,0,0,0,0,0,0,0,0,0,0,0,0,0,0,0,0,0,0,0
202601,19,057,2,4,Des Moines County                                           ,0,0,0,0,0,0,0,0,0,1,5,699298,0,0,0,0,0,0,0,0,0,0,0,0
202601,19,059,2,4,Dickinson County                                            ,0,0,0,0,0,0,0,0,0,0,0,0,0,0,0,0,0,0,0,0,0,0,0,0
202601,19,061,2,4,Dubuque County                                              ,2,2,1440479,0,0,0,0,0,0,4,120,13000000,1,1,1000000,0,0,0,0,0,0,4,120,13000000
202601,19,063,2,4,Emmet County                                                ,0,0,0,0,0,0,0,0,0,1,5,417969,0,0,0,0,0,0,0,0,0,0,0,0
202601,19,065,2,4,Fayette County                                              ,0,0,0,0,0,0,0,0,0,0,0,0,0,0,0,0,0,0,0,0,0,0,0,0
202601,19,067,2,4,Floyd County                                                ,6,6,150000,0,0,0,0,0,0,0,0,0,6,6,150000,0,0,0,0,0,0,0,0,0
202601,19,069,2,4,Franklin County                                             ,1,1,277500,0,0,0,0,0,0,0,0,0,0,0,0,0,0,0,0,0,0,0,0,0
202601,19,071,2,4,Fremont County                                              ,0,0,0,0,0,0,0,0,0,0,0,0,0,0,0,0,0,0,0,0,0,0,0,0
202601,19,073,2,4,Greene County                                               ,0,0,0,0,0,0,0,0,0,0,0,0,0,0,0,0,0,0,0,0,0,0,0,0
202601,19,075,2,4,Grundy County                                               ,1,1,481167,0,0,0,0,0,0,0,0,0,0,0,0,0,0,0,0,0,0,0,0,0
202601,19,077,2,4,Guthrie County                                              ,5,5,1402599,0,0,0,0,0,0,0,0,0,5,5,1402599,0,0,0,0,0,0,0,0,0
202601,19,079,2,4,Hamilton County                                             ,0,0,0,0,0,0,0,0,0,0,0,0,0,0,0,0,0,0,0,0,0,0,0,0
202601,19,081,2,4,Hancock County                                              ,0,0,0,0,0,0,0,0,0,0,0,0,0,0,0,0,0,0,0,0,0,0,0,0
202601,19,083,2,4,Hardin County                                               ,1,1,320650,0,0,0,0,0,0,0,0,0,0,0,0,0,0,0,0,0,0,0,0,0
202601,19,085,2,4,Harrison County                                             ,2,2,560000,0,0,0,0,0,0,0,0,0,2,2,560000,0,0,0,0,0,0,0,0,0
202601,19,087,2,4,Henry County                                                ,1,1,258704,0,0,0,0,0,0,0,0,0,0,0,0,0,0,0,0,0,0,0,0,0
202601,19,089,2,4,Howard County                                               ,0,0,0,0,0,0,0,0,0,0,0,0,0,0,0,0,0,0,0,0,0,0,0,0
202601,19,091,2,4,Humboldt County                                             ,0,0,0,0,0,0,0,0,0,0,0,0,0,0,0,0,0,0,0,0,0,0,0,0
202601,19,093,2,4,Ida County                                                  ,0,0,0,0,0,0,0,0,0,0,0,0,0,0,0,0,0,0,0,0,0,0,0,0
202601,19,095,2,4,Iowa County                                                 ,1,1,320650,0,0,0,0,0,0,0,0,0,0,0,0,0,0,0,0,0,0,0,0,0
202601,19,097,2,4,Jackson County                                              ,0,0,0,0,0,0,0,0,0,0,0,0,0,0,0,0,0,0,0,0,0,0,0,0
202601,19,099,2,4,Jasper County                                               ,0,0,0,0,0,0,0,0,0,0,0,0,0,0,0,0,0,0,0,0,0,0,0,0
202601,19,101,2,4,Jefferson County                                            ,0,0,0,0,0,0,0,0,0,0,0,0,0,0,0,0,0,0,0,0,0,0,0,0
202601,19,103,2,4,Johnson County                                              ,15,15,5929291,0,0,0,0,0,0,1,9,1307503,9,9,3830224,0,0,0,0,0,0,0,0,0
202601,19,105,2,4,Jones County                                                ,1,1,353464,0,0,0,0,0,0,0,0,0,0,0,0,0,0,0,0,0,0,0,0,0
202601,19,107,2,4,Keokuk County                                               ,0,0,0,0,0,0,0,0,0,0,0,0,0,0,0,0,0,0,0,0,0,0,0,0
202601,19,109,2,4,Kossuth County                                              ,0,0,0,0,0,0,0,0,0,0,0,0,0,0,0,0,0,0,0,0,0,0,0,0
202601,19,111,2,4,Lee County                                                  ,0,0,0,0,0,0,0,0,0,1,5,990004,0,0,0,0,0,0,0,0,0,0,0,0
202601,19,113,2,4,Linn County                                                 ,11,11,3781503,0,0,0,0,0,0,2,18,2500000,9,9,3323265,0,0,0,0,0,0,2,18,2500000
202601,19,115,2,4,Louisa County                                               ,0,0,0,0,0,0,0,0,0,0,0,0,0,0,0,0,0,0,0,0,0,0,0,0
202601,19,117,2,4,Lucas County                                                ,1,1,100000,0,0,0,0,0,0,0,0,0,0,0,0,0,0,0,0,0,0,0,0,0
202601,19,119,2,4,Lyon County                                                 ,2,2,850000,0,0,0,0,0,0,0,0,0,2,2,850000,0,0,0,0,0,0,0,0,0
202601,19,121,2,4,Madison County                                              ,1,1,460000,0,0,0,0,0,0,0,0,0,1,1,460000,0,0,0,0,0,0,0,0,0
202601,19,123,2,4,Mahaska County                                              ,0,0,0,0,0,0,0,0,0,0,0,0,0,0,0,0,0,0,0,0,0,0,0,0
202601,19,125,2,4,Marion County                                               ,3,3,1199654,1,2,716667,0,0,0,0,0,0,0,0,0,0,0,0,0,0,0,0,0,0
202601,19,127,2,4,Marshall County                                             ,1,1,400000,0,0,0,0,0,0,0,0,0,1,1,400000,0,0,0,0,0,0,0,0,0
202601,19,129,2,4,Mills County                                                ,2,2,750000,0,0,0,0,0,0,0,0,0,2,2,750000,0,0,0,0,0,0,0,0,0
202601,19,131,2,4,Mitchell County                                             ,1,1,276421,0,0,0,0,0,0,0,0,0,0,0,0,0,0,0,0,0,0,0,0,0
202601,19,133,2,4,Monona County                                               ,0,0,0,0,0,0,0,0,0,0,0,0,0,0,0,0,0,0,0,0,0,0,0,0
202601,19,135,2,4,Monroe County                                               ,0,0,0,0,0,0,0,0,0,0,0,0,0,0,0,0,0,0,0,0,0,0,0,0
202601,19,137,2,4,Montgomery County                                           ,2,2,748333,0,0,0,0,0,0,0,0,0,0,0,0,0,0,0,0,0,0,0,0,0
202601,19,139,2,4,Muscatine County                                            ,2,2,553464,0,0,0,0,0,0,0,0,0,1,1,200000,0,0,0,0,0,0,0,0,0
202601,19,141,2,4,O'Brien County                                              ,0,0,0,0,0,0,0,0,0,0,0,0,0,0,0,0,0,0,0,0,0,0,0,0
202601,19,143,2,4,Osceola County                                              ,1,1,235000,0,0,0,0,0,0,0,0,0,0,0,0,0,0,0,0,0,0,0,0,0
202601,19,145,2,4,Page County                                                 ,0,0,0,0,0,0,0,0,0,0,0,0,0,0,0,0,0,0,0,0,0,0,0,0
202601,19,147,2,4,Palo Alto County                                            ,0,0,0,0,0,0,0,0,0,0,0,0,0,0,0,0,0,0,0,0,0,0,0,0
202601,19,149,2,4,Plymouth County                                             ,1,1,500000,0,0,0,0,0,0,0,0,0,1,1,500000,0,0,0,0,0,0,0,0,0
202601,19,151,2,4,Pocahontas County                                           ,0,0,0,0,0,0,0,0,0,0,0,0,0,0,0,0,0,0,0,0,0,0,0,0
202601,19,153,2,4,Polk County                                                 ,138,138,20922439,0,0,0,0,0,0,0,0,0,138,138,20922439,0,0,0,0,0,0,0,0,0
202601,19,155,2,4,Pottawattamie County                                        ,6,6,1452973,0,0,0,0,0,0,13,231,50639454,5,5,1226306,0,0,0,0,0,0,13,231,50639454
202601,19,157,2,4,Poweshiek County                                            ,1,1,292565,0,0,0,0,0,0,0,0,0,0,0,0,0,0,0,0,0,0,0,0,0
202601,19,159,2,4,Ringgold County                                             ,0,0,0,0,0,0,0,0,0,0,0,0,0,0,0,0,0,0,0,0,0,0,0,0
202601,19,161,2,4,Sac County                                                  ,0,0,0,0,0,0,0,0,0,0,0,0,0,0,0,0,0,0,0,0,0,0,0,0
202601,19,163,2,4,Scott County                                                ,15,15,4545762,1,2,349292,0,0,0,0,0,0,15,15,4545762,1,2,349292,0,0,0,0,0,0
202601,19,165,2,4,Shelby County                                               ,0,0,0,0,0,0,0,0,0,0,0,0,0,0,0,0,0,0,0,0,0,0,0,0
202601,19,167,2,4,Sioux County                                                ,4,4,1754847,0,0,0,0,0,0,0,0,0,3,3,1425000,0,0,0,0,0,0,0,0,0
202601,19,169,2,4,Story County                                                ,13,13,5799616,0,0,0,0,0,0,1,25,4298586,12,12,5499616,0,0,0,0,0,0,1,25,4298586
202601,19,171,2,4,Tama County                                                 ,0,0,0,0,0,0,0,0,0,0,0,0,0,0,0,0,0,0,0,0,0,0,0,0
202601,19,173,2,4,Taylor County                                               ,0,0,0,0,0,0,0,0,0,0,0,0,0,0,0,0,0,0,0,0,0,0,0,0
202601,19,175,2,4,Union County                                                ,0,0,0,0,0,0,0,0,0,0,0,0,0,0,0,0,0,0,0,0,0,0,0,0
202601,19,177,2,4,Van Buren County                                            ,0,0,0,0,0,0,0,0,0,0,0,0,0,0,0,0,0,0,0,0,0,0,0,0
202601,19,179,2,4,Wapello County                                              ,2,2,525905,0,0,0,0,0,0,0,0,0,0,0,0,0,0,0,0,0,0,0,0,0
202601,19,181,2,4,Warren County                                               ,8,8,1874703,0,0,0,0,0,0,0,0,0,7,7,1500000,0,0,0,0,0,0,0,0,0
202601,19,183,2,4,Washington County                                           ,0,0,0,0,0,0,0,0,0,0,0,0,0,0,0,0,0,0,0,0,0,0,0,0
202601,19,185,2,4,Wayne County                                                ,3,3,330216,0,0,0,0,0,0,0,0,0,0,0,0,0,0,0,0,0,0,0,0,0
202601,19,187,2,4,Webster County                                              ,4,4,804286,0,0,0,0,0,0,0,0,0,2,2,365000,0,0,0,0,0,0,0,0,0
202601,19,189,2,4,Winnebago County                                            ,0,0,0,0,0,0,0,0,0,0,0,0,0,0,0,0,0,0,0,0,0,0,0,0
202601,19,191,2,4,Winneshiek County                                           ,0,0,0,0,0,0,0,0,0,0,0,0,0,0,0,0,0,0,0,0,0,0,0,0
202601,19,193,2,4,Woodbury County                                             ,2,2,425000,0,0,0,0,0,0,0,0,0,2,2,425000,0,0,0,0,0,0,0,0,0
202601,19,195,2,4,Worth County                                                ,0,0,0,0,0,0,0,0,0,0,0,0,0,0,0,0,0,0,0,0,0,0,0,0
202601,19,197,2,4,Wright County                                               ,1,1,235000,0,0,0,0,0,0,1,5,625000,0,0,0,0,0,0,0,0,0,0,0,0
202601,20,001,2,4,Allen County                                                ,1,1,185625,0,0,0,0,0,0,0,0,0,0,0,0,0,0,0,0,0,0,0,0,0
202601,20,003,2,4,Anderson County                                             ,0,0,0,0,0,0,0,0,0,0,0,0,0,0,0,0,0,0,0,0,0,0,0,0
202601,20,005,2,4,Atchison County                                             ,1,1,300000,0,0,0,0,0,0,0,0,0,0,0,0,0,0,0,0,0,0,0,0,0
202601,20,007,2,4,Barber County                                               ,0,0,0,0,0,0,0,0,0,0,0,0,0,0,0,0,0,0,0,0,0,0,0,0
202601,20,009,2,4,Barton County                                               ,0,0,0,0,0,0,0,0,0,0,0,0,0,0,0,0,0,0,0,0,0,0,0,0
202601,20,011,2,4,Bourbon County                                              ,1,1,100000,1,2,300000,0,0,0,0,0,0,0,0,0,0,0,0,0,0,0,0,0,0
202601,20,013,2,4,Brown County                                                ,0,0,0,0,0,0,0,0,0,0,0,0,0,0,0,0,0,0,0,0,0,0,0,0
202601,20,015,2,4,Butler County                                               ,8,8,2627649,1,2,325000,1,3,1875000,0,0,0,1,1,130000,0,0,0,0,0,0,0,0,0
202601,20,017,2,4,Chase County                                                ,0,0,0,0,0,0,0,0,0,0,0,0,0,0,0,0,0,0,0,0,0,0,0,0
202601,20,019,2,4,Chautauqua County                                           ,0,0,0,0,0,0,0,0,0,0,0,0,0,0,0,0,0,0,0,0,0,0,0,0
202601,20,021,2,4,Cherokee County                                             ,1,1,45000,0,0,0,0,0,0,0,0,0,1,1,45000,0,0,0,0,0,0,0,0,0
202601,20,023,2,4,Cheyenne County                                             ,0,0,0,0,0,0,0,0,0,0,0,0,0,0,0,0,0,0,0,0,0,0,0,0
202601,20,025,2,4,Clark County                                                ,0,0,0,0,0,0,0,0,0,0,0,0,0,0,0,0,0,0,0,0,0,0,0,0
202601,20,027,2,4,Clay County                                                 ,1,1,231263,0,0,0,0,0,0,0,0,0,0,0,0,0,0,0,0,0,0,0,0,0
202601,20,029,2,4,Cloud County                                                ,0,0,0,0,0,0,0,0,0,0,0,0,0,0,0,0,0,0,0,0,0,0,0,0
202601,20,031,2,4,Coffey County                                               ,0,0,0,0,0,0,0,0,0,0,0,0,0,0,0,0,0,0,0,0,0,0,0,0
202601,20,033,2,4,Comanche County                                             ,0,0,0,0,0,0,0,0,0,0,0,0,0,0,0,0,0,0,0,0,0,0,0,0
202601,20,035,2,4,Cowley County                                               ,2,2,283360,0,0,0,0,0,0,0,0,0,0,0,0,0,0,0,0,0,0,0,0,0
202601,20,037,2,4,Crawford County                                             ,4,4,1373000,0,0,0,0,0,0,0,0,0,4,4,1373000,0,0,0,0,0,0,0,0,0
202601,20,039,2,4,Decatur County                                              ,0,0,0,0,0,0,0,0,0,0,0,0,0,0,0,0,0,0,0,0,0,0,0,0
202601,20,041,2,4,Dickinson County                                            ,0,0,0,0,0,0,0,0,0,0,0,0,0,0,0,0,0,0,0,0,0,0,0,0
202601,20,043,2,4,Doniphan County                                             ,1,1,353464,0,0,0,0,0,0,0,0,0,0,0,0,0,0,0,0,0,0,0,0,0
202601,20,045,2,4,Douglas County                                              ,11,11,4256030,0,0,0,0,0,0,1,5,656349,4,4,2048000,0,0,0,0,0,0,0,0,0
202601,20,047,2,4,Edwards County                                              ,0,0,0,0,0,0,0,0,0,0,0,0,0,0,0,0,0,0,0,0,0,0,0,0
202601,20,051,2,4,Ellis County                                                ,3,3,841703,1,2,150000,0,0,0,0,0,0,3,3,841703,1,2,150000,0,0,0,0,0,0
202601,20,053,2,4,Ellsworth County                                            ,0,0,0,0,0,0,0,0,0,0,0,0,0,0,0,0,0,0,0,0,0,0,0,0
202601,20,055,2,4,Finney County                                               ,2,2,519000,0,0,0,0,0,0,0,0,0,2,2,519000,0,0,0,0,0,0,0,0,0
202601,20,057,2,4,Ford County                                                 ,1,1,200000,1,2,200000,0,0,0,0,0,0,1,1,200000,1,2,200000,0,0,0,0,0,0
202601,20,059,2,4,Franklin County                                             ,4,4,1114500,0,0,0,0,0,0,0,0,0,4,4,1114500,0,0,0,0,0,0,0,0,0
202601,20,061,2,4,Geary County                                                ,4,4,1149824,0,0,0,0,0,0,0,0,0,2,2,605999,0,0,0,0,0,0,0,0,0
202601,20,063,2,4,Gove County                                                 ,0,0,0,0,0,0,0,0,0,0,0,0,0,0,0,0,0,0,0,0,0,0,0,0
202601,20,065,2,4,Graham County                                               ,0,0,0,0,0,0,0,0,0,0,0,0,0,0,0,0,0,0,0,0,0,0,0,0
202601,20,067,2,4,Grant County                                                ,0,0,0,0,0,0,0,0,0,0,0,0,0,0,0,0,0,0,0,0,0,0,0,0
202601,20,069,2,4,Gray County                                                 ,0,0,0,0,0,0,0,0,0,0,0,0,0,0,0,0,0,0,0,0,0,0,0,0
202601,20,071,2,4,Greeley County                                              ,0,0,0,0,0,0,0,0,0,0,0,0,0,0,0,0,0,0,0,0,0,0,0,0
202601,20,073,2,4,Greenwood County                                            ,0,0,0,0,0,0,0,0,0,0,0,0,0,0,0,0,0,0,0,0,0,0,0,0
202601,20,075,2,4,Hamilton County                                             ,0,0,0,0,0,0,0,0,0,0,0,0,0,0,0,0,0,0,0,0,0,0,0,0
202601,20,077,2,4,Harper County                                               ,0,0,0,0,0,0,0,0,0,0,0,0,0,0,0,0,0,0,0,0,0,0,0,0
202601,20,079,2,4,Harvey County                                               ,3,3,1110377,1,2,300000,0,0,0,0,0,0,2,2,810152,1,2,300000,0,0,0,0,0,0
202601,20,081,2,4,Haskell County                                              ,0,0,0,0,0,0,0,0,0,0,0,0,0,0,0,0,0,0,0,0,0,0,0,0
202601,20,083,2,4,Hodgeman County                                             ,0,0,0,0,0,0,0,0,0,0,0,0,0,0,0,0,0,0,0,0,0,0,0,0
202601,20,085,2,4,Jackson County                                              ,2,2,740000,0,0,0,0,0,0,0,0,0,2,2,740000,0,0,0,0,0,0,0,0,0
202601,20,087,2,4,Jefferson County                                            ,1,1,250000,0,0,0,0,0,0,0,0,0,1,1,250000,0,0,0,0,0,0,0,0,0
202601,20,089,2,4,Jewell County                                               ,0,0,0,0,0,0,0,0,0,0,0,0,0,0,0,0,0,0,0,0,0,0,0,0
202601,20,091,2,4,Johnson County                                              ,143,143,74650348,0,0,0,0,0,0,5,36,13122905,141,141,69789870,0,0,0,0,0,0,5,36,13122905
202601,20,093,2,4,Kearny County                                               ,0,0,0,0,0,0,0,0,0,0,0,0,0,0,0,0,0,0,0,0,0,0,0,0
202601,20,095,2,4,Kingman County                                              ,2,2,486000,0,0,0,0,0,0,0,0,0,2,2,486000,0,0,0,0,0,0,0,0,0
202601,20,097,2,4,Kiowa County                                                ,0,0,0,0,0,0,0,0,0,0,0,0,0,0,0,0,0,0,0,0,0,0,0,0
202601,20,099,2,4,Labette County                                              ,0,0,0,0,0,0,0,0,0,0,0,0,0,0,0,0,0,0,0,0,0,0,0,0
202601,20,101,2,4,Lane County                                                 ,0,0,0,0,0,0,0,0,0,0,0,0,0,0,0,0,0,0,0,0,0,0,0,0
202601,20,103,2,4,Leavenworth County                                          ,12,12,2645399,0,0,0,0,0,0,0,0,0,12,12,2645399,0,0,0,0,0,0,0,0,0
202601,20,105,2,4,Lincoln County                                              ,0,0,0,0,0,0,0,0,0,0,0,0,0,0,0,0,0,0,0,0,0,0,0,0
202601,20,107,2,4,Linn County                                                 ,2,2,202000,0,0,0,0,0,0,0,0,0,2,2,202000,0,0,0,0,0,0,0,0,0
202601,20,109,2,4,Logan County                                                ,0,0,0,0,0,0,0,0,0,0,0,0,0,0,0,0,0,0,0,0,0,0,0,0
202601,20,111,2,4,Lyon County                                                 ,3,3,896800,0,0,0,0,0,0,0,0,0,0,0,0,0,0,0,0,0,0,0,0,0
202601,20,113,2,4,McPherson County                                            ,4,4,724899,1,2,319375,0,0,0,0,0,0,0,0,0,0,0,0,0,0,0,0,0,0
202601,20,115,2,4,Marion County                                               ,2,2,683406,0,0,0,0,0,0,0,0,0,2,2,683406,0,0,0,0,0,0,0,0,0
202601,20,117,2,4,Marshall County                                             ,0,0,0,0,0,0,0,0,0,0,0,0,0,0,0,0,0,0,0,0,0,0,0,0
202601,20,119,2,4,Meade County                                                ,0,0,0,0,0,0,0,0,0,0,0,0,0,0,0,0,0,0,0,0,0,0,0,0
202601,20,121,2,4,Miami County                                                ,4,4,2248038,0,0,0,0,0,0,0,0,0,2,2,2059500,0,0,0,0,0,0,0,0,0
202601,20,123,2,4,Mitchell County                                             ,0,0,0,0,0,0,0,0,0,0,0,0,0,0,0,0,0,0,0,0,0,0,0,0
202601,20,125,2,4,Montgomery County                                           ,0,0,0,0,0,0,0,0,0,0,0,0,0,0,0,0,0,0,0,0,0,0,0,0
202601,20,127,2,4,Morris County                                               ,0,0,0,0,0,0,0,0,0,0,0,0,0,0,0,0,0,0,0,0,0,0,0,0
202601,20,129,2,4,Morton County                                               ,0,0,0,0,0,0,0,0,0,0,0,0,0,0,0,0,0,0,0,0,0,0,0,0
202601,20,131,2,4,Nemaha County                                               ,1,1,408701,0,0,0,0,0,0,0,0,0,0,0,0,0,0,0,0,0,0,0,0,0
202601,20,133,2,4,Neosho County                                               ,0,0,0,0,0,0,0,0,0,0,0,0,0,0,0,0,0,0,0,0,0,0,0,0
202601,20,135,2,4,Ness County                                                 ,0,0,0,0,0,0,0,0,0,0,0,0,0,0,0,0,0,0,0,0,0,0,0,0
202601,20,137,2,4,Norton County                                               ,0,0,0,0,0,0,0,0,0,0,0,0,0,0,0,0,0,0,0,0,0,0,0,0
202601,20,139,2,4,Osage County                                                ,1,1,320650,0,0,0,0,0,0,0,0,0,0,0,0,0,0,0,0,0,0,0,0,0
202601,20,141,2,4,Osborne County                                              ,0,0,0,0,0,0,0,0,0,0,0,0,0,0,0,0,0,0,0,0,0,0,0,0
202601,20,143,2,4,Ottawa County                                               ,1,1,200000,0,0,0,0,0,0,0,0,0,1,1,200000,0,0,0,0,0,0,0,0,0
202601,20,145,2,4,Pawnee County                                               ,0,0,0,0,0,0,0,0,0,0,0,0,0,0,0,0,0,0,0,0,0,0,0,0
202601,20,147,2,4,Phillips County                                             ,0,0,0,0,0,0,0,0,0,0,0,0,0,0,0,0,0,0,0,0,0,0,0,0
202601,20,149,2,4,Pottawatomie County                                         ,6,6,2129371,0,0,0,0,0,0,0,0,0,1,1,378000,0,0,0,0,0,0,0,0,0
202601,20,151,2,4,Pratt County                                                ,0,0,0,0,0,0,0,0,0,0,0,0,0,0,0,0,0,0,0,0,0,0,0,0
202601,20,153,2,4,Rawlins County                                              ,0,0,0,0,0,0,0,0,0,0,0,0,0,0,0,0,0,0,0,0,0,0,0,0
202601,20,155,2,4,Reno County                                                 ,2,2,240000,0,0,0,0,0,0,0,0,0,1,1,140000,0,0,0,0,0,0,0,0,0
202601,20,157,2,4,Republic County                                             ,1,1,206250,0,0,0,0,0,0,0,0,0,0,0,0,0,0,0,0,0,0,0,0,0
202601,20,159,2,4,Rice County                                                 ,1,1,325167,0,0,0,0,0,0,0,0,0,0,0,0,0,0,0,0,0,0,0,0,0
202601,20,161,2,4,Riley County                                                ,5,5,5080635,2,4,923298,2,7,1393731,1,14,3446175,5,5,5080635,2,4,923298,2,7,1393731,1,14,3446175
202601,20,163,2,4,Rooks County                                                ,0,0,0,0,0,0,0,0,0,0,0,0,0,0,0,0,0,0,0,0,0,0,0,0
202601,20,165,2,4,Rush County                                                 ,0,0,0,0,0,0,0,0,0,0,0,0,0,0,0,0,0,0,0,0,0,0,0,0
202601,20,167,2,4,Russell County                                              ,0,0,0,0,0,0,0,0,0,0,0,0,0,0,0,0,0,0,0,0,0,0,0,0
202601,20,169,2,4,Saline County                                               ,6,6,1775739,0,0,0,0,0,0,0,0,0,6,6,1775739,0,0,0,0,0,0,0,0,0
202601,20,171,2,4,Scott County                                                ,0,0,0,0,0,0,0,0,0,0,0,0,0,0,0,0,0,0,0,0,0,0,0,0
202601,20,173,2,4,Sedgwick County                                             ,87,87,26015418,21,42,5429910,0,0,0,0,0,0,65,65,19171861,16,32,3920000,0,0,0,0,0,0
202601,20,175,2,4,Seward County                                               ,0,0,0,0,0,0,0,0,0,0,0,0,0,0,0,0,0,0,0,0,0,0,0,0
202601,20,177,2,4,Shawnee County                                              ,8,8,1768783,0,0,0,0,0,0,0,0,0,8,8,1768783,0,0,0,0,0,0,0,0,0
202601,20,181,2,4,Sherman County                                              ,0,0,0,0,0,0,0,0,0,0,0,0,0,0,0,0,0,0,0,0,0,0,0,0
202601,20,183,2,4,Smith County                                                ,0,0,0,0,0,0,0,0,0,0,0,0,0,0,0,0,0,0,0,0,0,0,0,0
202601,20,185,2,4,Stafford County                                             ,0,0,0,0,0,0,0,0,0,0,0,0,0,0,0,0,0,0,0,0,0,0,0,0
202601,20,187,2,4,Stanton County                                              ,0,0,0,0,0,0,0,0,0,0,0,0,0,0,0,0,0,0,0,0,0,0,0,0
202601,20,189,2,4,Stevens County                                              ,0,0,0,0,0,0,0,0,0,0,0,0,0,0,0,0,0,0,0,0,0,0,0,0
202601,20,191,2,4,Sumner County                                               ,0,0,0,0,0,0,0,0,0,0,0,0,0,0,0,0,0,0,0,0,0,0,0,0
202601,20,193,2,4,Thomas County                                               ,0,0,0,0,0,0,0,0,0,0,0,0,0,0,0,0,0,0,0,0,0,0,0,0
202601,20,195,2,4,Trego County                                                ,0,0,0,0,0,0,0,0,0,0,0,0,0,0,0,0,0,0,0,0,0,0,0,0
202601,20,197,2,4,Wabaunsee County                                            ,0,0,0,0,0,0,0,0,0,0,0,0,0,0,0,0,0,0,0,0,0,0,0,0
202601,20,199,2,4,Wallace County                                              ,0,0,0,0,0,0,0,0,0,0,0,0,0,0,0,0,0,0,0,0,0,0,0,0
202601,20,201,2,4,Washington County                                           ,0,0,0,0,0,0,0,0,0,0,0,0,0,0,0,0,0,0,0,0,0,0,0,0
202601,20,203,2,4,Wichita County                                              ,0,0,0,0,0,0,0,0,0,0,0,0,0,0,0,0,0,0,0,0,0,0,0,0
202601,20,205,2,4,Wilson County                                               ,1,1,273303,0,0,0,0,0,0,0,0,0,0,0,0,0,0,0,0,0,0,0,0,0
202601,20,207,2,4,Woodson County                                              ,0,0,0,0,0,0,0,0,0,0,0,0,0,0,0,0,0,0,0,0,0,0,0,0
202601,20,209,2,4,Wyandotte County                                            ,12,12,2212140,0,0,0,0,0,0,0,0,0,12,12,2212140,0,0,0,0,0,0,0,0,0
202601,21,001,3,6,Adair County                                                ,0,0,0,0,0,0,0,0,0,0,0,0,0,0,0,0,0,0,0,0,0,0,0,0
202601,21,003,3,6,Allen County                                                ,5,5,1480083,0,0,0,0,0,0,0,0,0,5,5,1480083,0,0,0,0,0,0,0,0,0
202601,21,005,3,6,Anderson County                                             ,3,3,800000,0,0,0,0,0,0,0,0,0,3,3,800000,0,0,0,0,0,0,0,0,0
202601,21,009,3,6,Barren County                                               ,14,14,4144233,0,0,0,0,0,0,0,0,0,14,14,4144233,0,0,0,0,0,0,0,0,0
202601,21,011,3,6,Bath County                                                 ,0,0,0,0,0,0,0,0,0,0,0,0,0,0,0,0,0,0,0,0,0,0,0,0
202601,21,013,3,6,Bell County                                                 ,3,3,300727,0,0,0,0,0,0,0,0,0,0,0,0,0,0,0,0,0,0,0,0,0
202601,21,015,3,6,Boone County                                                ,40,40,9220128,0,0,0,0,0,0,12,296,48411371,40,40,9220128,0,0,0,0,0,0,12,296,48411371
202601,21,017,3,6,Bourbon County                                              ,3,3,1140806,0,0,0,0,0,0,0,0,0,3,3,1140806,0,0,0,0,0,0,0,0,0
202601,21,019,3,6,Boyd County                                                 ,0,0,0,0,0,0,0,0,0,0,0,0,0,0,0,0,0,0,0,0,0,0,0,0
202601,21,021,3,6,Boyle County                                                ,4,4,1184820,0,0,0,0,0,0,0,0,0,4,4,1184820,0,0,0,0,0,0,0,0,0
202601,21,025,3,6,Breathitt County                                            ,1,1,150000,0,0,0,0,0,0,0,0,0,0,0,0,0,0,0,0,0,0,0,0,0
202601,21,027,3,6,Breckinridge County                                         ,0,0,0,0,0,0,0,0,0,0,0,0,0,0,0,0,0,0,0,0,0,0,0,0
202601,21,029,3,6,Bullitt County                                              ,14,14,4741521,0,0,0,0,0,0,19,185,19685000,14,14,4741521,0,0,0,0,0,0,19,185,19685000
202601,21,031,3,6,Butler County                                               ,0,0,0,0,0,0,0,0,0,0,0,0,0,0,0,0,0,0,0,0,0,0,0,0
202601,21,033,3,6,Caldwell County                                             ,0,0,0,0,0,0,0,0,0,0,0,0,0,0,0,0,0,0,0,0,0,0,0,0
202601,21,035,3,6,Calloway County                                             ,0,0,0,0,0,0,0,0,0,0,0,0,0,0,0,0,0,0,0,0,0,0,0,0
202601,21,037,3,6,Campbell County                                             ,13,13,6154557,0,0,0,0,0,0,0,0,0,13,13,6154557,0,0,0,0,0,0,0,0,0
202601,21,041,3,6,Carroll County                                              ,0,0,0,0,0,0,0,0,0,0,0,0,0,0,0,0,0,0,0,0,0,0,0,0
202601,21,043,3,6,Carter County                                               ,0,0,0,0,0,0,0,0,0,0,0,0,0,0,0,0,0,0,0,0,0,0,0,0
202601,21,045,3,6,Casey County                                                ,0,0,0,0,0,0,0,0,0,0,0,0,0,0,0,0,0,0,0,0,0,0,0,0
202601,21,047,3,6,Christian County                                            ,3,3,379269,0,0,0,1,4,500000,1,5,500000,2,2,292000,0,0,0,1,4,500000,1,5,500000
202601,21,049,3,6,Clark County                                                ,4,4,928247,0,0,0,0,0,0,1,5,495622,0,0,0,0,0,0,0,0,0,0,0,0
202601,21,051,3,6,Clay County                                                 ,0,0,0,0,0,0,0,0,0,0,0,0,0,0,0,0,0,0,0,0,0,0,0,0
202601,21,053,3,6,Clinton County                                              ,0,0,0,0,0,0,0,0,0,0,0,0,0,0,0,0,0,0,0,0,0,0,0,0
202601,21,055,3,6,Crittenden County                                           ,0,0,0,0,0,0,0,0,0,1,5,616305,0,0,0,0,0,0,0,0,0,0,0,0
202601,21,057,3,6,Cumberland County                                           ,0,0,0,0,0,0,0,0,0,0,0,0,0,0,0,0,0,0,0,0,0,0,0,0
202601,21,059,3,6,Daviess County                                              ,8,8,890500,0,0,0,0,0,0,0,0,0,8,8,890500,0,0,0,0,0,0,0,0,0
202601,21,065,3,6,Estill County                                               ,0,0,0,0,0,0,0,0,0,0,0,0,0,0,0,0,0,0,0,0,0,0,0,0
202601,21,067,3,6,Fayette County                                              ,34,34,8439570,1,2,229429,0,0,0,2,46,3384411,0,0,0,0,0,0,0,0,0,0,0,0
202601,21,069,3,6,Fleming County                                              ,0,0,0,0,0,0,0,0,0,0,0,0,0,0,0,0,0,0,0,0,0,0,0,0
202601,21,071,3,6,Floyd County                                                ,0,0,0,0,0,0,0,0,0,0,0,0,0,0,0,0,0,0,0,0,0,0,0,0
202601,21,073,3,6,Franklin County                                             ,9,9,2453134,0,0,0,0,0,0,0,0,0,9,9,2453134,0,0,0,0,0,0,0,0,0
202601,21,075,3,6,Fulton County                                               ,0,0,0,0,0,0,0,0,0,0,0,0,0,0,0,0,0,0,0,0,0,0,0,0
202601,21,077,3,6,Gallatin County                                             ,4,4,176390,0,0,0,0,0,0,0,0,0,0,0,0,0,0,0,0,0,0,0,0,0
202601,21,079,3,6,Garrard County                                              ,0,0,0,0,0,0,0,0,0,0,0,0,0,0,0,0,0,0,0,0,0,0,0,0
202601,21,081,3,6,Grant County                                                ,7,7,1216036,0,0,0,0,0,0,0,0,0,7,7,1216036,0,0,0,0,0,0,0,0,0
202601,21,083,3,6,Graves County                                               ,1,1,217500,0,0,0,0,0,0,0,0,0,0,0,0,0,0,0,0,0,0,0,0,0
202601,21,085,3,6,Grayson County                                              ,1,1,222909,0,0,0,0,0,0,0,0,0,0,0,0,0,0,0,0,0,0,0,0,0
202601,21,087,3,6,Green County                                                ,1,1,132250,0,0,0,0,0,0,0,0,0,0,0,0,0,0,0,0,0,0,0,0,0
202601,21,089,3,6,Greenup County                                              ,1,1,430000,0,0,0,0,0,0,0,0,0,0,0,0,0,0,0,0,0,0,0,0,0
202601,21,091,3,6,Hancock County                                              ,1,1,201646,0,0,0,0,0,0,0,0,0,0,0,0,0,0,0,0,0,0,0,0,0
202601,21,093,3,6,Hardin County                                               ,22,22,4721850,0,0,0,0,0,0,2,12,720000,22,22,4721850,0,0,0,0,0,0,2,12,720000
202601,21,095,3,6,Harlan County                                               ,0,0,0,0,0,0,0,0,0,0,0,0,0,0,0,0,0,0,0,0,0,0,0,0
202601,21,097,3,6,Harrison County                                             ,5,5,1045379,0,0,0,0,0,0,0,0,0,0,0,0,0,0,0,0,0,0,0,0,0
202601,21,099,3,6,Hart County                                                 ,1,1,87321,0,0,0,0,0,0,1,5,567738,0,0,0,0,0,0,0,0,0,0,0,0
202601,21,101,3,6,Henderson County                                            ,11,11,2614383,0,0,0,0,0,0,0,0,0,11,11,2614383,0,0,0,0,0,0,0,0,0
202601,21,103,3,6,Henry County                                                ,7,7,2200000,0,0,0,0,0,0,0,0,0,7,7,2200000,0,0,0,0,0,0,0,0,0
202601,21,107,3,6,Hopkins County                                              ,6,6,1076993,0,0,0,0,0,0,0,0,0,0,0,0,0,0,0,0,0,0,0,0,0
202601,21,109,3,6,Jackson County                                              ,0,0,0,0,0,0,0,0,0,0,0,0,0,0,0,0,0,0,0,0,0,0,0,0
202601,21,111,3,6,Jefferson County                                            ,70,70,29711973,0,0,0,0,0,0,3,24,6000000,70,70,29711973,0,0,0,0,0,0,3,24,6000000
202601,21,113,3,6,Jessamine County                                            ,13,13,3643503,0,0,0,0,0,0,0,0,0,13,13,3643503,0,0,0,0,0,0,0,0,0
202601,21,117,3,6,Kenton County                                               ,33,33,12913322,0,0,0,0,0,0,0,0,0,33,33,12913322,0,0,0,0,0,0,0,0,0
202601,21,121,3,6,Knox County                                                 ,0,0,0,0,0,0,0,0,0,0,0,0,0,0,0,0,0,0,0,0,0,0,0,0
202601,21,123,3,6,Larue County                                                ,4,4,1082674,0,0,0,0,0,0,0,0,0,0,0,0,0,0,0,0,0,0,0,0,0
202601,21,125,3,6,Laurel County                                               ,0,0,0,0,0,0,0,0,0,0,0,0,0,0,0,0,0,0,0,0,0,0,0,0
202601,21,133,3,6,Letcher County                                              ,0,0,0,0,0,0,0,0,0,0,0,0,0,0,0,0,0,0,0,0,0,0,0,0
202601,21,135,3,6,Lewis County                                                ,0,0,0,0,0,0,0,0,0,0,0,0,0,0,0,0,0,0,0,0,0,0,0,0
202601,21,137,3,6,Lincoln County                                              ,6,6,977738,0,0,0,0,0,0,0,0,0,0,0,0,0,0,0,0,0,0,0,0,0
202601,21,141,3,6,Logan County                                                ,3,3,855281,0,0,0,0,0,0,0,0,0,1,1,250000,0,0,0,0,0,0,0,0,0
202601,21,143,3,6,Lyon County                                                 ,0,0,0,0,0,0,0,0,0,0,0,0,0,0,0,0,0,0,0,0,0,0,0,0
202601,21,145,3,6,McCracken County                                            ,2,2,910937,0,0,0,2,8,812500,0,0,0,2,2,910937,0,0,0,2,8,812500,0,0,0
202601,21,147,3,6,McCreary County                                             ,0,0,0,0,0,0,0,0,0,0,0,0,0,0,0,0,0,0,0,0,0,0,0,0
202601,21,149,3,6,McLean County                                               ,0,0,0,0,0,0,0,0,0,0,0,0,0,0,0,0,0,0,0,0,0,0,0,0
202601,21,151,3,6,Madison County                                              ,23,23,7035000,0,0,0,0,0,0,0,0,0,23,23,7035000,0,0,0,0,0,0,0,0,0
202601,21,155,3,6,Marion County                                               ,2,2,360585,0,0,0,0,0,0,0,0,0,0,0,0,0,0,0,0,0,0,0,0,0
202601,21,157,3,6,Marshall County                                             ,8,8,3986000,0,0,0,0,0,0,0,0,0,8,8,3986000,0,0,0,0,0,0,0,0,0
202601,21,161,3,6,Mason County                                                ,1,1,800000,0,0,0,0,0,0,0,0,0,1,1,800000,0,0,0,0,0,0,0,0,0
202601,21,163,3,6,Meade County                                                ,7,7,1966047,0,0,0,0,0,0,0,0,0,0,0,0,0,0,0,0,0,0,0,0,0
202601,21,167,3,6,Mercer County                                               ,6,6,1177000,0,0,0,0,0,0,2,16,1600000,6,6,1177000,0,0,0,0,0,0,2,16,1600000
202601,21,173,3,6,Montgomery County                                           ,4,4,946111,0,0,0,0,0,0,0,0,0,0,0,0,0,0,0,0,0,0,0,0,0
202601,21,175,3,6,Morgan County                                               ,0,0,0,0,0,0,0,0,0,0,0,0,0,0,0,0,0,0,0,0,0,0,0,0
202601,21,177,3,6,Muhlenberg County                                           ,0,0,0,0,0,0,0,0,0,0,0,0,0,0,0,0,0,0,0,0,0,0,0,0
202601,21,179,3,6,Nelson County                                               ,11,11,2490000,0,0,0,0,0,0,0,0,0,11,11,2490000,0,0,0,0,0,0,0,0,0
202601,21,181,3,6,Nicholas County                                             ,0,0,0,0,0,0,0,0,0,0,0,0,0,0,0,0,0,0,0,0,0,0,0,0
202601,21,183,3,6,Ohio County                                                 ,1,1,150000,0,0,0,0,0,0,0,0,0,1,1,150000,0,0,0,0,0,0,0,0,0
202601,21,185,3,6,Oldham County                                               ,25,25,11848800,0,0,0,0,0,0,0,0,0,25,25,11848800,0,0,0,0,0,0,0,0,0
202601,21,187,3,6,Owen County                                                 ,1,1,273698,0,0,0,0,0,0,0,0,0,0,0,0,0,0,0,0,0,0,0,0,0
202601,21,191,3,6,Pendleton County                                            ,0,0,0,0,0,0,0,0,0,0,0,0,0,0,0,0,0,0,0,0,0,0,0,0
202601,21,193,3,6,Perry County                                                ,0,0,0,0,0,0,0,0,0,0,0,0,0,0,0,0,0,0,0,0,0,0,0,0
202601,21,195,3,6,Pike County                                                 ,0,0,0,0,0,0,0,0,0,0,0,0,0,0,0,0,0,0,0,0,0,0,0,0
202601,21,197,3,6,Powell County                                               ,0,0,0,0,0,0,0,0,0,0,0,0,0,0,0,0,0,0,0,0,0,0,0,0
202601,21,199,3,6,Pulaski County                                              ,0,0,0,1,2,234203,0,0,0,2,14,1983391,0,0,0,1,2,234203,0,0,0,2,14,1983391
202601,21,205,3,6,Rowan County                                                ,1,1,311667,0,0,0,0,0,0,1,5,1205392,0,0,0,0,0,0,0,0,0,0,0,0
202601,21,207,3,6,Russell County                                              ,0,0,0,0,0,0,0,0,0,0,0,0,0,0,0,0,0,0,0,0,0,0,0,0
202601,21,209,3,6,Scott County                                                ,9,9,2464000,0,0,0,0,0,0,0,0,0,9,9,2464000,0,0,0,0,0,0,0,0,0
202601,21,211,3,6,Shelby County                                               ,11,11,3946549,0,0,0,0,0,0,0,0,0,11,11,3946549,0,0,0,0,0,0,0,0,0
202601,21,213,3,6,Simpson County                                              ,8,8,1590000,1,2,300000,0,0,0,0,0,0,8,8,1590000,1,2,300000,0,0,0,0,0,0
202601,21,215,3,6,Spencer County                                              ,7,7,0,0,0,0,0,0,0,0,0,0,7,7,0,0,0,0,0,0,0,0,0,0
202601,21,217,3,6,Taylor County                                               ,1,1,316849,0,0,0,0,0,0,0,0,0,0,0,0,0,0,0,0,0,0,0,0,0
202601,21,219,3,6,Todd County                                                 ,2,2,461210,0,0,0,0,0,0,0,0,0,0,0,0,0,0,0,0,0,0,0,0,0
202601,21,221,3,6,Trigg County                                                ,0,0,0,0,0,0,0,0,0,0,0,0,0,0,0,0,0,0,0,0,0,0,0,0
202601,21,227,3,6,Warren County                                               ,42,42,12740668,0,0,0,0,0,0,4,80,11189320,42,42,12740668,0,0,0,0,0,0,4,80,11189320
202601,21,229,3,6,Washington County                                           ,1,1,134497,0,0,0,0,0,0,0,0,0,0,0,0,0,0,0,0,0,0,0,0,0
202601,21,233,3,6,Webster County                                              ,1,1,250000,0,0,0,0,0,0,0,0,0,0,0,0,0,0,0,0,0,0,0,0,0
202601,21,235,3,6,Whitley County                                              ,0,0,0,2,4,400000,0,0,0,0,0,0,0,0,0,2,4,400000,0,0,0,0,0,0
202601,21,239,3,6,Woodford County                                             ,2,2,399000,0,0,0,0,0,0,0,0,0,2,2,399000,0,0,0,0,0,0,0,0,0
202601,22,001,3,7,Acadia Parish                                               ,12,12,1910731,0,0,0,0,0,0,0,0,0,1,1,174440,0,0,0,0,0,0,0,0,0
202601,22,003,3,7,Allen Parish                                                ,3,3,566801,0,0,0,0,0,0,0,0,0,0,0,0,0,0,0,0,0,0,0,0,0
202601,22,005,3,7,Ascension Parish                                            ,40,40,10638098,0,0,0,0,0,0,0,0,0,6,6,2356302,0,0,0,0,0,0,0,0,0
202601,22,007,3,7,Assumption Parish                                           ,4,4,1242000,0,0,0,0,0,0,0,0,0,4,4,1242000,0,0,0,0,0,0,0,0,0
202601,22,009,3,7,Avoyelles Parish                                            ,1,1,166668,0,0,0,0,0,0,0,0,0,0,0,0,0,0,0,0,0,0,0,0,0
202601,22,011,3,7,Beauregard Parish                                           ,13,13,1677213,0,0,0,0,0,0,0,0,0,12,12,1574213,0,0,0,0,0,0,0,0,0
202601,22,013,3,7,Bienville Parish                                            ,1,1,209076,0,0,0,0,0,0,0,0,0,0,0,0,0,0,0,0,0,0,0,0,0
202601,22,015,3,7,Bossier Parish                                              ,33,33,9114706,0,0,0,0,0,0,0,0,0,24,24,8609305,0,0,0,0,0,0,0,0,0
202601,22,017,3,7,Caddo Parish                                                ,15,15,7373353,0,0,0,0,0,0,0,0,0,15,15,7373353,0,0,0,0,0,0,0,0,0
202601,22,019,3,7,Calcasieu Parish                                            ,51,51,8648058,0,0,0,0,0,0,0,0,0,43,43,7059320,0,0,0,0,0,0,0,0,0
202601,22,021,3,7,Caldwell Parish                                             ,0,0,0,0,0,0,0,0,0,0,0,0,0,0,0,0,0,0,0,0,0,0,0,0
202601,22,023,3,7,Cameron Parish                                              ,0,0,0,0,0,0,0,0,0,0,0,0,0,0,0,0,0,0,0,0,0,0,0,0
202601,22,025,3,7,Catahoula Parish                                            ,0,0,0,0,0,0,0,0,0,0,0,0,0,0,0,0,0,0,0,0,0,0,0,0
202601,22,027,3,7,Claiborne Parish                                            ,0,0,0,0,0,0,0,0,0,0,0,0,0,0,0,0,0,0,0,0,0,0,0,0
202601,22,029,3,7,Concordia Parish                                            ,3,3,392307,0,0,0,0,0,0,0,0,0,0,0,0,0,0,0,0,0,0,0,0,0
202601,22,031,3,7,De Soto Parish                                              ,9,9,2848829,0,0,0,0,0,0,0,0,0,0,0,0,0,0,0,0,0,0,0,0,0
202601,22,033,3,7,East Baton Rouge Parish                                     ,152,152,39842143,3,6,386420,0,0,0,7,45,791357,27,27,4242173,0,0,0,0,0,0,0,0,0
202601,22,035,3,7,East Carroll Parish                                         ,0,0,0,0,0,0,0,0,0,0,0,0,0,0,0,0,0,0,0,0,0,0,0,0
202601,22,037,3,7,East Feliciana Parish                                       ,1,1,287588,0,0,0,0,0,0,0,0,0,0,0,0,0,0,0,0,0,0,0,0,0
202601,22,039,3,7,Evangeline Parish                                           ,2,2,695634,0,0,0,0,0,0,0,0,0,0,0,0,0,0,0,0,0,0,0,0,0
202601,22,041,3,7,Franklin Parish                                             ,0,0,0,0,0,0,0,0,0,0,0,0,0,0,0,0,0,0,0,0,0,0,0,0
202601,22,043,3,7,Grant Parish                                                ,1,1,600000,0,0,0,0,0,0,0,0,0,1,1,600000,0,0,0,0,0,0,0,0,0
202601,22,045,3,7,Iberia Parish                                               ,18,18,4258025,0,0,0,0,0,0,0,0,0,18,18,4258025,0,0,0,0,0,0,0,0,0
202601,22,047,3,7,Iberville Parish                                            ,8,8,1962834,0,0,0,0,0,0,0,0,0,2,2,592033,0,0,0,0,0,0,0,0,0
202601,22,049,3,7,Jackson Parish                                              ,0,0,0,0,0,0,0,0,0,0,0,0,0,0,0,0,0,0,0,0,0,0,0,0
202601,22,051,3,7,Jefferson Parish                                            ,5,5,1573941,0,0,0,0,0,0,1,12,3190582,1,1,321035,0,0,0,0,0,0,1,12,3190582
202601,22,053,3,7,Jefferson Davis Parish                                      ,7,7,1492040,0,0,0,0,0,0,0,0,0,7,7,1492040,0,0,0,0,0,0,0,0,0
202601,22,055,3,7,Lafayette Parish                                            ,154,154,37781711,0,0,0,0,0,0,0,0,0,95,95,23535674,0,0,0,0,0,0,0,0,0
202601,22,057,3,7,Lafourche Parish                                            ,19,19,4192105,1,2,210000,0,0,0,0,0,0,18,18,3889464,1,2,210000,0,0,0,0,0,0
202601,22,059,3,7,LaSalle Parish                                              ,0,0,0,0,0,0,0,0,0,0,0,0,0,0,0,0,0,0,0,0,0,0,0,0
202601,22,061,3,7,Lincoln Parish                                              ,20,20,3202936,0,0,0,0,0,0,0,0,0,13,13,1477000,0,0,0,0,0,0,0,0,0
202601,22,063,3,7,Livingston Parish                                           ,51,51,14750896,0,0,0,0,0,0,1,5,717580,1,1,296017,0,0,0,0,0,0,0,0,0
202601,22,065,3,7,Madison Parish                                              ,0,0,0,0,0,0,0,0,0,0,0,0,0,0,0,0,0,0,0,0,0,0,0,0
202601,22,067,3,7,Morehouse Parish                                            ,1,1,287588,0,0,0,0,0,0,0,0,0,0,0,0,0,0,0,0,0,0,0,0,0
202601,22,069,3,7,Natchitoches Parish                                         ,1,1,357000,0,0,0,0,0,0,0,0,0,1,1,357000,0,0,0,0,0,0,0,0,0
202601,22,071,3,7,Orleans Parish                                              ,16,16,4581120,7,14,1879114,0,0,0,1,24,9245075,0,0,0,0,0,0,0,0,0,0,0,0
202601,22,073,3,7,Ouachita Parish                                             ,19,19,5137739,0,0,0,1,3,267000,0,0,0,3,3,857900,0,0,0,0,0,0,0,0,0
202601,22,075,3,7,Plaquemines Parish                                          ,2,2,780474,0,0,0,0,0,0,0,0,0,2,2,780474,0,0,0,0,0,0,0,0,0
202601,22,077,3,7,Pointe Coupee Parish                                        ,2,2,619000,0,0,0,0,0,0,0,0,0,2,2,619000,0,0,0,0,0,0,0,0,0
202601,22,079,3,7,Rapides Parish                                              ,17,17,4494897,1,2,145000,0,0,0,0,0,0,0,0,0,0,0,0,0,0,0,0,0,0
202601,22,081,3,7,Red River Parish                                            ,0,0,0,0,0,0,0,0,0,0,0,0,0,0,0,0,0,0,0,0,0,0,0,0
202601,22,083,3,7,Richland Parish                                             ,2,2,900000,0,0,0,0,0,0,0,0,0,2,2,900000,0,0,0,0,0,0,0,0,0
202601,22,085,3,7,Sabine Parish                                               ,5,5,628000,0,0,0,0,0,0,0,0,0,5,5,628000,0,0,0,0,0,0,0,0,0
202601,22,087,3,7,St. Bernard Parish                                          ,6,6,1601000,1,2,245000,0,0,0,0,0,0,6,6,1601000,1,2,245000,0,0,0,0,0,0
202601,22,089,3,7,St. Charles Parish                                          ,14,14,4359448,0,0,0,0,0,0,0,0,0,14,14,4359448,0,0,0,0,0,0,0,0,0
202601,22,091,3,7,St. Helena Parish                                           ,1,1,178450,0,0,0,0,0,0,0,0,0,0,0,0,0,0,0,0,0,0,0,0,0
202601,22,093,3,7,St. James Parish                                            ,5,5,960096,0,0,0,0,0,0,0,0,0,0,0,0,0,0,0,0,0,0,0,0,0
202601,22,095,3,7,St. John the Baptist Parish                                 ,5,5,1783893,0,0,0,1,4,400000,0,0,0,5,5,1783893,0,0,0,1,4,400000,0,0,0
202601,22,097,3,7,St. Landry Parish                                           ,9,9,1620935,0,0,0,0,0,0,0,0,0,0,0,0,0,0,0,0,0,0,0,0,0
202601,22,099,3,7,St. Martin Parish                                           ,4,4,1223393,0,0,0,0,0,0,0,0,0,0,0,0,0,0,0,0,0,0,0,0,0
202601,22,101,3,7,St. Mary Parish                                             ,2,2,624776,0,0,0,0,0,0,0,0,0,1,1,296205,0,0,0,0,0,0,0,0,0
202601,22,103,3,7,St. Tammany Parish                                          ,61,61,26846007,0,0,0,0,0,0,0,0,0,60,60,26558419,0,0,0,0,0,0,0,0,0
202601,22,105,3,7,Tangipahoa Parish                                           ,56,56,11341277,0,0,0,0,0,0,1,38,3600193,0,0,0,0,0,0,0,0,0,0,0,0
202601,22,107,3,7,Tensas Parish                                               ,0,0,0,0,0,0,0,0,0,0,0,0,0,0,0,0,0,0,0,0,0,0,0,0
202601,22,109,3,7,Terrebonne Parish                                           ,25,25,23046940,0,0,0,0,0,0,0,0,0,25,25,23046940,0,0,0,0,0,0,0,0,0
202601,22,111,3,7,Union Parish                                                ,2,2,575177,0,0,0,0,0,0,0,0,0,0,0,0,0,0,0,0,0,0,0,0,0
202601,22,113,3,7,Vermilion Parish                                            ,22,22,4748434,0,0,0,0,0,0,0,0,0,20,20,4475312,0,0,0,0,0,0,0,0,0
202601,22,115,3,7,Vernon Parish                                               ,0,0,0,0,0,0,0,0,0,0,0,0,0,0,0,0,0,0,0,0,0,0,0,0
202601,22,117,3,7,Washington Parish                                           ,0,0,0,0,0,0,0,0,0,0,0,0,0,0,0,0,0,0,0,0,0,0,0,0
202601,22,119,3,7,Webster Parish                                              ,4,4,1238405,0,0,0,0,0,0,0,0,0,2,2,686014,0,0,0,0,0,0,0,0,0
202601,22,121,3,7,West Baton Rouge Parish                                     ,3,3,674960,0,0,0,0,0,0,0,0,0,3,3,674960,0,0,0,0,0,0,0,0,0
202601,22,123,3,7,West Carroll Parish                                         ,0,0,0,0,0,0,0,0,0,0,0,0,0,0,0,0,0,0,0,0,0,0,0,0
202601,22,125,3,7,West Feliciana Parish                                       ,4,4,1741827,0,0,0,0,0,0,0,0,0,3,3,1291827,0,0,0,0,0,0,0,0,0
202601,22,127,3,7,Winn Parish                                                 ,0,0,0,0,0,0,0,0,0,0,0,0,0,0,0,0,0,0,0,0,0,0,0,0
202601,23,000,1,1,Maine Unorganized Territory                                 ,3,3,398401,0,0,0,0,0,0,0,0,0,0,0,0,0,0,0,0,0,0,0,0,0
202601,23,001,1,1,Androscoggin County                                         ,12,12,3348668,1,2,375000,0,0,0,1,12,1800000,5,5,1633262,1,2,375000,0,0,0,1,12,1800000
202601,23,003,1,1,Aroostook County                                            ,1,1,330750,0,0,0,0,0,0,0,0,0,0,0,0,0,0,0,0,0,0,0,0,0
202601,23,005,1,1,Cumberland County                                           ,56,56,21308715,6,12,3744870,1,4,665806,0,0,0,45,45,18180369,6,12,3744870,1,4,665806,0,0,0
202601,23,007,1,1,Franklin County                                             ,6,6,1804659,0,0,0,0,0,0,0,0,0,2,2,560797,0,0,0,0,0,0,0,0,0
202601,23,009,1,1,Hancock County                                              ,9,9,3249283,0,0,0,0,0,0,0,0,0,7,7,1853593,0,0,0,0,0,0,0,0,0
202601,23,011,1,1,Kennebec County                                             ,22,22,7238254,1,2,300000,0,0,0,0,0,0,4,4,1282390,1,2,300000,0,0,0,0,0,0
202601,23,013,1,1,Knox County                                                 ,4,4,1323254,0,0,0,0,0,0,1,5,758310,1,1,310797,0,0,0,0,0,0,0,0,0
202601,23,015,1,1,Lincoln County                                              ,4,4,1243860,0,0,0,0,0,0,0,0,0,1,1,330000,0,0,0,0,0,0,0,0,0
202601,23,017,1,1,Oxford County                                               ,7,7,1924263,0,0,0,0,0,0,0,0,0,0,0,0,0,0,0,0,0,0,0,0,0
202601,23,019,1,1,Penobscot County                                            ,13,13,2821508,0,0,0,1,3,367031,1,5,495556,2,2,549206,0,0,0,0,0,0,0,0,0
202601,23,021,1,1,Piscataquis County                                          ,5,5,1498057,0,0,0,0,0,0,0,0,0,0,0,0,0,0,0,0,0,0,0,0,0
202601,23,023,1,1,Sagadahoc County                                            ,5,5,1146674,0,0,0,0,0,0,0,0,0,3,3,670000,0,0,0,0,0,0,0,0,0
202601,23,025,1,1,Somerset County                                             ,1,1,218308,0,0,0,0,0,0,0,0,0,0,0,0,0,0,0,0,0,0,0,0,0
202601,23,027,1,1,Waldo County                                                ,3,3,842223,0,0,0,0,0,0,0,0,0,0,0,0,0,0,0,0,0,0,0,0,0
202601,23,029,1,1,Washington County                                           ,2,2,660496,0,0,0,0,0,0,0,0,0,0,0,0,0,0,0,0,0,0,0,0,0
202601,23,031,1,1,York County                                                 ,53,53,17799558,1,2,341127,0,0,0,3,21,1577757,19,19,8320824,0,0,0,0,0,0,0,0,0
202601,24,001,3,5,Allegany County                                             ,2,2,495750,0,0,0,0,0,0,0,0,0,1,1,327000,0,0,0,0,0,0,0,0,0
202601,24,003,3,5,Anne Arundel County                                         ,33,33,7466757,0,0,0,0,0,0,0,0,0,33,33,7466757,0,0,0,0,0,0,0,0,0
202601,24,005,3,5,Baltimore County                                            ,43,43,25627071,0,0,0,0,0,0,3,178,20403382,43,43,25627071,0,0,0,0,0,0,3,178,20403382
202601,24,009,3,5,Calvert County                                              ,10,10,0,0,0,0,1,3,200000,0,0,0,10,10,0,0,0,0,1,3,200000,0,0,0
202601,24,011,3,5,Caroline County                                             ,5,5,1202250,0,0,0,0,0,0,0,0,0,4,4,1050000,0,0,0,0,0,0,0,0,0
202601,24,013,3,5,Carroll County                                              ,12,12,3650000,0,0,0,0,0,0,0,0,0,12,12,3650000,0,0,0,0,0,0,0,0,0
202601,24,015,3,5,Cecil County                                                ,11,11,3040855,0,0,0,0,0,0,0,0,0,11,11,3040855,0,0,0,0,0,0,0,0,0
202601,24,017,3,5,Charles County                                              ,41,41,16935568,0,0,0,0,0,0,0,0,0,41,41,16935568,0,0,0,0,0,0,0,0,0
202601,24,019,3,5,Dorchester County                                           ,5,5,944748,0,0,0,0,0,0,0,0,0,4,4,772660,0,0,0,0,0,0,0,0,0
202601,24,021,3,5,Frederick County                                            ,25,25,8956724,0,0,0,0,0,0,1,6,1320000,25,25,8956724,0,0,0,0,0,0,1,6,1320000
202601,24,023,3,5,Garrett County                                              ,5,5,1238765,0,0,0,0,0,0,0,0,0,5,5,1238765,0,0,0,0,0,0,0,0,0
202601,24,025,3,5,Harford County                                              ,64,64,4705000,1,2,375000,0,0,0,0,0,0,64,64,4705000,1,2,375000,0,0,0,0,0,0
202601,24,027,3,5,Howard County                                               ,12,12,2610000,0,0,0,0,0,0,0,0,0,12,12,2610000,0,0,0,0,0,0,0,0,0
202601,24,029,3,5,Kent County                                                 ,2,2,700000,0,0,0,0,0,0,0,0,0,2,2,700000,0,0,0,0,0,0,0,0,0
202601,24,031,3,5,Montgomery County                                           ,70,70,17393455,0,0,0,0,0,0,4,413,100000000,70,70,17393455,0,0,0,0,0,0,4,413,100000000
202601,24,033,3,5,Prince George County                                        ,120,120,35522002,0,0,0,1,4,1171859,1,112,13160882,120,120,35522002,0,0,0,1,4,1171859,1,112,13160882
202601,24,035,3,5,Queen Anne County                                           ,9,9,1840193,1,2,315000,0,0,0,1,14,3200000,5,5,1515000,1,2,315000,0,0,0,1,14,3200000
202601,24,037,3,5,St. Marys County                                            ,11,11,4463495,0,0,0,0,0,0,0,0,0,11,11,4463495,0,0,0,0,0,0,0,0,0
202601,24,039,3,5,Somerset County                                             ,0,0,0,0,0,0,0,0,0,0,0,0,0,0,0,0,0,0,0,0,0,0,0,0
202601,24,041,3,5,Talbot County                                               ,18,18,4976644,0,0,0,0,0,0,0,0,0,18,18,4976644,0,0,0,0,0,0,0,0,0
202601,24,043,3,5,Washington County                                           ,14,14,3711268,0,0,0,0,0,0,0,0,0,14,14,3711268,0,0,0,0,0,0,0,0,0
202601,24,045,3,5,Wicomico County                                             ,6,6,1136613,0,0,0,0,0,0,1,6,725472,6,6,1136613,0,0,0,0,0,0,1,6,725472
202601,24,047,3,5,Worcester County                                            ,13,13,4597082,0,0,0,0,0,0,0,0,0,13,13,4597082,0,0,0,0,0,0,0,0,0
202601,24,510,3,5,Baltimore (Independent City)                                ,23,23,6808384,0,0,0,0,0,0,1,190,32724270,23,23,6808384,0,0,0,0,0,0,1,190,32724270
202601,25,001,1,1,Barnstable County                                           ,27,27,28293493,0,0,0,0,0,0,0,0,0,24,24,26789975,0,0,0,0,0,0,0,0,0
202601,25,003,1,1,Berkshire County                                            ,5,5,2974159,0,0,0,0,0,0,0,0,0,0,0,0,0,0,0,0,0,0,0,0,0
202601,25,005,1,1,Bristol County                                              ,34,34,10698209,3,6,1028000,2,6,1042500,1,7,1223646,16,16,6305266,3,6,1028000,1,3,600000,0,0,0
202601,25,007,1,1,Dukes County                                                ,6,6,10094564,0,0,0,0,0,0,0,0,0,5,5,9016813,0,0,0,0,0,0,0,0,0
202601,25,009,1,1,Essex County                                                ,22,22,8383166,2,4,1586917,0,0,0,3,25,3678146,5,5,1739999,1,2,675000,0,0,0,0,0,0
202601,25,011,1,1,Franklin County                                             ,5,5,1156293,0,0,0,0,0,0,0,0,0,2,2,350000,0,0,0,0,0,0,0,0,0
202601,25,013,1,1,Hampden County                                              ,13,13,3647887,1,2,480000,0,0,0,1,7,739137,3,3,943250,1,2,480000,0,0,0,0,0,0
202601,25,015,1,1,Hampshire County                                            ,6,6,2498237,0,0,0,0,0,0,3,112,28464554,1,1,400000,0,0,0,0,0,0,1,102,27625000
202601,25,017,1,1,Middlesex County                                            ,56,56,32825313,0,0,0,0,0,0,4,31,5528343,43,43,27750176,0,0,0,0,0,0,1,8,1930360
202601,25,019,1,1,Nantucket County                                            ,13,13,14536754,1,2,569121,0,0,0,0,0,0,0,0,0,0,0,0,0,0,0,0,0,0
202601,25,021,1,1,Norfolk County                                              ,35,35,17537163,3,6,1504000,1,3,1200000,2,10,1578018,30,30,15369447,3,6,1504000,1,3,1200000,0,0,0
202601,25,023,1,1,Plymouth County                                             ,63,63,27092805,1,2,640000,0,0,0,1,5,695122,36,36,19316470,1,2,640000,0,0,0,0,0,0
202601,25,025,1,1,Suffolk County                                              ,10,10,2727100,1,2,696092,0,0,0,3,15,2294633,9,9,2359600,0,0,0,0,0,0,0,0,0
202601,25,027,1,1,Worcester County                                            ,36,36,11786864,2,4,890000,0,0,0,0,0,0,19,19,5387702,0,0,0,0,0,0,0,0,0
202601,26,000,2,3,Michigan Balance of State                                   ,3,3,1025109,0,0,0,0,0,0,0,0,0,3,3,1025109,0,0,0,0,0,0,0,0,0
202601,26,001,2,3,Alcona County                                               ,1,1,341703,0,0,0,0,0,0,0,0,0,1,1,341703,0,0,0,0,0,0,0,0,0
202601,26,003,2,3,Alger County                                                ,2,2,590750,0,0,0,0,0,0,0,0,0,0,0,0,0,0,0,0,0,0,0,0,0
202601,26,005,2,3,Allegan County                                              ,11,11,3337628,0,0,0,0,0,0,0,0,0,5,5,1819100,0,0,0,0,0,0,0,0,0
202601,26,007,2,3,Alpena County                                               ,2,2,847500,0,0,0,0,0,0,0,0,0,0,0,0,0,0,0,0,0,0,0,0,0
202601,26,009,2,3,Antrim County                                               ,3,3,502498,0,0,0,0,0,0,0,0,0,0,0,0,0,0,0,0,0,0,0,0,0
202601,26,011,2,3,Arenac County                                               ,1,1,317748,0,0,0,0,0,0,0,0,0,0,0,0,0,0,0,0,0,0,0,0,0
202601,26,013,2,3,Baraga County                                               ,0,0,0,1,2,400000,0,0,0,0,0,0,0,0,0,0,0,0,0,0,0,0,0,0
202601,26,015,2,3,Barry County                                                ,10,10,3534959,0,0,0,0,0,0,0,0,0,0,0,0,0,0,0,0,0,0,0,0,0
202601,26,017,2,3,Bay County                                                  ,4,4,1439798,0,0,0,0,0,0,0,0,0,0,0,0,0,0,0,0,0,0,0,0,0
202601,26,019,2,3,Benzie County                                               ,2,2,683406,0,0,0,0,0,0,0,0,0,2,2,683406,0,0,0,0,0,0,0,0,0
202601,26,021,2,3,Berrien County                                              ,15,15,5602092,0,0,0,0,0,0,1,5,3750000,13,13,5055539,0,0,0,0,0,0,1,5,3750000
202601,26,023,2,3,Branch County                                               ,3,3,799484,0,0,0,0,0,0,0,0,0,1,1,180000,0,0,0,0,0,0,0,0,0
202601,26,025,2,3,Calhoun County                                              ,3,3,235767,0,0,0,0,0,0,0,0,0,1,1,99000,0,0,0,0,0,0,0,0,0
202601,26,027,2,3,Cass County                                                 ,3,3,1063481,0,0,0,0,0,0,0,0,0,0,0,0,0,0,0,0,0,0,0,0,0
202601,26,029,2,3,Charlevoix County                                           ,4,4,1049793,0,0,0,0,0,0,0,0,0,0,0,0,0,0,0,0,0,0,0,0,0
202601,26,031,2,3,Cheboygan County                                            ,1,1,175000,0,0,0,0,0,0,0,0,0,1,1,175000,0,0,0,0,0,0,0,0,0
202601,26,033,2,3,Chippewa County                                             ,0,0,0,0,0,0,0,0,0,0,0,0,0,0,0,0,0,0,0,0,0,0,0,0
202601,26,035,2,3,Clare County                                                ,0,0,0,0,0,0,0,0,0,0,0,0,0,0,0,0,0,0,0,0,0,0,0,0
202601,26,037,2,3,Clinton County                                              ,14,14,5327150,0,0,0,0,0,0,0,0,0,13,13,4981089,0,0,0,0,0,0,0,0,0
202601,26,039,2,3,Crawford County                                             ,1,1,271200,0,0,0,0,0,0,0,0,0,1,1,271200,0,0,0,0,0,0,0,0,0
202601,26,041,2,3,Delta County                                                ,2,2,629790,0,0,0,0,0,0,0,0,0,0,0,0,0,0,0,0,0,0,0,0,0
202601,26,043,2,3,Dickinson County                                            ,2,2,477028,0,0,0,0,0,0,0,0,0,0,0,0,0,0,0,0,0,0,0,0,0
202601,26,045,2,3,Eaton County                                                ,3,3,687095,0,0,0,0,0,0,0,0,0,1,1,304000,0,0,0,0,0,0,0,0,0
202601,26,047,2,3,Emmet County                                                ,3,3,4003935,0,0,0,0,0,0,0,0,0,3,3,4003935,0,0,0,0,0,0,0,0,0
202601,26,049,2,3,Genesee County                                              ,20,20,4614142,0,0,0,2,8,1800000,1,5,1384061,14,14,3139910,0,0,0,2,8,1800000,0,0,0
202601,26,051,2,3,Gladwin County                                              ,3,3,713231,0,0,0,0,0,0,0,0,0,0,0,0,0,0,0,0,0,0,0,0,0
202601,26,053,2,3,Gogebic County                                              ,2,2,769528,0,0,0,0,0,0,0,0,0,0,0,0,0,0,0,0,0,0,0,0,0
202601,26,055,2,3,Grand Traverse County                                       ,10,10,2717486,1,2,280430,0,0,0,1,45,2157454,10,10,2717486,1,2,280430,0,0,0,1,45,2157454
202601,26,057,2,3,Gratiot County                                              ,2,2,429000,0,0,0,0,0,0,0,0,0,0,0,0,0,0,0,0,0,0,0,0,0
202601,26,059,2,3,Hillsdale County                                            ,2,2,954618,0,0,0,0,0,0,0,0,0,2,2,954618,0,0,0,0,0,0,0,0,0
202601,26,061,2,3,Houghton County                                             ,6,6,1543077,0,0,0,0,0,0,0,0,0,0,0,0,0,0,0,0,0,0,0,0,0
202601,26,063,2,3,Huron County                                                ,2,2,150000,0,0,0,0,0,0,0,0,0,2,2,150000,0,0,0,0,0,0,0,0,0
202601,26,065,2,3,Ingham County                                               ,7,7,2198967,0,0,0,0,0,0,1,17,1886515,2,2,555881,0,0,0,0,0,0,0,0,0
202601,26,067,2,3,Ionia County                                                ,3,3,1101416,0,0,0,0,0,0,0,0,0,3,3,1101416,0,0,0,0,0,0,0,0,0
202601,26,069,2,3,Iosco County                                                ,0,0,0,0,0,0,0,0,0,0,0,0,0,0,0,0,0,0,0,0,0,0,0,0
202601,26,071,2,3,Iron County                                                 ,5,5,293558,0,0,0,0,0,0,0,0,0,0,0,0,0,0,0,0,0,0,0,0,0
202601,26,073,2,3,Isabella County                                             ,2,2,406453,0,0,0,0,0,0,0,0,0,1,1,213545,0,0,0,0,0,0,0,0,0
202601,26,075,2,3,Jackson County                                              ,14,14,4223963,0,0,0,0,0,0,1,9,960362,2,2,1130000,0,0,0,0,0,0,0,0,0
202601,26,077,2,3,Kalamazoo County                                            ,18,18,5859600,0,0,0,0,0,0,0,0,0,16,16,5141386,0,0,0,0,0,0,0,0,0
202601,26,079,2,3,Kalkaska County                                             ,2,2,329526,0,0,0,0,0,0,0,0,0,0,0,0,0,0,0,0,0,0,0,0,0
202601,26,081,2,3,Kent County                                                 ,68,68,30762108,1,2,351794,0,0,0,11,260,33618663,62,62,28722658,0,0,0,0,0,0,10,253,32358775
202601,26,083,2,3,Keweenaw County                                             ,0,0,0,0,0,0,0,0,0,0,0,0,0,0,0,0,0,0,0,0,0,0,0,0
202601,26,085,2,3,Lake County                                                 ,1,1,240981,0,0,0,0,0,0,0,0,0,0,0,0,0,0,0,0,0,0,0,0,0
202601,26,087,2,3,Lapeer County                                               ,3,3,1863968,0,0,0,0,0,0,0,0,0,1,1,1162000,0,0,0,0,0,0,0,0,0
202601,26,089,2,3,Leelanau County                                             ,14,14,3142825,0,0,0,0,0,0,0,0,0,14,14,3142825,0,0,0,0,0,0,0,0,0
202601,26,091,2,3,Lenawee County                                              ,12,12,3170267,0,0,0,0,0,0,0,0,0,3,3,896785,0,0,0,0,0,0,0,0,0
202601,26,093,2,3,Livingston County                                           ,15,15,6221057,0,0,0,0,0,0,0,0,0,15,15,6221057,0,0,0,0,0,0,0,0,0
202601,26,095,2,3,Luce County                                                 ,0,0,0,0,0,0,0,0,0,0,0,0,0,0,0,0,0,0,0,0,0,0,0,0
202601,26,097,2,3,Mackinac County                                             ,0,0,0,0,0,0,0,0,0,0,0,0,0,0,0,0,0,0,0,0,0,0,0,0
202601,26,099,2,3,Macomb County                                               ,65,65,27461918,0,0,0,0,0,0,0,0,0,63,63,26821092,0,0,0,0,0,0,0,0,0
202601,26,101,2,3,Manistee County                                             ,4,4,950975,0,0,0,0,0,0,1,13,1586910,0,0,0,0,0,0,0,0,0,0,0,0
202601,26,103,2,3,Marquette County                                            ,0,0,0,0,0,0,0,0,0,0,0,0,0,0,0,0,0,0,0,0,0,0,0,0
202601,26,105,2,3,Mason County                                                ,5,5,1743816,0,0,0,0,0,0,0,0,0,5,5,1743816,0,0,0,0,0,0,0,0,0
202601,26,107,2,3,Mecosta County                                              ,7,7,1555306,0,0,0,0,0,0,0,0,0,6,6,1255942,0,0,0,0,0,0,0,0,0
202601,26,109,2,3,Menominee County                                            ,1,1,159091,0,0,0,0,0,0,0,0,0,0,0,0,0,0,0,0,0,0,0,0,0
202601,26,111,2,3,Midland County                                              ,6,6,1850153,0,0,0,0,0,0,0,0,0,4,4,1143224,0,0,0,0,0,0,0,0,0
202601,26,113,2,3,Missaukee County                                            ,2,2,412782,0,0,0,0,0,0,0,0,0,0,0,0,0,0,0,0,0,0,0,0,0
202601,26,115,2,3,Monroe County                                               ,7,7,2466255,0,0,0,0,0,0,0,0,0,1,1,280000,0,0,0,0,0,0,0,0,0
202601,26,117,2,3,Montcalm County                                             ,7,7,1803975,0,0,0,0,0,0,0,0,0,7,7,1803975,0,0,0,0,0,0,0,0,0
202601,26,119,2,3,Montmorency County                                          ,0,0,0,0,0,0,0,0,0,0,0,0,0,0,0,0,0,0,0,0,0,0,0,0
202601,26,121,2,3,Muskegon County                                             ,12,12,3643429,0,0,0,0,0,0,1,5,1182813,5,5,1759932,0,0,0,0,0,0,0,0,0
202601,26,123,2,3,Newaygo County                                              ,3,3,770650,0,0,0,0,0,0,0,0,0,2,2,450000,0,0,0,0,0,0,0,0,0
202601,26,125,2,3,Oakland County                                              ,79,79,34572513,0,0,0,1,4,1100000,0,0,0,64,64,29544148,0,0,0,1,4,1100000,0,0,0
202601,26,127,2,3,Oceana County                                               ,4,4,1111109,0,0,0,0,0,0,0,0,0,4,4,1111109,0,0,0,0,0,0,0,0,0
202601,26,129,2,3,Ogemaw County                                               ,1,1,195000,0,0,0,0,0,0,0,0,0,1,1,195000,0,0,0,0,0,0,0,0,0
202601,26,131,2,3,Ontonagon County                                            ,0,0,0,0,0,0,0,0,0,0,0,0,0,0,0,0,0,0,0,0,0,0,0,0
202601,26,133,2,3,Osceola County                                              ,0,0,0,0,0,0,0,0,0,0,0,0,0,0,0,0,0,0,0,0,0,0,0,0
202601,26,135,2,3,Oscoda County                                               ,1,1,320650,0,0,0,0,0,0,0,0,0,0,0,0,0,0,0,0,0,0,0,0,0
202601,26,137,2,3,Otsego County                                               ,1,1,81000,0,0,0,0,0,0,0,0,0,0,0,0,0,0,0,0,0,0,0,0,0
202601,26,139,2,3,Ottawa County                                               ,52,52,19053510,0,0,0,0,0,0,1,11,1233045,45,45,15972428,0,0,0,0,0,0,0,0,0
202601,26,141,2,3,Presque Isle County                                         ,2,2,487787,0,0,0,0,0,0,0,0,0,0,0,0,0,0,0,0,0,0,0,0,0
202601,26,143,2,3,Roscommon County                                            ,1,1,240000,0,0,0,0,0,0,0,0,0,0,0,0,0,0,0,0,0,0,0,0,0
202601,26,145,2,3,Saginaw County                                              ,5,5,1696612,1,2,330107,0,0,0,0,0,0,1,1,305000,0,0,0,0,0,0,0,0,0
202601,26,147,2,3,St. Clair County                                            ,10,10,3339467,0,0,0,0,0,0,0,0,0,4,4,1584617,0,0,0,0,0,0,0,0,0
202601,26,149,2,3,St. Joseph County                                           ,5,5,1507408,0,0,0,0,0,0,2,10,1567580,1,1,110000,0,0,0,0,0,0,0,0,0
202601,26,151,2,3,Sanilac County                                              ,2,2,352000,0,0,0,0,0,0,0,0,0,2,2,352000,0,0,0,0,0,0,0,0,0
202601,26,153,2,3,Schoolcraft County                                          ,1,1,164924,0,0,0,0,0,0,0,0,0,0,0,0,0,0,0,0,0,0,0,0,0
202601,26,155,2,3,Shiawassee County                                           ,5,5,1412027,0,0,0,0,0,0,0,0,0,0,0,0,0,0,0,0,0,0,0,0,0
202601,26,157,2,3,Tuscola County                                              ,2,2,546749,0,0,0,0,0,0,0,0,0,0,0,0,0,0,0,0,0,0,0,0,0
202601,26,159,2,3,Van Buren County                                            ,5,5,1933140,0,0,0,0,0,0,0,0,0,1,1,1000000,0,0,0,0,0,0,0,0,0
202601,26,161,2,3,Washtenaw County                                            ,50,50,24811694,0,0,0,1,3,841035,2,43,28242810,47,47,23781638,0,0,0,0,0,0,0,0,0
202601,26,163,2,3,Wayne County                                                ,65,65,12238570,9,18,845000,2,7,1450374,1,46,8200000,64,64,12065237,9,18,845000,1,4,864950,1,46,8200000
202601,26,165,2,3,Wexford County                                              ,2,2,850000,0,0,0,0,0,0,1,5,1565142,2,2,850000,0,0,0,0,0,0,0,0,0
202601,27,001,2,4,Aitkin County                                               ,2,2,683406,0,0,0,0,0,0,0,0,0,2,2,683406,0,0,0,0,0,0,0,0,0
202601,27,003,2,4,Anoka County                                                ,41,41,14432262,0,0,0,0,0,0,0,0,0,41,41,14432262,0,0,0,0,0,0,0,0,0
202601,27,005,2,4,Becker County                                               ,2,2,511676,0,0,0,0,0,0,0,0,0,0,0,0,0,0,0,0,0,0,0,0,0
202601,27,007,2,4,Beltrami County                                             ,2,2,389133,0,0,0,0,0,0,1,6,168750,0,0,0,0,0,0,0,0,0,0,0,0
202601,27,009,2,4,Benton County                                               ,0,0,0,0,0,0,0,0,0,0,0,0,0,0,0,0,0,0,0,0,0,0,0,0
202601,27,011,2,4,Big Stone County                                            ,0,0,0,0,0,0,0,0,0,0,0,0,0,0,0,0,0,0,0,0,0,0,0,0
202601,27,013,2,4,Blue Earth County                                           ,1,1,378544,0,0,0,0,0,0,3,131,17485947,0,0,0,0,0,0,0,0,0,3,131,17485947
202601,27,015,2,4,Brown County                                                ,2,2,90000,0,0,0,0,0,0,0,0,0,2,2,90000,0,0,0,0,0,0,0,0,0
202601,27,017,2,4,Carlton County                                              ,2,2,340076,0,0,0,0,0,0,0,0,0,0,0,0,0,0,0,0,0,0,0,0,0
202601,27,019,2,4,Carver County                                               ,35,35,15514427,0,0,0,0,0,0,0,0,0,30,30,13517586,0,0,0,0,0,0,0,0,0
202601,27,021,2,4,Cass County                                                 ,4,4,1170605,0,0,0,0,0,0,0,0,0,2,2,683406,0,0,0,0,0,0,0,0,0
202601,27,023,2,4,Chippewa County                                             ,1,1,673500,0,0,0,0,0,0,0,0,0,0,0,0,0,0,0,0,0,0,0,0,0
202601,27,025,2,4,Chisago County                                              ,10,10,2024422,0,0,0,0,0,0,0,0,0,4,4,978364,0,0,0,0,0,0,0,0,0
202601,27,027,2,4,Clay County                                                 ,0,0,0,0,0,0,0,0,0,0,0,0,0,0,0,0,0,0,0,0,0,0,0,0
202601,27,029,2,4,Clearwater County                                           ,0,0,0,0,0,0,0,0,0,0,0,0,0,0,0,0,0,0,0,0,0,0,0,0
202601,27,031,2,4,Cook County                                                 ,3,3,796407,0,0,0,0,0,0,0,0,0,0,0,0,0,0,0,0,0,0,0,0,0
202601,27,033,2,4,Cottonwood County                                           ,0,0,0,0,0,0,0,0,0,0,0,0,0,0,0,0,0,0,0,0,0,0,0,0
202601,27,035,2,4,Crow Wing County                                            ,10,10,3369030,0,0,0,0,0,0,0,0,0,3,3,1025109,0,0,0,0,0,0,0,0,0
202601,27,037,2,4,Dakota County                                               ,102,102,29300576,0,0,0,0,0,0,3,28,5164546,101,101,28950576,0,0,0,0,0,0,2,23,3596364
202601,27,039,2,4,Dodge County                                                ,2,2,365000,0,0,0,0,0,0,0,0,0,2,2,365000,0,0,0,0,0,0,0,0,0
202601,27,041,2,4,Douglas County                                              ,2,2,1017723,0,0,0,0,0,0,1,7,715909,0,0,0,0,0,0,0,0,0,0,0,0
202601,27,043,2,4,Faribault County                                            ,0,0,0,0,0,0,0,0,0,0,0,0,0,0,0,0,0,0,0,0,0,0,0,0
202601,27,045,2,4,Fillmore County                                             ,4,4,1190000,0,0,0,0,0,0,0,0,0,0,0,0,0,0,0,0,0,0,0,0,0
202601,27,047,2,4,Freeborn County                                             ,0,0,0,0,0,0,0,0,0,0,0,0,0,0,0,0,0,0,0,0,0,0,0,0
202601,27,049,2,4,Goodhue County                                              ,4,4,1579000,0,0,0,0,0,0,0,0,0,4,4,1579000,0,0,0,0,0,0,0,0,0
202601,27,051,2,4,Grant County                                                ,0,0,0,0,0,0,0,0,0,0,0,0,0,0,0,0,0,0,0,0,0,0,0,0
202601,27,053,2,4,Hennepin County                                             ,117,117,54768217,0,0,0,0,0,0,1,222,59000000,114,114,53098436,0,0,0,0,0,0,1,222,59000000
202601,27,055,2,4,Houston County                                              ,0,0,0,0,0,0,0,0,0,0,0,0,0,0,0,0,0,0,0,0,0,0,0,0
202601,27,057,2,4,Hubbard County                                              ,1,1,303238,0,0,0,0,0,0,0,0,0,0,0,0,0,0,0,0,0,0,0,0,0
202601,27,059,2,4,Isanti County                                               ,3,3,532127,0,0,0,0,0,0,0,0,0,2,2,361000,0,0,0,0,0,0,0,0,0
202601,27,061,2,4,Itasca County                                               ,3,3,1087741,0,0,0,0,0,0,0,0,0,2,2,734277,0,0,0,0,0,0,0,0,0
202601,27,063,2,4,Jackson County                                              ,0,0,0,0,0,0,0,0,0,1,5,707561,0,0,0,0,0,0,0,0,0,0,0,0
202601,27,065,2,4,Kanabec County                                              ,1,1,320650,0,0,0,0,0,0,0,0,0,0,0,0,0,0,0,0,0,0,0,0,0
202601,27,067,2,4,Kandiyohi County                                            ,1,1,341703,0,0,0,0,0,0,0,0,0,1,1,341703,0,0,0,0,0,0,0,0,0
202601,27,069,2,4,Kittson County                                              ,0,0,0,0,0,0,0,0,0,0,0,0,0,0,0,0,0,0,0,0,0,0,0,0
202601,27,071,2,4,Koochiching County                                          ,1,1,50000,0,0,0,0,0,0,0,0,0,1,1,50000,0,0,0,0,0,0,0,0,0
202601,27,073,2,4,Lac Qui Parle County                                        ,0,0,0,0,0,0,0,0,0,0,0,0,0,0,0,0,0,0,0,0,0,0,0,0
202601,27,075,2,4,Lake County                                                 ,3,3,819909,0,0,0,0,0,0,0,0,0,0,0,0,0,0,0,0,0,0,0,0,0
202601,27,077,2,4,Lake of the Woods County                                    ,0,0,0,0,0,0,0,0,0,0,0,0,0,0,0,0,0,0,0,0,0,0,0,0
202601,27,079,2,4,Le Sueur County                                             ,2,2,450000,0,0,0,0,0,0,0,0,0,2,2,450000,0,0,0,0,0,0,0,0,0
202601,27,081,2,4,Lincoln County                                              ,0,0,0,0,0,0,0,0,0,0,0,0,0,0,0,0,0,0,0,0,0,0,0,0
202601,27,083,2,4,Lyon County                                                 ,1,1,297514,0,0,0,0,0,0,0,0,0,0,0,0,0,0,0,0,0,0,0,0,0
202601,27,085,2,4,McLeod County                                               ,0,0,0,0,0,0,0,0,0,0,0,0,0,0,0,0,0,0,0,0,0,0,0,0
202601,27,087,2,4,Mahnomen County                                             ,0,0,0,0,0,0,0,0,0,0,0,0,0,0,0,0,0,0,0,0,0,0,0,0
202601,27,089,2,4,Marshall County                                             ,0,0,0,0,0,0,0,0,0,0,0,0,0,0,0,0,0,0,0,0,0,0,0,0
202601,27,091,2,4,Martin County                                               ,0,0,0,1,2,500000,0,0,0,0,0,0,0,0,0,0,0,0,0,0,0,0,0,0
202601,27,093,2,4,Meeker County                                               ,1,1,426000,0,0,0,0,0,0,0,0,0,1,1,426000,0,0,0,0,0,0,0,0,0
202601,27,095,2,4,Mille Lacs County                                           ,2,2,694495,0,0,0,0,0,0,0,0,0,0,0,0,0,0,0,0,0,0,0,0,0
202601,27,097,2,4,Morrison County                                             ,6,6,995560,1,2,350000,0,0,0,1,5,1633333,5,5,645560,0,0,0,0,0,0,0,0,0
202601,27,099,2,4,Mower County                                                ,1,1,111446,0,0,0,0,0,0,0,0,0,0,0,0,0,0,0,0,0,0,0,0,0
202601,27,101,2,4,Murray County                                               ,0,0,0,0,0,0,0,0,0,0,0,0,0,0,0,0,0,0,0,0,0,0,0,0
202601,27,103,2,4,Nicollet County                                             ,2,2,1009446,0,0,0,1,3,321429,0,0,0,1,1,650000,0,0,0,0,0,0,0,0,0
202601,27,105,2,4,Nobles County                                               ,1,1,350000,0,0,0,0,0,0,0,0,0,0,0,0,0,0,0,0,0,0,0,0,0
202601,27,107,2,4,Norman County                                               ,0,0,0,0,0,0,0,0,0,0,0,0,0,0,0,0,0,0,0,0,0,0,0,0
202601,27,109,2,4,Olmsted County                                              ,15,15,9832559,0,0,0,0,0,0,0,0,0,15,15,9832559,0,0,0,0,0,0,0,0,0
202601,27,111,2,4,Otter Tail County                                           ,3,3,1265025,0,0,0,0,0,0,0,0,0,0,0,0,0,0,0,0,0,0,0,0,0
202601,27,113,2,4,Pennington County                                           ,0,0,0,0,0,0,0,0,0,0,0,0,0,0,0,0,0,0,0,0,0,0,0,0
202601,27,115,2,4,Pine County                                                 ,5,5,1438000,0,0,0,0,0,0,1,5,1437500,0,0,0,0,0,0,0,0,0,0,0,0
202601,27,117,2,4,Pipestone County                                            ,0,0,0,0,0,0,0,0,0,0,0,0,0,0,0,0,0,0,0,0,0,0,0,0
202601,27,119,2,4,Polk County                                                 ,0,0,0,0,0,0,0,0,0,0,0,0,0,0,0,0,0,0,0,0,0,0,0,0
202601,27,121,2,4,Pope County                                                 ,0,0,0,0,0,0,0,0,0,0,0,0,0,0,0,0,0,0,0,0,0,0,0,0
202601,27,123,2,4,Ramsey County                                               ,12,12,5186673,1,2,450000,0,0,0,0,0,0,10,10,4580693,1,2,450000,0,0,0,0,0,0
202601,27,125,2,4,Red Lake County                                             ,0,0,0,0,0,0,0,0,0,0,0,0,0,0,0,0,0,0,0,0,0,0,0,0
202601,27,127,2,4,Redwood County                                              ,0,0,0,0,0,0,0,0,0,0,0,0,0,0,0,0,0,0,0,0,0,0,0,0
202601,27,129,2,4,Renville County                                             ,0,0,0,0,0,0,0,0,0,0,0,0,0,0,0,0,0,0,0,0,0,0,0,0
202601,27,131,2,4,Rice County                                                 ,5,5,1836704,0,0,0,0,0,0,0,0,0,1,1,690000,0,0,0,0,0,0,0,0,0
202601,27,133,2,4,Rock County                                                 ,1,1,900000,0,0,0,0,0,0,1,5,648148,1,1,900000,0,0,0,0,0,0,0,0,0
202601,27,135,2,4,Roseau County                                               ,0,0,0,0,0,0,0,0,0,0,0,0,0,0,0,0,0,0,0,0,0,0,0,0
202601,27,137,2,4,St. Louis County                                            ,10,10,3362892,0,0,0,0,0,0,0,0,0,6,6,2202832,0,0,0,0,0,0,0,0,0
202601,27,139,2,4,Scott County                                                ,32,32,15324093,0,0,0,0,0,0,0,0,0,31,31,14269073,0,0,0,0,0,0,0,0,0
202601,27,141,2,4,Sherburne County                                            ,5,5,2867170,0,0,0,0,0,0,0,0,0,4,4,2610170,0,0,0,0,0,0,0,0,0
202601,27,143,2,4,Sibley County                                               ,0,0,0,0,0,0,0,0,0,0,0,0,0,0,0,0,0,0,0,0,0,0,0,0
202601,27,145,2,4,Stearns County                                              ,9,9,5007227,0,0,0,0,0,0,0,0,0,7,7,2181863,0,0,0,0,0,0,0,0,0
202601,27,147,2,4,Steele County                                               ,2,2,869432,0,0,0,0,0,0,0,0,0,0,0,0,0,0,0,0,0,0,0,0,0
202601,27,149,2,4,Stevens County                                              ,0,0,0,0,0,0,0,0,0,0,0,0,0,0,0,0,0,0,0,0,0,0,0,0
202601,27,151,2,4,Swift County                                                ,1,1,320650,0,0,0,0,0,0,0,0,0,0,0,0,0,0,0,0,0,0,0,0,0
202601,27,153,2,4,Todd County                                                 ,2,2,644941,0,0,0,0,0,0,0,0,0,1,1,341703,0,0,0,0,0,0,0,0,0
202601,27,155,2,4,Traverse County                                             ,0,0,0,0,0,0,0,0,0,0,0,0,0,0,0,0,0,0,0,0,0,0,0,0
202601,27,157,2,4,Wabasha County                                              ,0,0,0,0,0,0,0,0,0,0,0,0,0,0,0,0,0,0,0,0,0,0,0,0
202601,27,159,2,4,Wadena County                                               ,4,4,526667,0,0,0,0,0,0,0,0,0,3,3,360000,0,0,0,0,0,0,0,0,0
202601,27,161,2,4,Waseca County                                               ,2,2,565036,0,0,0,0,0,0,0,0,0,1,1,341703,0,0,0,0,0,0,0,0,0
202601,27,163,2,4,Washington County                                           ,67,67,24497256,0,0,0,0,0,0,1,164,31715419,67,67,24497256,0,0,0,0,0,0,1,164,31715419
202601,27,165,2,4,Watonwan County                                             ,0,0,0,0,0,0,0,0,0,0,0,0,0,0,0,0,0,0,0,0,0,0,0,0
202601,27,167,2,4,Wilkin County                                               ,0,0,0,0,0,0,0,0,0,0,0,0,0,0,0,0,0,0,0,0,0,0,0,0
202601,27,169,2,4,Winona County                                               ,1,1,75000,0,0,0,0,0,0,0,0,0,1,1,75000,0,0,0,0,0,0,0,0,0
202601,27,171,2,4,Wright County                                               ,45,45,16323110,0,0,0,0,0,0,0,0,0,44,44,16037459,0,0,0,0,0,0,0,0,0
202601,27,173,2,4,Yellow Medicine County                                      ,1,1,320650,0,0,0,0,0,0,0,0,0,0,0,0,0,0,0,0,0,0,0,0,0
202601,28,001,3,6,Adams County                                                ,1,1,112875,0,0,0,0,0,0,0,0,0,0,0,0,0,0,0,0,0,0,0,0,0
202601,28,003,3,6,Alcorn County                                               ,1,1,1065210,0,0,0,0,0,0,0,0,0,1,1,1065210,0,0,0,0,0,0,0,0,0
202601,28,005,3,6,Amite County                                                ,0,0,0,0,0,0,0,0,0,0,0,0,0,0,0,0,0,0,0,0,0,0,0,0
202601,28,007,3,6,Attala County                                               ,0,0,0,0,0,0,0,0,0,0,0,0,0,0,0,0,0,0,0,0,0,0,0,0
202601,28,009,3,6,Benton County                                               ,0,0,0,0,0,0,0,0,0,0,0,0,0,0,0,0,0,0,0,0,0,0,0,0
202601,28,011,3,6,Bolivar County                                              ,1,1,180000,0,0,0,0,0,0,0,0,0,0,0,0,0,0,0,0,0,0,0,0,0
202601,28,013,3,6,Calhoun County                                              ,0,0,0,0,0,0,0,0,0,0,0,0,0,0,0,0,0,0,0,0,0,0,0,0
202601,28,017,3,6,Chickasaw County                                            ,0,0,0,0,0,0,0,0,0,0,0,0,0,0,0,0,0,0,0,0,0,0,0,0
202601,28,019,3,6,Choctaw County                                              ,0,0,0,0,0,0,0,0,0,0,0,0,0,0,0,0,0,0,0,0,0,0,0,0
202601,28,021,3,6,Claiborne County                                            ,0,0,0,0,0,0,0,0,0,0,0,0,0,0,0,0,0,0,0,0,0,0,0,0
202601,28,023,3,6,Clarke County                                               ,0,0,0,0,0,0,0,0,0,0,0,0,0,0,0,0,0,0,0,0,0,0,0,0
202601,28,025,3,6,Clay County                                                 ,0,0,0,0,0,0,0,0,0,0,0,0,0,0,0,0,0,0,0,0,0,0,0,0
202601,28,027,3,6,Coahoma County                                              ,2,2,355524,0,0,0,0,0,0,0,0,0,0,0,0,0,0,0,0,0,0,0,0,0
202601,28,029,3,6,Copiah County                                               ,0,0,0,0,0,0,0,0,0,0,0,0,0,0,0,0,0,0,0,0,0,0,0,0
202601,28,031,3,6,Covington County                                            ,0,0,0,0,0,0,0,0,0,0,0,0,0,0,0,0,0,0,0,0,0,0,0,0
202601,28,033,3,6,DeSoto County                                               ,50,50,9717807,0,0,0,0,0,0,0,0,0,42,42,8912134,0,0,0,0,0,0,0,0,0
202601,28,035,3,6,Forrest County                                              ,3,3,833010,0,0,0,0,0,0,0,0,0,0,0,0,0,0,0,0,0,0,0,0,0
202601,28,039,3,6,George County                                               ,3,3,433384,0,0,0,0,0,0,0,0,0,0,0,0,0,0,0,0,0,0,0,0,0
202601,28,041,3,6,Greene County                                               ,0,0,0,0,0,0,0,0,0,0,0,0,0,0,0,0,0,0,0,0,0,0,0,0
202601,28,043,3,6,Grenada County                                              ,1,1,154165,0,0,0,0,0,0,0,0,0,0,0,0,0,0,0,0,0,0,0,0,0
202601,28,045,3,6,Hancock County                                              ,13,13,2719449,0,0,0,0,0,0,0,0,0,4,4,985376,0,0,0,0,0,0,0,0,0
202601,28,047,3,6,Harrison County                                             ,131,131,15122223,0,0,0,0,0,0,0,0,0,52,52,10780095,0,0,0,0,0,0,0,0,0
202601,28,049,3,6,Hinds County                                                ,16,16,3191662,0,0,0,0,0,0,0,0,0,7,7,1549610,0,0,0,0,0,0,0,0,0
202601,28,051,3,6,Holmes County                                               ,1,1,227274,0,0,0,0,0,0,0,0,0,0,0,0,0,0,0,0,0,0,0,0,0
202601,28,053,3,6,Humphreys County                                            ,1,1,307500,0,0,0,0,0,0,0,0,0,0,0,0,0,0,0,0,0,0,0,0,0
202601,28,057,3,6,Itawamba County                                             ,0,0,0,0,0,0,0,0,0,0,0,0,0,0,0,0,0,0,0,0,0,0,0,0
202601,28,059,3,6,Jackson County                                              ,112,112,18327820,0,0,0,0,0,0,0,0,0,112,112,18327820,0,0,0,0,0,0,0,0,0
202601,28,061,3,6,Jasper County                                               ,0,0,0,0,0,0,0,0,0,0,0,0,0,0,0,0,0,0,0,0,0,0,0,0
202601,28,063,3,6,Jefferson County                                            ,0,0,0,0,0,0,0,0,0,0,0,0,0,0,0,0,0,0,0,0,0,0,0,0
202601,28,065,3,6,Jefferson Davis County                                      ,0,0,0,0,0,0,0,0,0,0,0,0,0,0,0,0,0,0,0,0,0,0,0,0
202601,28,067,3,6,Jones County                                                ,0,0,0,0,0,0,0,0,0,0,0,0,0,0,0,0,0,0,0,0,0,0,0,0
202601,28,071,3,6,Lafayette County                                            ,31,31,10522763,1,2,474730,0,0,0,0,0,0,0,0,0,0,0,0,0,0,0,0,0,0
202601,28,073,3,6,Lamar County                                                ,3,3,470044,0,0,0,0,0,0,0,0,0,0,0,0,0,0,0,0,0,0,0,0,0
202601,28,075,3,6,Lauderdale County                                           ,2,2,595819,0,0,0,0,0,0,0,0,0,0,0,0,0,0,0,0,0,0,0,0,0
202601,28,077,3,6,Lawrence County                                             ,0,0,0,0,0,0,0,0,0,0,0,0,0,0,0,0,0,0,0,0,0,0,0,0
202601,28,079,3,6,Leake County                                                ,0,0,0,0,0,0,0,0,0,0,0,0,0,0,0,0,0,0,0,0,0,0,0,0
202601,28,081,3,6,Lee County                                                  ,7,7,3249408,0,0,0,0,0,0,1,5,755208,7,7,3249408,0,0,0,0,0,0,0,0,0
202601,28,083,3,6,Leflore County                                              ,0,0,0,0,0,0,0,0,0,1,5,252941,0,0,0,0,0,0,0,0,0,0,0,0
202601,28,085,3,6,Lincoln County                                              ,0,0,0,0,0,0,0,0,0,0,0,0,0,0,0,0,0,0,0,0,0,0,0,0
202601,28,087,3,6,Lowndes County                                              ,11,11,1137189,0,0,0,0,0,0,0,0,0,11,11,1137189,0,0,0,0,0,0,0,0,0
202601,28,089,3,6,Madison County                                              ,54,54,12695687,0,0,0,0,0,0,0,0,0,53,53,12514000,0,0,0,0,0,0,0,0,0
202601,28,091,3,6,Marion County                                               ,0,0,0,0,0,0,0,0,0,0,0,0,0,0,0,0,0,0,0,0,0,0,0,0
202601,28,093,3,6,Marshall County                                             ,23,23,6805710,0,0,0,0,0,0,0,0,0,23,23,6805710,0,0,0,0,0,0,0,0,0
202601,28,095,3,6,Monroe County                                               ,2,2,417610,0,0,0,0,0,0,0,0,0,0,0,0,0,0,0,0,0,0,0,0,0
202601,28,097,3,6,Montgomery County                                           ,1,1,39000,0,0,0,0,0,0,1,7,175000,0,0,0,0,0,0,0,0,0,0,0,0
202601,28,099,3,6,Neshoba County                                              ,0,0,0,0,0,0,0,0,0,0,0,0,0,0,0,0,0,0,0,0,0,0,0,0
202601,28,101,3,6,Newton County                                               ,0,0,0,0,0,0,0,0,0,0,0,0,0,0,0,0,0,0,0,0,0,0,0,0
202601,28,103,3,6,Noxubee County                                              ,0,0,0,0,0,0,0,0,0,0,0,0,0,0,0,0,0,0,0,0,0,0,0,0
202601,28,105,3,6,Oktibbeha County                                            ,5,5,1640000,0,0,0,0,0,0,0,0,0,5,5,1640000,0,0,0,0,0,0,0,0,0
202601,28,107,3,6,Panola County                                               ,0,0,0,0,0,0,0,0,0,0,0,0,0,0,0,0,0,0,0,0,0,0,0,0
202601,28,109,3,6,Pearl River County                                          ,32,32,6001041,0,0,0,0,0,0,0,0,0,29,29,5390842,0,0,0,0,0,0,0,0,0
202601,28,111,3,6,Perry County                                                ,0,0,0,0,0,0,0,0,0,0,0,0,0,0,0,0,0,0,0,0,0,0,0,0
202601,28,113,3,6,Pike County                                                 ,0,0,0,0,0,0,0,0,0,0,0,0,0,0,0,0,0,0,0,0,0,0,0,0
202601,28,115,3,6,Pontotoc County                                             ,3,3,704228,0,0,0,0,0,0,2,10,125000,0,0,0,0,0,0,0,0,0,0,0,0
202601,28,117,3,6,Prentiss County                                             ,0,0,0,0,0,0,1,3,609375,0,0,0,0,0,0,0,0,0,0,0,0,0,0,0
202601,28,119,3,6,Quitman County                                              ,0,0,0,0,0,0,0,0,0,0,0,0,0,0,0,0,0,0,0,0,0,0,0,0
202601,28,121,3,6,Rankin County                                               ,31,31,10427984,0,0,0,0,0,0,0,0,0,30,30,10277984,0,0,0,0,0,0,0,0,0
202601,28,123,3,6,Scott County                                                ,2,2,575176,0,0,0,0,0,0,0,0,0,0,0,0,0,0,0,0,0,0,0,0,0
202601,28,125,3,6,Sharkey County                                              ,0,0,0,0,0,0,0,0,0,0,0,0,0,0,0,0,0,0,0,0,0,0,0,0
202601,28,127,3,6,Simpson County                                              ,1,1,99300,0,0,0,0,0,0,0,0,0,0,0,0,0,0,0,0,0,0,0,0,0
202601,28,129,3,6,Smith County                                                ,0,0,0,0,0,0,0,0,0,0,0,0,0,0,0,0,0,0,0,0,0,0,0,0
202601,28,131,3,6,Stone County                                                ,4,4,611146,0,0,0,0,0,0,0,0,0,0,0,0,0,0,0,0,0,0,0,0,0
202601,28,133,3,6,Sunflower County                                            ,1,1,262526,0,0,0,0,0,0,0,0,0,0,0,0,0,0,0,0,0,0,0,0,0
202601,28,135,3,6,Tallahatchie County                                         ,0,0,0,0,0,0,0,0,0,0,0,0,0,0,0,0,0,0,0,0,0,0,0,0
202601,28,137,3,6,Tate County                                                 ,8,8,2064724,0,0,0,0,0,0,0,0,0,6,6,1602000,0,0,0,0,0,0,0,0,0
202601,28,139,3,6,Tippah County                                               ,1,1,209076,0,0,0,0,0,0,0,0,0,0,0,0,0,0,0,0,0,0,0,0,0
202601,28,141,3,6,Tishomingo County                                           ,1,1,302641,0,0,0,0,0,0,0,0,0,0,0,0,0,0,0,0,0,0,0,0,0
202601,28,143,3,6,Tunica County                                               ,6,6,1349679,0,0,0,0,0,0,0,0,0,0,0,0,0,0,0,0,0,0,0,0,0
202601,28,145,3,6,Union County                                                ,1,1,425000,0,0,0,0,0,0,0,0,0,1,1,425000,0,0,0,0,0,0,0,0,0
202601,28,147,3,6,Walthall County                                             ,0,0,0,0,0,0,0,0,0,0,0,0,0,0,0,0,0,0,0,0,0,0,0,0
202601,28,149,3,6,Warren County                                               ,0,0,0,0,0,0,0,0,0,0,0,0,0,0,0,0,0,0,0,0,0,0,0,0
202601,28,151,3,6,Washington County                                           ,0,0,0,0,0,0,0,0,0,0,0,0,0,0,0,0,0,0,0,0,0,0,0,0
202601,28,153,3,6,Wayne County                                                ,0,0,0,0,0,0,0,0,0,0,0,0,0,0,0,0,0,0,0,0,0,0,0,0
202601,28,155,3,6,Webster County                                              ,1,1,147573,0,0,0,0,0,0,0,0,0,0,0,0,0,0,0,0,0,0,0,0,0
202601,28,157,3,6,Wilkinson County                                            ,0,0,0,0,0,0,0,0,0,0,0,0,0,0,0,0,0,0,0,0,0,0,0,0
202601,28,159,3,6,Winston County                                              ,0,0,0,0,0,0,0,0,0,0,0,0,0,0,0,0,0,0,0,0,0,0,0,0
202601,28,161,3,6,Yalobusha County                                            ,2,2,60890,0,0,0,0,0,0,0,0,0,0,0,0,0,0,0,0,0,0,0,0,0
202601,28,163,3,6,Yazoo County                                                ,1,1,72429,0,0,0,0,0,0,0,0,0,0,0,0,0,0,0,0,0,0,0,0,0
202601,29,001,2,4,Adair County                                                ,0,0,0,0,0,0,0,0,0,0,0,0,0,0,0,0,0,0,0,0,0,0,0,0
202601,29,003,2,4,Andrew County                                               ,0,0,0,0,0,0,0,0,0,0,0,0,0,0,0,0,0,0,0,0,0,0,0,0
202601,29,005,2,4,Atchison County                                             ,0,0,0,0,0,0,0,0,0,0,0,0,0,0,0,0,0,0,0,0,0,0,0,0
202601,29,007,2,4,Audrain County                                              ,4,4,753980,0,0,0,0,0,0,0,0,0,4,4,753980,0,0,0,0,0,0,0,0,0
202601,29,009,2,4,Barry County                                                ,2,2,641300,0,0,0,0,0,0,0,0,0,0,0,0,0,0,0,0,0,0,0,0,0
202601,29,011,2,4,Barton County                                               ,0,0,0,0,0,0,0,0,0,0,0,0,0,0,0,0,0,0,0,0,0,0,0,0
202601,29,013,2,4,Bates County                                                ,0,0,0,0,0,0,0,0,0,0,0,0,0,0,0,0,0,0,0,0,0,0,0,0
202601,29,015,2,4,Benton County                                               ,0,0,0,0,0,0,0,0,0,0,0,0,0,0,0,0,0,0,0,0,0,0,0,0
202601,29,017,2,4,Bollinger County                                            ,0,0,0,0,0,0,0,0,0,0,0,0,0,0,0,0,0,0,0,0,0,0,0,0
202601,29,019,2,4,Boone County                                                ,19,19,7368265,0,0,0,0,0,0,3,210,33135033,19,19,7368265,0,0,0,0,0,0,3,210,33135033
202601,29,021,2,4,Buchanan County                                             ,2,2,414553,0,0,0,0,0,0,0,0,0,0,0,0,0,0,0,0,0,0,0,0,0
202601,29,023,2,4,Butler County                                               ,1,1,103000,0,0,0,0,0,0,0,0,0,1,1,103000,0,0,0,0,0,0,0,0,0
202601,29,025,2,4,Caldwell County                                             ,0,0,0,0,0,0,0,0,0,0,0,0,0,0,0,0,0,0,0,0,0,0,0,0
202601,29,027,2,4,Callaway County                                             ,3,3,885621,0,0,0,0,0,0,0,0,0,2,2,734277,0,0,0,0,0,0,0,0,0
202601,29,029,2,4,Camden County                                               ,8,8,3064268,0,0,0,0,0,0,0,0,0,0,0,0,0,0,0,0,0,0,0,0,0
202601,29,031,2,4,Cape Girardeau County                                       ,6,6,2029272,0,0,0,0,0,0,0,0,0,3,3,908659,0,0,0,0,0,0,0,0,0
202601,29,033,2,4,Carroll County                                              ,0,0,0,0,0,0,0,0,0,0,0,0,0,0,0,0,0,0,0,0,0,0,0,0
202601,29,035,2,4,Carter County                                               ,0,0,0,0,0,0,0,0,0,0,0,0,0,0,0,0,0,0,0,0,0,0,0,0
202601,29,037,2,4,Cass County                                                 ,24,24,11067302,0,0,0,0,0,0,0,0,0,23,23,10776435,0,0,0,0,0,0,0,0,0
202601,29,039,2,4,Cedar County                                                ,0,0,0,0,0,0,0,0,0,0,0,0,0,0,0,0,0,0,0,0,0,0,0,0
202601,29,041,2,4,Chariton County                                             ,0,0,0,0,0,0,0,0,0,0,0,0,0,0,0,0,0,0,0,0,0,0,0,0
202601,29,043,2,4,Christian County                                            ,25,25,7292639,1,2,287213,0,0,0,2,60,4375000,9,9,1973640,0,0,0,0,0,0,2,60,4375000
202601,29,045,2,4,Clark County                                                ,1,1,320650,0,0,0,0,0,0,0,0,0,0,0,0,0,0,0,0,0,0,0,0,0
202601,29,047,2,4,Clay County                                                 ,20,20,8214008,0,0,0,0,0,0,0,0,0,19,19,8011651,0,0,0,0,0,0,0,0,0
202601,29,049,2,4,Clinton County                                              ,6,6,1815065,0,0,0,0,0,0,0,0,0,3,3,1101416,0,0,0,0,0,0,0,0,0
202601,29,051,2,4,Cole County                                                 ,7,7,2522543,0,0,0,0,0,0,0,0,0,6,6,2202832,0,0,0,0,0,0,0,0,0
202601,29,053,2,4,Cooper County                                               ,1,1,310667,0,0,0,0,0,0,0,0,0,0,0,0,0,0,0,0,0,0,0,0,0
202601,29,055,2,4,Crawford County                                             ,1,1,599183,0,0,0,1,3,120000,0,0,0,0,0,0,0,0,0,0,0,0,0,0,0
202601,29,057,2,4,Dade County                                                 ,0,0,0,0,0,0,0,0,0,0,0,0,0,0,0,0,0,0,0,0,0,0,0,0
202601,29,059,2,4,Dallas County                                               ,1,1,341703,0,0,0,0,0,0,0,0,0,1,1,341703,0,0,0,0,0,0,0,0,0
202601,29,061,2,4,Daviess County                                              ,0,0,0,0,0,0,0,0,0,0,0,0,0,0,0,0,0,0,0,0,0,0,0,0
202601,29,063,2,4,DeKalb  County                                              ,0,0,0,0,0,0,0,0,0,0,0,0,0,0,0,0,0,0,0,0,0,0,0,0
202601,29,065,2,4,Dent County                                                 ,0,0,0,0,0,0,0,0,0,0,0,0,0,0,0,0,0,0,0,0,0,0,0,0
202601,29,067,2,4,Douglas County                                              ,1,1,256933,0,0,0,0,0,0,0,0,0,0,0,0,0,0,0,0,0,0,0,0,0
202601,29,069,2,4,Dunklin County                                              ,1,1,183341,0,0,0,0,0,0,0,0,0,0,0,0,0,0,0,0,0,0,0,0,0
202601,29,071,2,4,Franklin County                                             ,36,36,13032819,1,2,168750,0,0,0,1,5,271875,34,34,12717035,0,0,0,0,0,0,0,0,0
202601,29,073,2,4,Gasconade County                                            ,0,0,0,0,0,0,0,0,0,0,0,0,0,0,0,0,0,0,0,0,0,0,0,0
202601,29,075,2,4,Gentry County                                               ,0,0,0,0,0,0,0,0,0,0,0,0,0,0,0,0,0,0,0,0,0,0,0,0
202601,29,077,2,4,Greene County                                               ,87,87,27625241,0,0,0,0,0,0,1,18,3225600,68,68,22871901,0,0,0,0,0,0,0,0,0
202601,29,079,2,4,Grundy County                                               ,0,0,0,0,0,0,0,0,0,0,0,0,0,0,0,0,0,0,0,0,0,0,0,0
202601,29,081,2,4,Harrison County                                             ,0,0,0,0,0,0,0,0,0,0,0,0,0,0,0,0,0,0,0,0,0,0,0,0
202601,29,083,2,4,Henry County                                                ,0,0,0,0,0,0,0,0,0,0,0,0,0,0,0,0,0,0,0,0,0,0,0,0
202601,29,087,2,4,Holt County                                                 ,0,0,0,0,0,0,0,0,0,0,0,0,0,0,0,0,0,0,0,0,0,0,0,0
202601,29,089,2,4,Howard County                                               ,0,0,0,0,0,0,0,0,0,0,0,0,0,0,0,0,0,0,0,0,0,0,0,0
202601,29,091,2,4,Howell County                                               ,6,6,1573238,0,0,0,0,0,0,0,0,0,5,5,1270000,0,0,0,0,0,0,0,0,0
202601,29,093,2,4,Iron County                                                 ,0,0,0,0,0,0,0,0,0,0,0,0,0,0,0,0,0,0,0,0,0,0,0,0
202601,29,095,2,4,Jackson County                                              ,46,46,12585157,1,2,462000,6,24,4500000,6,36,4500000,44,44,12133088,1,2,462000,6,24,4500000,6,36,4500000
202601,29,097,2,4,Jasper County                                               ,25,25,5919273,6,12,2303730,0,0,0,0,0,0,14,14,3054055,5,10,1992760,0,0,0,0,0,0
202601,29,099,2,4,Jefferson County                                            ,44,44,14225089,0,0,0,0,0,0,1,8,500000,39,39,13240387,0,0,0,0,0,0,0,0,0
202601,29,101,2,4,Johnson County                                              ,3,3,627139,0,0,0,0,0,0,0,0,0,3,3,627139,0,0,0,0,0,0,0,0,0
202601,29,103,2,4,Knox County                                                 ,0,0,0,0,0,0,0,0,0,0,0,0,0,0,0,0,0,0,0,0,0,0,0,0
202601,29,105,2,4,Laclede County                                              ,4,4,1119000,0,0,0,0,0,0,0,0,0,4,4,1119000,0,0,0,0,0,0,0,0,0
202601,29,107,2,4,Lafayette County                                            ,7,7,2058835,0,0,0,0,0,0,0,0,0,2,2,330000,0,0,0,0,0,0,0,0,0
202601,29,109,2,4,Lawrence County                                             ,10,10,3293371,9,18,3346935,0,0,0,1,5,952381,9,9,3075327,8,16,2986842,0,0,0,0,0,0
202601,29,111,2,4,Lewis County                                                ,0,0,0,0,0,0,0,0,0,0,0,0,0,0,0,0,0,0,0,0,0,0,0,0
202601,29,113,2,4,Lincoln County                                              ,5,5,1484835,4,8,700000,0,0,0,5,48,3358401,4,4,1315000,4,8,700000,0,0,0,5,48,3358401
202601,29,115,2,4,Linn County                                                 ,1,1,303238,0,0,0,0,0,0,0,0,0,0,0,0,0,0,0,0,0,0,0,0,0
202601,29,117,2,4,Livingston County                                           ,1,1,251429,0,0,0,0,0,0,0,0,0,0,0,0,0,0,0,0,0,0,0,0,0
202601,29,119,2,4,McDonald County                                             ,0,0,0,0,0,0,0,0,0,0,0,0,0,0,0,0,0,0,0,0,0,0,0,0
202601,29,121,2,4,Macon County                                                ,0,0,0,0,0,0,0,0,0,0,0,0,0,0,0,0,0,0,0,0,0,0,0,0
202601,29,123,2,4,Madison County                                              ,0,0,0,0,0,0,0,0,0,0,0,0,0,0,0,0,0,0,0,0,0,0,0,0
202601,29,125,2,4,Maries County                                               ,0,0,0,0,0,0,0,0,0,0,0,0,0,0,0,0,0,0,0,0,0,0,0,0
202601,29,127,2,4,Marion County                                               ,1,1,150000,0,0,0,0,0,0,0,0,0,1,1,150000,0,0,0,0,0,0,0,0,0
202601,29,129,2,4,Mercer County                                               ,0,0,0,0,0,0,0,0,0,0,0,0,0,0,0,0,0,0,0,0,0,0,0,0
202601,29,131,2,4,Miller County                                               ,1,1,612011,0,0,0,0,0,0,0,0,0,1,1,612011,0,0,0,0,0,0,0,0,0
202601,29,133,2,4,Mississippi County                                          ,0,0,0,0,0,0,0,0,0,0,0,0,0,0,0,0,0,0,0,0,0,0,0,0
202601,29,135,2,4,Moniteau County                                             ,0,0,0,0,0,0,0,0,0,0,0,0,0,0,0,0,0,0,0,0,0,0,0,0
202601,29,137,2,4,Monroe County                                               ,1,1,320650,0,0,0,0,0,0,0,0,0,0,0,0,0,0,0,0,0,0,0,0,0
202601,29,139,2,4,Montgomery County                                           ,2,2,534273,0,0,0,0,0,0,0,0,0,0,0,0,0,0,0,0,0,0,0,0,0
202601,29,141,2,4,Morgan County                                               ,0,0,0,0,0,0,0,0,0,0,0,0,0,0,0,0,0,0,0,0,0,0,0,0
202601,29,143,2,4,New Madrid County                                           ,0,0,0,0,0,0,0,0,0,0,0,0,0,0,0,0,0,0,0,0,0,0,0,0
202601,29,145,2,4,Newton County                                               ,2,2,242909,0,0,0,0,0,0,1,5,225000,0,0,0,0,0,0,0,0,0,0,0,0
202601,29,147,2,4,Nodaway County                                              ,2,2,452082,0,0,0,0,0,0,0,0,0,0,0,0,0,0,0,0,0,0,0,0,0
202601,29,149,2,4,Oregon County                                               ,0,0,0,0,0,0,0,0,0,0,0,0,0,0,0,0,0,0,0,0,0,0,0,0
202601,29,151,2,4,Osage County                                                ,0,0,0,0,0,0,0,0,0,0,0,0,0,0,0,0,0,0,0,0,0,0,0,0
202601,29,153,2,4,Ozark County                                                ,0,0,0,0,0,0,0,0,0,0,0,0,0,0,0,0,0,0,0,0,0,0,0,0
202601,29,155,2,4,Pemiscot County                                             ,1,1,43500,0,0,0,0,0,0,0,0,0,0,0,0,0,0,0,0,0,0,0,0,0
202601,29,157,2,4,Perry County                                                ,1,1,233429,1,2,342913,0,0,0,0,0,0,0,0,0,0,0,0,0,0,0,0,0,0
202601,29,159,2,4,Pettis County                                               ,1,1,152831,0,0,0,1,3,197857,1,5,580081,0,0,0,0,0,0,0,0,0,0,0,0
202601,29,161,2,4,Phelps County                                               ,17,17,4674667,1,2,250000,0,0,0,0,0,0,16,16,4508000,1,2,250000,0,0,0,0,0,0
202601,29,163,2,4,Pike County                                                 ,0,0,0,0,0,0,0,0,0,0,0,0,0,0,0,0,0,0,0,0,0,0,0,0
202601,29,165,2,4,Platte County                                               ,21,21,11410417,0,0,0,0,0,0,0,0,0,19,19,10576953,0,0,0,0,0,0,0,0,0
202601,29,167,2,4,Polk County                                                 ,2,2,506000,7,14,1750000,0,0,0,0,0,0,2,2,506000,7,14,1750000,0,0,0,0,0,0
202601,29,169,2,4,Pulaski County                                              ,3,3,485256,0,0,0,0,0,0,0,0,0,0,0,0,0,0,0,0,0,0,0,0,0
202601,29,171,2,4,Putnam County                                               ,0,0,0,0,0,0,0,0,0,0,0,0,0,0,0,0,0,0,0,0,0,0,0,0
202601,29,173,2,4,Ralls County                                                ,0,0,0,0,0,0,0,0,0,0,0,0,0,0,0,0,0,0,0,0,0,0,0,0
202601,29,175,2,4,Randolph County                                             ,1,1,241905,0,0,0,0,0,0,0,0,0,0,0,0,0,0,0,0,0,0,0,0,0
202601,29,177,2,4,Ray County                                                  ,3,3,720245,0,0,0,0,0,0,0,0,0,0,0,0,0,0,0,0,0,0,0,0,0
202601,29,179,2,4,Reynolds County                                             ,0,0,0,0,0,0,0,0,0,0,0,0,0,0,0,0,0,0,0,0,0,0,0,0
202601,29,181,2,4,Ripley County                                               ,0,0,0,0,0,0,0,0,0,0,0,0,0,0,0,0,0,0,0,0,0,0,0,0
202601,29,183,2,4,St. Charles County                                          ,106,106,40033521,0,0,0,0,0,0,3,15,3967749,92,92,32880498,0,0,0,0,0,0,3,15,3967749
202601,29,185,2,4,St. Clair County                                            ,0,0,0,0,0,0,0,0,0,0,0,0,0,0,0,0,0,0,0,0,0,0,0,0
202601,29,186,2,4,Ste. Genevieve County                                       ,3,3,1150000,0,0,0,0,0,0,0,0,0,2,2,900000,0,0,0,0,0,0,0,0,0
202601,29,187,2,4,St. Francois County                                         ,4,4,1193028,0,0,0,0,0,0,1,5,625000,0,0,0,0,0,0,0,0,0,0,0,0
202601,29,189,2,4,St. Louis County                                            ,27,27,14491256,0,0,0,0,0,0,1,20,3496872,5,5,2651000,0,0,0,0,0,0,0,0,0
202601,29,195,2,4,Saline County                                               ,1,1,213333,0,0,0,0,0,0,0,0,0,0,0,0,0,0,0,0,0,0,0,0,0
202601,29,197,2,4,Schuyler County                                             ,1,1,237744,0,0,0,0,0,0,0,0,0,0,0,0,0,0,0,0,0,0,0,0,0
202601,29,199,2,4,Scotland County                                             ,0,0,0,0,0,0,0,0,0,0,0,0,0,0,0,0,0,0,0,0,0,0,0,0
202601,29,201,2,4,Scott County                                                ,2,2,286667,0,0,0,0,0,0,0,0,0,0,0,0,0,0,0,0,0,0,0,0,0
202601,29,203,2,4,Shannon County                                              ,0,0,0,0,0,0,0,0,0,0,0,0,0,0,0,0,0,0,0,0,0,0,0,0
202601,29,205,2,4,Shelby County                                               ,0,0,0,0,0,0,0,0,0,0,0,0,0,0,0,0,0,0,0,0,0,0,0,0
202601,29,207,2,4,Stoddard County                                             ,0,0,0,0,0,0,0,0,0,0,0,0,0,0,0,0,0,0,0,0,0,0,0,0
202601,29,209,2,4,Stone County                                                ,4,4,2050000,0,0,0,0,0,0,0,0,0,4,4,2050000,0,0,0,0,0,0,0,0,0
202601,29,211,2,4,Sullivan County                                             ,0,0,0,0,0,0,0,0,0,0,0,0,0,0,0,0,0,0,0,0,0,0,0,0
202601,29,213,2,4,Taney County                                                ,17,17,5763683,0,0,0,0,0,0,0,0,0,16,16,5467248,0,0,0,0,0,0,0,0,0
202601,29,215,2,4,Texas County                                                ,0,0,0,0,0,0,0,0,0,1,5,187500,0,0,0,0,0,0,0,0,0,0,0,0
202601,29,217,2,4,Vernon County                                               ,0,0,0,0,0,0,0,0,0,0,0,0,0,0,0,0,0,0,0,0,0,0,0,0
202601,29,219,2,4,Warren County                                               ,23,23,2676206,5,10,2045802,0,0,0,1,5,926750,21,21,2101375,5,10,2045802,0,0,0,0,0,0
202601,29,221,2,4,Washington County                                           ,0,0,0,0,0,0,0,0,0,0,0,0,0,0,0,0,0,0,0,0,0,0,0,0
202601,29,225,2,4,Webster County                                              ,8,8,2037822,0,0,0,0,0,0,2,60,9726206,2,2,846656,0,0,0,0,0,0,2,60,9726206
202601,29,227,2,4,Worth County                                                ,0,0,0,0,0,0,0,0,0,0,0,0,0,0,0,0,0,0,0,0,0,0,0,0
202601,29,229,2,4,Wright County                                               ,0,0,0,0,0,0,0,0,0,0,0,0,0,0,0,0,0,0,0,0,0,0,0,0
202601,29,510,2,4,St. Louis (Independent City)                                ,3,3,646027,0,0,0,0,0,0,1,17,3189261,0,0,0,0,0,0,0,0,0,0,0,0
202601,30,000,4,8,Montana Balance of State                                    ,0,0,0,0,0,0,0,0,0,0,0,0,0,0,0,0,0,0,0,0,0,0,0,0
202601,30,001,4,8,Beaverhead County                                           ,1,1,296519,0,0,0,0,0,0,0,0,0,1,1,296519,0,0,0,0,0,0,0,0,0
202601,30,003,4,8,Big Horn County                                             ,0,0,0,0,0,0,0,0,0,0,0,0,0,0,0,0,0,0,0,0,0,0,0,0
202601,30,005,4,8,Blaine County                                               ,0,0,0,0,0,0,0,0,0,0,0,0,0,0,0,0,0,0,0,0,0,0,0,0
202601,30,007,4,8,Broadwater County                                           ,0,0,0,0,0,0,0,0,0,0,0,0,0,0,0,0,0,0,0,0,0,0,0,0
202601,30,009,4,8,Carbon County                                               ,1,1,325000,0,0,0,0,0,0,0,0,0,1,1,325000,0,0,0,0,0,0,0,0,0
202601,30,011,4,8,Carter County                                               ,0,0,0,0,0,0,0,0,0,0,0,0,0,0,0,0,0,0,0,0,0,0,0,0
202601,30,013,4,8,Cascade County                                              ,9,9,3321126,0,0,0,0,0,0,0,0,0,2,2,679500,0,0,0,0,0,0,0,0,0
202601,30,015,4,8,Chouteau County                                             ,1,1,277951,0,0,0,0,0,0,0,0,0,0,0,0,0,0,0,0,0,0,0,0,0
202601,30,017,4,8,Custer County                                               ,0,0,0,0,0,0,0,0,0,0,0,0,0,0,0,0,0,0,0,0,0,0,0,0
202601,30,019,4,8,Daniels County                                              ,0,0,0,0,0,0,0,0,0,0,0,0,0,0,0,0,0,0,0,0,0,0,0,0
202601,30,021,4,8,Dawson County                                               ,0,0,0,0,0,0,0,0,0,0,0,0,0,0,0,0,0,0,0,0,0,0,0,0
202601,30,023,4,8,Deer Lodge County                                           ,1,1,289272,0,0,0,0,0,0,0,0,0,0,0,0,0,0,0,0,0,0,0,0,0
202601,30,025,4,8,Fallon County                                               ,0,0,0,0,0,0,0,0,0,0,0,0,0,0,0,0,0,0,0,0,0,0,0,0
202601,30,027,4,8,Fergus County                                               ,0,0,0,0,0,0,0,0,0,0,0,0,0,0,0,0,0,0,0,0,0,0,0,0
202601,30,029,4,8,Flathead County                                             ,20,20,16455000,0,0,0,0,0,0,0,0,0,20,20,16455000,0,0,0,0,0,0,0,0,0
202601,30,031,4,8,Gallatin County                                             ,58,58,19378079,2,4,764451,1,3,520834,2,27,2839621,0,0,0,0,0,0,0,0,0,0,0,0
202601,30,033,4,8,Garfield County                                             ,0,0,0,0,0,0,0,0,0,0,0,0,0,0,0,0,0,0,0,0,0,0,0,0
202601,30,035,4,8,Glacier County                                              ,0,0,0,0,0,0,0,0,0,0,0,0,0,0,0,0,0,0,0,0,0,0,0,0
202601,30,041,4,8,Hill County                                                 ,0,0,0,0,0,0,0,0,0,0,0,0,0,0,0,0,0,0,0,0,0,0,0,0
202601,30,043,4,8,Jefferson County                                            ,0,0,0,0,0,0,0,0,0,0,0,0,0,0,0,0,0,0,0,0,0,0,0,0
202601,30,047,4,8,Lake County                                                 ,2,2,749000,0,0,0,0,0,0,0,0,0,2,2,749000,0,0,0,0,0,0,0,0,0
202601,30,049,4,8,Lewis and Clark County                                      ,7,7,2662665,0,0,0,1,4,695932,0,0,0,4,4,1413962,0,0,0,1,4,695932,0,0,0
202601,30,053,4,8,Lincoln County                                              ,0,0,0,0,0,0,0,0,0,0,0,0,0,0,0,0,0,0,0,0,0,0,0,0
202601,30,055,4,8,McCone County                                               ,0,0,0,0,0,0,0,0,0,0,0,0,0,0,0,0,0,0,0,0,0,0,0,0
202601,30,057,4,8,Madison County                                              ,0,0,0,0,0,0,0,0,0,0,0,0,0,0,0,0,0,0,0,0,0,0,0,0
202601,30,061,4,8,Mineral County                                              ,0,0,0,0,0,0,0,0,0,0,0,0,0,0,0,0,0,0,0,0,0,0,0,0
202601,30,063,4,8,Missoula County                                             ,27,27,4742714,0,0,0,0,0,0,0,0,0,27,27,4742714,0,0,0,0,0,0,0,0,0
202601,30,065,4,8,Musselshell County                                          ,0,0,0,0,0,0,0,0,0,0,0,0,0,0,0,0,0,0,0,0,0,0,0,0
202601,30,067,4,8,Park County                                                 ,2,2,429624,0,0,0,0,0,0,0,0,0,0,0,0,0,0,0,0,0,0,0,0,0
202601,30,071,4,8,Phillips County                                             ,0,0,0,0,0,0,0,0,0,0,0,0,0,0,0,0,0,0,0,0,0,0,0,0
202601,30,073,4,8,Pondera County                                              ,0,0,0,0,0,0,0,0,0,0,0,0,0,0,0,0,0,0,0,0,0,0,0,0
202601,30,077,4,8,Powell County                                               ,3,3,1248703,0,0,0,0,0,0,1,5,921879,0,0,0,0,0,0,0,0,0,0,0,0
202601,30,081,4,8,Ravalli County                                              ,1,1,326834,0,0,0,0,0,0,0,0,0,0,0,0,0,0,0,0,0,0,0,0,0
202601,30,083,4,8,Richland County                                             ,0,0,0,0,0,0,0,0,0,0,0,0,0,0,0,0,0,0,0,0,0,0,0,0
202601,30,085,4,8,Roosevelt County                                            ,0,0,0,0,0,0,0,0,0,0,0,0,0,0,0,0,0,0,0,0,0,0,0,0
202601,30,087,4,8,Rosebud County                                              ,0,0,0,0,0,0,0,0,0,0,0,0,0,0,0,0,0,0,0,0,0,0,0,0
202601,30,091,4,8,Sheridan County                                             ,0,0,0,0,0,0,0,0,0,0,0,0,0,0,0,0,0,0,0,0,0,0,0,0
202601,30,093,4,8,Silver Bow County                                           ,11,11,3223482,0,0,0,0,0,0,0,0,0,11,11,3223482,0,0,0,0,0,0,0,0,0
202601,30,095,4,8,Stillwater County                                           ,0,0,0,0,0,0,0,0,0,0,0,0,0,0,0,0,0,0,0,0,0,0,0,0
202601,30,097,4,8,Sweet Grass County                                          ,0,0,0,0,0,0,0,0,0,0,0,0,0,0,0,0,0,0,0,0,0,0,0,0
202601,30,099,4,8,Teton County                                                ,0,0,0,0,0,0,0,0,0,0,0,0,0,0,0,0,0,0,0,0,0,0,0,0
202601,30,101,4,8,Toole County                                                ,0,0,0,0,0,0,0,0,0,0,0,0,0,0,0,0,0,0,0,0,0,0,0,0
202601,30,105,4,8,Valley County                                               ,0,0,0,0,0,0,0,0,0,0,0,0,0,0,0,0,0,0,0,0,0,0,0,0
202601,30,109,4,8,Wibaux County                                               ,0,0,0,0,0,0,0,0,0,0,0,0,0,0,0,0,0,0,0,0,0,0,0,0
202601,30,111,4,8,Yellowstone County                                          ,122,122,27396022,0,0,0,3,12,2601978,0,0,0,120,120,27167434,0,0,0,3,12,2601978,0,0,0
202601,31,001,2,4,Adams County                                                ,3,3,949374,0,0,0,0,0,0,0,0,0,3,3,949374,0,0,0,0,0,0,0,0,0
202601,31,003,2,4,Antelope County                                             ,1,1,341703,0,0,0,0,0,0,0,0,0,1,1,341703,0,0,0,0,0,0,0,0,0
202601,31,011,2,4,Boone County                                                ,0,0,0,0,0,0,0,0,0,0,0,0,0,0,0,0,0,0,0,0,0,0,0,0
202601,31,013,2,4,Box Butte County                                            ,0,0,0,0,0,0,0,0,0,0,0,0,0,0,0,0,0,0,0,0,0,0,0,0
202601,31,015,2,4,Boyd County                                                 ,0,0,0,0,0,0,0,0,0,0,0,0,0,0,0,0,0,0,0,0,0,0,0,0
202601,31,017,2,4,Brown County                                                ,0,0,0,0,0,0,0,0,0,0,0,0,0,0,0,0,0,0,0,0,0,0,0,0
202601,31,019,2,4,Buffalo County                                              ,22,22,7031363,0,0,0,0,0,0,0,0,0,22,22,7031363,0,0,0,0,0,0,0,0,0
202601,31,021,2,4,Burt County                                                 ,0,0,0,0,0,0,0,0,0,0,0,0,0,0,0,0,0,0,0,0,0,0,0,0
202601,31,023,2,4,Butler County                                               ,1,1,187000,0,0,0,0,0,0,0,0,0,0,0,0,0,0,0,0,0,0,0,0,0
202601,31,025,2,4,Cass County                                                 ,2,2,603709,0,0,0,0,0,0,0,0,0,2,2,603709,0,0,0,0,0,0,0,0,0
202601,31,027,2,4,Cedar County                                                ,1,1,418571,0,0,0,0,0,0,0,0,0,0,0,0,0,0,0,0,0,0,0,0,0
202601,31,029,2,4,Chase County                                                ,0,0,0,0,0,0,0,0,0,0,0,0,0,0,0,0,0,0,0,0,0,0,0,0
202601,31,031,2,4,Cherry County                                               ,1,1,300000,0,0,0,0,0,0,0,0,0,1,1,300000,0,0,0,0,0,0,0,0,0
202601,31,033,2,4,Cheyenne County                                             ,1,1,0,0,0,0,0,0,0,0,0,0,1,1,0,0,0,0,0,0,0,0,0,0
202601,31,035,2,4,Clay County                                                 ,0,0,0,0,0,0,0,0,0,0,0,0,0,0,0,0,0,0,0,0,0,0,0,0
202601,31,037,2,4,Colfax County                                               ,0,0,0,0,0,0,0,0,0,0,0,0,0,0,0,0,0,0,0,0,0,0,0,0
202601,31,039,2,4,Cuming County                                               ,1,1,400000,0,0,0,0,0,0,0,0,0,0,0,0,0,0,0,0,0,0,0,0,0
202601,31,041,2,4,Custer County                                               ,3,3,1283406,0,0,0,0,0,0,1,5,937500,2,2,683406,0,0,0,0,0,0,0,0,0
202601,31,043,2,4,Dakota County                                               ,1,1,360000,0,0,0,0,0,0,0,0,0,1,1,360000,0,0,0,0,0,0,0,0,0
202601,31,045,2,4,Dawes County                                                ,0,0,0,0,0,0,0,0,0,0,0,0,0,0,0,0,0,0,0,0,0,0,0,0
202601,31,047,2,4,Dawson County                                               ,1,1,500000,0,0,0,0,0,0,0,0,0,1,1,500000,0,0,0,0,0,0,0,0,0
202601,31,049,2,4,Deuel County                                                ,0,0,0,0,0,0,0,0,0,0,0,0,0,0,0,0,0,0,0,0,0,0,0,0
202601,31,051,2,4,Dixon County                                                ,0,0,0,0,0,0,0,0,0,0,0,0,0,0,0,0,0,0,0,0,0,0,0,0
202601,31,053,2,4,Dodge County                                                ,0,0,0,0,0,0,0,0,0,0,0,0,0,0,0,0,0,0,0,0,0,0,0,0
202601,31,055,2,4,Douglas County                                              ,175,175,18878124,0,0,0,0,0,0,5,97,6527442,172,172,16910508,0,0,0,0,0,0,5,97,6527442
202601,31,057,2,4,Dundy County                                                ,1,1,128534,0,0,0,0,0,0,0,0,0,0,0,0,0,0,0,0,0,0,0,0,0
202601,31,059,2,4,Fillmore County                                             ,1,1,675000,0,0,0,0,0,0,0,0,0,0,0,0,0,0,0,0,0,0,0,0,0
202601,31,061,2,4,Franklin County                                             ,0,0,0,0,0,0,0,0,0,0,0,0,0,0,0,0,0,0,0,0,0,0,0,0
202601,31,063,2,4,Frontier County                                             ,0,0,0,0,0,0,0,0,0,0,0,0,0,0,0,0,0,0,0,0,0,0,0,0
202601,31,065,2,4,Furnas County                                               ,0,0,0,0,0,0,0,0,0,0,0,0,0,0,0,0,0,0,0,0,0,0,0,0
202601,31,067,2,4,Gage County                                                 ,1,1,325000,0,0,0,0,0,0,1,7,850000,0,0,0,0,0,0,0,0,0,1,7,850000
202601,31,069,2,4,Garden County                                               ,0,0,0,0,0,0,0,0,0,0,0,0,0,0,0,0,0,0,0,0,0,0,0,0
202601,31,071,2,4,Garfield County                                             ,0,0,0,0,0,0,0,0,0,0,0,0,0,0,0,0,0,0,0,0,0,0,0,0
202601,31,073,2,4,Gosper County                                               ,0,0,0,0,0,0,0,0,0,0,0,0,0,0,0,0,0,0,0,0,0,0,0,0
202601,31,077,2,4,Greeley County                                              ,0,0,0,0,0,0,0,0,0,0,0,0,0,0,0,0,0,0,0,0,0,0,0,0
202601,31,079,2,4,Hall County                                                 ,2,2,308706,0,0,0,0,0,0,0,0,0,0,0,0,0,0,0,0,0,0,0,0,0
202601,31,081,2,4,Hamilton County                                             ,0,0,0,0,0,0,0,0,0,0,0,0,0,0,0,0,0,0,0,0,0,0,0,0
202601,31,083,2,4,Harlan County                                               ,0,0,0,0,0,0,0,0,0,0,0,0,0,0,0,0,0,0,0,0,0,0,0,0
202601,31,085,2,4,Hayes County                                                ,0,0,0,0,0,0,0,0,0,0,0,0,0,0,0,0,0,0,0,0,0,0,0,0
202601,31,087,2,4,Hitchcock County                                            ,0,0,0,0,0,0,0,0,0,0,0,0,0,0,0,0,0,0,0,0,0,0,0,0
202601,31,089,2,4,Holt County                                                 ,0,0,0,0,0,0,0,0,0,0,0,0,0,0,0,0,0,0,0,0,0,0,0,0
202601,31,091,2,4,Hooker County                                               ,0,0,0,0,0,0,0,0,0,0,0,0,0,0,0,0,0,0,0,0,0,0,0,0
202601,31,093,2,4,Howard County                                               ,1,1,372609,0,0,0,0,0,0,0,0,0,0,0,0,0,0,0,0,0,0,0,0,0
202601,31,095,2,4,Jefferson County                                            ,0,0,0,0,0,0,0,0,0,0,0,0,0,0,0,0,0,0,0,0,0,0,0,0
202601,31,097,2,4,Johnson County                                              ,0,0,0,0,0,0,0,0,0,0,0,0,0,0,0,0,0,0,0,0,0,0,0,0
202601,31,099,2,4,Kearney County                                              ,0,0,0,0,0,0,0,0,0,0,0,0,0,0,0,0,0,0,0,0,0,0,0,0
202601,31,101,2,4,Keith County                                                ,2,2,444000,0,0,0,0,0,0,0,0,0,2,2,444000,0,0,0,0,0,0,0,0,0
202601,31,103,2,4,Keya Paha County                                            ,0,0,0,0,0,0,0,0,0,0,0,0,0,0,0,0,0,0,0,0,0,0,0,0
202601,31,105,2,4,Kimball County                                              ,0,0,0,0,0,0,4,16,1720000,0,0,0,0,0,0,0,0,0,4,16,1720000,0,0,0
202601,31,107,2,4,Knox County                                                 ,0,0,0,0,0,0,0,0,0,0,0,0,0,0,0,0,0,0,0,0,0,0,0,0
202601,31,109,2,4,Lancaster County                                            ,60,60,19981105,0,0,0,0,0,0,0,0,0,60,60,19981105,0,0,0,0,0,0,0,0,0
202601,31,111,2,4,Lincoln County                                              ,1,1,241426,0,0,0,0,0,0,0,0,0,0,0,0,0,0,0,0,0,0,0,0,0
202601,31,115,2,4,Loup County                                                 ,0,0,0,0,0,0,0,0,0,0,0,0,0,0,0,0,0,0,0,0,0,0,0,0
202601,31,117,2,4,McPherson County                                            ,0,0,0,0,0,0,0,0,0,0,0,0,0,0,0,0,0,0,0,0,0,0,0,0
202601,31,119,2,4,Madison County                                              ,5,5,1160750,0,0,0,0,0,0,0,0,0,5,5,1160750,0,0,0,0,0,0,0,0,0
202601,31,121,2,4,Merrick County                                              ,2,2,624322,0,0,0,0,0,0,0,0,0,0,0,0,0,0,0,0,0,0,0,0,0
202601,31,123,2,4,Morrill County                                              ,0,0,0,0,0,0,0,0,0,0,0,0,0,0,0,0,0,0,0,0,0,0,0,0
202601,31,125,2,4,Nance County                                                ,0,0,0,0,0,0,0,0,0,0,0,0,0,0,0,0,0,0,0,0,0,0,0,0
202601,31,127,2,4,Nemaha County                                               ,0,0,0,0,0,0,0,0,0,0,0,0,0,0,0,0,0,0,0,0,0,0,0,0
202601,31,129,2,4,Nuckolls County                                             ,0,0,0,0,0,0,0,0,0,0,0,0,0,0,0,0,0,0,0,0,0,0,0,0
202601,31,131,2,4,Otoe County                                                 ,3,3,1143000,0,0,0,0,0,0,0,0,0,2,2,618000,0,0,0,0,0,0,0,0,0
202601,31,133,2,4,Pawnee County                                               ,1,1,320650,0,0,0,0,0,0,0,0,0,0,0,0,0,0,0,0,0,0,0,0,0
202601,31,135,2,4,Perkins County                                              ,0,0,0,0,0,0,0,0,0,0,0,0,0,0,0,0,0,0,0,0,0,0,0,0
202601,31,137,2,4,Phelps County                                               ,0,0,0,0,0,0,0,0,0,0,0,0,0,0,0,0,0,0,0,0,0,0,0,0
202601,31,139,2,4,Pierce County                                               ,2,2,700000,0,0,0,0,0,0,0,0,0,1,1,450000,0,0,0,0,0,0,0,0,0
202601,31,141,2,4,Platte County                                               ,6,6,1818283,0,0,0,0,0,0,5,30,4989600,5,5,1468283,0,0,0,0,0,0,5,30,4989600
202601,31,143,2,4,Polk County                                                 ,0,0,0,0,0,0,0,0,0,0,0,0,0,0,0,0,0,0,0,0,0,0,0,0
202601,31,145,2,4,Red Willow County                                           ,1,1,290000,0,0,0,0,0,0,0,0,0,0,0,0,0,0,0,0,0,0,0,0,0
202601,31,147,2,4,Richardson County                                           ,0,0,0,1,2,221625,0,0,0,0,0,0,0,0,0,0,0,0,0,0,0,0,0,0
202601,31,149,2,4,Rock County                                                 ,0,0,0,0,0,0,0,0,0,0,0,0,0,0,0,0,0,0,0,0,0,0,0,0
202601,31,151,2,4,Saline County                                               ,0,0,0,0,0,0,0,0,0,0,0,0,0,0,0,0,0,0,0,0,0,0,0,0
202601,31,153,2,4,Sarpy County                                                ,84,84,24216985,0,0,0,0,0,0,4,162,20054771,59,59,17150067,0,0,0,0,0,0,4,162,20054771
202601,31,155,2,4,Saunders County                                             ,6,6,1885225,0,0,0,0,0,0,0,0,0,5,5,1504945,0,0,0,0,0,0,0,0,0
202601,31,157,2,4,Scotts Bluff County                                         ,2,2,1077777,0,0,0,0,0,0,0,0,0,0,0,0,0,0,0,0,0,0,0,0,0
202601,31,159,2,4,Seward County                                               ,2,2,673800,0,0,0,0,0,0,0,0,0,1,1,464737,0,0,0,0,0,0,0,0,0
202601,31,161,2,4,Sheridan County                                             ,0,0,0,0,0,0,0,0,0,0,0,0,0,0,0,0,0,0,0,0,0,0,0,0
202601,31,163,2,4,Sherman County                                              ,0,0,0,0,0,0,0,0,0,0,0,0,0,0,0,0,0,0,0,0,0,0,0,0
202601,31,165,2,4,Sioux County                                                ,0,0,0,0,0,0,0,0,0,0,0,0,0,0,0,0,0,0,0,0,0,0,0,0
202601,31,167,2,4,Stanton County                                              ,0,0,0,0,0,0,0,0,0,0,0,0,0,0,0,0,0,0,0,0,0,0,0,0
202601,31,169,2,4,Thayer County                                               ,0,0,0,0,0,0,0,0,0,0,0,0,0,0,0,0,0,0,0,0,0,0,0,0
202601,31,171,2,4,Thomas County                                               ,0,0,0,0,0,0,0,0,0,0,0,0,0,0,0,0,0,0,0,0,0,0,0,0
202601,31,173,2,4,Thurston County                                             ,0,0,0,0,0,0,0,0,0,0,0,0,0,0,0,0,0,0,0,0,0,0,0,0
202601,31,175,2,4,Valley County                                               ,0,0,0,0,0,0,0,0,0,0,0,0,0,0,0,0,0,0,0,0,0,0,0,0
202601,31,177,2,4,Washington County                                           ,7,7,1743668,0,0,0,0,0,0,0,0,0,4,4,1114000,0,0,0,0,0,0,0,0,0
202601,31,179,2,4,Wayne County                                                ,0,0,0,0,0,0,0,0,0,0,0,0,0,0,0,0,0,0,0,0,0,0,0,0
202601,31,181,2,4,Webster County                                              ,0,0,0,0,0,0,0,0,0,0,0,0,0,0,0,0,0,0,0,0,0,0,0,0
202601,31,183,2,4,Wheeler County                                              ,0,0,0,0,0,0,0,0,0,0,0,0,0,0,0,0,0,0,0,0,0,0,0,0
202601,31,185,2,4,York County                                                 ,3,3,2885143,0,0,0,0,0,0,0,0,0,2,2,2561000,0,0,0,0,0,0,0,0,0
202601,32,001,4,8,Churchill County                                            ,3,3,1154182,0,0,0,0,0,0,0,0,0,3,3,1154182,0,0,0,0,0,0,0,0,0
202601,32,003,4,8,Clark County                                                ,523,523,64977591,5,10,1882947,0,0,0,2,523,89677715,523,523,64977591,5,10,1882947,0,0,0,2,523,89677715
202601,32,005,4,8,Douglas County                                              ,8,8,4878369,0,0,0,0,0,0,0,0,0,8,8,4878369,0,0,0,0,0,0,0,0,0
202601,32,007,4,8,Elko County                                                 ,12,12,1662708,0,0,0,0,0,0,0,0,0,12,12,1662708,0,0,0,0,0,0,0,0,0
202601,32,013,4,8,Humboldt County                                             ,1,1,296519,0,0,0,0,0,0,0,0,0,1,1,296519,0,0,0,0,0,0,0,0,0
202601,32,015,4,8,Lander County                                               ,0,0,0,0,0,0,0,0,0,0,0,0,0,0,0,0,0,0,0,0,0,0,0,0
202601,32,017,4,8,Lincoln County                                              ,2,2,600000,0,0,0,0,0,0,0,0,0,2,2,600000,0,0,0,0,0,0,0,0,0
202601,32,019,4,8,Lyon County                                                 ,12,12,4092885,0,0,0,0,0,0,0,0,0,6,6,2617513,0,0,0,0,0,0,0,0,0
202601,32,021,4,8,Mineral County                                              ,0,0,0,0,0,0,0,0,0,0,0,0,0,0,0,0,0,0,0,0,0,0,0,0
202601,32,027,4,8,Pershing County                                             ,1,1,179263,0,0,0,0,0,0,0,0,0,0,0,0,0,0,0,0,0,0,0,0,0
202601,32,029,4,8,Storey County                                               ,2,2,251292,0,0,0,0,0,0,0,0,0,2,2,251292,0,0,0,0,0,0,0,0,0
202601,32,031,4,8,Washoe County                                               ,103,103,37683417,0,0,0,0,0,0,0,0,0,70,70,28288775,0,0,0,0,0,0,0,0,0
202601,32,033,4,8,White Pine County                                           ,0,0,0,0,0,0,0,0,0,0,0,0,0,0,0,0,0,0,0,0,0,0,0,0
202601,32,510,4,8,Carson City (Independent City)                              ,35,35,12400175,0,0,0,0,0,0,0,0,0,35,35,12400175,0,0,0,0,0,0,0,0,0
202601,33,001,1,1,Belknap County                                              ,11,11,5570072,0,0,0,0,0,0,0,0,0,6,6,3750338,0,0,0,0,0,0,0,0,0
202601,33,003,1,1,Carroll County                                              ,12,12,5134226,1,2,265336,0,0,0,0,0,0,6,6,1913983,0,0,0,0,0,0,0,0,0
202601,33,005,1,1,Cheshire County                                             ,11,11,4886828,1,2,80000,0,0,0,0,0,0,1,1,1650000,1,2,80000,0,0,0,0,0,0
202601,33,007,1,1,Coos County                                                 ,5,5,1505301,0,0,0,0,0,0,0,0,0,3,3,1085797,0,0,0,0,0,0,0,0,0
202601,33,009,1,1,Grafton County                                              ,8,8,2988521,0,0,0,2,7,1400000,1,7,1263136,2,2,525000,0,0,0,2,7,1400000,0,0,0
202601,33,011,1,1,Hillsborough County                                         ,14,14,4765216,1,2,350000,1,3,472845,1,8,1996713,4,4,1549525,0,0,0,0,0,0,0,0,0
202601,33,013,1,1,Merrimack County                                            ,9,9,5581059,1,2,425000,0,0,0,0,0,0,3,3,3357262,0,0,0,0,0,0,0,0,0
202601,33,015,1,1,Rockingham County                                           ,45,45,15482874,0,0,0,2,7,1392500,10,353,39598408,36,36,11627737,0,0,0,1,4,1100000,9,346,38365784
202601,33,017,1,1,Strafford County                                            ,15,15,5139636,1,2,174981,0,0,0,0,0,0,11,11,3990462,1,2,174981,0,0,0,0,0,0
202601,33,019,1,1,Sullivan County                                             ,8,8,4363739,0,0,0,0,0,0,0,0,0,3,3,2400000,0,0,0,0,0,0,0,0,0
202601,34,001,1,2,Atlantic County                                             ,24,24,7083421,2,4,775167,0,0,0,1,5,622526,14,14,4500257,0,0,0,0,0,0,0,0,0
202601,34,003,1,2,Bergen County                                               ,97,97,27436847,23,46,2150401,5,17,613764,11,147,17132819,45,45,15780122,14,28,158963,1,4,28900,1,60,7350000
202601,34,005,1,2,Burlington County                                           ,94,94,9835229,0,0,0,3,11,974995,3,21,2526394,40,40,3266021,0,0,0,0,0,0,0,0,0
202601,34,007,1,2,Camden County                                               ,34,34,4054506,0,0,0,0,0,0,6,40,3618270,13,13,1415710,0,0,0,0,0,0,2,10,1800000
202601,34,009,1,2,Cape May County                                             ,48,48,23686209,3,6,1758723,3,9,1073880,1,5,842450,35,35,18810996,2,4,1474250,0,0,0,0,0,0
202601,34,011,1,2,Cumberland County                                           ,18,18,3861476,0,0,0,0,0,0,1,6,887196,11,11,2866700,0,0,0,0,0,0,0,0,0
202601,34,013,1,2,Essex County                                                ,33,33,9531454,23,46,6853209,11,33,5014748,13,656,164519664,20,20,6621400,18,36,6453923,10,30,4993542,4,496,145620500
202601,34,015,1,2,Gloucester County                                           ,39,39,10833230,0,0,0,0,0,0,1,5,338038,35,35,10150585,0,0,0,0,0,0,0,0,0
202601,34,017,1,2,Hudson County                                               ,18,18,2940439,6,12,1611329,1,4,450662,7,335,61422923,0,0,0,0,0,0,0,0,0,0,0,0
202601,34,019,1,2,Hunterdon County                                            ,6,6,1997370,0,0,0,0,0,0,2,17,598649,3,3,1241500,0,0,0,0,0,0,0,0,0
202601,34,021,1,2,Mercer County                                               ,68,68,12808909,2,4,725740,8,28,334500,11,55,294551,66,66,12648091,2,4,725740,8,28,334500,11,55,294551
202601,34,023,1,2,Middlesex County                                            ,50,50,12920973,1,2,132026,0,0,0,6,134,17118961,39,39,10035850,0,0,0,0,0,0,2,109,16518480
202601,34,025,1,2,Monmouth County                                             ,219,219,52098434,1,2,471667,0,0,0,3,88,2205007,190,190,43167503,0,0,0,0,0,0,1,78,850000
202601,34,027,1,2,Morris County                                               ,71,71,17582878,0,0,0,2,6,778750,8,43,3807470,42,42,10354320,0,0,0,0,0,0,4,20,118300
202601,34,029,1,2,Ocean County                                                ,277,277,62049619,4,8,498791,0,0,0,13,120,6562629,269,269,60502883,3,6,33201,0,0,0,12,115,6481400
202601,34,031,1,2,Passaic County                                              ,14,14,4151430,8,16,904400,0,0,0,8,48,3189688,1,1,478400,8,16,904400,0,0,0,2,10,331000
202601,34,033,1,2,Salem County                                                ,6,6,802040,0,0,0,0,0,0,0,0,0,6,6,802040,0,0,0,0,0,0,0,0,0
202601,34,035,1,2,Somerset County                                             ,25,25,5226371,0,0,0,1,3,228825,2,11,847207,19,19,3303202,0,0,0,0,0,0,0,0,0
202601,34,037,1,2,Sussex County                                               ,13,13,3305642,1,2,19737,0,0,0,0,0,0,6,6,1887150,0,0,0,0,0,0,0,0,0
202601,34,039,1,2,Union County                                                ,17,17,4354264,4,8,1012809,0,0,0,8,115,9320004,8,8,2703388,0,0,0,0,0,0,0,0,0
202601,34,041,1,2,Warren County                                               ,13,13,2214125,4,8,1451481,0,0,0,2,10,618043,6,6,1040355,4,8,1451481,0,0,0,0,0,0
202601,35,000,4,8,New Mexico Balance of State                                 ,170,170,39767884,0,0,0,0,0,0,0,0,0,170,170,39767884,0,0,0,0,0,0,0,0,0
202601,35,001,4,8,Bernalillo County                                           ,58,58,18127614,0,0,0,0,0,0,0,0,0,58,58,18127614,0,0,0,0,0,0,0,0,0
202601,35,005,4,8,Chaves County                                               ,4,4,708860,0,0,0,0,0,0,0,0,0,0,0,0,0,0,0,0,0,0,0,0,0
202601,35,009,4,8,Curry County                                                ,2,2,873475,2,4,795128,0,0,0,0,0,0,2,2,873475,2,4,795128,0,0,0,0,0,0
202601,35,013,4,8,Dona Ana County                                             ,48,48,12380006,1,2,328490,0,0,0,0,0,0,0,0,0,0,0,0,0,0,0,0,0,0
202601,35,015,4,8,Eddy County                                                 ,19,19,6408000,0,0,0,0,0,0,12,88,13600000,19,19,6408000,0,0,0,0,0,0,12,88,13600000
202601,35,025,4,8,Lea County                                                  ,10,10,3014566,0,0,0,0,0,0,0,0,0,0,0,0,0,0,0,0,0,0,0,0,0
202601,35,027,4,8,Lincoln County                                              ,5,5,2647819,0,0,0,0,0,0,0,0,0,0,0,0,0,0,0,0,0,0,0,0,0
202601,35,028,4,8,Los Alamos County                                           ,0,0,0,0,0,0,0,0,0,0,0,0,0,0,0,0,0,0,0,0,0,0,0,0
202601,35,029,4,8,Luna County                                                 ,0,0,0,0,0,0,0,0,0,0,0,0,0,0,0,0,0,0,0,0,0,0,0,0
202601,35,031,4,8,McKinley County                                             ,0,0,0,0,0,0,0,0,0,0,0,0,0,0,0,0,0,0,0,0,0,0,0,0
202601,35,035,4,8,Otero County                                                ,1,1,374508,0,0,0,0,0,0,0,0,0,0,0,0,0,0,0,0,0,0,0,0,0
202601,35,043,4,8,Sandoval County                                             ,59,59,14044757,0,0,0,0,0,0,0,0,0,59,59,14044757,0,0,0,0,0,0,0,0,0
202601,35,045,4,8,San Juan County                                             ,4,4,1008390,0,0,0,0,0,0,0,0,0,4,4,1008390,0,0,0,0,0,0,0,0,0
202601,35,047,4,8,San Miguel County                                           ,0,0,0,0,0,0,0,0,0,0,0,0,0,0,0,0,0,0,0,0,0,0,0,0
202601,35,049,4,8,Santa Fe County                                             ,14,14,5242404,0,0,0,0,0,0,0,0,0,0,0,0,0,0,0,0,0,0,0,0,0
202601,35,055,4,8,Taos County                                                 ,8,8,3540256,0,0,0,0,0,0,0,0,0,0,0,0,0,0,0,0,0,0,0,0,0
202601,35,061,4,8,Valencia County                                             ,17,17,5084575,0,0,0,0,0,0,0,0,0,0,0,0,0,0,0,0,0,0,0,0,0
202601,36,001,1,2,Albany County                                               ,10,10,3304095,0,0,0,0,0,0,1,6,1468657,2,2,930000,0,0,0,0,0,0,0,0,0
202601,36,003,1,2,Allegany County                                             ,6,6,635938,0,0,0,0,0,0,0,0,0,0,0,0,0,0,0,0,0,0,0,0,0
202601,36,005,1,2,Bronx County                                                ,0,0,0,3,6,0,0,0,0,14,913,0,0,0,0,3,6,0,0,0,0,14,913,0
202601,36,007,1,2,Broome County                                               ,5,5,1271183,0,0,0,0,0,0,2,20,1910540,1,1,200000,0,0,0,0,0,0,0,0,0
202601,36,009,1,2,Cattaraugus County                                          ,9,9,2063317,0,0,0,0,0,0,0,0,0,1,1,400000,0,0,0,0,0,0,0,0,0
202601,36,011,1,2,Cayuga County                                               ,8,8,1435950,0,0,0,0,0,0,1,5,739330,0,0,0,0,0,0,0,0,0,0,0,0
202601,36,013,1,2,Chautauqua County                                           ,8,8,2029876,0,0,0,0,0,0,0,0,0,0,0,0,0,0,0,0,0,0,0,0,0
202601,36,015,1,2,Chemung County                                              ,2,2,529750,1,2,292000,0,0,0,1,7,784483,0,0,0,0,0,0,0,0,0,0,0,0
202601,36,017,1,2,Chenango County                                             ,3,3,157430,0,0,0,0,0,0,1,9,412499,0,0,0,0,0,0,0,0,0,0,0,0
202601,36,019,1,2,Clinton County                                              ,6,6,1476861,0,0,0,0,0,0,1,6,831000,0,0,0,0,0,0,0,0,0,0,0,0
202601,36,021,1,2,Columbia County                                             ,7,7,4402887,0,0,0,0,0,0,0,0,0,2,2,1457262,0,0,0,0,0,0,0,0,0
202601,36,023,1,2,Cortland County                                             ,1,1,180400,0,0,0,0,0,0,0,0,0,0,0,0,0,0,0,0,0,0,0,0,0
202601,36,025,1,2,Delaware County                                             ,6,6,1506333,0,0,0,0,0,0,0,0,0,5,5,1263000,0,0,0,0,0,0,0,0,0
202601,36,027,1,2,Dutchess County                                             ,14,14,11170969,0,0,0,0,0,0,2,13,1922258,3,3,1132262,0,0,0,0,0,0,0,0,0
202601,36,029,1,2,Erie County                                                 ,37,37,15097748,0,0,0,0,0,0,1,15,3363500,31,31,13992219,0,0,0,0,0,0,0,0,0
202601,36,031,1,2,Essex County                                                ,10,10,4074074,0,0,0,0,0,0,0,0,0,3,3,1580000,0,0,0,0,0,0,0,0,0
202601,36,033,1,2,Franklin County                                             ,5,5,1323278,0,0,0,0,0,0,0,0,0,1,1,350000,0,0,0,0,0,0,0,0,0
202601,36,035,1,2,Fulton County                                               ,5,5,2658990,0,0,0,0,0,0,0,0,0,3,3,1957262,0,0,0,0,0,0,0,0,0
202601,36,037,1,2,Genesee County                                              ,1,1,286519,0,0,0,0,0,0,1,5,739330,0,0,0,0,0,0,0,0,0,0,0,0
202601,36,039,1,2,Greene County                                               ,5,5,1241862,0,0,0,0,0,0,0,0,0,1,1,167112,0,0,0,0,0,0,0,0,0
202601,36,041,1,2,Hamilton County                                             ,3,3,2012000,0,0,0,0,0,0,0,0,0,3,3,2012000,0,0,0,0,0,0,0,0,0
202601,36,043,1,2,Herkimer County                                             ,1,1,120000,0,0,0,0,0,0,0,0,0,1,1,120000,0,0,0,0,0,0,0,0,0
202601,36,045,1,2,Jefferson County                                            ,16,16,3183006,0,0,0,0,0,0,0,0,0,3,3,925000,0,0,0,0,0,0,0,0,0
202601,36,047,1,2,Kings County                                                ,4,4,0,3,6,0,7,22,0,15,849,0,4,4,0,3,6,0,7,22,0,15,849,0
202601,36,049,1,2,Lewis County                                                ,5,5,626719,0,0,0,0,0,0,0,0,0,4,4,498148,0,0,0,0,0,0,0,0,0
202601,36,051,1,2,Livingston County                                           ,3,3,945667,0,0,0,0,0,0,0,0,0,0,0,0,0,0,0,0,0,0,0,0,0
202601,36,053,1,2,Madison County                                              ,8,8,2407280,0,0,0,0,0,0,0,0,0,3,3,964525,0,0,0,0,0,0,0,0,0
202601,36,055,1,2,Monroe County                                               ,26,26,11293912,0,0,0,0,0,0,2,11,1925366,18,18,9199810,0,0,0,0,0,0,0,0,0
202601,36,057,1,2,Montgomery County                                           ,4,4,825710,0,0,0,0,0,0,0,0,0,0,0,0,0,0,0,0,0,0,0,0,0
202601,36,059,1,2,Nassau County                                               ,40,40,22985599,2,4,395795,0,0,0,2,11,2778909,14,14,8833759,1,2,0,0,0,0,0,0,0
202601,36,061,1,2,New York County                                             ,2,2,0,0,0,0,0,0,0,1,341,0,2,2,0,0,0,0,0,0,0,1,341,0
202601,36,063,1,2,Niagara County                                              ,10,10,3478960,0,0,0,0,0,0,0,0,0,9,9,3253960,0,0,0,0,0,0,0,0,0
202601,36,065,1,2,Oneida County                                               ,12,12,3324197,0,0,0,0,0,0,1,7,1093750,1,1,275000,0,0,0,0,0,0,0,0,0
202601,36,067,1,2,Onondaga County                                             ,64,64,46884052,0,0,0,0,0,0,1,5,625000,61,61,45909252,0,0,0,0,0,0,0,0,0
202601,36,069,1,2,Ontario County                                              ,36,36,8688389,0,0,0,0,0,0,1,7,848925,31,31,7297337,0,0,0,0,0,0,0,0,0
202601,36,071,1,2,Orange County                                               ,32,32,10265350,0,0,0,0,0,0,4,98,15338333,15,15,5454102,0,0,0,0,0,0,0,0,0
202601,36,073,1,2,Orleans County                                              ,2,2,680150,0,0,0,0,0,0,0,0,0,0,0,0,0,0,0,0,0,0,0,0,0
202601,36,075,1,2,Oswego County                                               ,8,8,2137184,0,0,0,0,0,0,0,0,0,4,4,1222000,0,0,0,0,0,0,0,0,0
202601,36,077,1,2,Otsego County                                               ,9,9,2126195,0,0,0,0,0,0,0,0,0,0,0,0,0,0,0,0,0,0,0,0,0
202601,36,079,1,2,Putnam County                                               ,2,2,883572,0,0,0,0,0,0,0,0,0,1,1,550000,0,0,0,0,0,0,0,0,0
202601,36,081,1,2,Queens County                                               ,9,9,0,6,12,0,0,0,0,4,721,0,9,9,0,6,12,0,0,0,0,4,721,0
202601,36,083,1,2,Rensselaer County                                           ,8,8,2701871,0,0,0,1,3,499772,2,62,6141379,2,2,750000,0,0,0,0,0,0,1,57,5900000
202601,36,085,1,2,Richmond County                                             ,22,22,0,20,40,0,0,0,0,0,0,0,22,22,0,20,40,0,0,0,0,0,0,0
202601,36,087,1,2,Rockland County                                             ,17,17,7450619,2,4,617351,2,6,654897,2,22,3161777,10,10,3119615,0,0,0,0,0,0,1,8,1425940
202601,36,089,1,2,St. Lawrence County                                         ,11,11,2717917,0,0,0,0,0,0,0,0,0,2,2,1325000,0,0,0,0,0,0,0,0,0
202601,36,091,1,2,Saratoga County                                             ,70,70,28152187,2,4,1010000,0,0,0,6,70,12740103,64,64,24799662,0,0,0,0,0,0,5,64,11842670
202601,36,093,1,2,Schenectady County                                          ,3,3,977821,0,0,0,0,0,0,0,0,0,2,2,689071,0,0,0,0,0,0,0,0,0
202601,36,095,1,2,Schoharie County                                            ,2,2,605402,0,0,0,0,0,0,0,0,0,0,0,0,0,0,0,0,0,0,0,0,0
202601,36,097,1,2,Schuyler County                                             ,4,4,957424,0,0,0,0,0,0,0,0,0,0,0,0,0,0,0,0,0,0,0,0,0
202601,36,099,1,2,Seneca County                                               ,2,2,500000,0,0,0,1,3,920000,0,0,0,2,2,500000,0,0,0,1,3,920000,0,0,0
202601,36,101,1,2,Steuben County                                              ,8,8,1671891,0,0,0,0,0,0,0,0,0,0,0,0,0,0,0,0,0,0,0,0,0
202601,36,103,1,2,Suffolk County                                              ,69,69,53810698,0,0,0,0,0,0,2,10,1532686,52,52,29376580,0,0,0,0,0,0,0,0,0
202601,36,105,1,2,Sullivan County                                             ,18,18,7291564,0,0,0,1,3,511644,0,0,0,8,8,4236312,0,0,0,0,0,0,0,0,0
202601,36,107,1,2,Tioga County                                                ,5,5,801783,0,0,0,0,0,0,1,6,875442,0,0,0,0,0,0,0,0,0,0,0,0
202601,36,109,1,2,Tompkins County                                             ,7,7,2231624,2,4,720276,0,0,0,2,11,1613519,0,0,0,1,2,520276,0,0,0,0,0,0
202601,36,111,1,2,Ulster County                                               ,17,17,5878459,0,0,0,1,3,600000,2,22,3253052,11,11,3900788,0,0,0,0,0,0,0,0,0
202601,36,113,1,2,Warren County                                               ,7,7,2987127,2,4,725740,1,3,499354,1,6,887196,6,6,2829050,2,4,725740,1,3,499354,0,0,0
202601,36,115,1,2,Washington County                                           ,8,8,1440000,0,0,0,0,0,0,0,0,0,7,7,1250000,0,0,0,0,0,0,0,0,0
202601,36,117,1,2,Wayne County                                                ,4,4,856305,1,2,125000,0,0,0,0,0,0,0,0,0,0,0,0,0,0,0,0,0,0
202601,36,119,1,2,Westchester County                                          ,39,39,19818453,1,2,300000,0,0,0,4,80,18728855,32,32,14495370,1,2,300000,0,0,0,0,0,0
202601,36,121,1,2,Wyoming County                                              ,2,2,466407,0,0,0,0,0,0,0,0,0,0,0,0,0,0,0,0,0,0,0,0,0
202601,36,123,1,2,Yates County                                                ,3,3,1307167,0,0,0,0,0,0,0,0,0,1,1,250000,0,0,0,0,0,0,0,0,0
202601,37,001,3,5,Alamance County                                             ,79,79,15269294,1,2,300000,0,0,0,0,0,0,79,79,15269294,1,2,300000,0,0,0,0,0,0
202601,37,003,3,5,Alexander County                                            ,7,7,1201499,0,0,0,0,0,0,0,0,0,0,0,0,0,0,0,0,0,0,0,0,0
202601,37,005,3,5,Alleghany County                                            ,15,15,9430991,0,0,0,0,0,0,0,0,0,15,15,9430991,0,0,0,0,0,0,0,0,0
202601,37,007,3,5,Anson County                                                ,4,4,599460,0,0,0,0,0,0,0,0,0,0,0,0,0,0,0,0,0,0,0,0,0
202601,37,009,3,5,Ashe County                                                 ,2,2,831000,0,0,0,0,0,0,0,0,0,2,2,831000,0,0,0,0,0,0,0,0,0
202601,37,011,3,5,Avery County                                                ,7,7,2784029,0,0,0,0,0,0,0,0,0,7,7,2784029,0,0,0,0,0,0,0,0,0
202601,37,013,3,5,Beaufort County                                             ,7,7,2451497,0,0,0,0,0,0,0,0,0,7,7,2451497,0,0,0,0,0,0,0,0,0
202601,37,015,3,5,Bertie County                                               ,1,1,374391,0,0,0,0,0,0,0,0,0,1,1,374391,0,0,0,0,0,0,0,0,0
202601,37,017,3,5,Bladen County                                               ,4,4,994000,0,0,0,0,0,0,0,0,0,4,4,994000,0,0,0,0,0,0,0,0,0
202601,37,019,3,5,Brunswick County                                            ,337,337,87062213,0,0,0,0,0,0,0,0,0,329,329,84867095,0,0,0,0,0,0,0,0,0
202601,37,021,3,5,Buncombe County                                             ,70,70,31653672,1,2,362680,0,0,0,1,42,7363045,52,52,25204078,0,0,0,0,0,0,0,0,0
202601,37,023,3,5,Burke County                                                ,22,22,5803576,0,0,0,0,0,0,1,7,389981,1,1,500000,0,0,0,0,0,0,0,0,0
202601,37,025,3,5,Cabarrus County                                             ,121,121,23600183,0,0,0,0,0,0,0,0,0,121,121,23600183,0,0,0,0,0,0,0,0,0
202601,37,027,3,5,Caldwell County                                             ,26,26,9305585,0,0,0,0,0,0,0,0,0,26,26,9305585,0,0,0,0,0,0,0,0,0
202601,37,029,3,5,Camden County                                               ,14,14,2925695,0,0,0,0,0,0,0,0,0,14,14,2925695,0,0,0,0,0,0,0,0,0
202601,37,031,3,5,Carteret County                                             ,23,23,11718109,0,0,0,0,0,0,0,0,0,23,23,11718109,0,0,0,0,0,0,0,0,0
202601,37,033,3,5,Caswell County                                              ,6,6,1777230,0,0,0,0,0,0,0,0,0,6,6,1777230,0,0,0,0,0,0,0,0,0
202601,37,035,3,5,Catawba County                                              ,154,154,28491284,10,20,2370000,0,0,0,1,30,2675700,154,154,28491284,10,20,2370000,0,0,0,1,30,2675700
202601,37,037,3,5,Chatham County                                              ,41,41,26648667,0,0,0,0,0,0,0,0,0,40,40,26361079,0,0,0,0,0,0,0,0,0
202601,37,039,3,5,Cherokee County                                             ,16,16,3729967,0,0,0,0,0,0,0,0,0,16,16,3729967,0,0,0,0,0,0,0,0,0
202601,37,041,3,5,Chowan County                                               ,5,5,1094200,0,0,0,0,0,0,0,0,0,5,5,1094200,0,0,0,0,0,0,0,0,0
202601,37,043,3,5,Clay County                                                 ,4,4,1280000,0,0,0,0,0,0,0,0,0,4,4,1280000,0,0,0,0,0,0,0,0,0
202601,37,045,3,5,Cleveland County                                            ,38,38,9046342,0,0,0,2,6,690000,0,0,0,38,38,9046342,0,0,0,2,6,690000,0,0,0
202601,37,047,3,5,Columbus County                                             ,4,4,1024485,0,0,0,0,0,0,0,0,0,0,0,0,0,0,0,0,0,0,0,0,0
202601,37,049,3,5,Craven County                                               ,41,41,9739241,0,0,0,0,0,0,0,0,0,41,41,9739241,0,0,0,0,0,0,0,0,0
202601,37,051,3,5,Cumberland County                                           ,50,50,12444592,0,0,0,0,0,0,0,0,0,50,50,12444592,0,0,0,0,0,0,0,0,0
202601,37,053,3,5,Currituck County                                            ,29,29,8921755,0,0,0,0,0,0,0,0,0,29,29,8921755,0,0,0,0,0,0,0,0,0
202601,37,055,3,5,Dare County                                                 ,43,43,22211191,0,0,0,0,0,0,0,0,0,43,43,22211191,0,0,0,0,0,0,0,0,0
202601,37,057,3,5,Davidson County                                             ,114,114,46954334,0,0,0,0,0,0,0,0,0,109,109,46124306,0,0,0,0,0,0,0,0,0
202601,37,059,3,5,Davie County                                                ,12,12,2941722,0,0,0,0,0,0,1,6,236608,0,0,0,0,0,0,0,0,0,0,0,0
202601,37,061,3,5,Duplin County                                               ,14,14,4302000,0,0,0,0,0,0,0,0,0,14,14,4302000,0,0,0,0,0,0,0,0,0
202601,37,063,3,5,Durham County                                               ,123,123,42205912,1,2,332982,0,0,0,1,88,14551414,0,0,0,0,0,0,0,0,0,0,0,0
202601,37,065,3,5,Edgecombe County                                            ,1,1,411000,0,0,0,0,0,0,0,0,0,1,1,411000,0,0,0,0,0,0,0,0,0
202601,37,067,3,5,Forsyth County                                              ,213,213,54017173,0,0,0,0,0,0,0,0,0,213,213,54017173,0,0,0,0,0,0,0,0,0
202601,37,069,3,5,Franklin County                                             ,50,50,14800834,0,0,0,0,0,0,0,0,0,50,50,14800834,0,0,0,0,0,0,0,0,0
202601,37,071,3,5,Gaston County                                               ,161,161,71046354,0,0,0,0,0,0,0,0,0,161,161,71046354,0,0,0,0,0,0,0,0,0
202601,37,073,3,5,Gates County                                                ,1,1,185809,0,0,0,0,0,0,0,0,0,0,0,0,0,0,0,0,0,0,0,0,0
202601,37,075,3,5,Graham County                                               ,2,2,583466,0,0,0,0,0,0,0,0,0,0,0,0,0,0,0,0,0,0,0,0,0
202601,37,077,3,5,Granville County                                            ,11,11,6165500,0,0,0,0,0,0,0,0,0,11,11,6165500,0,0,0,0,0,0,0,0,0
202601,37,079,3,5,Greene County                                               ,2,2,330000,0,0,0,0,0,0,0,0,0,2,2,330000,0,0,0,0,0,0,0,0,0
202601,37,081,3,5,Guilford County                                             ,126,126,15176559,0,0,0,0,0,0,2,101,8416667,110,110,12035843,0,0,0,0,0,0,0,0,0
202601,37,083,3,5,Halifax County                                              ,4,4,1479711,0,0,0,0,0,0,0,0,0,0,0,0,0,0,0,0,0,0,0,0,0
202601,37,085,3,5,Harnett County                                              ,144,144,44470939,0,0,0,0,0,0,0,0,0,0,0,0,0,0,0,0,0,0,0,0,0
202601,37,087,3,5,Haywood County                                              ,43,43,16762380,0,0,0,0,0,0,0,0,0,43,43,16762380,0,0,0,0,0,0,0,0,0
202601,37,089,3,5,Henderson County                                            ,27,27,13426947,0,0,0,0,0,0,0,0,0,27,27,13426947,0,0,0,0,0,0,0,0,0
202601,37,091,3,5,Hertford County                                             ,0,0,0,0,0,0,0,0,0,0,0,0,0,0,0,0,0,0,0,0,0,0,0,0
202601,37,093,3,5,Hoke County                                                 ,21,21,6216350,0,0,0,0,0,0,0,0,0,21,21,6216350,0,0,0,0,0,0,0,0,0
202601,37,095,3,5,Hyde County                                                 ,0,0,0,0,0,0,0,0,0,0,0,0,0,0,0,0,0,0,0,0,0,0,0,0
202601,37,097,3,5,Iredell County                                              ,100,100,23684739,1,2,297993,0,0,0,0,0,0,100,100,23684739,1,2,297993,0,0,0,0,0,0
202601,37,099,3,5,Jackson County                                              ,21,21,39006485,0,0,0,0,0,0,0,0,0,21,21,39006485,0,0,0,0,0,0,0,0,0
202601,37,101,3,5,Johnston County                                             ,226,226,86971667,0,0,0,0,0,0,0,0,0,199,199,80911944,0,0,0,0,0,0,0,0,0
202601,37,103,3,5,Jones County                                                ,0,0,0,0,0,0,0,0,0,0,0,0,0,0,0,0,0,0,0,0,0,0,0,0
202601,37,105,3,5,Lee County                                                  ,42,42,8693909,0,0,0,0,0,0,0,0,0,42,42,8693909,0,0,0,0,0,0,0,0,0
202601,37,107,3,5,Lenoir County                                               ,4,4,1065000,0,0,0,0,0,0,0,0,0,4,4,1065000,0,0,0,0,0,0,0,0,0
202601,37,109,3,5,Lincoln County                                              ,69,69,27668562,0,0,0,0,0,0,0,0,0,69,69,27668562,0,0,0,0,0,0,0,0,0
202601,37,111,3,5,McDowell County                                             ,12,12,5968343,0,0,0,0,0,0,0,0,0,0,0,0,0,0,0,0,0,0,0,0,0
202601,37,113,3,5,Macon County                                                ,18,18,8026040,0,0,0,0,0,0,0,0,0,18,18,8026040,0,0,0,0,0,0,0,0,0
202601,37,115,3,5,Madison County                                              ,9,9,2583831,0,0,0,0,0,0,0,0,0,0,0,0,0,0,0,0,0,0,0,0,0
202601,37,117,3,5,Martin County                                               ,0,0,0,0,0,0,0,0,0,0,0,0,0,0,0,0,0,0,0,0,0,0,0,0
202601,37,119,3,5,Mecklenburg County                                          ,73,73,0,0,0,0,0,0,0,3,216,19450564,73,73,0,0,0,0,0,0,0,3,216,19450564
202601,37,121,3,5,Mitchell County                                             ,6,6,1815197,0,0,0,0,0,0,0,0,0,6,6,1815197,0,0,0,0,0,0,0,0,0
202601,37,123,3,5,Montgomery County                                           ,9,9,1987000,0,0,0,0,0,0,0,0,0,9,9,1987000,0,0,0,0,0,0,0,0,0
202601,37,125,3,5,Moore County                                                ,81,81,24468082,0,0,0,0,0,0,0,0,0,70,70,21504248,0,0,0,0,0,0,0,0,0
202601,37,127,3,5,Nash County                                                 ,32,32,6178268,0,0,0,0,0,0,0,0,0,0,0,0,0,0,0,0,0,0,0,0,0
202601,37,129,3,5,New Hanover County                                          ,85,85,28947103,2,4,873519,1,4,953721,1,113,13952256,4,4,1184820,0,0,0,0,0,0,0,0,0
202601,37,131,3,5,Northampton County                                          ,1,1,430644,0,0,0,0,0,0,0,0,0,0,0,0,0,0,0,0,0,0,0,0,0
202601,37,133,3,5,Onslow County                                               ,110,110,23446922,4,8,1885000,0,0,0,0,0,0,107,107,21606665,4,8,1885000,0,0,0,0,0,0
202601,37,135,3,5,Orange County                                               ,27,27,11228722,0,0,0,0,0,0,0,0,0,27,27,11228722,0,0,0,0,0,0,0,0,0
202601,37,137,3,5,Pamlico County                                              ,1,1,283900,0,0,0,0,0,0,0,0,0,1,1,283900,0,0,0,0,0,0,0,0,0
202601,37,139,3,5,Pasquotank County                                           ,24,24,4798881,0,0,0,0,0,0,0,0,0,24,24,4798881,0,0,0,0,0,0,0,0,0
202601,37,141,3,5,Pender County                                               ,61,61,18617635,0,0,0,0,0,0,0,0,0,60,60,18333369,0,0,0,0,0,0,0,0,0
202601,37,143,3,5,Perquimans County                                           ,13,13,2841339,0,0,0,0,0,0,0,0,0,13,13,2841339,0,0,0,0,0,0,0,0,0
202601,37,145,3,5,Person County                                               ,10,10,4541213,0,0,0,0,0,0,0,0,0,10,10,4541213,0,0,0,0,0,0,0,0,0
202601,37,147,3,5,Pitt County                                                 ,59,59,17697201,12,24,2910000,0,0,0,0,0,0,30,30,11899875,12,24,2910000,0,0,0,0,0,0
202601,37,149,3,5,Polk County                                                 ,10,10,4454957,0,0,0,0,0,0,0,0,0,10,10,4454957,0,0,0,0,0,0,0,0,0
202601,37,151,3,5,Randolph County                                             ,37,37,13355286,6,12,2369407,0,0,0,0,0,0,37,37,13355286,6,12,2369407,0,0,0,0,0,0
202601,37,153,3,5,Richmond County                                             ,6,6,1776100,0,0,0,0,0,0,0,0,0,6,6,1776100,0,0,0,0,0,0,0,0,0
202601,37,155,3,5,Robeson County                                              ,19,19,3215127,0,0,0,0,0,0,0,0,0,1,1,130000,0,0,0,0,0,0,0,0,0
202601,37,157,3,5,Rockingham County                                           ,26,26,10059204,0,0,0,0,0,0,0,0,0,26,26,10059204,0,0,0,0,0,0,0,0,0
202601,37,159,3,5,Rowan County                                                ,69,69,33253250,1,2,277000,0,0,0,0,0,0,69,69,33253250,1,2,277000,0,0,0,0,0,0
202601,37,161,3,5,Rutherford County                                           ,14,14,5401905,1,2,250000,0,0,0,0,0,0,14,14,5401905,1,2,250000,0,0,0,0,0,0
202601,37,163,3,5,Sampson County                                              ,12,12,3334750,0,0,0,0,0,0,0,0,0,12,12,3334750,0,0,0,0,0,0,0,0,0
202601,37,165,3,5,Scotland County                                             ,4,4,907948,0,0,0,0,0,0,0,0,0,4,4,907948,0,0,0,0,0,0,0,0,0
202601,37,167,3,5,Stanly County                                               ,23,23,3872805,0,0,0,0,0,0,0,0,0,0,0,0,0,0,0,0,0,0,0,0,0
202601,37,169,3,5,Stokes County                                               ,15,15,4309053,0,0,0,0,0,0,1,5,1000000,15,15,4309053,0,0,0,0,0,0,0,0,0
202601,37,171,3,5,Surry County                                                ,15,15,4073138,0,0,0,0,0,0,0,0,0,15,15,4073138,0,0,0,0,0,0,0,0,0
202601,37,173,3,5,Swain County                                                ,4,4,1369271,0,0,0,0,0,0,0,0,0,0,0,0,0,0,0,0,0,0,0,0,0
202601,37,175,3,5,Transylvania County                                         ,12,12,8097954,0,0,0,0,0,0,0,0,0,0,0,0,0,0,0,0,0,0,0,0,0
202601,37,177,3,5,Tyrrell County                                              ,1,1,302641,0,0,0,0,0,0,0,0,0,0,0,0,0,0,0,0,0,0,0,0,0
202601,37,179,3,5,Union County                                                ,180,180,42062302,0,0,0,0,0,0,2,110,20893430,180,180,42062302,0,0,0,0,0,0,2,110,20893430
202601,37,181,3,5,Vance County                                                ,5,5,1675469,0,0,0,0,0,0,0,0,0,0,0,0,0,0,0,0,0,0,0,0,0
202601,37,183,3,5,Wake County                                                 ,520,520,139209927,7,14,400000,0,0,0,8,773,9459852,465,465,125821157,7,14,400000,0,0,0,7,747,6418697
202601,37,185,3,5,Warren County                                               ,17,17,2615806,0,0,0,0,0,0,0,0,0,0,0,0,0,0,0,0,0,0,0,0,0
202601,37,187,3,5,Washington County                                           ,0,0,0,0,0,0,0,0,0,0,0,0,0,0,0,0,0,0,0,0,0,0,0,0
202601,37,189,3,5,Watauga County                                              ,11,11,6814049,1,2,360000,0,0,0,0,0,0,8,8,5199100,1,2,360000,0,0,0,0,0,0
202601,37,191,3,5,Wayne County                                                ,70,70,11253623,0,0,0,0,0,0,0,0,0,70,70,11253623,0,0,0,0,0,0,0,0,0
202601,37,193,3,5,Wilkes County                                               ,9,9,3147451,0,0,0,0,0,0,0,0,0,9,9,3147451,0,0,0,0,0,0,0,0,0
202601,37,195,3,5,Wilson County                                               ,15,15,5732760,0,0,0,0,0,0,0,0,0,15,15,5732760,0,0,0,0,0,0,0,0,0
202601,37,197,3,5,Yadkin County                                               ,8,8,2005957,0,0,0,0,0,0,0,0,0,0,0,0,0,0,0,0,0,0,0,0,0
202601,37,199,3,5,Yancey County                                               ,7,7,1617690,0,0,0,0,0,0,0,0,0,0,0,0,0,0,0,0,0,0,0,0,0
202601,38,001,2,4,Adams County                                                ,0,0,0,0,0,0,0,0,0,0,0,0,0,0,0,0,0,0,0,0,0,0,0,0
202601,38,003,2,4,Barnes County                                               ,0,0,0,0,0,0,0,0,0,0,0,0,0,0,0,0,0,0,0,0,0,0,0,0
202601,38,005,2,4,Benson County                                               ,0,0,0,0,0,0,0,0,0,0,0,0,0,0,0,0,0,0,0,0,0,0,0,0
202601,38,007,2,4,Billings County                                             ,1,1,311914,0,0,0,0,0,0,0,0,0,0,0,0,0,0,0,0,0,0,0,0,0
202601,38,009,2,4,Bottineau County                                            ,1,1,250000,0,0,0,0,0,0,0,0,0,1,1,250000,0,0,0,0,0,0,0,0,0
202601,38,011,2,4,Bowman County                                               ,0,0,0,0,0,0,0,0,0,0,0,0,0,0,0,0,0,0,0,0,0,0,0,0
202601,38,013,2,4,Burke County                                                ,0,0,0,0,0,0,0,0,0,0,0,0,0,0,0,0,0,0,0,0,0,0,0,0
202601,38,015,2,4,Burleigh County                                             ,2,2,678051,0,0,0,0,0,0,0,0,0,1,1,323458,0,0,0,0,0,0,0,0,0
202601,38,017,2,4,Cass County                                                 ,3,3,1582484,0,0,0,0,0,0,0,0,0,2,2,1245000,0,0,0,0,0,0,0,0,0
202601,38,019,2,4,Cavalier County                                             ,1,1,497500,0,0,0,0,0,0,0,0,0,0,0,0,0,0,0,0,0,0,0,0,0
202601,38,021,2,4,Dickey County                                               ,0,0,0,0,0,0,0,0,0,0,0,0,0,0,0,0,0,0,0,0,0,0,0,0
202601,38,023,2,4,Divide County                                               ,0,0,0,0,0,0,0,0,0,0,0,0,0,0,0,0,0,0,0,0,0,0,0,0
202601,38,025,2,4,Dunn County                                                 ,0,0,0,0,0,0,0,0,0,0,0,0,0,0,0,0,0,0,0,0,0,0,0,0
202601,38,027,2,4,Eddy County                                                 ,0,0,0,0,0,0,0,0,0,0,0,0,0,0,0,0,0,0,0,0,0,0,0,0
202601,38,029,2,4,Emmons County                                               ,1,1,252403,0,0,0,0,0,0,0,0,0,0,0,0,0,0,0,0,0,0,0,0,0
202601,38,031,2,4,Foster County                                               ,0,0,0,0,0,0,0,0,0,0,0,0,0,0,0,0,0,0,0,0,0,0,0,0
202601,38,033,2,4,Golden Valley County                                        ,0,0,0,0,0,0,0,0,0,0,0,0,0,0,0,0,0,0,0,0,0,0,0,0
202601,38,035,2,4,Grand Forks County                                          ,2,2,412554,0,0,0,0,0,0,1,5,92593,0,0,0,0,0,0,0,0,0,0,0,0
202601,38,037,2,4,Grant County                                                ,0,0,0,0,0,0,0,0,0,0,0,0,0,0,0,0,0,0,0,0,0,0,0,0
202601,38,039,2,4,Griggs County                                               ,0,0,0,0,0,0,0,0,0,0,0,0,0,0,0,0,0,0,0,0,0,0,0,0
202601,38,041,2,4,Hettinger County                                            ,0,0,0,0,0,0,0,0,0,0,0,0,0,0,0,0,0,0,0,0,0,0,0,0
202601,38,043,2,4,Kidder County                                               ,0,0,0,0,0,0,0,0,0,0,0,0,0,0,0,0,0,0,0,0,0,0,0,0
202601,38,045,2,4,LaMoure County                                              ,0,0,0,0,0,0,0,0,0,0,0,0,0,0,0,0,0,0,0,0,0,0,0,0
202601,38,047,2,4,Logan County                                                ,0,0,0,0,0,0,0,0,0,0,0,0,0,0,0,0,0,0,0,0,0,0,0,0
202601,38,049,2,4,McHenry County                                              ,0,0,0,0,0,0,0,0,0,0,0,0,0,0,0,0,0,0,0,0,0,0,0,0
202601,38,051,2,4,McIntosh County                                             ,0,0,0,0,0,0,0,0,0,0,0,0,0,0,0,0,0,0,0,0,0,0,0,0
202601,38,053,2,4,McKenzie County                                             ,0,0,0,0,0,0,0,0,0,0,0,0,0,0,0,0,0,0,0,0,0,0,0,0
202601,38,055,2,4,McLean County                                               ,0,0,0,0,0,0,0,0,0,0,0,0,0,0,0,0,0,0,0,0,0,0,0,0
202601,38,057,2,4,Mercer County                                               ,0,0,0,0,0,0,0,0,0,0,0,0,0,0,0,0,0,0,0,0,0,0,0,0
202601,38,059,2,4,Morton County                                               ,0,0,0,0,0,0,0,0,0,0,0,0,0,0,0,0,0,0,0,0,0,0,0,0
202601,38,061,2,4,Mountrail County                                            ,1,1,76096,0,0,0,0,0,0,0,0,0,0,0,0,0,0,0,0,0,0,0,0,0
202601,38,063,2,4,Nelson County                                               ,0,0,0,0,0,0,0,0,0,0,0,0,0,0,0,0,0,0,0,0,0,0,0,0
202601,38,065,2,4,Oliver County                                               ,0,0,0,0,0,0,0,0,0,0,0,0,0,0,0,0,0,0,0,0,0,0,0,0
202601,38,067,2,4,Pembina County                                              ,0,0,0,0,0,0,0,0,0,0,0,0,0,0,0,0,0,0,0,0,0,0,0,0
202601,38,069,2,4,Pierce County                                               ,0,0,0,0,0,0,0,0,0,0,0,0,0,0,0,0,0,0,0,0,0,0,0,0
202601,38,071,2,4,Ramsey County                                               ,0,0,0,0,0,0,0,0,0,0,0,0,0,0,0,0,0,0,0,0,0,0,0,0
202601,38,073,2,4,Ransom County                                               ,0,0,0,0,0,0,0,0,0,0,0,0,0,0,0,0,0,0,0,0,0,0,0,0
202601,38,075,2,4,Renville County                                             ,0,0,0,0,0,0,0,0,0,0,0,0,0,0,0,0,0,0,0,0,0,0,0,0
202601,38,077,2,4,Richland County                                             ,2,2,389000,0,0,0,0,0,0,0,0,0,0,0,0,0,0,0,0,0,0,0,0,0
202601,38,079,2,4,Rolette County                                              ,0,0,0,0,0,0,0,0,0,0,0,0,0,0,0,0,0,0,0,0,0,0,0,0
202601,38,081,2,4,Sargent County                                              ,0,0,0,0,0,0,0,0,0,0,0,0,0,0,0,0,0,0,0,0,0,0,0,0
202601,38,083,2,4,Sheridan County                                             ,0,0,0,0,0,0,0,0,0,0,0,0,0,0,0,0,0,0,0,0,0,0,0,0
202601,38,085,2,4,Sioux County                                                ,0,0,0,0,0,0,0,0,0,0,0,0,0,0,0,0,0,0,0,0,0,0,0,0
202601,38,087,2,4,Slope County                                                ,0,0,0,0,0,0,0,0,0,0,0,0,0,0,0,0,0,0,0,0,0,0,0,0
202601,38,089,2,4,Stark County                                                ,1,1,349104,0,0,0,0,0,0,0,0,0,0,0,0,0,0,0,0,0,0,0,0,0
202601,38,091,2,4,Steele County                                               ,0,0,0,0,0,0,0,0,0,0,0,0,0,0,0,0,0,0,0,0,0,0,0,0
202601,38,093,2,4,Stutsman County                                             ,0,0,0,0,0,0,0,0,0,0,0,0,0,0,0,0,0,0,0,0,0,0,0,0
202601,38,095,2,4,Towner County                                               ,0,0,0,0,0,0,0,0,0,0,0,0,0,0,0,0,0,0,0,0,0,0,0,0
202601,38,097,2,4,Traill County                                               ,0,0,0,0,0,0,0,0,0,0,0,0,0,0,0,0,0,0,0,0,0,0,0,0
202601,38,099,2,4,Walsh County                                                ,1,1,0,0,0,0,0,0,0,0,0,0,1,1,0,0,0,0,0,0,0,0,0,0
202601,38,101,2,4,Ward County                                                 ,3,3,580032,0,0,0,0,0,0,0,0,0,3,3,580032,0,0,0,0,0,0,0,0,0
202601,38,103,2,4,Wells County                                                ,0,0,0,0,0,0,0,0,0,0,0,0,0,0,0,0,0,0,0,0,0,0,0,0
202601,38,105,2,4,Williams County                                             ,0,0,0,0,0,0,0,0,0,0,0,0,0,0,0,0,0,0,0,0,0,0,0,0
202601,39,001,2,3,Adams County                                                ,1,1,320650,0,0,0,0,0,0,0,0,0,0,0,0,0,0,0,0,0,0,0,0,0
202601,39,003,2,3,Allen County                                                ,2,2,442965,0,0,0,0,0,0,0,0,0,0,0,0,0,0,0,0,0,0,0,0,0
202601,39,005,2,3,Ashland County                                              ,4,4,1069972,0,0,0,0,0,0,0,0,0,0,0,0,0,0,0,0,0,0,0,0,0
202601,39,007,2,3,Ashtabula County                                            ,8,8,1949286,0,0,0,0,0,0,0,0,0,0,0,0,0,0,0,0,0,0,0,0,0
202601,39,009,2,3,Athens County                                               ,1,1,170000,0,0,0,0,0,0,0,0,0,1,1,170000,0,0,0,0,0,0,0,0,0
202601,39,011,2,3,Auglaize County                                             ,8,8,3181065,1,2,80000,0,0,0,0,0,0,2,2,1225000,1,2,80000,0,0,0,0,0,0
202601,39,013,2,3,Belmont County                                              ,0,0,0,0,0,0,0,0,0,0,0,0,0,0,0,0,0,0,0,0,0,0,0,0
202601,39,015,2,3,Brown County                                                ,5,5,1835693,0,0,0,0,0,0,0,0,0,5,5,1835693,0,0,0,0,0,0,0,0,0
202601,39,017,2,3,Butler County                                               ,21,21,4836759,0,0,0,0,0,0,0,0,0,17,17,4220866,0,0,0,0,0,0,0,0,0
202601,39,019,2,3,Carroll County                                              ,0,0,0,0,0,0,0,0,0,0,0,0,0,0,0,0,0,0,0,0,0,0,0,0
202601,39,021,2,3,Champaign County                                            ,3,3,1222682,0,0,0,0,0,0,0,0,0,3,3,1222682,0,0,0,0,0,0,0,0,0
202601,39,023,2,3,Clark County                                                ,17,17,4793917,0,0,0,0,0,0,0,0,0,17,17,4793917,0,0,0,0,0,0,0,0,0
202601,39,025,2,3,Clermont County                                             ,26,26,9697678,3,6,970432,1,3,500000,4,183,6000000,26,26,9697678,3,6,970432,1,3,500000,4,183,6000000
202601,39,027,2,3,Clinton County                                              ,3,3,1354181,0,0,0,0,0,0,0,0,0,0,0,0,0,0,0,0,0,0,0,0,0
202601,39,029,2,3,Columbiana County                                           ,1,1,346154,0,0,0,0,0,0,0,0,0,0,0,0,0,0,0,0,0,0,0,0,0
202601,39,031,2,3,Coshocton County                                            ,0,0,0,0,0,0,0,0,0,0,0,0,0,0,0,0,0,0,0,0,0,0,0,0
202601,39,033,2,3,Crawford County                                             ,0,0,0,0,0,0,0,0,0,0,0,0,0,0,0,0,0,0,0,0,0,0,0,0
202601,39,035,2,3,Cuyahoga County                                             ,30,30,10705595,0,0,0,0,0,0,4,25,4506734,22,22,8666314,0,0,0,0,0,0,0,0,0
202601,39,037,2,3,Darke County                                                ,0,0,0,0,0,0,0,0,0,0,0,0,0,0,0,0,0,0,0,0,0,0,0,0
202601,39,039,2,3,Defiance County                                             ,2,2,560639,1,2,319999,0,0,0,0,0,0,0,0,0,0,0,0,0,0,0,0,0,0
202601,39,041,2,3,Delaware County                                             ,111,111,49320486,0,0,0,0,0,0,0,0,0,109,109,48555087,0,0,0,0,0,0,0,0,0
202601,39,043,2,3,Erie County                                                 ,16,16,12656168,0,0,0,0,0,0,0,0,0,13,13,11742364,0,0,0,0,0,0,0,0,0
202601,39,045,2,3,Fairfield County                                            ,24,24,10646367,0,0,0,0,0,0,0,0,0,8,8,4127348,0,0,0,0,0,0,0,0,0
202601,39,047,2,3,Fayette County                                              ,5,5,925000,0,0,0,0,0,0,0,0,0,5,5,925000,0,0,0,0,0,0,0,0,0
202601,39,049,2,3,Franklin County                                             ,123,123,52130289,1,2,1500000,0,0,0,23,512,27992559,121,121,50905396,1,2,1500000,0,0,0,23,512,27992559
202601,39,051,2,3,Fulton County                                               ,0,0,0,0,0,0,0,0,0,0,0,0,0,0,0,0,0,0,0,0,0,0,0,0
202601,39,053,2,3,Gallia County                                               ,0,0,0,0,0,0,0,0,0,0,0,0,0,0,0,0,0,0,0,0,0,0,0,0
202601,39,055,2,3,Geauga County                                               ,13,13,0,0,0,0,0,0,0,0,0,0,13,13,0,0,0,0,0,0,0,0,0,0
202601,39,057,2,3,Greene County                                               ,25,25,14070358,0,0,0,0,0,0,0,0,0,25,25,14070358,0,0,0,0,0,0,0,0,0
202601,39,059,2,3,Guernsey County                                             ,2,2,230000,0,0,0,0,0,0,0,0,0,2,2,230000,0,0,0,0,0,0,0,0,0
202601,39,061,2,3,Hamilton County                                             ,60,60,18327640,0,0,0,1,3,538752,3,215,18149286,54,54,16522775,0,0,0,0,0,0,2,203,17000000
202601,39,063,2,3,Hancock County                                              ,6,6,1288465,0,0,0,0,0,0,0,0,0,4,4,685000,0,0,0,0,0,0,0,0,0
202601,39,065,2,3,Hardin County                                               ,17,17,3400000,0,0,0,0,0,0,0,0,0,17,17,3400000,0,0,0,0,0,0,0,0,0
202601,39,067,2,3,Harrison County                                             ,0,0,0,0,0,0,0,0,0,0,0,0,0,0,0,0,0,0,0,0,0,0,0,0
202601,39,069,2,3,Henry County                                                ,0,0,0,0,0,0,0,0,0,0,0,0,0,0,0,0,0,0,0,0,0,0,0,0
202601,39,071,2,3,Highland County                                             ,0,0,0,0,0,0,0,0,0,0,0,0,0,0,0,0,0,0,0,0,0,0,0,0
202601,39,073,2,3,Hocking County                                              ,0,0,0,0,0,0,0,0,0,0,0,0,0,0,0,0,0,0,0,0,0,0,0,0
202601,39,075,2,3,Holmes County                                               ,1,1,275836,0,0,0,0,0,0,0,0,0,0,0,0,0,0,0,0,0,0,0,0,0
202601,39,077,2,3,Huron County                                                ,3,3,1093809,0,0,0,0,0,0,0,0,0,1,1,362500,0,0,0,0,0,0,0,0,0
202601,39,079,2,3,Jackson County                                              ,2,2,683406,0,0,0,0,0,0,0,0,0,2,2,683406,0,0,0,0,0,0,0,0,0
202601,39,081,2,3,Jefferson County                                            ,0,0,0,0,0,0,0,0,0,0,0,0,0,0,0,0,0,0,0,0,0,0,0,0
202601,39,083,2,3,Knox County                                                 ,8,8,2757917,0,0,0,0,0,0,0,0,0,3,3,1101416,0,0,0,0,0,0,0,0,0
202601,39,085,2,3,Lake County                                                 ,22,22,5958259,0,0,0,0,0,0,0,0,0,22,22,5958259,0,0,0,0,0,0,0,0,0
202601,39,087,2,3,Lawrence County                                             ,1,1,185667,0,0,0,0,0,0,0,0,0,0,0,0,0,0,0,0,0,0,0,0,0
202601,39,089,2,3,Licking County                                              ,10,10,4217503,0,0,0,0,0,0,0,0,0,10,10,4217503,0,0,0,0,0,0,0,0,0
202601,39,091,2,3,Logan County                                                ,7,7,2271646,0,0,0,0,0,0,0,0,0,0,0,0,0,0,0,0,0,0,0,0,0
202601,39,093,2,3,Lorain County                                               ,96,96,37175970,0,0,0,0,0,0,0,0,0,75,75,29561165,0,0,0,0,0,0,0,0,0
202601,39,095,2,3,Lucas County                                                ,13,13,4421000,0,0,0,0,0,0,0,0,0,13,13,4421000,0,0,0,0,0,0,0,0,0
202601,39,097,2,3,Madison County                                              ,27,27,7406865,0,0,0,0,0,0,0,0,0,27,27,7406865,0,0,0,0,0,0,0,0,0
202601,39,099,2,3,Mahoning County                                             ,7,7,2114350,0,0,0,0,0,0,0,0,0,7,7,2114350,0,0,0,0,0,0,0,0,0
202601,39,101,2,3,Marion County                                               ,4,4,1127655,0,0,0,0,0,0,0,0,0,2,2,548139,0,0,0,0,0,0,0,0,0
202601,39,103,2,3,Medina County                                               ,29,29,14928072,0,0,0,0,0,0,0,0,0,29,29,14928072,0,0,0,0,0,0,0,0,0
202601,39,105,2,3,Meigs County                                                ,0,0,0,0,0,0,0,0,0,0,0,0,0,0,0,0,0,0,0,0,0,0,0,0
202601,39,107,2,3,Mercer County                                               ,1,1,180000,0,0,0,0,0,0,0,0,0,0,0,0,0,0,0,0,0,0,0,0,0
202601,39,109,2,3,Miami County                                                ,18,18,5128175,0,0,0,0,0,0,0,0,0,18,18,5128175,0,0,0,0,0,0,0,0,0
202601,39,111,2,3,Monroe County                                               ,0,0,0,0,0,0,0,0,0,0,0,0,0,0,0,0,0,0,0,0,0,0,0,0
202601,39,113,2,3,Montgomery County                                           ,36,36,9778153,0,0,0,9,27,1315157,12,282,25444977,36,36,9778153,0,0,0,9,27,1315157,11,260,22776208
202601,39,115,2,3,Morgan County                                               ,1,1,341703,0,0,0,0,0,0,0,0,0,1,1,341703,0,0,0,0,0,0,0,0,0
202601,39,117,2,3,Morrow County                                               ,7,7,2187910,0,0,0,0,0,0,0,0,0,3,3,1101416,0,0,0,0,0,0,0,0,0
202601,39,119,2,3,Muskingum County                                            ,1,1,16667,0,0,0,0,0,0,1,5,783790,0,0,0,0,0,0,0,0,0,0,0,0
202601,39,121,2,3,Noble County                                                ,0,0,0,0,0,0,0,0,0,0,0,0,0,0,0,0,0,0,0,0,0,0,0,0
202601,39,123,2,3,Ottawa County                                               ,13,13,5158259,0,0,0,0,0,0,0,0,0,12,12,4804794,0,0,0,0,0,0,0,0,0
202601,39,125,2,3,Paulding County                                             ,1,1,100000,0,0,0,0,0,0,0,0,0,0,0,0,0,0,0,0,0,0,0,0,0
202601,39,127,2,3,Perry County                                                ,1,1,152832,0,0,0,0,0,0,0,0,0,0,0,0,0,0,0,0,0,0,0,0,0
202601,39,129,2,3,Pickaway County                                             ,26,26,9513586,0,0,0,0,0,0,0,0,0,25,25,9178467,0,0,0,0,0,0,0,0,0
202601,39,131,2,3,Pike County                                                 ,2,2,683406,0,0,0,0,0,0,0,0,0,2,2,683406,0,0,0,0,0,0,0,0,0
202601,39,133,2,3,Portage County                                              ,7,7,2443028,0,0,0,0,0,0,0,0,0,7,7,2443028,0,0,0,0,0,0,0,0,0
202601,39,135,2,3,Preble County                                               ,2,2,641300,0,0,0,0,0,0,0,0,0,0,0,0,0,0,0,0,0,0,0,0,0
202601,39,137,2,3,Putnam County                                               ,2,2,1290000,0,0,0,0,0,0,0,0,0,2,2,1290000,0,0,0,0,0,0,0,0,0
202601,39,139,2,3,Richland County                                             ,2,2,686696,0,0,0,0,0,0,0,0,0,1,1,367139,0,0,0,0,0,0,0,0,0
202601,39,141,2,3,Ross County                                                 ,0,0,0,0,0,0,0,0,0,0,0,0,0,0,0,0,0,0,0,0,0,0,0,0
202601,39,143,2,3,Sandusky County                                             ,2,2,709714,0,0,0,0,0,0,0,0,0,0,0,0,0,0,0,0,0,0,0,0,0
202601,39,145,2,3,Scioto County                                               ,2,2,603238,0,0,0,0,0,0,0,0,0,0,0,0,0,0,0,0,0,0,0,0,0
202601,39,147,2,3,Seneca County                                               ,1,1,485000,0,0,0,0,0,0,0,0,0,0,0,0,0,0,0,0,0,0,0,0,0
202601,39,149,2,3,Shelby County                                               ,6,6,1749898,0,0,0,0,0,0,1,21,3291918,5,5,1149898,0,0,0,0,0,0,0,0,0
202601,39,151,2,3,Stark County                                                ,24,24,7645287,0,0,0,0,0,0,2,10,768090,21,21,7295170,0,0,0,0,0,0,0,0,0
202601,39,153,2,3,Summit County                                               ,43,43,13417697,0,0,0,0,0,0,0,0,0,42,42,12764207,0,0,0,0,0,0,0,0,0
202601,39,155,2,3,Trumbull County                                             ,6,6,1079800,0,0,0,0,0,0,0,0,0,6,6,1079800,0,0,0,0,0,0,0,0,0
202601,39,157,2,3,Tuscarawas County                                           ,3,3,878824,6,12,771462,0,0,0,0,0,0,0,0,0,5,10,420000,0,0,0,0,0,0
202601,39,159,2,3,Union County                                                ,45,45,23282785,0,0,0,0,0,0,0,0,0,45,45,23282785,0,0,0,0,0,0,0,0,0
202601,39,161,2,3,Van Wert County                                             ,0,0,0,0,0,0,0,0,0,0,0,0,0,0,0,0,0,0,0,0,0,0,0,0
202601,39,163,2,3,Vinton County                                               ,0,0,0,0,0,0,0,0,0,0,0,0,0,0,0,0,0,0,0,0,0,0,0,0
202601,39,165,2,3,Warren County                                               ,39,39,12009921,0,0,0,0,0,0,1,14,2018894,36,36,11100940,0,0,0,0,0,0,1,14,2018894
202601,39,167,2,3,Washington County                                           ,0,0,0,0,0,0,0,0,0,0,0,0,0,0,0,0,0,0,0,0,0,0,0,0
202601,39,169,2,3,Wayne County                                                ,12,12,2501851,0,0,0,0,0,0,0,0,0,12,12,2501851,0,0,0,0,0,0,0,0,0
202601,39,171,2,3,Williams County                                             ,0,0,0,0,0,0,0,0,0,0,0,0,0,0,0,0,0,0,0,0,0,0,0,0
202601,39,173,2,3,Wood County                                                 ,3,3,1343595,1,2,200000,0,0,0,0,0,0,3,3,1343595,1,2,200000,0,0,0,0,0,0
202601,39,175,2,3,Wyandot County                                              ,1,1,497000,0,0,0,0,0,0,0,0,0,1,1,497000,0,0,0,0,0,0,0,0,0
202601,40,001,3,7,Adair County                                                ,0,0,0,0,0,0,0,0,0,0,0,0,0,0,0,0,0,0,0,0,0,0,0,0
202601,40,003,3,7,Alfalfa County                                              ,0,0,0,0,0,0,0,0,0,0,0,0,0,0,0,0,0,0,0,0,0,0,0,0
202601,40,005,3,7,Atoka County                                                ,1,1,302641,0,0,0,0,0,0,0,0,0,0,0,0,0,0,0,0,0,0,0,0,0
202601,40,007,3,7,Beaver County                                               ,0,0,0,0,0,0,0,0,0,0,0,0,0,0,0,0,0,0,0,0,0,0,0,0
202601,40,009,3,7,Beckham County                                              ,0,0,0,0,0,0,0,0,0,0,0,0,0,0,0,0,0,0,0,0,0,0,0,0
202601,40,011,3,7,Blaine County                                               ,0,0,0,0,0,0,0,0,0,0,0,0,0,0,0,0,0,0,0,0,0,0,0,0
202601,40,013,3,7,Bryan County                                                ,2,2,190000,0,0,0,0,0,0,0,0,0,2,2,190000,0,0,0,0,0,0,0,0,0
202601,40,015,3,7,Caddo County                                                ,0,0,0,0,0,0,0,0,0,0,0,0,0,0,0,0,0,0,0,0,0,0,0,0
202601,40,017,3,7,Canadian County                                             ,20,20,4911375,1,2,205000,0,0,0,0,0,0,4,4,1184067,0,0,0,0,0,0,0,0,0
202601,40,019,3,7,Carter County                                               ,4,4,606312,0,0,0,0,0,0,0,0,0,4,4,606312,0,0,0,0,0,0,0,0,0
202601,40,021,3,7,Cherokee County                                             ,2,2,476000,0,0,0,0,0,0,0,0,0,2,2,476000,0,0,0,0,0,0,0,0,0
202601,40,023,3,7,Choctaw County                                              ,0,0,0,0,0,0,0,0,0,0,0,0,0,0,0,0,0,0,0,0,0,0,0,0
202601,40,025,3,7,Cimarron County                                             ,0,0,0,0,0,0,0,0,0,0,0,0,0,0,0,0,0,0,0,0,0,0,0,0
202601,40,027,3,7,Cleveland County                                            ,50,50,8529904,0,0,0,0,0,0,0,0,0,49,49,8311722,0,0,0,0,0,0,0,0,0
202601,40,029,3,7,Coal County                                                 ,0,0,0,0,0,0,0,0,0,0,0,0,0,0,0,0,0,0,0,0,0,0,0,0
202601,40,031,3,7,Comanche County                                             ,5,5,647150,1,2,213920,0,0,0,0,0,0,1,1,126920,1,2,213920,0,0,0,0,0,0
202601,40,033,3,7,Cotton County                                               ,0,0,0,0,0,0,0,0,0,0,0,0,0,0,0,0,0,0,0,0,0,0,0,0
202601,40,035,3,7,Craig County                                                ,0,0,0,0,0,0,0,0,0,0,0,0,0,0,0,0,0,0,0,0,0,0,0,0
202601,40,037,3,7,Creek County                                                ,9,9,2367623,0,0,0,0,0,0,1,8,615385,4,4,1238050,0,0,0,0,0,0,0,0,0
202601,40,039,3,7,Custer County                                               ,0,0,0,0,0,0,0,0,0,0,0,0,0,0,0,0,0,0,0,0,0,0,0,0
202601,40,041,3,7,Delaware County                                             ,1,1,302641,4,8,1680004,0,0,0,0,0,0,0,0,0,4,8,1680004,0,0,0,0,0,0
202601,40,045,3,7,Ellis County                                                ,0,0,0,0,0,0,0,0,0,0,0,0,0,0,0,0,0,0,0,0,0,0,0,0
202601,40,047,3,7,Garfield County                                             ,0,0,0,0,0,0,0,0,0,0,0,0,0,0,0,0,0,0,0,0,0,0,0,0
202601,40,049,3,7,Garvin County                                               ,0,0,0,0,0,0,0,0,0,0,0,0,0,0,0,0,0,0,0,0,0,0,0,0
202601,40,051,3,7,Grady County                                                ,28,28,7881995,0,0,0,0,0,0,0,0,0,21,21,6216350,0,0,0,0,0,0,0,0,0
202601,40,053,3,7,Grant County                                                ,0,0,0,0,0,0,0,0,0,0,0,0,0,0,0,0,0,0,0,0,0,0,0,0
202601,40,055,3,7,Greer County                                                ,0,0,0,0,0,0,0,0,0,0,0,0,0,0,0,0,0,0,0,0,0,0,0,0
202601,40,059,3,7,Harper County                                               ,0,0,0,0,0,0,0,0,0,0,0,0,0,0,0,0,0,0,0,0,0,0,0,0
202601,40,061,3,7,Haskell County                                              ,0,0,0,0,0,0,0,0,0,0,0,0,0,0,0,0,0,0,0,0,0,0,0,0
202601,40,063,3,7,Hughes County                                               ,0,0,0,0,0,0,0,0,0,0,0,0,0,0,0,0,0,0,0,0,0,0,0,0
202601,40,065,3,7,Jackson County                                              ,0,0,0,0,0,0,0,0,0,0,0,0,0,0,0,0,0,0,0,0,0,0,0,0
202601,40,069,3,7,Johnston County                                             ,0,0,0,0,0,0,0,0,0,0,0,0,0,0,0,0,0,0,0,0,0,0,0,0
202601,40,071,3,7,Kay County                                                  ,1,1,137900,0,0,0,0,0,0,0,0,0,0,0,0,0,0,0,0,0,0,0,0,0
202601,40,073,3,7,Kingfisher County                                           ,4,4,958376,0,0,0,0,0,0,0,0,0,1,1,440000,0,0,0,0,0,0,0,0,0
202601,40,075,3,7,Kiowa County                                                ,0,0,0,0,0,0,0,0,0,0,0,0,0,0,0,0,0,0,0,0,0,0,0,0
202601,40,077,3,7,Latimer County                                              ,0,0,0,0,0,0,0,0,0,0,0,0,0,0,0,0,0,0,0,0,0,0,0,0
202601,40,079,3,7,Le Flore County                                             ,3,3,679168,0,0,0,0,0,0,0,0,0,0,0,0,0,0,0,0,0,0,0,0,0
202601,40,081,3,7,Lincoln County                                              ,1,1,285508,0,0,0,0,0,0,0,0,0,0,0,0,0,0,0,0,0,0,0,0,0
202601,40,083,3,7,Logan County                                                ,10,10,2951738,0,0,0,0,0,0,0,0,0,9,9,2664150,0,0,0,0,0,0,0,0,0
202601,40,085,3,7,Love County                                                 ,0,0,0,0,0,0,0,0,0,0,0,0,0,0,0,0,0,0,0,0,0,0,0,0
202601,40,087,3,7,McClain County                                              ,52,52,11347708,0,0,0,0,0,0,0,0,0,39,39,8488000,0,0,0,0,0,0,0,0,0
202601,40,089,3,7,McCurtain County                                            ,1,1,269434,1,2,318000,0,0,0,0,0,0,0,0,0,0,0,0,0,0,0,0,0,0
202601,40,091,3,7,McIntosh County                                             ,2,2,170000,0,0,0,0,0,0,0,0,0,2,2,170000,0,0,0,0,0,0,0,0,0
202601,40,093,3,7,Major County                                                ,0,0,0,0,0,0,0,0,0,0,0,0,0,0,0,0,0,0,0,0,0,0,0,0
202601,40,095,3,7,Marshall County                                             ,0,0,0,0,0,0,0,0,0,0,0,0,0,0,0,0,0,0,0,0,0,0,0,0
202601,40,097,3,7,Mayes County                                                ,2,2,449968,0,0,0,1,3,300000,0,0,0,1,1,328000,0,0,0,1,3,300000,0,0,0
202601,40,099,3,7,Murray County                                               ,0,0,0,0,0,0,0,0,0,0,0,0,0,0,0,0,0,0,0,0,0,0,0,0
202601,40,101,3,7,Muskogee County                                             ,2,2,536017,0,0,0,0,0,0,0,0,0,1,1,296017,0,0,0,0,0,0,0,0,0
202601,40,103,3,7,Noble County                                                ,0,0,0,0,0,0,0,0,0,0,0,0,0,0,0,0,0,0,0,0,0,0,0,0
202601,40,105,3,7,Nowata County                                               ,1,1,182814,0,0,0,0,0,0,0,0,0,0,0,0,0,0,0,0,0,0,0,0,0
202601,40,107,3,7,Okfuskee County                                             ,0,0,0,0,0,0,0,0,0,0,0,0,0,0,0,0,0,0,0,0,0,0,0,0
202601,40,109,3,7,Oklahoma County                                             ,507,507,130799880,10,20,3180000,0,0,0,4,25,3175000,492,492,126561232,10,20,3180000,0,0,0,4,25,3175000
202601,40,111,3,7,Okmulgee County                                             ,0,0,0,0,0,0,0,0,0,0,0,0,0,0,0,0,0,0,0,0,0,0,0,0
202601,40,113,3,7,Osage County                                                ,9,9,0,0,0,0,0,0,0,0,0,0,9,9,0,0,0,0,0,0,0,0,0,0
202601,40,115,3,7,Ottawa County                                               ,1,1,195208,0,0,0,0,0,0,0,0,0,0,0,0,0,0,0,0,0,0,0,0,0
202601,40,117,3,7,Pawnee County                                               ,0,0,0,0,0,0,0,0,0,0,0,0,0,0,0,0,0,0,0,0,0,0,0,0
202601,40,119,3,7,Payne County                                                ,6,6,1531736,1,2,175000,0,0,0,0,0,0,6,6,1531736,1,2,175000,0,0,0,0,0,0
202601,40,121,3,7,Pittsburg County                                            ,3,3,1052641,0,0,0,0,0,0,0,0,0,2,2,750000,0,0,0,0,0,0,0,0,0
202601,40,123,3,7,Pontotoc County                                             ,0,0,0,0,0,0,0,0,0,0,0,0,0,0,0,0,0,0,0,0,0,0,0,0
202601,40,125,3,7,Pottawatomie County                                         ,6,6,3177002,0,0,0,0,0,0,0,0,0,5,5,2972104,0,0,0,0,0,0,0,0,0
202601,40,127,3,7,Pushmataha County                                           ,0,0,0,0,0,0,0,0,0,0,0,0,0,0,0,0,0,0,0,0,0,0,0,0
202601,40,129,3,7,Roger Mills County                                          ,0,0,0,0,0,0,0,0,0,0,0,0,0,0,0,0,0,0,0,0,0,0,0,0
202601,40,131,3,7,Rogers County                                               ,51,51,15045621,0,0,0,0,0,0,0,0,0,49,49,14573303,0,0,0,0,0,0,0,0,0
202601,40,133,3,7,Seminole County                                             ,1,1,180456,0,0,0,0,0,0,1,5,600000,0,0,0,0,0,0,0,0,0,0,0,0
202601,40,135,3,7,Sequoyah County                                             ,10,10,1598000,0,0,0,0,0,0,0,0,0,6,6,1190000,0,0,0,0,0,0,0,0,0
202601,40,137,3,7,Stephens County                                             ,4,4,698588,0,0,0,0,0,0,0,0,0,3,3,411000,0,0,0,0,0,0,0,0,0
202601,40,139,3,7,Texas County                                                ,2,2,605281,0,0,0,0,0,0,0,0,0,0,0,0,0,0,0,0,0,0,0,0,0
202601,40,141,3,7,Tillman County                                              ,0,0,0,0,0,0,0,0,0,0,0,0,0,0,0,0,0,0,0,0,0,0,0,0
202601,40,143,3,7,Tulsa County                                                ,111,111,32396953,0,0,0,0,0,0,1,8,1723200,96,96,25835152,0,0,0,0,0,0,1,8,1723200
202601,40,145,3,7,Wagoner County                                              ,34,34,13241733,0,0,0,0,0,0,0,0,0,34,34,13241733,0,0,0,0,0,0,0,0,0
202601,40,147,3,7,Washington  County                                          ,2,2,397588,0,0,0,0,0,0,0,0,0,1,1,110000,0,0,0,0,0,0,0,0,0
202601,40,149,3,7,Washita County                                              ,0,0,0,0,0,0,0,0,0,0,0,0,0,0,0,0,0,0,0,0,0,0,0,0
202601,40,151,3,7,Woods County                                                ,1,1,77429,0,0,0,0,0,0,0,0,0,0,0,0,0,0,0,0,0,0,0,0,0
202601,40,153,3,7,Woodward County                                             ,0,0,0,0,0,0,0,0,0,0,0,0,0,0,0,0,0,0,0,0,0,0,0,0
202601,41,000,4,9,Oregon Balance of State                                     ,6,6,903800,0,0,0,0,0,0,0,0,0,6,6,903800,0,0,0,0,0,0,0,0,0
202601,41,001,4,9,Baker County                                                ,4,4,519901,0,0,0,0,0,0,0,0,0,4,4,519901,0,0,0,0,0,0,0,0,0
202601,41,003,4,9,Benton County                                               ,56,56,7149850,2,4,1129184,0,0,0,0,0,0,56,56,7149850,2,4,1129184,0,0,0,0,0,0
202601,41,005,4,9,Clackamas County                                            ,62,62,29462671,0,0,0,2,6,1002333,0,0,0,62,62,29462671,0,0,0,2,6,1002333,0,0,0
202601,41,007,4,9,Clatsop County                                              ,4,4,1853318,0,0,0,0,0,0,0,0,0,4,4,1853318,0,0,0,0,0,0,0,0,0
202601,41,009,4,9,Columbia County                                             ,1,1,137977,0,0,0,0,0,0,0,0,0,1,1,137977,0,0,0,0,0,0,0,0,0
202601,41,011,4,9,Coos County                                                 ,7,7,2351299,1,2,50000,0,0,0,0,0,0,1,1,153825,1,2,50000,0,0,0,0,0,0
202601,41,013,4,9,Crook County                                                ,13,13,3854743,0,0,0,0,0,0,1,24,3797280,13,13,3854743,0,0,0,0,0,0,1,24,3797280
202601,41,015,4,9,Curry County                                                ,3,3,986037,0,0,0,0,0,0,0,0,0,3,3,986037,0,0,0,0,0,0,0,0,0
202601,41,017,4,9,Deschutes County                                            ,109,109,42509935,3,6,1978317,0,0,0,2,60,9242970,109,109,42509935,3,6,1978317,0,0,0,2,60,9242970
202601,41,019,4,9,Douglas County                                              ,7,7,3081732,0,0,0,0,0,0,0,0,0,7,7,3081732,0,0,0,0,0,0,0,0,0
202601,41,023,4,9,Grant County                                                ,0,0,0,0,0,0,0,0,0,0,0,0,0,0,0,0,0,0,0,0,0,0,0,0
202601,41,025,4,9,Harney County                                               ,0,0,0,0,0,0,0,0,0,0,0,0,0,0,0,0,0,0,0,0,0,0,0,0
202601,41,027,4,9,Hood River County                                           ,3,3,1845701,0,0,0,0,0,0,0,0,0,3,3,1845701,0,0,0,0,0,0,0,0,0
202601,41,029,4,9,Jackson County                                              ,42,42,11838145,2,4,992750,0,0,0,1,9,1500093,41,41,11683945,2,4,992750,0,0,0,0,0,0
202601,41,031,4,9,Jefferson County                                            ,3,3,1108449,0,0,0,0,0,0,0,0,0,3,3,1108449,0,0,0,0,0,0,0,0,0
202601,41,033,4,9,Josephine County                                            ,12,12,3443657,0,0,0,0,0,0,0,0,0,4,4,1261766,0,0,0,0,0,0,0,0,0
202601,41,035,4,9,Klamath County                                              ,1,1,427127,1,2,319541,0,0,0,0,0,0,1,1,427127,1,2,319541,0,0,0,0,0,0
202601,41,037,4,9,Lake County                                                 ,1,1,216462,0,0,0,0,0,0,0,0,0,0,0,0,0,0,0,0,0,0,0,0,0
202601,41,039,4,9,Lane County                                                 ,49,49,13688188,1,2,488323,0,0,0,1,9,1487009,20,20,5502900,0,0,0,0,0,0,0,0,0
202601,41,041,4,9,Lincoln County                                              ,8,8,2571353,0,0,0,0,0,0,1,12,1844803,8,8,2571353,0,0,0,0,0,0,1,12,1844803
202601,41,043,4,9,Linn County                                                 ,15,15,7773675,1,2,488585,0,0,0,1,5,665820,11,11,6712816,0,0,0,0,0,0,0,0,0
202601,41,045,4,9,Malheur County                                              ,1,1,414126,0,0,0,0,0,0,0,0,0,0,0,0,0,0,0,0,0,0,0,0,0
202601,41,047,4,9,Marion County                                               ,134,134,43538799,1,2,542146,1,3,496499,1,15,1293690,110,110,35780513,0,0,0,0,0,0,0,0,0
202601,41,049,4,9,Morrow County                                               ,0,0,0,0,0,0,0,0,0,0,0,0,0,0,0,0,0,0,0,0,0,0,0,0
202601,41,051,4,9,Multnomah County                                            ,102,102,6859219,0,0,0,0,0,0,0,0,0,102,102,6859219,0,0,0,0,0,0,0,0,0
202601,41,053,4,9,Polk County                                                 ,8,8,2458810,0,0,0,0,0,0,0,0,0,5,5,1645963,0,0,0,0,0,0,0,0,0
202601,41,057,4,9,Tillamook County                                            ,9,9,4240666,0,0,0,0,0,0,0,0,0,9,9,4240666,0,0,0,0,0,0,0,0,0
202601,41,059,4,9,Umatilla County                                             ,14,14,3353598,0,0,0,0,0,0,0,0,0,8,8,1865725,0,0,0,0,0,0,0,0,0
202601,41,061,4,9,Union County                                                ,5,5,2298771,0,0,0,0,0,0,0,0,0,5,5,2298771,0,0,0,0,0,0,0,0,0
202601,41,063,4,9,Wallowa County                                              ,0,0,0,0,0,0,0,0,0,0,0,0,0,0,0,0,0,0,0,0,0,0,0,0
202601,41,065,4,9,Wasco County                                                ,0,0,0,0,0,0,0,0,0,0,0,0,0,0,0,0,0,0,0,0,0,0,0,0
202601,41,067,4,9,Washington County                                           ,116,116,35151230,7,14,4212945,1,3,895538,0,0,0,115,115,34762242,7,14,4212945,1,3,895538,0,0,0
202601,41,071,4,9,Yamhill County                                              ,8,8,3787601,0,0,0,0,0,0,0,0,0,8,8,3787601,0,0,0,0,0,0,0,0,0
202601,42,001,1,2,Adams County                                                ,40,40,10217627,0,0,0,0,0,0,0,0,0,40,40,10217627,0,0,0,0,0,0,0,0,0
202601,42,003,1,2,Allegheny County                                            ,94,94,31456003,1,2,246740,0,0,0,1,139,12434310,58,58,20712555,0,0,0,0,0,0,0,0,0
202601,42,005,1,2,Armstrong County                                            ,3,3,795330,0,0,0,0,0,0,0,0,0,0,0,0,0,0,0,0,0,0,0,0,0
202601,42,007,1,2,Beaver County                                               ,9,9,3221129,0,0,0,1,3,511644,2,10,1499590,2,2,831638,0,0,0,0,0,0,0,0,0
202601,42,009,1,2,Bedford County                                              ,2,2,515101,0,0,0,0,0,0,0,0,0,0,0,0,0,0,0,0,0,0,0,0,0
202601,42,011,1,2,Berks County                                                ,13,13,4231810,0,0,0,0,0,0,1,11,916667,3,3,925000,0,0,0,0,0,0,0,0,0
202601,42,013,1,2,Blair County                                                ,5,5,1465378,1,2,300000,0,0,0,0,0,0,1,1,187469,0,0,0,0,0,0,0,0,0
202601,42,015,1,2,Bradford County                                             ,3,3,904186,0,0,0,0,0,0,0,0,0,0,0,0,0,0,0,0,0,0,0,0,0
202601,42,017,1,2,Bucks County                                                ,30,30,8584568,0,0,0,0,0,0,1,8,573077,23,23,6154524,0,0,0,0,0,0,0,0,0
202601,42,019,1,2,Butler County                                               ,75,75,30851575,0,0,0,0,0,0,0,0,0,72,72,30129833,0,0,0,0,0,0,0,0,0
202601,42,021,1,2,Cambria County                                              ,4,4,1146447,0,0,0,0,0,0,0,0,0,0,0,0,0,0,0,0,0,0,0,0,0
202601,42,023,1,2,Cameron County                                              ,0,0,0,0,0,0,0,0,0,0,0,0,0,0,0,0,0,0,0,0,0,0,0,0
202601,42,025,1,2,Carbon County                                               ,8,8,2245347,0,0,0,0,0,0,0,0,0,4,4,1295500,0,0,0,0,0,0,0,0,0
202601,42,027,1,2,Centre County                                               ,13,13,5145050,1,2,474658,0,0,0,0,0,0,2,2,1002561,1,2,474658,0,0,0,0,0,0
202601,42,029,1,2,Chester County                                              ,89,89,25092745,0,0,0,2,6,1224633,1,5,1500000,52,52,13587994,0,0,0,1,3,499354,0,0,0
202601,42,031,1,2,Clarion County                                              ,1,1,330248,0,0,0,0,0,0,0,0,0,0,0,0,0,0,0,0,0,0,0,0,0
202601,42,033,1,2,Clearfield County                                           ,1,1,233877,1,2,270000,0,0,0,0,0,0,0,0,0,0,0,0,0,0,0,0,0,0
202601,42,035,1,2,Clinton County                                              ,2,2,509763,0,0,0,0,0,0,0,0,0,0,0,0,0,0,0,0,0,0,0,0,0
202601,42,037,1,2,Columbia County                                             ,2,2,605333,0,0,0,0,0,0,0,0,0,0,0,0,0,0,0,0,0,0,0,0,0
202601,42,039,1,2,Crawford County                                             ,4,4,1299242,0,0,0,0,0,0,0,0,0,0,0,0,0,0,0,0,0,0,0,0,0
202601,42,041,1,2,Cumberland County                                           ,36,36,8869785,1,2,302024,0,0,0,0,0,0,21,21,5107736,1,2,302024,0,0,0,0,0,0
202601,42,043,1,2,Dauphin County                                              ,11,11,2827883,0,0,0,0,0,0,5,28,5222912,8,8,1710397,0,0,0,0,0,0,5,28,5222912
202601,42,045,1,2,Delaware County                                             ,12,12,2835260,0,0,0,0,0,0,0,0,0,6,6,882500,0,0,0,0,0,0,0,0,0
202601,42,047,1,2,Elk County                                                  ,2,2,418833,0,0,0,0,0,0,0,0,0,0,0,0,0,0,0,0,0,0,0,0,0
202601,42,049,1,2,Erie County                                                 ,11,11,3763137,0,0,0,0,0,0,0,0,0,3,3,1650000,0,0,0,0,0,0,0,0,0
202601,42,051,1,2,Fayette County                                              ,13,13,3587731,0,0,0,0,0,0,0,0,0,0,0,0,0,0,0,0,0,0,0,0,0
202601,42,053,1,2,Forest County                                               ,0,0,0,0,0,0,0,0,0,0,0,0,0,0,0,0,0,0,0,0,0,0,0,0
202601,42,055,1,2,Franklin County                                             ,32,32,10752743,0,0,0,0,0,0,0,0,0,18,18,6180795,0,0,0,0,0,0,0,0,0
202601,42,057,1,2,Fulton County                                               ,1,1,249542,0,0,0,0,0,0,0,0,0,0,0,0,0,0,0,0,0,0,0,0,0
202601,42,059,1,2,Greene County                                               ,2,2,672613,0,0,0,0,0,0,0,0,0,0,0,0,0,0,0,0,0,0,0,0,0
202601,42,061,1,2,Huntingdon County                                           ,3,3,851389,0,0,0,0,0,0,0,0,0,0,0,0,0,0,0,0,0,0,0,0,0
202601,42,063,1,2,Indiana County                                              ,6,6,1046000,0,0,0,0,0,0,0,0,0,5,5,685000,0,0,0,0,0,0,0,0,0
202601,42,065,1,2,Jefferson County                                            ,0,0,0,0,0,0,0,0,0,0,0,0,0,0,0,0,0,0,0,0,0,0,0,0
202601,42,067,1,2,Juniata County                                              ,2,2,548843,0,0,0,0,0,0,0,0,0,0,0,0,0,0,0,0,0,0,0,0,0
202601,42,069,1,2,Lackawanna County                                           ,13,13,5339780,0,0,0,0,0,0,0,0,0,2,2,1267500,0,0,0,0,0,0,0,0,0
202601,42,071,1,2,Lancaster County                                            ,55,55,19856442,2,4,510000,0,0,0,2,25,3786892,38,38,14802127,2,4,510000,0,0,0,1,6,870525
202601,42,073,1,2,Lawrence County                                             ,4,4,1158339,0,0,0,0,0,0,0,0,0,0,0,0,0,0,0,0,0,0,0,0,0
202601,42,075,1,2,Lebanon County                                              ,22,22,6806844,5,10,942000,0,0,0,0,0,0,19,19,5888500,4,8,812000,0,0,0,0,0,0
202601,42,077,1,2,Lehigh County                                               ,19,19,6117724,0,0,0,0,0,0,0,0,0,14,14,4456765,0,0,0,0,0,0,0,0,0
202601,42,079,1,2,Luzerne County                                              ,24,24,7954550,0,0,0,0,0,0,2,10,527083,6,6,2714708,0,0,0,0,0,0,0,0,0
202601,42,081,1,2,Lycoming County                                             ,5,5,1541053,0,0,0,0,0,0,0,0,0,1,1,357262,0,0,0,0,0,0,0,0,0
202601,42,083,1,2,McKean County                                               ,1,1,300000,0,0,0,0,0,0,0,0,0,0,0,0,0,0,0,0,0,0,0,0,0
202601,42,085,1,2,Mercer County                                               ,4,4,1432431,0,0,0,0,0,0,0,0,0,0,0,0,0,0,0,0,0,0,0,0,0
202601,42,087,1,2,Mifflin County                                              ,6,6,1854021,0,0,0,0,0,0,0,0,0,1,1,265000,0,0,0,0,0,0,0,0,0
202601,42,089,1,2,Monroe County                                               ,15,15,4209833,0,0,0,0,0,0,0,0,0,9,9,2325440,0,0,0,0,0,0,0,0,0
202601,42,091,1,2,Montgomery County                                           ,69,69,19999504,1,2,337022,0,0,0,2,10,758623,31,31,8763229,0,0,0,0,0,0,0,0,0
202601,42,093,1,2,Montour County                                              ,0,0,0,0,0,0,0,0,0,0,0,0,0,0,0,0,0,0,0,0,0,0,0,0
202601,42,095,1,2,Northampton County                                          ,26,26,6198364,1,2,50000,0,0,0,0,0,0,15,15,3346262,1,2,50000,0,0,0,0,0,0
202601,42,097,1,2,Northumberland County                                       ,5,5,1433207,0,0,0,0,0,0,0,0,0,0,0,0,0,0,0,0,0,0,0,0,0
202601,42,099,1,2,Perry County                                                ,7,7,2046381,0,0,0,0,0,0,0,0,0,0,0,0,0,0,0,0,0,0,0,0,0
202601,42,101,1,2,Philadelphia County                                         ,54,54,0,7,14,1741000,15,51,6495000,6,378,60897594,54,54,0,7,14,1741000,15,51,6495000,6,378,60897594
202601,42,103,1,2,Pike County                                                 ,11,11,4051953,0,0,0,0,0,0,0,0,0,7,7,2531926,0,0,0,0,0,0,0,0,0
202601,42,105,1,2,Potter County                                               ,1,1,200000,0,0,0,0,0,0,0,0,0,0,0,0,0,0,0,0,0,0,0,0,0
202601,42,107,1,2,Schuylkill County                                           ,9,9,2672353,0,0,0,0,0,0,1,7,680556,0,0,0,0,0,0,0,0,0,0,0,0
202601,42,109,1,2,Snyder County                                               ,1,1,294694,0,0,0,0,0,0,0,0,0,0,0,0,0,0,0,0,0,0,0,0,0
202601,42,111,1,2,Somerset County                                             ,3,3,807583,0,0,0,0,0,0,0,0,0,1,1,185000,0,0,0,0,0,0,0,0,0
202601,42,113,1,2,Sullivan County                                             ,1,1,748333,0,0,0,0,0,0,0,0,0,0,0,0,0,0,0,0,0,0,0,0,0
202601,42,115,1,2,Susquehanna County                                          ,1,1,326602,0,0,0,0,0,0,0,0,0,0,0,0,0,0,0,0,0,0,0,0,0
202601,42,117,1,2,Tioga County                                                ,2,2,609435,0,0,0,0,0,0,0,0,0,0,0,0,0,0,0,0,0,0,0,0,0
202601,42,119,1,2,Union County                                                ,4,4,1170132,0,0,0,0,0,0,0,0,0,2,2,557424,0,0,0,0,0,0,0,0,0
202601,42,121,1,2,Venango County                                              ,4,4,1646392,0,0,0,0,0,0,0,0,0,1,1,720000,0,0,0,0,0,0,0,0,0
202601,42,123,1,2,Warren County                                               ,0,0,0,0,0,0,0,0,0,1,5,1250000,0,0,0,0,0,0,0,0,0,0,0,0
202601,42,125,1,2,Washington County                                           ,25,25,7175080,0,0,0,0,0,0,2,10,1870391,7,7,1920637,0,0,0,0,0,0,1,5,1261286
202601,42,127,1,2,Wayne County                                                ,12,12,5232087,0,0,0,0,0,0,0,0,0,5,5,3080000,0,0,0,0,0,0,0,0,0
202601,42,129,1,2,Westmoreland County                                         ,27,27,6845374,1,2,450000,0,0,0,1,5,739330,14,14,2704510,0,0,0,0,0,0,0,0,0
202601,42,131,1,2,Wyoming County                                              ,2,2,672138,0,0,0,0,0,0,0,0,0,0,0,0,0,0,0,0,0,0,0,0,0
202601,42,133,1,2,York County                                                 ,72,72,22568316,0,0,0,0,0,0,0,0,0,48,48,14962669,0,0,0,0,0,0,0,0,0
202601,44,001,1,1,Bristol County                                              ,1,1,790969,0,0,0,0,0,0,0,0,0,0,0,0,0,0,0,0,0,0,0,0,0
202601,44,003,1,1,Kent County                                                 ,10,10,3687624,2,4,725740,0,0,0,0,0,0,7,7,3223132,2,4,725740,0,0,0,0,0,0
202601,44,005,1,1,Newport County                                              ,6,6,1681347,0,0,0,0,0,0,0,0,0,4,4,260000,0,0,0,0,0,0,0,0,0
202601,44,007,1,1,Providence County                                           ,19,19,5855543,10,20,2187000,1,3,365000,1,6,224870,16,16,4910329,10,20,2187000,1,3,365000,0,0,0
202601,44,009,1,1,Washington County                                           ,12,12,7882374,0,0,0,0,0,0,0,0,0,9,9,6494500,0,0,0,0,0,0,0,0,0
202601,45,001,3,5,Abbeville County                                            ,15,15,4075808,0,0,0,0,0,0,0,0,0,15,15,4075808,0,0,0,0,0,0,0,0,0
202601,45,003,3,5,Aiken County                                                ,89,89,38272738,1,2,120000,0,0,0,0,0,0,18,18,9827938,1,2,120000,0,0,0,0,0,0
202601,45,005,3,5,Allendale County                                            ,0,0,0,0,0,0,0,0,0,0,0,0,0,0,0,0,0,0,0,0,0,0,0,0
202601,45,007,3,5,Anderson County                                             ,135,135,28115832,0,0,0,0,0,0,0,0,0,135,135,28115832,0,0,0,0,0,0,0,0,0
202601,45,009,3,5,Bamberg County                                              ,0,0,0,0,0,0,0,0,0,0,0,0,0,0,0,0,0,0,0,0,0,0,0,0
202601,45,011,3,5,Barnwell County                                             ,2,2,769300,0,0,0,0,0,0,0,0,0,2,2,769300,0,0,0,0,0,0,0,0,0
202601,45,013,3,5,Beaufort County                                             ,50,50,37658179,0,0,0,4,12,2513392,0,0,0,29,29,23174338,0,0,0,4,12,2513392,0,0,0
202601,45,015,3,5,Berkeley County                                             ,137,137,47234800,1,2,436407,0,0,0,1,55,5277435,23,23,9543794,0,0,0,0,0,0,0,0,0
202601,45,017,3,5,Calhoun County                                              ,3,3,686250,0,0,0,0,0,0,0,0,0,0,0,0,0,0,0,0,0,0,0,0,0
202601,45,019,3,5,Charleston County                                           ,159,159,71074241,0,0,0,0,0,0,1,25,1252592,99,99,58934455,0,0,0,0,0,0,0,0,0
202601,45,021,3,5,Cherokee County                                             ,5,5,1322537,1,2,200000,0,0,0,0,0,0,4,4,1217950,0,0,0,0,0,0,0,0,0
202601,45,023,3,5,Chester County                                              ,9,9,2725204,0,0,0,0,0,0,0,0,0,9,9,2725204,0,0,0,0,0,0,0,0,0
202601,45,025,3,5,Chesterfield County                                         ,16,16,3234975,0,0,0,0,0,0,0,0,0,16,16,3234975,0,0,0,0,0,0,0,0,0
202601,45,027,3,5,Clarendon County                                            ,7,7,1316270,0,0,0,0,0,0,0,0,0,0,0,0,0,0,0,0,0,0,0,0,0
202601,45,029,3,5,Colleton County                                             ,2,2,1209455,1,2,280800,0,0,0,0,0,0,1,1,950000,0,0,0,0,0,0,0,0,0
202601,45,031,3,5,Darlington County                                           ,10,10,2074723,0,0,0,0,0,0,0,0,0,9,9,1929290,0,0,0,0,0,0,0,0,0
202601,45,033,3,5,Dillon County                                               ,3,3,312162,0,0,0,0,0,0,0,0,0,0,0,0,0,0,0,0,0,0,0,0,0
202601,45,035,3,5,Dorchester County                                           ,97,97,33758629,0,0,0,0,0,0,0,0,0,97,97,33758629,0,0,0,0,0,0,0,0,0
202601,45,037,3,5,Edgefield County                                            ,18,18,13228975,0,0,0,0,0,0,0,0,0,18,18,13228975,0,0,0,0,0,0,0,0,0
202601,45,039,3,5,Fairfield County                                            ,7,7,3562857,0,0,0,0,0,0,0,0,0,7,7,3562857,0,0,0,0,0,0,0,0,0
202601,45,041,3,5,Florence County                                             ,37,37,6308219,0,0,0,0,0,0,1,5,671875,0,0,0,0,0,0,0,0,0,0,0,0
202601,45,043,3,5,Georgetown County                                           ,35,35,18894458,0,0,0,0,0,0,0,0,0,29,29,16081134,0,0,0,0,0,0,0,0,0
202601,45,045,3,5,Greenville County                                           ,333,333,188377064,0,0,0,0,0,0,0,0,0,333,333,188377064,0,0,0,0,0,0,0,0,0
202601,45,047,3,5,Greenwood County                                            ,13,13,3767490,0,0,0,0,0,0,0,0,0,0,0,0,0,0,0,0,0,0,0,0,0
202601,45,049,3,5,Hampton County                                              ,0,0,0,0,0,0,0,0,0,0,0,0,0,0,0,0,0,0,0,0,0,0,0,0
202601,45,051,3,5,Horry County                                                ,452,452,105004527,0,0,0,0,0,0,1,6,300000,435,435,98648219,0,0,0,0,0,0,0,0,0
202601,45,053,3,5,Jasper County                                               ,109,109,26533584,0,0,0,1,3,529763,0,0,0,109,109,26533584,0,0,0,0,0,0,0,0,0
202601,45,055,3,5,Kershaw County                                              ,21,21,7616169,0,0,0,0,0,0,0,0,0,21,21,7616169,0,0,0,0,0,0,0,0,0
202601,45,057,3,5,Lancaster County                                            ,90,90,38259207,0,0,0,0,0,0,0,0,0,90,90,38259207,0,0,0,0,0,0,0,0,0
202601,45,059,3,5,Laurens County                                              ,70,70,11351820,0,0,0,0,0,0,0,0,0,69,69,11113344,0,0,0,0,0,0,0,0,0
202601,45,061,3,5,Lee County                                                  ,0,0,0,0,0,0,0,0,0,0,0,0,0,0,0,0,0,0,0,0,0,0,0,0
202601,45,063,3,5,Lexington County                                            ,168,168,61864334,0,0,0,0,0,0,0,0,0,163,163,60872931,0,0,0,0,0,0,0,0,0
202601,45,065,3,5,McCormick County                                            ,5,5,2485915,0,0,0,0,0,0,0,0,0,5,5,2485915,0,0,0,0,0,0,0,0,0
202601,45,067,3,5,Marion County                                               ,5,5,717557,0,0,0,0,0,0,0,0,0,0,0,0,0,0,0,0,0,0,0,0,0
202601,45,069,3,5,Marlboro County                                             ,0,0,0,0,0,0,0,0,0,0,0,0,0,0,0,0,0,0,0,0,0,0,0,0
202601,45,071,3,5,Newberry County                                             ,21,21,5467459,0,0,0,0,0,0,0,0,0,11,11,1265000,0,0,0,0,0,0,0,0,0
202601,45,073,3,5,Oconee County                                               ,57,57,24741188,0,0,0,0,0,0,1,5,766908,52,52,22793354,0,0,0,0,0,0,0,0,0
202601,45,075,3,5,Orangeburg County                                           ,6,6,1007785,0,0,0,0,0,0,0,0,0,0,0,0,0,0,0,0,0,0,0,0,0
202601,45,077,3,5,Pickens County                                              ,36,36,20418273,0,0,0,0,0,0,0,0,0,34,34,20027645,0,0,0,0,0,0,0,0,0
202601,45,079,3,5,Richland County                                             ,183,183,35374628,3,6,1212000,0,0,0,1,201,23400000,97,97,17719562,3,6,1212000,0,0,0,1,201,23400000
202601,45,081,3,5,Saluda County                                               ,3,3,698128,0,0,0,0,0,0,0,0,0,3,3,698128,0,0,0,0,0,0,0,0,0
202601,45,083,3,5,Spartanburg County                                          ,424,424,80352431,0,0,0,0,0,0,0,0,0,422,422,79879541,0,0,0,0,0,0,0,0,0
202601,45,085,3,5,Sumter County                                               ,23,23,3881334,2,4,381343,0,0,0,0,0,0,0,0,0,0,0,0,0,0,0,0,0,0
202601,45,087,3,5,Union County                                                ,6,6,763275,0,0,0,0,0,0,0,0,0,0,0,0,0,0,0,0,0,0,0,0,0
202601,45,089,3,5,Williamsburg County                                         ,3,3,506756,0,0,0,0,0,0,0,0,0,0,0,0,0,0,0,0,0,0,0,0,0
202601,45,091,3,5,York County                                                 ,187,187,72713740,0,0,0,0,0,0,2,38,7202469,104,104,46150115,0,0,0,0,0,0,1,24,5613264
202601,46,003,2,4,Aurora County                                               ,1,1,212500,0,0,0,0,0,0,0,0,0,0,0,0,0,0,0,0,0,0,0,0,0
202601,46,005,2,4,Beadle County                                               ,0,0,0,0,0,0,0,0,0,0,0,0,0,0,0,0,0,0,0,0,0,0,0,0
202601,46,007,2,4,Bennett County                                              ,0,0,0,0,0,0,0,0,0,0,0,0,0,0,0,0,0,0,0,0,0,0,0,0
202601,46,009,2,4,Bon Homme County                                            ,1,1,185556,0,0,0,0,0,0,0,0,0,0,0,0,0,0,0,0,0,0,0,0,0
202601,46,011,2,4,Brookings County                                            ,2,2,747544,0,0,0,0,0,0,0,0,0,1,1,480655,0,0,0,0,0,0,0,0,0
202601,46,013,2,4,Brown County                                                ,1,1,2000000,0,0,0,0,0,0,0,0,0,1,1,2000000,0,0,0,0,0,0,0,0,0
202601,46,015,2,4,Brule County                                                ,0,0,0,0,0,0,0,0,0,0,0,0,0,0,0,0,0,0,0,0,0,0,0,0
202601,46,019,2,4,Butte County                                                ,4,4,1144009,0,0,0,0,0,0,0,0,0,4,4,1144009,0,0,0,0,0,0,0,0,0
202601,46,021,2,4,Campbell County                                             ,0,0,0,0,0,0,0,0,0,0,0,0,0,0,0,0,0,0,0,0,0,0,0,0
202601,46,023,2,4,Charles Mix County                                          ,1,1,433792,0,0,0,0,0,0,0,0,0,0,0,0,0,0,0,0,0,0,0,0,0
202601,46,025,2,4,Clark County                                                ,0,0,0,0,0,0,0,0,0,0,0,0,0,0,0,0,0,0,0,0,0,0,0,0
202601,46,027,2,4,Clay County                                                 ,0,0,0,0,0,0,0,0,0,1,5,281250,0,0,0,0,0,0,0,0,0,0,0,0
202601,46,029,2,4,Codington County                                            ,2,2,630000,0,0,0,0,0,0,0,0,0,2,2,630000,0,0,0,0,0,0,0,0,0
202601,46,031,2,4,Corson County                                               ,0,0,0,0,0,0,0,0,0,0,0,0,0,0,0,0,0,0,0,0,0,0,0,0
202601,46,033,2,4,Custer County                                               ,14,14,5165403,0,0,0,0,0,0,0,0,0,13,13,4772803,0,0,0,0,0,0,0,0,0
202601,46,035,2,4,Davison County                                              ,3,3,1291031,0,0,0,0,0,0,0,0,0,2,2,1080000,0,0,0,0,0,0,0,0,0
202601,46,037,2,4,Day County                                                  ,0,0,0,0,0,0,0,0,0,0,0,0,0,0,0,0,0,0,0,0,0,0,0,0
202601,46,039,2,4,Deuel County                                                ,0,0,0,0,0,0,0,0,0,0,0,0,0,0,0,0,0,0,0,0,0,0,0,0
202601,46,041,2,4,Dewey County                                                ,0,0,0,0,0,0,0,0,0,0,0,0,0,0,0,0,0,0,0,0,0,0,0,0
202601,46,043,2,4,Douglas County                                              ,0,0,0,0,0,0,0,0,0,0,0,0,0,0,0,0,0,0,0,0,0,0,0,0
202601,46,045,2,4,Edmunds County                                              ,0,0,0,0,0,0,0,0,0,0,0,0,0,0,0,0,0,0,0,0,0,0,0,0
202601,46,047,2,4,Fall River County                                           ,1,1,110900,0,0,0,0,0,0,0,0,0,0,0,0,0,0,0,0,0,0,0,0,0
202601,46,049,2,4,Faulk County                                                ,0,0,0,0,0,0,0,0,0,0,0,0,0,0,0,0,0,0,0,0,0,0,0,0
202601,46,051,2,4,Grant County                                                ,1,1,320650,0,0,0,0,0,0,0,0,0,0,0,0,0,0,0,0,0,0,0,0,0
202601,46,053,2,4,Gregory County                                              ,1,1,266667,0,0,0,0,0,0,0,0,0,0,0,0,0,0,0,0,0,0,0,0,0
202601,46,055,2,4,Haakon County                                               ,0,0,0,0,0,0,0,0,0,0,0,0,0,0,0,0,0,0,0,0,0,0,0,0
202601,46,057,2,4,Hamlin County                                               ,2,2,629111,0,0,0,0,0,0,0,0,0,1,1,260000,0,0,0,0,0,0,0,0,0
202601,46,059,2,4,Hand County                                                 ,0,0,0,0,0,0,0,0,0,0,0,0,0,0,0,0,0,0,0,0,0,0,0,0
202601,46,061,2,4,Hanson County                                               ,1,1,376727,0,0,0,0,0,0,0,0,0,0,0,0,0,0,0,0,0,0,0,0,0
202601,46,063,2,4,Harding County                                              ,0,0,0,0,0,0,0,0,0,0,0,0,0,0,0,0,0,0,0,0,0,0,0,0
202601,46,065,2,4,Hughes County                                               ,1,1,180000,0,0,0,0,0,0,0,0,0,1,1,180000,0,0,0,0,0,0,0,0,0
202601,46,067,2,4,Hutchinson County                                           ,0,0,0,0,0,0,0,0,0,0,0,0,0,0,0,0,0,0,0,0,0,0,0,0
202601,46,069,2,4,Hyde County                                                 ,0,0,0,0,0,0,0,0,0,0,0,0,0,0,0,0,0,0,0,0,0,0,0,0
202601,46,071,2,4,Jackson County                                              ,0,0,0,0,0,0,0,0,0,0,0,0,0,0,0,0,0,0,0,0,0,0,0,0
202601,46,073,2,4,Jerauld County                                              ,0,0,0,0,0,0,0,0,0,0,0,0,0,0,0,0,0,0,0,0,0,0,0,0
202601,46,075,2,4,Jones County                                                ,0,0,0,0,0,0,0,0,0,0,0,0,0,0,0,0,0,0,0,0,0,0,0,0
202601,46,077,2,4,Kingsbury County                                            ,1,1,341703,0,0,0,0,0,0,0,0,0,0,0,0,0,0,0,0,0,0,0,0,0
202601,46,079,2,4,Lake County                                                 ,1,1,500000,0,0,0,0,0,0,0,0,0,1,1,500000,0,0,0,0,0,0,0,0,0
202601,46,081,2,4,Lawrence County                                             ,12,12,7949113,1,2,222740,0,0,0,0,0,0,6,6,5293000,0,0,0,0,0,0,0,0,0
202601,46,083,2,4,Lincoln County                                              ,7,7,1924073,0,0,0,0,0,0,0,0,0,7,7,1924073,0,0,0,0,0,0,0,0,0
202601,46,085,2,4,Lyman County                                                ,0,0,0,0,0,0,0,0,0,0,0,0,0,0,0,0,0,0,0,0,0,0,0,0
202601,46,087,2,4,McCook County                                               ,1,1,600000,0,0,0,0,0,0,0,0,0,1,1,600000,0,0,0,0,0,0,0,0,0
202601,46,089,2,4,McPherson County                                            ,0,0,0,0,0,0,0,0,0,0,0,0,0,0,0,0,0,0,0,0,0,0,0,0
202601,46,091,2,4,Marshall County                                             ,0,0,0,0,0,0,0,0,0,0,0,0,0,0,0,0,0,0,0,0,0,0,0,0
202601,46,093,2,4,Meade County                                                ,6,6,1565408,0,0,0,0,0,0,0,0,0,6,6,1565408,0,0,0,0,0,0,0,0,0
202601,46,095,2,4,Mellette County                                             ,0,0,0,0,0,0,0,0,0,0,0,0,0,0,0,0,0,0,0,0,0,0,0,0
202601,46,097,2,4,Miner County                                                ,0,0,0,0,0,0,0,0,0,0,0,0,0,0,0,0,0,0,0,0,0,0,0,0
202601,46,099,2,4,Minnehaha County                                            ,28,28,7856920,0,0,0,0,0,0,0,0,0,26,26,7400454,0,0,0,0,0,0,0,0,0
202601,46,101,2,4,Moody County                                                ,1,1,110000,0,0,0,0,0,0,0,0,0,0,0,0,0,0,0,0,0,0,0,0,0
202601,46,103,2,4,Pennington County                                           ,26,26,5123177,1,2,676510,0,0,0,0,0,0,26,26,5123177,1,2,676510,0,0,0,0,0,0
202601,46,105,2,4,Perkins County                                              ,0,0,0,0,0,0,0,0,0,0,0,0,0,0,0,0,0,0,0,0,0,0,0,0
202601,46,107,2,4,Potter County                                               ,0,0,0,0,0,0,0,0,0,0,0,0,0,0,0,0,0,0,0,0,0,0,0,0
202601,46,109,2,4,Roberts County                                              ,1,1,400000,0,0,0,0,0,0,0,0,0,1,1,400000,0,0,0,0,0,0,0,0,0
202601,46,111,2,4,Sanborn County                                              ,0,0,0,0,0,0,0,0,0,0,0,0,0,0,0,0,0,0,0,0,0,0,0,0
202601,46,115,2,4,Spink County                                                ,1,1,442500,0,0,0,0,0,0,0,0,0,0,0,0,0,0,0,0,0,0,0,0,0
202601,46,117,2,4,Stanley County                                              ,1,1,327249,0,0,0,0,0,0,0,0,0,0,0,0,0,0,0,0,0,0,0,0,0
202601,46,119,2,4,Sully County                                                ,2,2,580000,0,0,0,0,0,0,0,0,0,2,2,580000,0,0,0,0,0,0,0,0,0
202601,46,121,2,4,Todd County                                                 ,0,0,0,0,0,0,0,0,0,0,0,0,0,0,0,0,0,0,0,0,0,0,0,0
202601,46,123,2,4,Tripp County                                                ,0,0,0,0,0,0,0,0,0,0,0,0,0,0,0,0,0,0,0,0,0,0,0,0
202601,46,125,2,4,Turner County                                               ,1,1,386250,0,0,0,0,0,0,0,0,0,0,0,0,0,0,0,0,0,0,0,0,0
202601,46,127,2,4,Union County                                                ,0,0,0,0,0,0,0,0,0,0,0,0,0,0,0,0,0,0,0,0,0,0,0,0
202601,46,129,2,4,Walworth County                                             ,0,0,0,0,0,0,0,0,0,0,0,0,0,0,0,0,0,0,0,0,0,0,0,0
202601,46,135,2,4,Yankton County                                              ,0,0,0,0,0,0,0,0,0,0,0,0,0,0,0,0,0,0,0,0,0,0,0,0
202601,47,001,3,6,Anderson County                                             ,27,27,6330904,1,2,409736,0,0,0,1,8,709514,17,17,4461726,1,2,409736,0,0,0,0,0,0
202601,47,003,3,6,Bedford County                                              ,26,26,6469983,0,0,0,0,0,0,0,0,0,26,26,6469983,0,0,0,0,0,0,0,0,0
202601,47,005,3,6,Benton County                                               ,1,1,200000,0,0,0,0,0,0,0,0,0,1,1,200000,0,0,0,0,0,0,0,0,0
202601,47,007,3,6,Bledsoe County                                              ,0,0,0,0,0,0,0,0,0,0,0,0,0,0,0,0,0,0,0,0,0,0,0,0
202601,47,009,3,6,Blount County                                               ,94,94,24477192,0,0,0,0,0,0,0,0,0,87,87,22935993,0,0,0,0,0,0,0,0,0
202601,47,011,3,6,Bradley County                                              ,52,52,15085900,2,4,720000,1,4,800000,0,0,0,32,32,9722340,1,2,360000,1,4,800000,0,0,0
202601,47,013,3,6,Campbell County                                             ,6,6,1548833,0,0,0,0,0,0,0,0,0,5,5,1480083,0,0,0,0,0,0,0,0,0
202601,47,015,3,6,Cannon County                                               ,4,4,1657000,0,0,0,0,0,0,0,0,0,4,4,1657000,0,0,0,0,0,0,0,0,0
202601,47,017,3,6,Carroll County                                              ,1,1,135000,0,0,0,0,0,0,0,0,0,0,0,0,0,0,0,0,0,0,0,0,0
202601,47,019,3,6,Carter County                                               ,11,11,1550225,0,0,0,0,0,0,0,0,0,0,0,0,0,0,0,0,0,0,0,0,0
202601,47,021,3,6,Cheatham County                                             ,7,7,2970777,0,0,0,0,0,0,0,0,0,6,6,2683189,0,0,0,0,0,0,0,0,0
202601,47,023,3,6,Chester County                                              ,0,0,0,0,0,0,0,0,0,0,0,0,0,0,0,0,0,0,0,0,0,0,0,0
202601,47,025,3,6,Claiborne County                                            ,9,9,1860000,1,2,130000,0,0,0,0,0,0,9,9,1860000,0,0,0,0,0,0,0,0,0
202601,47,027,3,6,Clay County                                                 ,1,1,153420,0,0,0,0,0,0,0,0,0,0,0,0,0,0,0,0,0,0,0,0,0
202601,47,029,3,6,Cocke County                                                ,0,0,0,0,0,0,0,0,0,0,0,0,0,0,0,0,0,0,0,0,0,0,0,0
202601,47,031,3,6,Coffee County                                               ,27,27,8549267,0,0,0,0,0,0,0,0,0,15,15,5098207,0,0,0,0,0,0,0,0,0
202601,47,033,3,6,Crockett County                                             ,2,2,531734,0,0,0,0,0,0,0,0,0,0,0,0,0,0,0,0,0,0,0,0,0
202601,47,035,3,6,Cumberland County                                           ,4,4,595038,0,0,0,0,0,0,0,0,0,4,4,595038,0,0,0,0,0,0,0,0,0
202601,47,037,3,6,Davidson County                                             ,149,149,4316117,0,0,0,0,0,0,4,402,62557783,148,148,4016117,0,0,0,0,0,0,4,402,62557783
202601,47,039,3,6,Decatur County                                              ,1,1,159600,0,0,0,0,0,0,0,0,0,0,0,0,0,0,0,0,0,0,0,0,0
202601,47,041,3,6,DeKalb County                                               ,10,10,1577631,0,0,0,0,0,0,0,0,0,0,0,0,0,0,0,0,0,0,0,0,0
202601,47,043,3,6,Dickson County                                              ,22,22,5242943,0,0,0,0,0,0,0,0,0,22,22,5242943,0,0,0,0,0,0,0,0,0
202601,47,045,3,6,Dyer County                                                 ,2,2,800000,0,0,0,0,0,0,0,0,0,2,2,800000,0,0,0,0,0,0,0,0,0
202601,47,047,3,6,Fayette County                                              ,38,38,12945568,0,0,0,0,0,0,0,0,0,38,38,12945568,0,0,0,0,0,0,0,0,0
202601,47,049,3,6,Fentress County                                             ,1,1,302641,0,0,0,0,0,0,0,0,0,0,0,0,0,0,0,0,0,0,0,0,0
202601,47,051,3,6,Franklin County                                             ,18,18,4158292,0,0,0,0,0,0,0,0,0,6,6,1221648,0,0,0,0,0,0,0,0,0
202601,47,053,3,6,Gibson County                                               ,6,6,1822380,1,2,170000,0,0,0,0,0,0,4,4,1448430,1,2,170000,0,0,0,0,0,0
202601,47,055,3,6,Giles County                                                ,6,6,1556006,0,0,0,0,0,0,0,0,0,5,5,1422000,0,0,0,0,0,0,0,0,0
202601,47,057,3,6,Grainger County                                             ,4,4,703641,0,0,0,0,0,0,0,0,0,0,0,0,0,0,0,0,0,0,0,0,0
202601,47,059,3,6,Greene County                                               ,20,20,6628629,0,0,0,0,0,0,0,0,0,19,19,6341041,0,0,0,0,0,0,0,0,0
202601,47,061,3,6,Grundy County                                               ,1,1,125000,0,0,0,0,0,0,0,0,0,0,0,0,0,0,0,0,0,0,0,0,0
202601,47,063,3,6,Hamblen County                                              ,24,24,8082165,2,4,500000,0,0,0,0,0,0,24,24,8082165,2,4,500000,0,0,0,0,0,0
202601,47,065,3,6,Hamilton County                                             ,112,112,24520664,3,6,488331,2,6,570990,2,35,3496515,78,78,16907182,1,2,200760,2,6,570990,0,0,0
202601,47,067,3,6,Hancock County                                              ,0,0,0,0,0,0,0,0,0,0,0,0,0,0,0,0,0,0,0,0,0,0,0,0
202601,47,069,3,6,Hardeman County                                             ,0,0,0,0,0,0,0,0,0,0,0,0,0,0,0,0,0,0,0,0,0,0,0,0
202601,47,071,3,6,Hardin County                                               ,0,0,0,0,0,0,0,0,0,0,0,0,0,0,0,0,0,0,0,0,0,0,0,0
202601,47,073,3,6,Hawkins County                                              ,10,10,1159078,0,0,0,0,0,0,0,0,0,1,1,250000,0,0,0,0,0,0,0,0,0
202601,47,075,3,6,Haywood County                                              ,1,1,167379,0,0,0,0,0,0,0,0,0,0,0,0,0,0,0,0,0,0,0,0,0
202601,47,077,3,6,Henderson County                                            ,2,2,283665,0,0,0,0,0,0,0,0,0,0,0,0,0,0,0,0,0,0,0,0,0
202601,47,079,3,6,Henry County                                                ,1,1,82448,0,0,0,0,0,0,0,0,0,0,0,0,0,0,0,0,0,0,0,0,0
202601,47,081,3,6,Hickman County                                              ,9,9,1580343,0,0,0,0,0,0,0,0,0,0,0,0,0,0,0,0,0,0,0,0,0
202601,47,083,3,6,Houston County                                              ,0,0,0,0,0,0,0,0,0,0,0,0,0,0,0,0,0,0,0,0,0,0,0,0
202601,47,085,3,6,Humphreys County                                            ,2,2,216361,0,0,0,0,0,0,0,0,0,0,0,0,0,0,0,0,0,0,0,0,0
202601,47,087,3,6,Jackson County                                              ,0,0,0,0,0,0,0,0,0,0,0,0,0,0,0,0,0,0,0,0,0,0,0,0
202601,47,089,3,6,Jefferson County                                            ,19,19,7515221,1,2,510000,1,3,635000,0,0,0,18,18,7226471,1,2,510000,1,3,635000,0,0,0
202601,47,091,3,6,Johnson County                                              ,1,1,159005,0,0,0,0,0,0,0,0,0,0,0,0,0,0,0,0,0,0,0,0,0
202601,47,093,3,6,Knox County                                                 ,196,196,55917528,1,2,520000,0,0,0,2,136,24625118,160,160,47653586,0,0,0,0,0,0,0,0,0
202601,47,095,3,6,Lake County                                                 ,0,0,0,0,0,0,0,0,0,0,0,0,0,0,0,0,0,0,0,0,0,0,0,0
202601,47,097,3,6,Lauderdale County                                           ,5,5,1919000,0,0,0,0,0,0,0,0,0,3,3,1500000,0,0,0,0,0,0,0,0,0
202601,47,099,3,6,Lawrence County                                             ,1,1,208960,0,0,0,0,0,0,0,0,0,0,0,0,0,0,0,0,0,0,0,0,0
202601,47,101,3,6,Lewis County                                                ,0,0,0,0,0,0,0,0,0,0,0,0,0,0,0,0,0,0,0,0,0,0,0,0
202601,47,103,3,6,Lincoln County                                              ,15,15,4235153,0,0,0,0,0,0,0,0,0,15,15,4235153,0,0,0,0,0,0,0,0,0
202601,47,105,3,6,Loudon County                                               ,31,31,21146187,0,0,0,0,0,0,0,0,0,31,31,21146187,0,0,0,0,0,0,0,0,0
202601,47,107,3,6,McMinn County                                               ,8,8,1132909,0,0,0,0,0,0,0,0,0,8,8,1132909,0,0,0,0,0,0,0,0,0
202601,47,109,3,6,McNairy County                                              ,0,0,0,0,0,0,0,0,0,0,0,0,0,0,0,0,0,0,0,0,0,0,0,0
202601,47,111,3,6,Macon County                                                ,12,12,3381882,0,0,0,0,0,0,1,5,645905,0,0,0,0,0,0,0,0,0,0,0,0
202601,47,113,3,6,Madison County                                              ,17,17,3877819,0,0,0,0,0,0,0,0,0,0,0,0,0,0,0,0,0,0,0,0,0
202601,47,115,3,6,Marion County                                               ,22,22,6047494,0,0,0,0,0,0,0,0,0,18,18,5702449,0,0,0,0,0,0,0,0,0
202601,47,117,3,6,Marshall County                                             ,22,22,6240491,0,0,0,1,3,284229,1,6,811594,0,0,0,0,0,0,0,0,0,0,0,0
202601,47,119,3,6,Maury County                                                ,123,123,27059405,0,0,0,0,0,0,1,5,376841,66,66,11552877,0,0,0,0,0,0,0,0,0
202601,47,121,3,6,Meigs County                                                ,6,6,1718287,0,0,0,0,0,0,0,0,0,0,0,0,0,0,0,0,0,0,0,0,0
202601,47,123,3,6,Monroe County                                               ,18,18,4698321,0,0,0,0,0,0,0,0,0,17,17,4462500,0,0,0,0,0,0,0,0,0
202601,47,125,3,6,Montgomery County                                           ,66,66,14847872,1,2,600000,1,4,451180,6,126,11719221,66,66,14847872,1,2,600000,1,4,451180,6,126,11719221
202601,47,127,3,6,Moore County                                                ,2,2,477195,0,0,0,0,0,0,0,0,0,0,0,0,0,0,0,0,0,0,0,0,0
202601,47,129,3,6,Morgan County                                               ,0,0,0,0,0,0,0,0,0,0,0,0,0,0,0,0,0,0,0,0,0,0,0,0
202601,47,131,3,6,Obion County                                                ,4,4,1209519,0,0,0,0,0,0,0,0,0,4,4,1209519,0,0,0,0,0,0,0,0,0
202601,47,133,3,6,Overton County                                              ,0,0,0,0,0,0,0,0,0,0,0,0,0,0,0,0,0,0,0,0,0,0,0,0
202601,47,135,3,6,Perry County                                                ,0,0,0,0,0,0,0,0,0,0,0,0,0,0,0,0,0,0,0,0,0,0,0,0
202601,47,139,3,6,Polk County                                                 ,14,14,2535608,0,0,0,0,0,0,0,0,0,0,0,0,0,0,0,0,0,0,0,0,0
202601,47,141,3,6,Putnam County                                               ,35,35,8491304,0,0,0,0,0,0,0,0,0,35,35,8491304,0,0,0,0,0,0,0,0,0
202601,47,143,3,6,Rhea County                                                 ,7,7,3103100,0,0,0,0,0,0,0,0,0,7,7,3103100,0,0,0,0,0,0,0,0,0
202601,47,145,3,6,Roane County                                                ,20,20,5545004,0,0,0,0,0,0,0,0,0,20,20,5545004,0,0,0,0,0,0,0,0,0
202601,47,147,3,6,Robertson County                                            ,37,37,12981583,0,0,0,0,0,0,0,0,0,37,37,12981583,0,0,0,0,0,0,0,0,0
202601,47,149,3,6,Rutherford County                                           ,162,162,42813343,0,0,0,0,0,0,0,0,0,162,162,42813343,0,0,0,0,0,0,0,0,0
202601,47,151,3,6,Scott County                                                ,1,1,253217,0,0,0,0,0,0,0,0,0,0,0,0,0,0,0,0,0,0,0,0,0
202601,47,153,3,6,Sequatchie County                                           ,1,1,120000,0,0,0,0,0,0,0,0,0,1,1,120000,0,0,0,0,0,0,0,0,0
202601,47,155,3,6,Sevier County                                               ,56,56,16713254,1,2,345882,0,0,0,1,12,1299995,55,55,16452818,0,0,0,0,0,0,0,0,0
202601,47,157,3,6,Shelby County                                               ,83,83,6524458,0,0,0,4,16,2181256,0,0,0,83,83,6524458,0,0,0,4,16,2181256,0,0,0
202601,47,159,3,6,Smith County                                                ,11,11,1801091,0,0,0,0,0,0,0,0,0,10,10,1615000,0,0,0,0,0,0,0,0,0
202601,47,161,3,6,Stewart County                                              ,2,2,424738,0,0,0,0,0,0,0,0,0,0,0,0,0,0,0,0,0,0,0,0,0
202601,47,163,3,6,Sullivan County                                             ,48,48,11260404,0,0,0,1,3,271780,1,5,500000,39,39,10499502,0,0,0,0,0,0,0,0,0
202601,47,165,3,6,Sumner County                                               ,98,98,25224596,0,0,0,0,0,0,0,0,0,96,96,24767008,0,0,0,0,0,0,0,0,0
202601,47,167,3,6,Tipton County                                               ,8,8,2006869,0,0,0,0,0,0,1,5,689000,5,5,1426045,0,0,0,0,0,0,0,0,0
202601,47,169,3,6,Trousdale County                                            ,6,6,973890,0,0,0,0,0,0,0,0,0,0,0,0,0,0,0,0,0,0,0,0,0
202601,47,171,3,6,Unicoi County                                               ,2,2,325603,0,0,0,0,0,0,0,0,0,1,1,114000,0,0,0,0,0,0,0,0,0
202601,47,173,3,6,Union County                                                ,9,9,2774321,0,0,0,0,0,0,0,0,0,8,8,2700000,0,0,0,0,0,0,0,0,0
202601,47,175,3,6,Van Buren County                                            ,0,0,0,0,0,0,0,0,0,0,0,0,0,0,0,0,0,0,0,0,0,0,0,0
202601,47,177,3,6,Warren County                                               ,19,19,5088552,0,0,0,0,0,0,2,14,1056000,3,3,600000,0,0,0,0,0,0,2,14,1056000
202601,47,179,3,6,Washington County                                           ,98,98,34442515,1,2,525000,0,0,0,0,0,0,98,98,34442515,1,2,525000,0,0,0,0,0,0
202601,47,181,3,6,Wayne County                                                ,1,1,150000,0,0,0,0,0,0,0,0,0,0,0,0,0,0,0,0,0,0,0,0,0
202601,47,183,3,6,Weakley County                                              ,1,1,300000,0,0,0,0,0,0,0,0,0,1,1,300000,0,0,0,0,0,0,0,0,0
202601,47,185,3,6,White County                                                ,7,7,1420706,0,0,0,0,0,0,0,0,0,5,5,1129517,0,0,0,0,0,0,0,0,0
202601,47,187,3,6,Williamson County                                           ,75,75,36419560,0,0,0,0,0,0,1,6,1033398,75,75,36419560,0,0,0,0,0,0,1,6,1033398
202601,47,189,3,6,Wilson County                                               ,67,67,22431583,0,0,0,0,0,0,2,48,1800000,67,67,22431583,0,0,0,0,0,0,2,48,1800000
202601,48,001,3,7,Anderson County                                             ,1,1,336000,0,0,0,0,0,0,0,0,0,1,1,336000,0,0,0,0,0,0,0,0,0
202601,48,003,3,7,Andrews County                                              ,14,14,3500000,0,0,0,0,0,0,0,0,0,14,14,3500000,0,0,0,0,0,0,0,0,0
202601,48,005,3,7,Angelina County                                             ,6,6,1675732,0,0,0,0,0,0,0,0,0,1,1,200000,0,0,0,0,0,0,0,0,0
202601,48,007,3,7,Aransas County                                              ,8,8,2147366,0,0,0,0,0,0,0,0,0,4,4,1184067,0,0,0,0,0,0,0,0,0
202601,48,009,3,7,Archer County                                               ,1,1,300000,0,0,0,0,0,0,0,0,0,1,1,300000,0,0,0,0,0,0,0,0,0
202601,48,011,3,7,Armstrong County                                            ,0,0,0,0,0,0,0,0,0,0,0,0,0,0,0,0,0,0,0,0,0,0,0,0
202601,48,013,3,7,Atascosa County                                             ,17,17,4480992,4,8,800000,0,0,0,0,0,0,17,17,4480992,4,8,800000,0,0,0,0,0,0
202601,48,015,3,7,Austin County                                               ,21,21,5780989,0,0,0,0,0,0,0,0,0,0,0,0,0,0,0,0,0,0,0,0,0
202601,48,017,3,7,Bailey County                                               ,0,0,0,0,0,0,0,0,0,0,0,0,0,0,0,0,0,0,0,0,0,0,0,0
202601,48,019,3,7,Bandera County                                              ,0,0,0,0,0,0,0,0,0,0,0,0,0,0,0,0,0,0,0,0,0,0,0,0
202601,48,021,3,7,Bastrop County                                              ,109,109,32708597,1,2,234203,0,0,0,0,0,0,109,109,32708597,1,2,234203,0,0,0,0,0,0
202601,48,025,3,7,Bee County                                                  ,1,1,123024,0,0,0,0,0,0,0,0,0,0,0,0,0,0,0,0,0,0,0,0,0
202601,48,027,3,7,Bell County                                                 ,159,159,41739546,11,22,3026453,0,0,0,0,0,0,79,79,17600939,9,18,2526813,0,0,0,0,0,0
202601,48,029,3,7,Bexar County                                                ,350,350,98401471,0,0,0,0,0,0,6,225,84763052,321,321,92514809,0,0,0,0,0,0,6,225,84763052
202601,48,031,3,7,Blanco County                                               ,1,1,249148,0,0,0,0,0,0,0,0,0,0,0,0,0,0,0,0,0,0,0,0,0
202601,48,035,3,7,Bosque County                                               ,1,1,18000,0,0,0,0,0,0,0,0,0,1,1,18000,0,0,0,0,0,0,0,0,0
202601,48,037,3,7,Bowie County                                                ,4,4,1068474,0,0,0,0,0,0,0,0,0,3,3,888615,0,0,0,0,0,0,0,0,0
202601,48,039,3,7,Brazoria County                                             ,264,264,91977057,0,0,0,0,0,0,0,0,0,246,246,86864129,0,0,0,0,0,0,0,0,0
202601,48,041,3,7,Brazos County                                               ,74,74,15531102,0,0,0,1,3,562500,0,0,0,74,74,15531102,0,0,0,1,3,562500,0,0,0
202601,48,043,3,7,Brewster County                                             ,0,0,0,0,0,0,0,0,0,0,0,0,0,0,0,0,0,0,0,0,0,0,0,0
202601,48,047,3,7,Brooks County                                               ,0,0,0,0,0,0,0,0,0,0,0,0,0,0,0,0,0,0,0,0,0,0,0,0
202601,48,049,3,7,Brown County                                                ,8,8,2136057,0,0,0,0,0,0,0,0,0,1,1,247000,0,0,0,0,0,0,0,0,0
202601,48,051,3,7,Burleson County                                             ,1,1,121752,0,0,0,0,0,0,0,0,0,1,1,121752,0,0,0,0,0,0,0,0,0
202601,48,053,3,7,Burnet County                                               ,59,59,15494504,0,0,0,0,0,0,0,0,0,43,43,10816715,0,0,0,0,0,0,0,0,0
202601,48,055,3,7,Caldwell County                                             ,19,19,4376784,1,2,234203,0,0,0,1,30,9533569,4,4,1184820,1,2,234203,0,0,0,1,30,9533569
202601,48,057,3,7,Calhoun County                                              ,8,8,3967844,0,0,0,0,0,0,0,0,0,8,8,3967844,0,0,0,0,0,0,0,0,0
202601,48,059,3,7,Callahan County                                             ,1,1,229000,0,0,0,0,0,0,0,0,0,0,0,0,0,0,0,0,0,0,0,0,0
202601,48,061,3,7,Cameron County                                              ,104,104,22806896,2,4,530917,0,0,0,2,24,695973,37,37,8848817,0,0,0,0,0,0,0,0,0
202601,48,063,3,7,Camp County                                                 ,2,2,605281,0,0,0,0,0,0,0,0,0,0,0,0,0,0,0,0,0,0,0,0,0
202601,48,065,3,7,Carson County                                               ,3,3,809439,0,0,0,0,0,0,0,0,0,0,0,0,0,0,0,0,0,0,0,0,0
202601,48,067,3,7,Cass County                                                 ,5,5,675000,0,0,0,0,0,0,0,0,0,5,5,675000,0,0,0,0,0,0,0,0,0
202601,48,069,3,7,Castro County                                               ,0,0,0,0,0,0,0,0,0,0,0,0,0,0,0,0,0,0,0,0,0,0,0,0
202601,48,071,3,7,Chambers County                                             ,48,48,3450606,0,0,0,0,0,0,0,0,0,36,36,700000,0,0,0,0,0,0,0,0,0
202601,48,073,3,7,Cherokee County                                             ,0,0,0,0,0,0,0,0,0,0,0,0,0,0,0,0,0,0,0,0,0,0,0,0
202601,48,075,3,7,Childress County                                            ,0,0,0,0,0,0,0,0,0,0,0,0,0,0,0,0,0,0,0,0,0,0,0,0
202601,48,077,3,7,Clay County                                                 ,0,0,0,0,0,0,0,0,0,0,0,0,0,0,0,0,0,0,0,0,0,0,0,0
202601,48,079,3,7,Cochran County                                              ,0,0,0,0,0,0,0,0,0,0,0,0,0,0,0,0,0,0,0,0,0,0,0,0
202601,48,081,3,7,Coke County                                                 ,1,1,302641,0,0,0,0,0,0,0,0,0,0,0,0,0,0,0,0,0,0,0,0,0
202601,48,083,3,7,Coleman County                                              ,1,1,251795,0,0,0,0,0,0,0,0,0,0,0,0,0,0,0,0,0,0,0,0,0
202601,48,085,3,7,Collin County                                               ,727,727,214896122,6,12,1938913,0,0,0,1,14,2009224,711,711,209799473,6,12,1938913,0,0,0,0,0,0
202601,48,087,3,7,Collingsworth County                                        ,0,0,0,0,0,0,0,0,0,0,0,0,0,0,0,0,0,0,0,0,0,0,0,0
202601,48,089,3,7,Colorado County                                             ,6,6,1243810,0,0,0,0,0,0,0,0,0,4,4,887000,0,0,0,0,0,0,0,0,0
202601,48,091,3,7,Comal County                                                ,135,135,39962254,0,0,0,0,0,0,0,0,0,135,135,39962254,0,0,0,0,0,0,0,0,0
202601,48,093,3,7,Comanche County                                             ,0,0,0,1,2,249820,0,0,0,0,0,0,0,0,0,0,0,0,0,0,0,0,0,0
202601,48,095,3,7,Concho County                                               ,0,0,0,0,0,0,0,0,0,0,0,0,0,0,0,0,0,0,0,0,0,0,0,0
202601,48,097,3,7,Cooke County                                                ,9,9,2497835,0,0,0,0,0,0,0,0,0,1,1,296017,0,0,0,0,0,0,0,0,0
202601,48,099,3,7,Coryell County                                              ,3,3,364105,0,0,0,0,0,0,5,70,9916956,3,3,364105,0,0,0,0,0,0,5,70,9916956
202601,48,101,3,7,Cottle County                                               ,0,0,0,0,0,0,0,0,0,0,0,0,0,0,0,0,0,0,0,0,0,0,0,0
202601,48,103,3,7,Crane County                                                ,0,0,0,0,0,0,0,0,0,0,0,0,0,0,0,0,0,0,0,0,0,0,0,0
202601,48,107,3,7,Crosby County                                               ,0,0,0,0,0,0,0,0,0,0,0,0,0,0,0,0,0,0,0,0,0,0,0,0
202601,48,109,3,7,Culberson County                                            ,1,1,180000,1,2,273324,0,0,0,0,0,0,0,0,0,0,0,0,0,0,0,0,0,0
202601,48,111,3,7,Dallam County                                               ,1,1,302641,0,0,0,0,0,0,0,0,0,0,0,0,0,0,0,0,0,0,0,0,0
202601,48,113,3,7,Dallas County                                               ,279,279,75841404,4,8,1292609,1,4,1100000,3,775,102468903,268,268,73862056,4,8,1292609,1,4,1100000,2,747,98016993
202601,48,115,3,7,Dawson County                                               ,0,0,0,0,0,0,0,0,0,0,0,0,0,0,0,0,0,0,0,0,0,0,0,0
202601,48,117,3,7,Deaf Smith County                                           ,1,1,302641,1,2,249820,0,0,0,0,0,0,0,0,0,0,0,0,0,0,0,0,0,0
202601,48,119,3,7,Delta County                                                ,2,2,592410,0,0,0,0,0,0,0,0,0,2,2,592410,0,0,0,0,0,0,0,0,0
202601,48,121,3,7,Denton County                                               ,437,437,130363794,17,34,7697516,4,16,4098781,11,302,51882362,288,288,94518990,7,14,4800994,3,12,3550620,10,297,51244431
202601,48,123,3,7,DeWitt County                                               ,0,0,0,0,0,0,0,0,0,0,0,0,0,0,0,0,0,0,0,0,0,0,0,0
202601,48,127,3,7,Dimmit County                                               ,0,0,0,0,0,0,0,0,0,0,0,0,0,0,0,0,0,0,0,0,0,0,0,0
202601,48,129,3,7,Donley County                                               ,1,1,58333,0,0,0,0,0,0,0,0,0,0,0,0,0,0,0,0,0,0,0,0,0
202601,48,133,3,7,Eastland County                                             ,1,1,156765,0,0,0,0,0,0,0,0,0,0,0,0,0,0,0,0,0,0,0,0,0
202601,48,135,3,7,Ector County                                                ,76,76,17120105,0,0,0,0,0,0,0,0,0,76,76,17120105,0,0,0,0,0,0,0,0,0
202601,48,139,3,7,Ellis County                                                ,143,143,39499613,1,2,323152,0,0,0,0,0,0,105,105,31939842,1,2,323152,0,0,0,0,0,0
202601,48,141,3,7,El Paso County                                              ,115,115,27546540,3,6,776710,1,3,395428,1,7,825186,9,9,2664150,0,0,0,0,0,0,0,0,0
202601,48,143,3,7,Erath County                                                ,1,1,237828,0,0,0,0,0,0,0,0,0,1,1,237828,0,0,0,0,0,0,0,0,0
202601,48,145,3,7,Falls County                                                ,0,0,0,0,0,0,0,0,0,0,0,0,0,0,0,0,0,0,0,0,0,0,0,0
202601,48,147,3,7,Fannin County                                               ,7,7,2231343,1,2,270000,0,0,0,0,0,0,6,6,1943755,1,2,270000,0,0,0,0,0,0
202601,48,149,3,7,Fayette County                                              ,0,0,0,0,0,0,0,0,0,0,0,0,0,0,0,0,0,0,0,0,0,0,0,0
202601,48,153,3,7,Floyd County                                                ,0,0,0,0,0,0,0,0,0,0,0,0,0,0,0,0,0,0,0,0,0,0,0,0
202601,48,157,3,7,Fort Bend County                                            ,713,713,210882904,0,0,0,0,0,0,14,337,56881065,692,692,204843549,0,0,0,0,0,0,13,312,53736696
202601,48,159,3,7,Franklin County                                             ,0,0,0,0,0,0,0,0,0,0,0,0,0,0,0,0,0,0,0,0,0,0,0,0
202601,48,161,3,7,Freestone County                                            ,0,0,0,0,0,0,0,0,0,0,0,0,0,0,0,0,0,0,0,0,0,0,0,0
202601,48,163,3,7,Frio County                                                 ,1,1,101809,0,0,0,0,0,0,0,0,0,0,0,0,0,0,0,0,0,0,0,0,0
202601,48,165,3,7,Gaines County                                               ,1,1,302641,0,0,0,0,0,0,0,0,0,0,0,0,0,0,0,0,0,0,0,0,0
202601,48,167,3,7,Galveston County                                            ,183,183,48796102,0,0,0,0,0,0,0,0,0,77,77,23297268,0,0,0,0,0,0,0,0,0
202601,48,169,3,7,Garza County                                                ,0,0,0,0,0,0,0,0,0,0,0,0,0,0,0,0,0,0,0,0,0,0,0,0
202601,48,171,3,7,Gillespie County                                            ,3,3,639443,0,0,0,0,0,0,0,0,0,0,0,0,0,0,0,0,0,0,0,0,0
202601,48,175,3,7,Goliad County                                               ,0,0,0,0,0,0,0,0,0,0,0,0,0,0,0,0,0,0,0,0,0,0,0,0
202601,48,177,3,7,Gonzales County                                             ,1,1,234024,0,0,0,0,0,0,0,0,0,0,0,0,0,0,0,0,0,0,0,0,0
202601,48,179,3,7,Gray County                                                 ,0,0,0,0,0,0,0,0,0,0,0,0,0,0,0,0,0,0,0,0,0,0,0,0
202601,48,181,3,7,Grayson County                                              ,62,62,19428756,0,0,0,0,0,0,0,0,0,55,55,16334902,0,0,0,0,0,0,0,0,0
202601,48,183,3,7,Gregg County                                                ,13,13,3755843,0,0,0,0,0,0,0,0,0,11,11,3258255,0,0,0,0,0,0,0,0,0
202601,48,185,3,7,Grimes County                                               ,2,2,331488,0,0,0,0,0,0,0,0,0,2,2,331488,0,0,0,0,0,0,0,0,0
202601,48,187,3,7,Guadalupe County                                            ,101,101,17371908,0,0,0,0,0,0,1,7,859740,79,79,12432701,0,0,0,0,0,0,0,0,0
202601,48,189,3,7,Hale County                                                 ,0,0,0,0,0,0,0,0,0,0,0,0,0,0,0,0,0,0,0,0,0,0,0,0
202601,48,191,3,7,Hall County                                                 ,0,0,0,0,0,0,0,0,0,0,0,0,0,0,0,0,0,0,0,0,0,0,0,0
202601,48,193,3,7,Hamilton County                                             ,1,1,100602,0,0,0,0,0,0,0,0,0,0,0,0,0,0,0,0,0,0,0,0,0
202601,48,195,3,7,Hansford County                                             ,0,0,0,0,0,0,0,0,0,0,0,0,0,0,0,0,0,0,0,0,0,0,0,0
202601,48,197,3,7,Hardeman County                                             ,0,0,0,0,0,0,0,0,0,0,0,0,0,0,0,0,0,0,0,0,0,0,0,0
202601,48,199,3,7,Hardin County                                               ,26,26,7701330,0,0,0,0,0,0,0,0,0,26,26,7701330,0,0,0,0,0,0,0,0,0
202601,48,201,3,7,Harris County                                               ,1261,1261,379735260,71,142,29676854,0,0,0,8,466,69722902,1233,1233,370749506,70,140,29288014,0,0,0,8,466,69722902
202601,48,203,3,7,Harrison County                                             ,3,3,506700,0,0,0,0,0,0,0,0,0,3,3,506700,0,0,0,0,0,0,0,0,0
202601,48,207,3,7,Haskell County                                              ,0,0,0,0,0,0,0,0,0,0,0,0,0,0,0,0,0,0,0,0,0,0,0,0
202601,48,209,3,7,Hays County                                                 ,230,230,76161079,0,0,0,1,3,232500,2,38,3952797,89,89,44656533,0,0,0,0,0,0,0,0,0
202601,48,211,3,7,Hemphill County                                             ,0,0,0,0,0,0,0,0,0,0,0,0,0,0,0,0,0,0,0,0,0,0,0,0
202601,48,213,3,7,Henderson County                                            ,9,9,2247209,0,0,0,0,0,0,0,0,0,7,7,1500034,0,0,0,0,0,0,0,0,0
202601,48,215,3,7,Hidalgo County                                              ,390,390,63906765,18,36,3999689,31,120,7254712,6,89,31987291,364,364,57537554,17,34,3868522,30,116,6682601,6,89,31987291
202601,48,217,3,7,Hill County                                                 ,3,3,728924,0,0,0,0,0,0,0,0,0,1,1,296205,0,0,0,0,0,0,0,0,0
202601,48,219,3,7,Hockley County                                              ,1,1,308610,0,0,0,0,0,0,0,0,0,0,0,0,0,0,0,0,0,0,0,0,0
202601,48,221,3,7,Hood County                                                 ,14,14,4186120,0,0,0,0,0,0,0,0,0,14,14,4186120,0,0,0,0,0,0,0,0,0
202601,48,223,3,7,Hopkins County                                              ,4,4,807854,0,0,0,0,0,0,0,0,0,0,0,0,0,0,0,0,0,0,0,0,0
202601,48,225,3,7,Houston County                                              ,0,0,0,0,0,0,0,0,0,0,0,0,0,0,0,0,0,0,0,0,0,0,0,0
202601,48,227,3,7,Howard County                                               ,1,1,302641,0,0,0,0,0,0,0,0,0,0,0,0,0,0,0,0,0,0,0,0,0
202601,48,231,3,7,Hunt County                                                 ,28,28,6340801,0,0,0,0,0,0,0,0,0,26,26,5765625,0,0,0,0,0,0,0,0,0
202601,48,233,3,7,Hutchinson County                                           ,0,0,0,0,0,0,0,0,0,0,0,0,0,0,0,0,0,0,0,0,0,0,0,0
202601,48,237,3,7,Jack County                                                 ,0,0,0,0,0,0,0,0,0,0,0,0,0,0,0,0,0,0,0,0,0,0,0,0
202601,48,239,3,7,Jackson County                                              ,0,0,0,0,0,0,0,0,0,0,0,0,0,0,0,0,0,0,0,0,0,0,0,0
202601,48,241,3,7,Jasper County                                               ,0,0,0,0,0,0,0,0,0,0,0,0,0,0,0,0,0,0,0,0,0,0,0,0
202601,48,245,3,7,Jefferson County                                            ,15,15,2648615,0,0,0,0,0,0,0,0,0,14,14,2362182,0,0,0,0,0,0,0,0,0
202601,48,249,3,7,Jim Wells County                                            ,0,0,0,0,0,0,0,0,0,0,0,0,0,0,0,0,0,0,0,0,0,0,0,0
202601,48,251,3,7,Johnson County                                              ,112,112,32702450,0,0,0,1,3,438026,1,5,435064,38,38,11178532,0,0,0,0,0,0,0,0,0
202601,48,253,3,7,Jones County                                                ,0,0,0,0,0,0,0,0,0,0,0,0,0,0,0,0,0,0,0,0,0,0,0,0
202601,48,255,3,7,Karnes County                                               ,5,5,846301,0,0,0,0,0,0,0,0,0,0,0,0,0,0,0,0,0,0,0,0,0
202601,48,257,3,7,Kaufman County                                              ,69,69,17391303,0,0,0,0,0,0,0,0,0,54,54,13002655,0,0,0,0,0,0,0,0,0
202601,48,259,3,7,Kendall County                                              ,34,34,6800000,0,0,0,0,0,0,0,0,0,0,0,0,0,0,0,0,0,0,0,0,0
202601,48,265,3,7,Kerr County                                                 ,6,6,1722138,0,0,0,0,0,0,1,17,1904889,0,0,0,0,0,0,0,0,0,0,0,0
202601,48,267,3,7,Kimble County                                               ,0,0,0,0,0,0,0,0,0,0,0,0,0,0,0,0,0,0,0,0,0,0,0,0
202601,48,271,3,7,Kinney County                                               ,0,0,0,0,0,0,0,0,0,0,0,0,0,0,0,0,0,0,0,0,0,0,0,0
202601,48,273,3,7,Kleberg County                                              ,1,1,430208,0,0,0,0,0,0,0,0,0,1,1,430208,0,0,0,0,0,0,0,0,0
202601,48,277,3,7,Lamar County                                                ,2,2,325628,0,0,0,0,0,0,0,0,0,1,1,175628,0,0,0,0,0,0,0,0,0
202601,48,279,3,7,Lamb County                                                 ,0,0,0,0,0,0,0,0,0,0,0,0,0,0,0,0,0,0,0,0,0,0,0,0
202601,48,281,3,7,Lampasas County                                             ,1,1,298800,0,0,0,0,0,0,0,0,0,0,0,0,0,0,0,0,0,0,0,0,0
202601,48,283,3,7,La Salle County                                             ,0,0,0,0,0,0,0,0,0,0,0,0,0,0,0,0,0,0,0,0,0,0,0,0
202601,48,285,3,7,Lavaca County                                               ,2,2,386974,0,0,0,0,0,0,0,0,0,0,0,0,0,0,0,0,0,0,0,0,0
202601,48,287,3,7,Lee County                                                  ,3,3,782410,0,0,0,0,0,0,0,0,0,2,2,592410,0,0,0,0,0,0,0,0,0
202601,48,289,3,7,Leon County                                                 ,0,0,0,0,0,0,0,0,0,0,0,0,0,0,0,0,0,0,0,0,0,0,0,0
202601,48,291,3,7,Liberty County                                              ,61,61,11035399,0,0,0,0,0,0,0,0,0,61,61,11035399,0,0,0,0,0,0,0,0,0
202601,48,293,3,7,Limestone County                                            ,2,2,605281,0,0,0,0,0,0,0,0,0,0,0,0,0,0,0,0,0,0,0,0,0
202601,48,295,3,7,Lipscomb County                                             ,0,0,0,0,0,0,0,0,0,0,0,0,0,0,0,0,0,0,0,0,0,0,0,0
202601,48,297,3,7,Live Oak County                                             ,0,0,0,0,0,0,0,0,0,0,0,0,0,0,0,0,0,0,0,0,0,0,0,0
202601,48,299,3,7,Llano County                                                ,5,5,1481025,0,0,0,0,0,0,0,0,0,5,5,1481025,0,0,0,0,0,0,0,0,0
202601,48,303,3,7,Lubbock County                                              ,190,190,53792956,0,0,0,1,4,668499,5,96,10689610,190,190,53792956,0,0,0,1,4,668499,5,96,10689610
202601,48,305,3,7,Lynn County                                                 ,0,0,0,0,0,0,0,0,0,0,0,0,0,0,0,0,0,0,0,0,0,0,0,0
202601,48,307,3,7,McCulloch County                                            ,0,0,0,0,0,0,0,0,0,0,0,0,0,0,0,0,0,0,0,0,0,0,0,0
202601,48,309,3,7,McLennan County                                             ,44,44,12873109,4,8,942609,0,0,0,1,5,514286,38,38,11752259,3,6,702609,0,0,0,0,0,0
202601,48,313,3,7,Madison County                                              ,0,0,0,0,0,0,0,0,0,0,0,0,0,0,0,0,0,0,0,0,0,0,0,0
202601,48,315,3,7,Marion County                                               ,1,1,302641,0,0,0,0,0,0,0,0,0,0,0,0,0,0,0,0,0,0,0,0,0
202601,48,317,3,7,Martin County                                               ,0,0,0,0,0,0,0,0,0,0,0,0,0,0,0,0,0,0,0,0,0,0,0,0
202601,48,319,3,7,Mason County                                                ,1,1,287588,0,0,0,0,0,0,0,0,0,0,0,0,0,0,0,0,0,0,0,0,0
202601,48,321,3,7,Matagorda County                                            ,26,26,4180549,0,0,0,0,0,0,0,0,0,25,25,3945126,0,0,0,0,0,0,0,0,0
202601,48,323,3,7,Maverick County                                             ,3,3,860364,0,0,0,0,0,0,0,0,0,0,0,0,0,0,0,0,0,0,0,0,0
202601,48,325,3,7,Medina County                                               ,7,7,3627400,0,0,0,0,0,0,0,0,0,7,7,3627400,0,0,0,0,0,0,0,0,0
202601,48,329,3,7,Midland County                                              ,62,62,18784800,0,0,0,0,0,0,0,0,0,62,62,18784800,0,0,0,0,0,0,0,0,0
202601,48,331,3,7,Milam County                                                ,3,3,733621,0,0,0,0,0,0,0,0,0,0,0,0,0,0,0,0,0,0,0,0,0
202601,48,335,3,7,Mitchell County                                             ,0,0,0,0,0,0,0,0,0,0,0,0,0,0,0,0,0,0,0,0,0,0,0,0
202601,48,337,3,7,Montague County                                             ,1,1,180000,0,0,0,0,0,0,0,0,0,1,1,180000,0,0,0,0,0,0,0,0,0
202601,48,339,3,7,Montgomery County                                           ,646,646,187003602,1,2,303885,1,3,461363,0,0,0,636,636,184176008,0,0,0,1,3,461363,0,0,0
202601,48,341,3,7,Moore County                                                ,2,2,454980,0,0,0,0,0,0,0,0,0,0,0,0,0,0,0,0,0,0,0,0,0
202601,48,343,3,7,Morris County                                               ,0,0,0,0,0,0,0,0,0,0,0,0,0,0,0,0,0,0,0,0,0,0,0,0
202601,48,347,3,7,Nacogdoches County                                          ,2,2,487377,0,0,0,0,0,0,0,0,0,0,0,0,0,0,0,0,0,0,0,0,0
202601,48,349,3,7,Navarro County                                              ,32,32,7920425,0,0,0,0,0,0,0,0,0,0,0,0,0,0,0,0,0,0,0,0,0
202601,48,353,3,7,Nolan County                                                ,1,1,175000,0,0,0,0,0,0,0,0,0,0,0,0,0,0,0,0,0,0,0,0,0
202601,48,355,3,7,Nueces County                                               ,91,91,25811032,0,0,0,0,0,0,2,10,1089165,0,0,0,0,0,0,0,0,0,0,0,0
202601,48,357,3,7,Ochiltree County                                            ,0,0,0,0,0,0,0,0,0,0,0,0,0,0,0,0,0,0,0,0,0,0,0,0
202601,48,359,3,7,Oldham County                                               ,0,0,0,0,0,0,0,0,0,0,0,0,0,0,0,0,0,0,0,0,0,0,0,0
202601,48,361,3,7,Orange County                                               ,10,10,2400432,0,0,0,0,0,0,1,5,511320,0,0,0,0,0,0,0,0,0,0,0,0
202601,48,363,3,7,Palo Pinto County                                           ,1,1,287588,0,0,0,0,0,0,0,0,0,0,0,0,0,0,0,0,0,0,0,0,0
202601,48,365,3,7,Panola County                                               ,1,1,302641,0,0,0,0,0,0,0,0,0,0,0,0,0,0,0,0,0,0,0,0,0
202601,48,367,3,7,Parker County                                               ,28,28,9493079,0,0,0,0,0,0,0,0,0,10,10,5017037,0,0,0,0,0,0,0,0,0
202601,48,369,3,7,Parmer County                                               ,0,0,0,0,0,0,0,0,0,0,0,0,0,0,0,0,0,0,0,0,0,0,0,0
202601,48,371,3,7,Pecos County                                                ,1,1,221650,0,0,0,0,0,0,0,0,0,0,0,0,0,0,0,0,0,0,0,0,0
202601,48,373,3,7,Polk County                                                 ,56,56,16342079,0,0,0,0,0,0,0,0,0,53,53,15698865,0,0,0,0,0,0,0,0,0
202601,48,375,3,7,Potter County                                               ,55,55,16280918,0,0,0,0,0,0,0,0,0,55,55,16280918,0,0,0,0,0,0,0,0,0
202601,48,377,3,7,Presidio County                                             ,1,1,215673,0,0,0,0,0,0,0,0,0,0,0,0,0,0,0,0,0,0,0,0,0
202601,48,379,3,7,Rains County                                                ,1,1,286433,0,0,0,0,0,0,0,0,0,0,0,0,0,0,0,0,0,0,0,0,0
202601,48,381,3,7,Randall County                                              ,4,4,1388050,0,0,0,0,0,0,0,0,0,3,3,888050,0,0,0,0,0,0,0,0,0
202601,48,383,3,7,Reagan County                                               ,0,0,0,0,0,0,0,0,0,0,0,0,0,0,0,0,0,0,0,0,0,0,0,0
202601,48,385,3,7,Real County                                                 ,0,0,0,0,0,0,0,0,0,0,0,0,0,0,0,0,0,0,0,0,0,0,0,0
202601,48,387,3,7,Red River County                                            ,1,1,100000,0,0,0,0,0,0,0,0,0,0,0,0,0,0,0,0,0,0,0,0,0
202601,48,389,3,7,Reeves County                                               ,2,2,384370,0,0,0,0,0,0,0,0,0,0,0,0,0,0,0,0,0,0,0,0,0
202601,48,391,3,7,Refugio County                                              ,1,1,201095,0,0,0,0,0,0,0,0,0,0,0,0,0,0,0,0,0,0,0,0,0
202601,48,397,3,7,Rockwall County                                             ,134,134,39932937,0,0,0,0,0,0,0,0,0,128,128,38208920,0,0,0,0,0,0,0,0,0
202601,48,399,3,7,Runnels County                                              ,0,0,0,0,0,0,0,0,0,0,0,0,0,0,0,0,0,0,0,0,0,0,0,0
202601,48,401,3,7,Rusk County                                                 ,0,0,0,0,0,0,0,0,0,0,0,0,0,0,0,0,0,0,0,0,0,0,0,0
202601,48,403,3,7,Sabine County                                               ,0,0,0,0,0,0,0,0,0,0,0,0,0,0,0,0,0,0,0,0,0,0,0,0
202601,48,405,3,7,San Augustine County                                        ,0,0,0,0,0,0,0,0,0,0,0,0,0,0,0,0,0,0,0,0,0,0,0,0
202601,48,407,3,7,San Jacinto County                                          ,35,35,7764692,0,0,0,0,0,0,0,0,0,0,0,0,0,0,0,0,0,0,0,0,0
202601,48,409,3,7,San Patricio County                                         ,34,34,8378468,0,0,0,0,0,0,0,0,0,9,9,1679465,0,0,0,0,0,0,0,0,0
202601,48,411,3,7,San Saba County                                             ,0,0,0,0,0,0,0,0,0,0,0,0,0,0,0,0,0,0,0,0,0,0,0,0
202601,48,413,3,7,Schleicher County                                           ,0,0,0,0,0,0,0,0,0,0,0,0,0,0,0,0,0,0,0,0,0,0,0,0
202601,48,415,3,7,Scurry County                                               ,0,0,0,0,0,0,0,0,0,0,0,0,0,0,0,0,0,0,0,0,0,0,0,0
202601,48,419,3,7,Shelby County                                               ,0,0,0,0,0,0,0,0,0,0,0,0,0,0,0,0,0,0,0,0,0,0,0,0
202601,48,421,3,7,Sherman County                                              ,1,1,109006,0,0,0,0,0,0,0,0,0,0,0,0,0,0,0,0,0,0,0,0,0
202601,48,423,3,7,Smith County                                                ,44,44,13088381,0,0,0,1,3,461363,0,0,0,40,40,12144650,0,0,0,1,3,461363,0,0,0
202601,48,425,3,7,Somervell County                                            ,6,6,2423000,0,0,0,0,0,0,0,0,0,6,6,2423000,0,0,0,0,0,0,0,0,0
202601,48,427,3,7,Starr County                                                ,0,0,0,0,0,0,0,0,0,0,0,0,0,0,0,0,0,0,0,0,0,0,0,0
202601,48,429,3,7,Stephens County                                             ,0,0,0,0,0,0,0,0,0,0,0,0,0,0,0,0,0,0,0,0,0,0,0,0
202601,48,435,3,7,Sutton County                                               ,0,0,0,0,0,0,0,0,0,0,0,0,0,0,0,0,0,0,0,0,0,0,0,0
202601,48,437,3,7,Swisher County                                              ,0,0,0,0,0,0,0,0,0,0,0,0,0,0,0,0,0,0,0,0,0,0,0,0
202601,48,439,3,7,Tarrant County                                              ,507,507,59447570,2,4,0,5,19,1230301,12,359,861165,484,484,48524177,2,4,0,5,19,1230301,12,359,861165
202601,48,441,3,7,Taylor County                                               ,71,71,20908335,21,42,6786196,0,0,0,0,0,0,70,70,20721168,21,42,6786196,0,0,0,0,0,0
202601,48,445,3,7,Terry County                                                ,0,0,0,0,0,0,0,0,0,0,0,0,0,0,0,0,0,0,0,0,0,0,0,0
202601,48,449,3,7,Titus County                                                ,1,1,296205,0,0,0,0,0,0,0,0,0,1,1,296205,0,0,0,0,0,0,0,0,0
202601,48,451,3,7,Tom Green County                                            ,21,21,6220305,0,0,0,0,0,0,0,0,0,21,21,6220305,0,0,0,0,0,0,0,0,0
202601,48,453,3,7,Travis County                                               ,326,326,75871918,16,32,3165167,1,4,600300,12,314,44484630,271,271,56657390,15,30,2934979,1,4,600300,12,314,44484630
202601,48,455,3,7,Trinity County                                              ,0,0,0,0,0,0,0,0,0,0,0,0,0,0,0,0,0,0,0,0,0,0,0,0
202601,48,457,3,7,Tyler County                                                ,0,0,0,0,0,0,0,0,0,0,0,0,0,0,0,0,0,0,0,0,0,0,0,0
202601,48,459,3,7,Upshur County                                               ,1,1,301523,0,0,0,0,0,0,0,0,0,0,0,0,0,0,0,0,0,0,0,0,0
202601,48,461,3,7,Upton County                                                ,0,0,0,0,0,0,0,0,0,0,0,0,0,0,0,0,0,0,0,0,0,0,0,0
202601,48,463,3,7,Uvalde County                                               ,1,1,1600000,0,0,0,0,0,0,0,0,0,1,1,1600000,0,0,0,0,0,0,0,0,0
202601,48,465,3,7,Val Verde County                                            ,6,6,1418042,0,0,0,0,0,0,0,0,0,0,0,0,0,0,0,0,0,0,0,0,0
202601,48,467,3,7,Van Zandt County                                            ,6,6,1725530,0,0,0,0,0,0,0,0,0,0,0,0,0,0,0,0,0,0,0,0,0
202601,48,469,3,7,Victoria County                                             ,4,4,1184067,0,0,0,0,0,0,0,0,0,4,4,1184067,0,0,0,0,0,0,0,0,0
202601,48,471,3,7,Walker County                                               ,35,35,7311805,0,0,0,0,0,0,0,0,0,10,10,2189365,0,0,0,0,0,0,0,0,0
202601,48,473,3,7,Waller County                                               ,24,24,6957770,0,0,0,0,0,0,0,0,0,19,19,5624317,0,0,0,0,0,0,0,0,0
202601,48,475,3,7,Ward County                                                 ,0,0,0,0,0,0,0,0,0,0,0,0,0,0,0,0,0,0,0,0,0,0,0,0
202601,48,477,3,7,Washington County                                           ,19,19,3798719,0,0,0,0,0,0,0,0,0,19,19,3798719,0,0,0,0,0,0,0,0,0
202601,48,479,3,7,Webb County                                                 ,70,70,19498691,1,2,248345,1,3,361101,1,13,1329432,0,0,0,0,0,0,0,0,0,0,0,0
202601,48,481,3,7,Wharton County                                              ,9,9,2664150,0,0,0,0,0,0,0,0,0,9,9,2664150,0,0,0,0,0,0,0,0,0
202601,48,483,3,7,Wheeler County                                              ,0,0,0,0,0,0,0,0,0,0,0,0,0,0,0,0,0,0,0,0,0,0,0,0
202601,48,485,3,7,Wichita County                                              ,11,11,3258255,1,2,234203,1,4,591250,0,0,0,11,11,3258255,1,2,234203,1,4,591250,0,0,0
202601,48,487,3,7,Wilbarger County                                            ,0,0,0,0,0,0,0,0,0,0,0,0,0,0,0,0,0,0,0,0,0,0,0,0
202601,48,489,3,7,Willacy County                                              ,1,1,87780,0,0,0,0,0,0,0,0,0,1,1,87780,0,0,0,0,0,0,0,0,0
202601,48,491,3,7,Williamson County                                           ,307,307,59465030,0,0,0,0,0,0,1,9,920376,275,275,50356880,0,0,0,0,0,0,0,0,0
202601,48,493,3,7,Wilson County                                               ,9,9,2909464,0,0,0,0,0,0,0,0,0,2,2,1000000,0,0,0,0,0,0,0,0,0
202601,48,495,3,7,Winkler County                                              ,1,1,302641,0,0,0,0,0,0,0,0,0,0,0,0,0,0,0,0,0,0,0,0,0
202601,48,497,3,7,Wise County                                                 ,32,32,8167996,0,0,0,0,0,0,0,0,0,30,30,7726957,0,0,0,0,0,0,0,0,0
202601,48,499,3,7,Wood County                                                 ,0,0,0,0,0,0,0,0,0,0,0,0,0,0,0,0,0,0,0,0,0,0,0,0
202601,48,501,3,7,Yoakum County                                               ,0,0,0,0,0,0,0,0,0,0,0,0,0,0,0,0,0,0,0,0,0,0,0,0
202601,48,503,3,7,Young County                                                ,2,2,403141,0,0,0,0,0,0,0,0,0,0,0,0,0,0,0,0,0,0,0,0,0
202601,48,507,3,7,Zavala County                                               ,0,0,0,0,0,0,0,0,0,0,0,0,0,0,0,0,0,0,0,0,0,0,0,0
202601,49,001,4,8,Beaver County                                               ,0,0,0,0,0,0,0,0,0,0,0,0,0,0,0,0,0,0,0,0,0,0,0,0
202601,49,003,4,8,Box Elder County                                            ,29,29,10306007,0,0,0,1,4,745176,1,5,150000,26,26,9599156,0,0,0,1,4,745176,1,5,150000
202601,49,005,4,8,Cache County                                                ,47,47,20541561,0,0,0,0,0,0,0,0,0,46,46,19181959,0,0,0,0,0,0,0,0,0
202601,49,007,4,8,Carbon County                                               ,3,3,1507319,0,0,0,0,0,0,0,0,0,3,3,1507319,0,0,0,0,0,0,0,0,0
202601,49,009,4,8,Daggett County                                              ,0,0,0,0,0,0,0,0,0,0,0,0,0,0,0,0,0,0,0,0,0,0,0,0
202601,49,011,4,8,Davis County                                                ,40,40,17619349,0,0,0,1,4,1164368,4,21,5959870,40,40,17619349,0,0,0,1,4,1164368,4,21,5959870
202601,49,013,4,8,Duchesne County                                             ,5,5,1765320,0,0,0,0,0,0,0,0,0,0,0,0,0,0,0,0,0,0,0,0,0
202601,49,015,4,8,Emery County                                                ,3,3,332309,0,0,0,0,0,0,0,0,0,0,0,0,0,0,0,0,0,0,0,0,0
202601,49,017,4,8,Garfield County                                             ,1,1,336261,0,0,0,0,0,0,0,0,0,1,1,336261,0,0,0,0,0,0,0,0,0
202601,49,019,4,8,Grand County                                                ,1,1,419082,0,0,0,0,0,0,0,0,0,1,1,419082,0,0,0,0,0,0,0,0,0
202601,49,021,4,8,Iron County                                                 ,64,64,14138332,0,0,0,0,0,0,0,0,0,64,64,14138332,0,0,0,0,0,0,0,0,0
202601,49,023,4,8,Juab County                                                 ,4,4,2882924,0,0,0,0,0,0,0,0,0,4,4,2882924,0,0,0,0,0,0,0,0,0
202601,49,025,4,8,Kane County                                                 ,9,9,5344061,0,0,0,0,0,0,0,0,0,4,4,3676969,0,0,0,0,0,0,0,0,0
202601,49,027,4,8,Millard County                                              ,3,3,688834,0,0,0,0,0,0,0,0,0,2,2,392000,0,0,0,0,0,0,0,0,0
202601,49,029,4,8,Morgan County                                               ,3,3,2691499,0,0,0,0,0,0,0,0,0,3,3,2691499,0,0,0,0,0,0,0,0,0
202601,49,031,4,8,Piute County                                                ,2,2,301600,0,0,0,0,0,0,0,0,0,0,0,0,0,0,0,0,0,0,0,0,0
202601,49,033,4,8,Rich County                                                 ,4,4,3560115,0,0,0,0,0,0,0,0,0,1,1,2500000,0,0,0,0,0,0,0,0,0
202601,49,035,4,8,Salt Lake County                                            ,201,201,73945771,5,10,2169681,5,16,2767750,9,121,21810358,172,172,64005958,4,8,1775000,5,16,2767750,9,121,21810358
202601,49,037,4,8,San Juan County                                             ,2,2,830876,0,0,0,0,0,0,0,0,0,0,0,0,0,0,0,0,0,0,0,0,0
202601,49,039,4,8,Sanpete County                                              ,5,5,1869426,0,0,0,0,0,0,0,0,0,5,5,1869426,0,0,0,0,0,0,0,0,0
202601,49,041,4,8,Sevier County                                               ,8,8,3460515,0,0,0,0,0,0,0,0,0,8,8,3460515,0,0,0,0,0,0,0,0,0
202601,49,043,4,8,Summit County                                               ,16,16,12444913,0,0,0,0,0,0,0,0,0,15,15,12057918,0,0,0,0,0,0,0,0,0
202601,49,045,4,8,Tooele County                                               ,31,31,12931224,0,0,0,0,0,0,0,0,0,27,27,10967707,0,0,0,0,0,0,0,0,0
202601,49,047,4,8,Uintah County                                               ,4,4,1195101,0,0,0,0,0,0,0,0,0,4,4,1195101,0,0,0,0,0,0,0,0,0
202601,49,049,4,8,Utah County                                                 ,390,390,98436170,0,0,0,1,4,905129,13,502,90476200,389,389,97349715,0,0,0,1,4,905129,13,502,90476200
202601,49,051,4,8,Wasatch County                                              ,43,43,57210836,0,0,0,0,0,0,0,0,0,35,35,51029451,0,0,0,0,0,0,0,0,0
202601,49,053,4,8,Washington County                                           ,218,218,42661118,0,0,0,0,0,0,1,6,412336,190,190,37649147,0,0,0,0,0,0,0,0,0
202601,49,055,4,8,Wayne County                                                ,0,0,0,0,0,0,0,0,0,0,0,0,0,0,0,0,0,0,0,0,0,0,0,0
202601,49,057,4,8,Weber County                                                ,51,51,19356309,0,0,0,0,0,0,5,62,11875056,32,32,13306102,0,0,0,0,0,0,4,48,9710280
202601,50,001,1,1,Addison County                                              ,4,4,1791045,0,0,0,0,0,0,0,0,0,2,2,1310797,0,0,0,0,0,0,0,0,0
202601,50,003,1,1,Bennington County                                           ,4,4,1653548,0,0,0,0,0,0,0,0,0,1,1,325000,0,0,0,0,0,0,0,0,0
202601,50,005,1,1,Caledonia County                                            ,0,0,0,0,0,0,1,3,354837,0,0,0,0,0,0,0,0,0,0,0,0,0,0,0
202601,50,007,1,1,Chittenden County                                           ,44,44,15004608,2,4,740537,0,0,0,2,80,116324681,38,38,12987102,0,0,0,0,0,0,1,66,114454537
202601,50,009,1,1,Essex County                                                ,1,1,279187,0,0,0,0,0,0,0,0,0,0,0,0,0,0,0,0,0,0,0,0,0
202601,50,011,1,1,Franklin County                                             ,6,6,2042965,0,0,0,0,0,0,1,5,230769,3,3,1071786,0,0,0,0,0,0,0,0,0
202601,50,013,1,1,Grand Isle County                                           ,1,1,357262,0,0,0,0,0,0,0,0,0,1,1,357262,0,0,0,0,0,0,0,0,0
202601,50,015,1,1,Lamoille County                                             ,3,3,903151,0,0,0,0,0,0,0,0,0,1,1,300000,0,0,0,0,0,0,0,0,0
202601,50,017,1,1,Orange County                                               ,1,1,330248,0,0,0,0,0,0,0,0,0,0,0,0,0,0,0,0,0,0,0,0,0
202601,50,019,1,1,Orleans County                                              ,3,3,971293,0,0,0,0,0,0,0,0,0,1,1,310797,0,0,0,0,0,0,0,0,0
202601,50,021,1,1,Rutland County                                              ,2,2,660496,0,0,0,0,0,0,1,5,767465,0,0,0,0,0,0,0,0,0,0,0,0
202601,50,023,1,1,Washington County                                           ,13,13,4171003,1,2,500000,0,0,0,0,0,0,5,5,1451524,1,2,500000,0,0,0,0,0,0
202601,50,025,1,1,Windham County                                              ,8,8,1941786,0,0,0,0,0,0,1,6,500000,1,1,357262,0,0,0,0,0,0,1,6,500000
202601,50,027,1,1,Windsor County                                              ,3,3,937093,0,0,0,0,0,0,0,0,0,0,0,0,0,0,0,0,0,0,0,0,0
202601,51,001,3,5,Accomack County                                             ,11,11,2801971,0,0,0,0,0,0,0,0,0,0,0,0,0,0,0,0,0,0,0,0,0
202601,51,003,3,5,Albemarle County                                            ,39,39,15049830,0,0,0,0,0,0,1,18,2196904,0,0,0,0,0,0,0,0,0,0,0,0
202601,51,005,3,5,Alleghany County                                            ,1,1,360000,0,0,0,0,0,0,0,0,0,1,1,360000,0,0,0,0,0,0,0,0,0
202601,51,007,3,5,Amelia County                                               ,3,3,485000,0,0,0,0,0,0,0,0,0,3,3,485000,0,0,0,0,0,0,0,0,0
202601,51,009,3,5,Amherst County                                              ,6,6,1680000,0,0,0,0,0,0,0,0,0,6,6,1680000,0,0,0,0,0,0,0,0,0
202601,51,011,3,5,Appomattox County                                           ,8,8,2937500,0,0,0,0,0,0,0,0,0,8,8,2937500,0,0,0,0,0,0,0,0,0
202601,51,013,3,5,Arlington County                                            ,8,8,5100000,0,0,0,0,0,0,2,999,217000000,8,8,5100000,0,0,0,0,0,0,2,999,217000000
202601,51,015,3,5,Augusta County                                              ,20,20,7018623,0,0,0,0,0,0,0,0,0,20,20,7018623,0,0,0,0,0,0,0,0,0
202601,51,017,3,5,Bath County                                                 ,3,3,901700,0,0,0,0,0,0,0,0,0,3,3,901700,0,0,0,0,0,0,0,0,0
202601,51,019,3,5,Bedford County                                              ,16,16,6821000,0,0,0,0,0,0,0,0,0,16,16,6821000,0,0,0,0,0,0,0,0,0
202601,51,021,3,5,Bland County                                                ,0,0,0,0,0,0,0,0,0,0,0,0,0,0,0,0,0,0,0,0,0,0,0,0
202601,51,023,3,5,Botetourt County                                            ,7,7,1494227,0,0,0,0,0,0,0,0,0,7,7,1494227,0,0,0,0,0,0,0,0,0
202601,51,025,3,5,Brunswick County                                            ,3,3,685459,0,0,0,0,0,0,0,0,0,0,0,0,0,0,0,0,0,0,0,0,0
202601,51,027,3,5,Buchanan County                                             ,1,1,180571,0,0,0,0,0,0,0,0,0,0,0,0,0,0,0,0,0,0,0,0,0
202601,51,029,3,5,Buckingham County                                           ,3,3,850000,0,0,0,0,0,0,0,0,0,3,3,850000,0,0,0,0,0,0,0,0,0
202601,51,031,3,5,Campbell County                                             ,5,5,1132000,0,0,0,0,0,0,0,0,0,5,5,1132000,0,0,0,0,0,0,0,0,0
202601,51,033,3,5,Caroline County                                             ,10,10,3190005,0,0,0,0,0,0,0,0,0,10,10,3190005,0,0,0,0,0,0,0,0,0
202601,51,035,3,5,Carroll County                                              ,5,5,1049171,0,0,0,0,0,0,0,0,0,0,0,0,0,0,0,0,0,0,0,0,0
202601,51,036,3,5,Charles City County                                         ,2,2,404578,0,0,0,0,0,0,0,0,0,0,0,0,0,0,0,0,0,0,0,0,0
202601,51,037,3,5,Charlotte County                                            ,3,3,888615,0,0,0,0,0,0,0,0,0,3,3,888615,0,0,0,0,0,0,0,0,0
202601,51,041,3,5,Chesterfield County                                         ,106,106,20622302,0,0,0,0,0,0,3,44,4960000,106,106,20622302,0,0,0,0,0,0,3,44,4960000
202601,51,043,3,5,Clarke County                                               ,2,2,629122,0,0,0,0,0,0,0,0,0,2,2,629122,0,0,0,0,0,0,0,0,0
202601,51,045,3,5,Craig County                                                ,0,0,0,0,0,0,0,0,0,0,0,0,0,0,0,0,0,0,0,0,0,0,0,0
202601,51,047,3,5,Culpeper County                                             ,11,11,5369330,2,4,1000000,0,0,0,0,0,0,11,11,5369330,2,4,1000000,0,0,0,0,0,0
202601,51,049,3,5,Cumberland County                                           ,5,5,1245045,0,0,0,0,0,0,0,0,0,5,5,1245045,0,0,0,0,0,0,0,0,0
202601,51,051,3,5,Dickenson County                                            ,1,1,250000,0,0,0,0,0,0,0,0,0,1,1,250000,0,0,0,0,0,0,0,0,0
202601,51,053,3,5,Dinwiddie County                                            ,2,2,250000,0,0,0,0,0,0,0,0,0,2,2,250000,0,0,0,0,0,0,0,0,0
202601,51,057,3,5,Essex County                                                ,1,1,190000,0,0,0,0,0,0,0,0,0,1,1,190000,0,0,0,0,0,0,0,0,0
202601,51,059,3,5,Fairfax County                                              ,35,35,0,0,0,0,0,0,0,0,0,0,35,35,0,0,0,0,0,0,0,0,0,0
202601,51,061,3,5,Fauquier County                                             ,42,42,10695000,0,0,0,0,0,0,0,0,0,42,42,10695000,0,0,0,0,0,0,0,0,0
202601,51,063,3,5,Floyd County                                                ,3,3,760000,0,0,0,0,0,0,0,0,0,3,3,760000,0,0,0,0,0,0,0,0,0
202601,51,065,3,5,Fluvanna County                                             ,7,7,2100000,0,0,0,0,0,0,0,0,0,7,7,2100000,0,0,0,0,0,0,0,0,0
202601,51,067,3,5,Franklin County                                             ,10,10,4455582,0,0,0,0,0,0,0,0,0,0,0,0,0,0,0,0,0,0,0,0,0
202601,51,069,3,5,Frederick County                                            ,65,65,14559710,0,0,0,0,0,0,0,0,0,65,65,14559710,0,0,0,0,0,0,0,0,0
202601,51,071,3,5,Giles County                                                ,2,2,451752,0,0,0,0,0,0,0,0,0,0,0,0,0,0,0,0,0,0,0,0,0
202601,51,073,3,5,Gloucester County                                           ,13,13,7805050,0,0,0,0,0,0,0,0,0,13,13,7805050,0,0,0,0,0,0,0,0,0
202601,51,075,3,5,Goochland County                                            ,14,14,7992492,0,0,0,0,0,0,0,0,0,14,14,7992492,0,0,0,0,0,0,0,0,0
202601,51,077,3,5,Grayson County                                              ,0,0,0,0,0,0,0,0,0,0,0,0,0,0,0,0,0,0,0,0,0,0,0,0
202601,51,079,3,5,Greene County                                               ,3,3,765000,0,0,0,0,0,0,1,5,1250000,3,3,765000,0,0,0,0,0,0,1,5,1250000
202601,51,081,3,5,Greensville County                                          ,1,1,335229,0,0,0,0,0,0,0,0,0,0,0,0,0,0,0,0,0,0,0,0,0
202601,51,083,3,5,Halifax County                                              ,5,5,1613624,0,0,0,0,0,0,0,0,0,5,5,1613624,0,0,0,0,0,0,0,0,0
202601,51,085,3,5,Hanover County                                              ,16,16,5713000,0,0,0,0,0,0,0,0,0,16,16,5713000,0,0,0,0,0,0,0,0,0
202601,51,087,3,5,Henrico County                                              ,27,27,5021173,0,0,0,0,0,0,0,0,0,27,27,5021173,0,0,0,0,0,0,0,0,0
202601,51,089,3,5,Henry County                                                ,2,2,435000,0,0,0,0,0,0,0,0,0,2,2,435000,0,0,0,0,0,0,0,0,0
202601,51,091,3,5,Highland County                                             ,1,1,260988,0,0,0,0,0,0,0,0,0,0,0,0,0,0,0,0,0,0,0,0,0
202601,51,093,3,5,Isle of Wight County                                        ,23,23,6301963,0,0,0,0,0,0,0,0,0,23,23,6301963,0,0,0,0,0,0,0,0,0
202601,51,095,3,5,James City County                                           ,21,21,7658889,0,0,0,0,0,0,0,0,0,21,21,7658889,0,0,0,0,0,0,0,0,0
202601,51,097,3,5,King and Queen County                                       ,2,2,400000,0,0,0,0,0,0,0,0,0,2,2,400000,0,0,0,0,0,0,0,0,0
202601,51,099,3,5,King George County                                          ,9,9,0,0,0,0,0,0,0,0,0,0,9,9,0,0,0,0,0,0,0,0,0,0
202601,51,101,3,5,King William County                                         ,11,11,3701300,0,0,0,0,0,0,0,0,0,11,11,3701300,0,0,0,0,0,0,0,0,0
202601,51,103,3,5,Lancaster County                                            ,3,3,1449999,0,0,0,0,0,0,0,0,0,3,3,1449999,0,0,0,0,0,0,0,0,0
202601,51,105,3,5,Lee County                                                  ,2,2,160000,0,0,0,0,0,0,0,0,0,2,2,160000,0,0,0,0,0,0,0,0,0
202601,51,107,3,5,Loudoun County                                              ,34,34,13511158,0,0,0,0,0,0,2,60,9760000,34,34,13511158,0,0,0,0,0,0,2,60,9760000
202601,51,109,3,5,Louisa County                                               ,27,27,7747060,0,0,0,0,0,0,0,0,0,27,27,7747060,0,0,0,0,0,0,0,0,0
202601,51,111,3,5,Lunenburg County                                            ,2,2,554019,0,0,0,0,0,0,0,0,0,0,0,0,0,0,0,0,0,0,0,0,0
202601,51,113,3,5,Madison County                                              ,3,3,1247000,0,0,0,0,0,0,0,0,0,3,3,1247000,0,0,0,0,0,0,0,0,0
202601,51,115,3,5,Mathews County                                              ,1,1,500000,0,0,0,0,0,0,0,0,0,1,1,500000,0,0,0,0,0,0,0,0,0
202601,51,117,3,5,Mecklenburg County                                          ,4,4,1442000,0,0,0,0,0,0,0,0,0,4,4,1442000,0,0,0,0,0,0,0,0,0
202601,51,119,3,5,Middlesex County                                            ,2,2,591000,0,0,0,0,0,0,0,0,0,2,2,591000,0,0,0,0,0,0,0,0,0
202601,51,121,3,5,Montgomery County                                           ,45,45,12097561,1,2,380000,7,21,6617994,0,0,0,45,45,12097561,1,2,380000,7,21,6617994,0,0,0
202601,51,125,3,5,Nelson County                                               ,4,4,1266562,0,0,0,0,0,0,0,0,0,0,0,0,0,0,0,0,0,0,0,0,0
202601,51,127,3,5,New Kent County                                             ,19,19,8164000,0,0,0,0,0,0,0,0,0,19,19,8164000,0,0,0,0,0,0,0,0,0
202601,51,131,3,5,Northampton County                                          ,22,22,11778655,0,0,0,0,0,0,0,0,0,22,22,11778655,0,0,0,0,0,0,0,0,0
202601,51,133,3,5,Northumberland County                                       ,7,7,2386400,0,0,0,0,0,0,0,0,0,7,7,2386400,0,0,0,0,0,0,0,0,0
202601,51,135,3,5,Nottoway County                                             ,1,1,165000,0,0,0,0,0,0,0,0,0,1,1,165000,0,0,0,0,0,0,0,0,0
202601,51,137,3,5,Orange County                                               ,11,11,3604949,0,0,0,0,0,0,0,0,0,11,11,3604949,0,0,0,0,0,0,0,0,0
202601,51,139,3,5,Page County                                                 ,7,7,1931000,0,0,0,0,0,0,0,0,0,7,7,1931000,0,0,0,0,0,0,0,0,0
202601,51,141,3,5,Patrick County                                              ,1,1,392000,0,0,0,0,0,0,0,0,0,1,1,392000,0,0,0,0,0,0,0,0,0
202601,51,143,3,5,Pittsylvania County                                         ,5,5,1211620,0,0,0,0,0,0,0,0,0,0,0,0,0,0,0,0,0,0,0,0,0
202601,51,145,3,5,Powhatan County                                             ,7,7,1828706,0,0,0,0,0,0,0,0,0,7,7,1828706,0,0,0,0,0,0,0,0,0
202601,51,147,3,5,Prince Edward County                                        ,5,5,915623,0,0,0,0,0,0,0,0,0,4,4,782567,0,0,0,0,0,0,0,0,0
202601,51,149,3,5,Prince George County                                        ,23,23,4325000,0,0,0,0,0,0,0,0,0,23,23,4325000,0,0,0,0,0,0,0,0,0
202601,51,153,3,5,Prince William County                                       ,98,98,19661000,0,0,0,0,0,0,0,0,0,98,98,19661000,0,0,0,0,0,0,0,0,0
202601,51,155,3,5,Pulaski County                                              ,2,2,525000,0,0,0,0,0,0,0,0,0,2,2,525000,0,0,0,0,0,0,0,0,0
202601,51,157,3,5,Rappahannock County                                         ,0,0,0,0,0,0,0,0,0,0,0,0,0,0,0,0,0,0,0,0,0,0,0,0
202601,51,159,3,5,Richmond County                                             ,4,4,1184820,0,0,0,0,0,0,0,0,0,4,4,1184820,0,0,0,0,0,0,0,0,0
202601,51,161,3,5,Roanoke County                                              ,10,10,3410002,0,0,0,0,0,0,0,0,0,10,10,3410002,0,0,0,0,0,0,0,0,0
202601,51,163,3,5,Rockbridge County                                           ,4,4,2000000,0,0,0,0,0,0,0,0,0,4,4,2000000,0,0,0,0,0,0,0,0,0
202601,51,165,3,5,Rockingham County                                           ,23,23,4728050,2,4,540000,0,0,0,0,0,0,23,23,4728050,2,4,540000,0,0,0,0,0,0
202601,51,167,3,5,Russell County                                              ,3,3,888615,0,0,0,0,0,0,0,0,0,3,3,888615,0,0,0,0,0,0,0,0,0
202601,51,169,3,5,Scott County                                                ,2,2,402682,0,0,0,0,0,0,0,0,0,0,0,0,0,0,0,0,0,0,0,0,0
202601,51,171,3,5,Shenandoah County                                           ,6,6,2625900,0,0,0,0,0,0,0,0,0,6,6,2625900,0,0,0,0,0,0,0,0,0
202601,51,173,3,5,Smyth County                                                ,0,0,0,0,0,0,0,0,0,0,0,0,0,0,0,0,0,0,0,0,0,0,0,0
202601,51,175,3,5,Southampton County                                          ,7,7,1788200,0,0,0,0,0,0,0,0,0,7,7,1788200,0,0,0,0,0,0,0,0,0
202601,51,177,3,5,Spotsylvania County                                         ,52,52,16508444,0,0,0,0,0,0,0,0,0,52,52,16508444,0,0,0,0,0,0,0,0,0
202601,51,179,3,5,Stafford County                                             ,38,38,0,0,0,0,0,0,0,0,0,0,38,38,0,0,0,0,0,0,0,0,0,0
202601,51,181,3,5,Surry County                                                ,5,5,1535159,0,0,0,0,0,0,0,0,0,5,5,1535159,0,0,0,0,0,0,0,0,0
202601,51,183,3,5,Sussex County                                               ,3,3,458231,0,0,0,0,0,0,0,0,0,3,3,458231,0,0,0,0,0,0,0,0,0
202601,51,185,3,5,Tazewell County                                             ,0,0,0,0,0,0,0,0,0,0,0,0,0,0,0,0,0,0,0,0,0,0,0,0
202601,51,187,3,5,Warren County                                               ,8,8,2836000,0,0,0,0,0,0,0,0,0,8,8,2836000,0,0,0,0,0,0,0,0,0
202601,51,191,3,5,Washington County                                           ,6,6,1906370,0,0,0,0,0,0,0,0,0,0,0,0,0,0,0,0,0,0,0,0,0
202601,51,193,3,5,Westmoreland County                                         ,14,14,2833888,0,0,0,0,0,0,0,0,0,0,0,0,0,0,0,0,0,0,0,0,0
202601,51,195,3,5,Wise County                                                 ,4,4,580318,0,0,0,0,0,0,0,0,0,4,4,580318,0,0,0,0,0,0,0,0,0
202601,51,197,3,5,Wythe County                                                ,0,0,0,0,0,0,0,0,0,0,0,0,0,0,0,0,0,0,0,0,0,0,0,0
202601,51,199,3,5,York County                                                 ,8,8,3704356,0,0,0,0,0,0,0,0,0,8,8,3704356,0,0,0,0,0,0,0,0,0
202601,51,510,3,5,Alexandria (Independent City)                               ,4,4,2325000,0,0,0,0,0,0,0,0,0,4,4,2325000,0,0,0,0,0,0,0,0,0
202601,51,520,3,5,Bristol (Independent City)                                  ,0,0,0,0,0,0,0,0,0,0,0,0,0,0,0,0,0,0,0,0,0,0,0,0
202601,51,530,3,5,Buena Vista (Independent City)                              ,0,0,0,0,0,0,0,0,0,0,0,0,0,0,0,0,0,0,0,0,0,0,0,0
202601,51,540,3,5,Charlottesville (Independent City)                          ,0,0,0,0,0,0,0,0,0,0,0,0,0,0,0,0,0,0,0,0,0,0,0,0
202601,51,550,3,5,Chesapeake(Independent City)                                ,56,56,25973550,0,0,0,0,0,0,0,0,0,56,56,25973550,0,0,0,0,0,0,0,0,0
202601,51,570,3,5,Colonial Heights (Independent City)                         ,1,1,122500,0,0,0,0,0,0,0,0,0,1,1,122500,0,0,0,0,0,0,0,0,0
202601,51,580,3,5,Covington (Independent City)                                ,0,0,0,0,0,0,0,0,0,0,0,0,0,0,0,0,0,0,0,0,0,0,0,0
202601,51,590,3,5,Danville (Independent City)                                 ,2,2,385000,0,0,0,0,0,0,0,0,0,2,2,385000,0,0,0,0,0,0,0,0,0
202601,51,595,3,5,Emporia (Independent City)                                  ,0,0,0,0,0,0,0,0,0,0,0,0,0,0,0,0,0,0,0,0,0,0,0,0
202601,51,600,3,5,Fairfax (Independent City)                                  ,0,0,0,0,0,0,0,0,0,0,0,0,0,0,0,0,0,0,0,0,0,0,0,0
202601,51,610,3,5,Falls Church (Independent City)                             ,2,2,1900000,0,0,0,0,0,0,0,0,0,2,2,1900000,0,0,0,0,0,0,0,0,0
202601,51,630,3,5,Fredericksburg(Independent City)                            ,1,1,250000,0,0,0,0,0,0,0,0,0,1,1,250000,0,0,0,0,0,0,0,0,0
202601,51,640,3,5,Galax (Independent City)                                    ,0,0,0,0,0,0,0,0,0,0,0,0,0,0,0,0,0,0,0,0,0,0,0,0
202601,51,650,3,5,Hampton (Independent City)                                  ,6,6,811000,0,0,0,0,0,0,0,0,0,6,6,811000,0,0,0,0,0,0,0,0,0
202601,51,660,3,5,Harrisonburg (Independent City)                             ,0,0,0,0,0,0,0,0,0,0,0,0,0,0,0,0,0,0,0,0,0,0,0,0
202601,51,670,3,5,Hopewell (Independent City)                                 ,3,3,723002,0,0,0,0,0,0,0,0,0,0,0,0,0,0,0,0,0,0,0,0,0
202601,51,678,3,5,Lexington (Independent City)                                ,0,0,0,0,0,0,0,0,0,0,0,0,0,0,0,0,0,0,0,0,0,0,0,0
202601,51,680,3,5,Lynchburg (Independent City)                                ,10,10,2009250,0,0,0,0,0,0,0,0,0,10,10,2009250,0,0,0,0,0,0,0,0,0
202601,51,683,3,5,Manassas (Independent City)                                 ,0,0,0,0,0,0,0,0,0,0,0,0,0,0,0,0,0,0,0,0,0,0,0,0
202601,51,685,3,5,Manassas Park (Independent City)                            ,0,0,0,0,0,0,0,0,0,1,11,1578676,0,0,0,0,0,0,0,0,0,0,0,0
202601,51,690,3,5,Martinsville (Independent City)                             ,0,0,0,0,0,0,0,0,0,1,5,881224,0,0,0,0,0,0,0,0,0,0,0,0
202601,51,700,3,5,Newport News (Independent City)                             ,3,3,440000,0,0,0,0,0,0,0,0,0,3,3,440000,0,0,0,0,0,0,0,0,0
202601,51,710,3,5,Norfolk (Independent City)                                  ,6,6,650000,1,2,200000,0,0,0,0,0,0,6,6,650000,1,2,200000,0,0,0,0,0,0
202601,51,720,3,5,Norton (Independent City)                                   ,0,0,0,0,0,0,0,0,0,0,0,0,0,0,0,0,0,0,0,0,0,0,0,0
202601,51,730,3,5,Petersburg (Independent City)                               ,3,3,857166,0,0,0,0,0,0,1,8,1543211,0,0,0,0,0,0,0,0,0,0,0,0
202601,51,735,3,5,Poquoson (Independent City)                                 ,6,6,2213325,0,0,0,0,0,0,0,0,0,6,6,2213325,0,0,0,0,0,0,0,0,0
202601,51,740,3,5,Portsmouth (Independent City)                               ,3,3,390776,0,0,0,0,0,0,1,52,148200000,3,3,390776,0,0,0,0,0,0,1,52,148200000
202601,51,750,3,5,Radford (Independent City)                                  ,0,0,0,0,0,0,0,0,0,0,0,0,0,0,0,0,0,0,0,0,0,0,0,0
202601,51,760,3,5,Richmond (Independent City)                                 ,21,21,5595000,1,2,180000,0,0,0,10,1177,159018697,21,21,5595000,1,2,180000,0,0,0,10,1177,159018697
202601,51,770,3,5,Roanoke (Independent City)                                  ,3,3,894240,0,0,0,0,0,0,0,0,0,3,3,894240,0,0,0,0,0,0,0,0,0
202601,51,775,3,5,Salem (Independent City)                                    ,1,1,145000,0,0,0,0,0,0,0,0,0,1,1,145000,0,0,0,0,0,0,0,0,0
202601,51,790,3,5,Staunton (Independent City)                                 ,3,3,600000,0,0,0,0,0,0,0,0,0,3,3,600000,0,0,0,0,0,0,0,0,0
202601,51,800,3,5,Suffolk (Independent City)                                  ,33,33,0,0,0,0,0,0,0,0,0,0,33,33,0,0,0,0,0,0,0,0,0,0
202601,51,810,3,5,Virginia Beach (Independent City)                           ,14,14,4512700,0,0,0,0,0,0,0,0,0,14,14,4512700,0,0,0,0,0,0,0,0,0
202601,51,820,3,5,Waynesboro (Independent City)                               ,14,14,2600000,0,0,0,0,0,0,0,0,0,14,14,2600000,0,0,0,0,0,0,0,0,0
202601,51,830,3,5,Williamsburg (Independent City)                             ,0,0,0,0,0,0,0,0,0,0,0,0,0,0,0,0,0,0,0,0,0,0,0,0
202601,51,840,3,5,Winchester (Independent City)                               ,0,0,0,0,0,0,0,0,0,0,0,0,0,0,0,0,0,0,0,0,0,0,0,0
202601,53,001,4,9,Adams County                                                ,4,4,1318209,0,0,0,0,0,0,0,0,0,2,2,875675,0,0,0,0,0,0,0,0,0
202601,53,003,4,9,Asotin County                                               ,0,0,0,0,0,0,0,0,0,0,0,0,0,0,0,0,0,0,0,0,0,0,0,0
202601,53,005,4,9,Benton County                                               ,66,66,24419162,1,2,342540,0,0,0,12,274,47731192,41,41,14305260,1,2,342540,0,0,0,11,264,46021629
202601,53,007,4,9,Chelan County                                               ,26,26,8563662,1,2,275465,0,0,0,0,0,0,8,8,2667380,0,0,0,0,0,0,0,0,0
202601,53,009,4,9,Clallam County                                              ,27,27,7863542,1,2,213290,0,0,0,0,0,0,26,26,7615758,0,0,0,0,0,0,0,0,0
202601,53,011,4,9,Clark County                                                ,199,199,89919147,9,18,3319025,0,0,0,5,160,20382491,117,117,37370171,9,18,3319025,0,0,0,4,148,18746305
202601,53,013,4,9,Columbia County                                             ,1,1,384615,0,0,0,0,0,0,0,0,0,0,0,0,0,0,0,0,0,0,0,0,0
202601,53,015,4,9,Cowlitz County                                              ,16,16,4313337,0,0,0,0,0,0,0,0,0,15,15,4034170,0,0,0,0,0,0,0,0,0
202601,53,017,4,9,Douglas County                                              ,5,5,1839231,0,0,0,0,0,0,0,0,0,5,5,1839231,0,0,0,0,0,0,0,0,0
202601,53,019,4,9,Ferry County                                                ,1,1,45864,0,0,0,0,0,0,0,0,0,1,1,45864,0,0,0,0,0,0,0,0,0
202601,53,021,4,9,Franklin County                                             ,31,31,9577075,0,0,0,1,3,518505,1,30,4775025,3,3,1219648,0,0,0,0,0,0,0,0,0
202601,53,023,4,9,Garfield County                                             ,0,0,0,0,0,0,0,0,0,0,0,0,0,0,0,0,0,0,0,0,0,0,0,0
202601,53,025,4,9,Grant County                                                ,26,26,7901219,2,4,634288,0,0,0,0,0,0,13,13,5073393,1,2,280000,0,0,0,0,0,0
202601,53,027,4,9,Grays Harbor County                                         ,22,22,6268320,0,0,0,0,0,0,0,0,0,19,19,5112853,0,0,0,0,0,0,0,0,0
202601,53,029,4,9,Island County                                               ,7,7,1895022,0,0,0,0,0,0,0,0,0,7,7,1895022,0,0,0,0,0,0,0,0,0
202601,53,031,4,9,Jefferson County                                            ,17,17,5750051,0,0,0,0,0,0,0,0,0,9,9,2991114,0,0,0,0,0,0,0,0,0
202601,53,033,4,9,King County                                                 ,239,239,106162584,36,72,19779284,7,25,7181705,10,122,19559505,212,212,90488288,36,72,19779284,7,25,7181705,8,105,17358550
202601,53,035,4,9,Kitsap County                                               ,55,55,23928412,0,0,0,0,0,0,0,0,0,55,55,23928412,0,0,0,0,0,0,0,0,0
202601,53,037,4,9,Kittitas County                                             ,10,10,4611264,0,0,0,0,0,0,0,0,0,9,9,4322168,0,0,0,0,0,0,0,0,0
202601,53,039,4,9,Klickitat County                                            ,6,6,1484596,0,0,0,0,0,0,0,0,0,6,6,1484596,0,0,0,0,0,0,0,0,0
202601,53,041,4,9,Lewis County                                                ,17,17,5121262,0,0,0,0,0,0,0,0,0,17,17,5121262,0,0,0,0,0,0,0,0,0
202601,53,043,4,9,Lincoln County                                              ,7,7,1793090,0,0,0,0,0,0,0,0,0,6,6,1638090,0,0,0,0,0,0,0,0,0
202601,53,045,4,9,Mason County                                                ,7,7,2025955,0,0,0,0,0,0,0,0,0,7,7,2025955,0,0,0,0,0,0,0,0,0
202601,53,047,4,9,Okanogan County                                             ,8,8,2259355,1,2,328989,0,0,0,0,0,0,3,3,835098,0,0,0,0,0,0,0,0,0
202601,53,049,4,9,Pacific County                                              ,2,2,992625,0,0,0,0,0,0,0,0,0,2,2,992625,0,0,0,0,0,0,0,0,0
202601,53,051,4,9,Pend Oreille County                                         ,2,2,1260000,0,0,0,0,0,0,0,0,0,2,2,1260000,0,0,0,0,0,0,0,0,0
202601,53,053,4,9,Pierce County                                               ,154,154,55623667,1,2,459466,11,44,11820065,16,454,47803429,152,152,55090477,1,2,459466,11,44,11820065,15,447,46594819
202601,53,055,4,9,San Juan County                                             ,5,5,5644151,0,0,0,0,0,0,0,0,0,5,5,5644151,0,0,0,0,0,0,0,0,0
202601,53,057,4,9,Skagit County                                               ,3,3,948116,0,0,0,0,0,0,1,9,840014,3,3,948116,0,0,0,0,0,0,0,0,0
202601,53,059,4,9,Skamania County                                             ,2,2,404515,0,0,0,0,0,0,0,0,0,2,2,404515,0,0,0,0,0,0,0,0,0
202601,53,061,4,9,Snohomish County                                            ,145,145,58109683,1,2,832071,0,0,0,0,0,0,138,138,55056818,1,2,832071,0,0,0,0,0,0
202601,53,063,4,9,Spokane County                                              ,90,90,27655440,4,8,1825696,3,11,837414,1,24,2180047,32,32,12971288,3,6,1444844,3,11,837414,0,0,0
202601,53,065,4,9,Stevens County                                              ,7,7,2721064,0,0,0,0,0,0,0,0,0,5,5,2249468,0,0,0,0,0,0,0,0,0
202601,53,067,4,9,Thurston County                                             ,38,38,10231779,1,2,256927,0,0,0,1,9,575773,31,31,8606968,0,0,0,0,0,0,0,0,0
202601,53,069,4,9,Wahkiakum County                                            ,1,1,200000,0,0,0,0,0,0,0,0,0,1,1,200000,0,0,0,0,0,0,0,0,0
202601,53,071,4,9,Walla Walla County                                          ,19,19,6130592,0,0,0,0,0,0,0,0,0,18,18,6030592,0,0,0,0,0,0,0,0,0
202601,53,073,4,9,Whatcom County                                              ,38,38,10598412,1,2,340882,0,0,0,1,5,776735,13,13,2875900,1,2,340882,0,0,0,0,0,0
202601,53,075,4,9,Whitman County                                              ,4,4,1201193,0,0,0,0,0,0,0,0,0,3,3,994467,0,0,0,0,0,0,0,0,0
202601,53,077,4,9,Yakima County                                               ,35,35,12159137,1,2,550000,0,0,0,0,0,0,23,23,8604361,0,0,0,0,0,0,0,0,0
202601,54,001,3,5,Barbour County                                              ,0,0,0,0,0,0,0,0,0,0,0,0,0,0,0,0,0,0,0,0,0,0,0,0
202601,54,003,3,5,Berkeley County                                             ,80,80,20246430,0,0,0,1,4,800000,0,0,0,80,80,20246430,0,0,0,1,4,800000,0,0,0
202601,54,005,3,5,Boone County                                                ,1,1,203096,0,0,0,0,0,0,0,0,0,0,0,0,0,0,0,0,0,0,0,0,0
202601,54,007,3,5,Braxton County                                              ,1,1,302641,0,0,0,0,0,0,0,0,0,0,0,0,0,0,0,0,0,0,0,0,0
202601,54,009,3,5,Brooke County                                               ,0,0,0,0,0,0,0,0,0,0,0,0,0,0,0,0,0,0,0,0,0,0,0,0
202601,54,011,3,5,Cabell County                                               ,1,1,680000,1,2,100000,0,0,0,0,0,0,1,1,680000,0,0,0,0,0,0,0,0,0
202601,54,015,3,5,Clay County                                                 ,0,0,0,0,0,0,0,0,0,0,0,0,0,0,0,0,0,0,0,0,0,0,0,0
202601,54,019,3,5,Fayette County                                              ,1,1,119500,0,0,0,0,0,0,0,0,0,0,0,0,0,0,0,0,0,0,0,0,0
202601,54,021,3,5,Gilmer County                                               ,2,2,655000,0,0,0,0,0,0,0,0,0,2,2,655000,0,0,0,0,0,0,0,0,0
202601,54,023,3,5,Grant County                                                ,3,3,640000,0,0,0,0,0,0,0,0,0,3,3,640000,0,0,0,0,0,0,0,0,0
202601,54,025,3,5,Greenbrier County                                           ,9,9,1347175,0,0,0,0,0,0,0,0,0,7,7,886675,0,0,0,0,0,0,0,0,0
202601,54,027,3,5,Hampshire County                                            ,11,11,8415650,0,0,0,0,0,0,0,0,0,11,11,8415650,0,0,0,0,0,0,0,0,0
202601,54,029,3,5,Hancock County                                              ,2,2,874000,0,0,0,0,0,0,0,0,0,2,2,874000,0,0,0,0,0,0,0,0,0
202601,54,031,3,5,Hardy County                                                ,6,6,1520922,0,0,0,0,0,0,0,0,0,5,5,1250922,0,0,0,0,0,0,0,0,0
202601,54,033,3,5,Harrison County                                             ,4,4,1071979,0,0,0,0,0,0,0,0,0,2,2,504390,0,0,0,0,0,0,0,0,0
202601,54,035,3,5,Jackson County                                              ,0,0,0,0,0,0,0,0,0,0,0,0,0,0,0,0,0,0,0,0,0,0,0,0
202601,54,037,3,5,Jefferson County                                            ,67,67,15743168,0,0,0,0,0,0,0,0,0,67,67,15743168,0,0,0,0,0,0,0,0,0
202601,54,039,3,5,Kanawha County                                              ,4,4,314433,0,0,0,0,0,0,0,0,0,0,0,0,0,0,0,0,0,0,0,0,0
202601,54,041,3,5,Lewis County                                                ,0,0,0,0,0,0,0,0,0,0,0,0,0,0,0,0,0,0,0,0,0,0,0,0
202601,54,043,3,5,Lincoln County                                              ,0,0,0,0,0,0,0,0,0,0,0,0,0,0,0,0,0,0,0,0,0,0,0,0
202601,54,045,3,5,Logan County                                                ,0,0,0,0,0,0,0,0,0,0,0,0,0,0,0,0,0,0,0,0,0,0,0,0
202601,54,047,3,5,McDowell County                                             ,0,0,0,0,0,0,0,0,0,0,0,0,0,0,0,0,0,0,0,0,0,0,0,0
202601,54,049,3,5,Marion County                                               ,0,0,0,0,0,0,0,0,0,0,0,0,0,0,0,0,0,0,0,0,0,0,0,0
202601,54,051,3,5,Marshall County                                             ,0,0,0,0,0,0,0,0,0,0,0,0,0,0,0,0,0,0,0,0,0,0,0,0
202601,54,053,3,5,Mason County                                                ,0,0,0,0,0,0,0,0,0,0,0,0,0,0,0,0,0,0,0,0,0,0,0,0
202601,54,055,3,5,Mercer County                                               ,0,0,0,0,0,0,0,0,0,1,5,400000,0,0,0,0,0,0,0,0,0,0,0,0
202601,54,057,3,5,Mineral County                                              ,4,4,635000,0,0,0,0,0,0,0,0,0,4,4,635000,0,0,0,0,0,0,0,0,0
202601,54,059,3,5,Mingo County                                                ,0,0,0,0,0,0,0,0,0,0,0,0,0,0,0,0,0,0,0,0,0,0,0,0
202601,54,061,3,5,Monongalia County                                           ,2,2,415638,0,0,0,0,0,0,0,0,0,1,1,210000,0,0,0,0,0,0,0,0,0
202601,54,063,3,5,Monroe County                                               ,0,0,0,0,0,0,0,0,0,0,0,0,0,0,0,0,0,0,0,0,0,0,0,0
202601,54,065,3,5,Morgan County                                               ,11,11,2743411,0,0,0,0,0,0,0,0,0,11,11,2743411,0,0,0,0,0,0,0,0,0
202601,54,067,3,5,Nicholas County                                             ,0,0,0,0,0,0,0,0,0,0,0,0,0,0,0,0,0,0,0,0,0,0,0,0
202601,54,069,3,5,Ohio County                                                 ,0,0,0,0,0,0,0,0,0,0,0,0,0,0,0,0,0,0,0,0,0,0,0,0
202601,54,071,3,5,Pendleton County                                            ,3,3,1155000,0,0,0,0,0,0,0,0,0,3,3,1155000,0,0,0,0,0,0,0,0,0
202601,54,073,3,5,Pleasants County                                            ,1,1,140000,0,0,0,0,0,0,0,0,0,0,0,0,0,0,0,0,0,0,0,0,0
202601,54,075,3,5,Pocahontas County                                           ,0,0,0,0,0,0,0,0,0,0,0,0,0,0,0,0,0,0,0,0,0,0,0,0
202601,54,077,3,5,Preston County                                              ,0,0,0,0,0,0,0,0,0,0,0,0,0,0,0,0,0,0,0,0,0,0,0,0
202601,54,079,3,5,Putnam County                                               ,7,7,1699112,0,0,0,0,0,0,1,29,5650261,0,0,0,0,0,0,0,0,0,0,0,0
202601,54,081,3,5,Raleigh County                                              ,2,2,448870,0,0,0,0,0,0,0,0,0,2,2,448870,0,0,0,0,0,0,0,0,0
202601,54,083,3,5,Randolph County                                             ,0,0,0,0,0,0,0,0,0,0,0,0,0,0,0,0,0,0,0,0,0,0,0,0
202601,54,085,3,5,Ritchie County                                              ,1,1,301755,0,0,0,0,0,0,0,0,0,0,0,0,0,0,0,0,0,0,0,0,0
202601,54,087,3,5,Roane County                                                ,1,1,144333,0,0,0,0,0,0,0,0,0,0,0,0,0,0,0,0,0,0,0,0,0
202601,54,089,3,5,Summers County                                              ,0,0,0,0,0,0,0,0,0,0,0,0,0,0,0,0,0,0,0,0,0,0,0,0
202601,54,091,3,5,Taylor County                                               ,0,0,0,0,0,0,0,0,0,0,0,0,0,0,0,0,0,0,0,0,0,0,0,0
202601,54,093,3,5,Tucker County                                               ,0,0,0,0,0,0,0,0,0,0,0,0,0,0,0,0,0,0,0,0,0,0,0,0
202601,54,095,3,5,Tyler County                                                ,0,0,0,0,0,0,0,0,0,0,0,0,0,0,0,0,0,0,0,0,0,0,0,0
202601,54,097,3,5,Upshur County                                               ,1,1,3000000,0,0,0,0,0,0,0,0,0,1,1,3000000,0,0,0,0,0,0,0,0,0
202601,54,099,3,5,Wayne County                                                ,4,4,299735,0,0,0,0,0,0,0,0,0,0,0,0,0,0,0,0,0,0,0,0,0
202601,54,101,3,5,Webster County                                              ,0,0,0,0,0,0,0,0,0,0,0,0,0,0,0,0,0,0,0,0,0,0,0,0
202601,54,103,3,5,Wetzel County                                               ,0,0,0,0,0,0,0,0,0,0,0,0,0,0,0,0,0,0,0,0,0,0,0,0
202601,54,105,3,5,Wirt County                                                 ,1,1,152000,0,0,0,0,0,0,0,0,0,0,0,0,0,0,0,0,0,0,0,0,0
202601,54,107,3,5,Wood County                                                 ,0,0,0,0,0,0,0,0,0,0,0,0,0,0,0,0,0,0,0,0,0,0,0,0
202601,54,109,3,5,Wyoming County                                              ,2,2,605281,0,0,0,0,0,0,0,0,0,0,0,0,0,0,0,0,0,0,0,0,0
202601,55,001,2,3,Adams County                                                ,3,3,1194444,0,0,0,0,0,0,0,0,0,2,2,955000,0,0,0,0,0,0,0,0,0
202601,55,003,2,3,Ashland County                                              ,0,0,0,0,0,0,0,0,0,0,0,0,0,0,0,0,0,0,0,0,0,0,0,0
202601,55,005,2,3,Barron County                                               ,2,2,522500,0,0,0,0,0,0,0,0,0,0,0,0,0,0,0,0,0,0,0,0,0
202601,55,007,2,3,Bayfield County                                             ,7,7,2391921,0,0,0,0,0,0,0,0,0,7,7,2391921,0,0,0,0,0,0,0,0,0
202601,55,009,2,3,Brown County                                                ,43,43,22902762,4,8,1413818,0,0,0,11,242,196559700,39,39,21475295,0,0,0,0,0,0,11,242,196559700
202601,55,011,2,3,Buffalo County                                              ,1,1,390000,0,0,0,0,0,0,0,0,0,0,0,0,0,0,0,0,0,0,0,0,0
202601,55,013,2,3,Burnett County                                              ,3,3,837353,0,0,0,0,0,0,0,0,0,1,1,341703,0,0,0,0,0,0,0,0,0
202601,55,015,2,3,Calumet County                                              ,16,16,6309295,1,2,354180,0,0,0,0,0,0,15,15,5972139,0,0,0,0,0,0,0,0,0
202601,55,017,2,3,Chippewa County                                             ,6,6,2608000,0,0,0,0,0,0,0,0,0,6,6,2608000,0,0,0,0,0,0,0,0,0
202601,55,019,2,3,Clark County                                                ,1,1,165000,1,2,300000,0,0,0,0,0,0,0,0,0,0,0,0,0,0,0,0,0,0
202601,55,021,2,3,Columbia County                                             ,5,5,1698374,0,0,0,0,0,0,1,5,625000,3,3,1175000,0,0,0,0,0,0,0,0,0
202601,55,023,2,3,Crawford County                                             ,3,3,519533,0,0,0,0,0,0,0,0,0,1,1,75000,0,0,0,0,0,0,0,0,0
202601,55,025,2,3,Dane County                                                 ,104,104,52130446,3,6,1951664,0,0,0,4,244,78519737,91,91,46082997,2,4,1350000,0,0,0,2,215,73400000
202601,55,027,2,3,Dodge County                                                ,8,8,2767685,1,2,311000,0,0,0,0,0,0,2,2,872720,1,2,311000,0,0,0,0,0,0
202601,55,029,2,3,Door County                                                 ,10,10,3969848,2,4,720184,0,0,0,0,0,0,3,3,1377000,0,0,0,0,0,0,0,0,0
202601,55,031,2,3,Douglas County                                              ,0,0,0,0,0,0,0,0,0,0,0,0,0,0,0,0,0,0,0,0,0,0,0,0
202601,55,033,2,3,Dunn County                                                 ,2,2,706928,0,0,0,0,0,0,0,0,0,0,0,0,0,0,0,0,0,0,0,0,0
202601,55,035,2,3,Eau Claire County                                           ,8,8,3950172,0,0,0,0,0,0,3,183,43800000,6,6,3197390,0,0,0,0,0,0,3,183,43800000
202601,55,037,2,3,Florence County                                             ,2,2,701736,0,0,0,0,0,0,0,0,0,0,0,0,0,0,0,0,0,0,0,0,0
202601,55,039,2,3,Fond du Lac County                                          ,10,10,3580347,0,0,0,0,0,0,0,0,0,1,1,171000,0,0,0,0,0,0,0,0,0
202601,55,041,2,3,Forest County                                               ,0,0,0,0,0,0,0,0,0,0,0,0,0,0,0,0,0,0,0,0,0,0,0,0
202601,55,043,2,3,Grant County                                                ,4,4,956300,0,0,0,0,0,0,0,0,0,2,2,315000,0,0,0,0,0,0,0,0,0
202601,55,045,2,3,Green County                                                ,3,3,2059800,1,2,585500,0,0,0,0,0,0,3,3,2059800,0,0,0,0,0,0,0,0,0
202601,55,047,2,3,Green Lake County                                           ,1,1,750000,0,0,0,0,0,0,0,0,0,1,1,750000,0,0,0,0,0,0,0,0,0
202601,55,049,2,3,Iowa County                                                 ,2,2,877000,0,0,0,0,0,0,0,0,0,0,0,0,0,0,0,0,0,0,0,0,0
202601,55,051,2,3,Iron County                                                 ,1,1,341703,0,0,0,0,0,0,1,5,1725000,1,1,341703,0,0,0,0,0,0,0,0,0
202601,55,053,2,3,Jackson County                                              ,1,1,68000,0,0,0,0,0,0,0,0,0,1,1,68000,0,0,0,0,0,0,0,0,0
202601,55,055,2,3,Jefferson County                                            ,2,2,607752,3,6,1485000,0,0,0,0,0,0,0,0,0,3,6,1485000,0,0,0,0,0,0
202601,55,057,2,3,Juneau County                                               ,7,7,2156343,0,0,0,0,0,0,0,0,0,0,0,0,0,0,0,0,0,0,0,0,0
202601,55,059,2,3,Kenosha County                                              ,11,11,3385550,0,0,0,0,0,0,0,0,0,8,8,1897667,0,0,0,0,0,0,0,0,0
202601,55,061,2,3,Kewaunee County                                             ,0,0,0,1,2,357285,0,0,0,0,0,0,0,0,0,0,0,0,0,0,0,0,0,0
202601,55,063,2,3,La Crosse County                                            ,15,15,6685000,0,0,0,0,0,0,0,0,0,15,15,6685000,0,0,0,0,0,0,0,0,0
202601,55,065,2,3,Lafayette County                                            ,2,2,431650,1,2,360093,0,0,0,0,0,0,1,1,111000,0,0,0,0,0,0,0,0,0
202601,55,067,2,3,Langlade County                                             ,5,5,1353773,0,0,0,0,0,0,0,0,0,1,1,400000,0,0,0,0,0,0,0,0,0
202601,55,069,2,3,Lincoln County                                              ,4,4,1378573,0,0,0,0,0,0,0,0,0,3,3,1025109,0,0,0,0,0,0,0,0,0
202601,55,071,2,3,Manitowoc County                                            ,5,5,2008333,0,0,0,0,0,0,0,0,0,3,3,1230000,0,0,0,0,0,0,0,0,0
202601,55,073,2,3,Marathon County                                             ,7,7,2742483,3,6,1207542,0,0,0,2,10,1846166,1,1,475000,3,6,1207542,0,0,0,0,0,0
202601,55,075,2,3,Marinette County                                            ,11,11,2691857,0,0,0,0,0,0,0,0,0,7,7,1504000,0,0,0,0,0,0,0,0,0
202601,55,077,2,3,Marquette County                                            ,3,3,1090000,0,0,0,0,0,0,0,0,0,2,2,540000,0,0,0,0,0,0,0,0,0
202601,55,078,2,3,Menominee County                                            ,0,0,0,0,0,0,0,0,0,0,0,0,0,0,0,0,0,0,0,0,0,0,0,0
202601,55,079,2,3,Milwaukee County                                            ,6,6,3374516,0,0,0,0,0,0,2,37,6061158,6,6,3374516,0,0,0,0,0,0,1,16,2820000
202601,55,081,2,3,Monroe County                                               ,6,6,1714666,0,0,0,0,0,0,0,0,0,1,1,45000,0,0,0,0,0,0,0,0,0
202601,55,083,2,3,Oconto County                                               ,4,4,2684000,0,0,0,0,0,0,1,5,783790,4,4,2684000,0,0,0,0,0,0,0,0,0
202601,55,085,2,3,Oneida County                                               ,5,5,2420650,0,0,0,0,0,0,0,0,0,4,4,2100000,0,0,0,0,0,0,0,0,0
202601,55,087,2,3,Outagamie County                                            ,11,11,2689666,0,0,0,0,0,0,0,0,0,11,11,2689666,0,0,0,0,0,0,0,0,0
202601,55,089,2,3,Ozaukee County                                              ,39,39,15089410,4,8,2000000,0,0,0,0,0,0,38,38,14676077,4,8,2000000,0,0,0,0,0,0
202601,55,091,2,3,Pepin County                                                ,1,1,400000,0,0,0,0,0,0,0,0,0,1,1,400000,0,0,0,0,0,0,0,0,0
202601,55,093,2,3,Pierce County                                               ,10,10,3986564,0,0,0,0,0,0,0,0,0,9,9,3633100,0,0,0,0,0,0,0,0,0
202601,55,095,2,3,Polk County                                                 ,6,6,994778,0,0,0,0,0,0,0,0,0,0,0,0,0,0,0,0,0,0,0,0,0
202601,55,097,2,3,Portage County                                              ,15,15,4213798,2,4,731462,0,0,0,0,0,0,15,15,4213798,1,2,380000,0,0,0,0,0,0
202601,55,099,2,3,Price County                                                ,1,1,304208,0,0,0,0,0,0,0,0,0,0,0,0,0,0,0,0,0,0,0,0,0
202601,55,101,2,3,Racine County                                               ,15,15,7614440,2,4,649760,0,0,0,1,6,538879,12,12,6435388,1,2,308000,0,0,0,0,0,0
202601,55,103,2,3,Richland County                                             ,0,0,0,0,0,0,0,0,0,0,0,0,0,0,0,0,0,0,0,0,0,0,0,0
202601,55,105,2,3,Rock County                                                 ,20,20,7564408,3,6,935000,3,12,2955000,1,8,1500000,15,15,5437701,3,6,935000,3,12,2955000,1,8,1500000
202601,55,107,2,3,Rusk County                                                 ,2,2,638398,0,0,0,0,0,0,0,0,0,0,0,0,0,0,0,0,0,0,0,0,0
202601,55,109,2,3,St. Croix County                                            ,14,14,6266118,0,0,0,0,0,0,0,0,0,13,13,5686118,0,0,0,0,0,0,0,0,0
202601,55,111,2,3,Sauk County                                                 ,14,14,6310637,3,6,900000,0,0,0,8,132,16500000,6,6,3273964,3,6,900000,0,0,0,8,132,16500000
202601,55,113,2,3,Sawyer County                                               ,3,3,1150000,0,0,0,0,0,0,0,0,0,3,3,1150000,0,0,0,0,0,0,0,0,0
202601,55,115,2,3,Shawano County                                              ,1,1,390000,0,0,0,0,0,0,0,0,0,1,1,390000,0,0,0,0,0,0,0,0,0
202601,55,117,2,3,Sheboygan County                                            ,3,3,1416495,0,0,0,0,0,0,0,0,0,1,1,517345,0,0,0,0,0,0,0,0,0
202601,55,119,2,3,Taylor County                                               ,0,0,0,0,0,0,0,0,0,0,0,0,0,0,0,0,0,0,0,0,0,0,0,0
202601,55,121,2,3,Trempealeau County                                          ,2,2,700000,0,0,0,0,0,0,0,0,0,2,2,700000,0,0,0,0,0,0,0,0,0
202601,55,123,2,3,Vernon County                                               ,8,8,2579823,0,0,0,0,0,0,0,0,0,0,0,0,0,0,0,0,0,0,0,0,0
202601,55,125,2,3,Vilas County                                                ,7,7,2143464,0,0,0,0,0,0,0,0,0,6,6,1790000,0,0,0,0,0,0,0,0,0
202601,55,127,2,3,Walworth County                                             ,17,17,11814654,0,0,0,0,0,0,0,0,0,14,14,11034119,0,0,0,0,0,0,0,0,0
202601,55,129,2,3,Washburn County                                             ,1,1,320650,0,0,0,0,0,0,0,0,0,0,0,0,0,0,0,0,0,0,0,0,0
202601,55,131,2,3,Washington County                                           ,16,16,5166799,3,6,1151462,0,0,0,0,0,0,13,13,3892270,2,4,800000,0,0,0,0,0,0
202601,55,133,2,3,Waukesha County                                             ,72,72,46215855,4,8,2698366,0,0,0,2,29,4204177,54,54,36323607,3,6,2160000,0,0,0,0,0,0
202601,55,135,2,3,Waupaca County                                              ,5,5,2980000,0,0,0,0,0,0,0,0,0,5,5,2980000,0,0,0,0,0,0,0,0,0
202601,55,137,2,3,Waushara County                                             ,3,3,1090166,0,0,0,0,0,0,1,5,421875,0,0,0,0,0,0,0,0,0,0,0,0
202601,55,139,2,3,Winnebago County                                            ,16,16,8322428,0,0,0,0,0,0,0,0,0,13,13,7257500,0,0,0,0,0,0,0,0,0
202601,55,141,2,3,Wood County                                                 ,7,7,2620954,2,4,400000,0,0,0,0,0,0,0,0,0,2,4,400000,0,0,0,0,0,0
202601,56,001,4,8,Albany County                                               ,7,7,2114280,0,0,0,0,0,0,0,0,0,7,7,2114280,0,0,0,0,0,0,0,0,0
202601,56,003,4,8,Big Horn County                                             ,0,0,0,0,0,0,0,0,0,0,0,0,0,0,0,0,0,0,0,0,0,0,0,0
202601,56,005,4,8,Campbell County                                             ,1,1,400000,0,0,0,0,0,0,0,0,0,1,1,400000,0,0,0,0,0,0,0,0,0
202601,56,007,4,8,Carbon County                                               ,1,1,195177,0,0,0,0,0,0,0,0,0,0,0,0,0,0,0,0,0,0,0,0,0
202601,56,009,4,8,Converse County                                             ,0,0,0,0,0,0,0,0,0,0,0,0,0,0,0,0,0,0,0,0,0,0,0,0
202601,56,011,4,8,Crook County                                                ,0,0,0,0,0,0,0,0,0,0,0,0,0,0,0,0,0,0,0,0,0,0,0,0
202601,56,013,4,8,Fremont County                                              ,0,0,0,0,0,0,0,0,0,0,0,0,0,0,0,0,0,0,0,0,0,0,0,0
202601,56,015,4,8,Goshen County                                               ,0,0,0,0,0,0,0,0,0,0,0,0,0,0,0,0,0,0,0,0,0,0,0,0
202601,56,017,4,8,Hot Springs County                                          ,0,0,0,0,0,0,0,0,0,0,0,0,0,0,0,0,0,0,0,0,0,0,0,0
202601,56,019,4,8,Johnson County                                              ,0,0,0,0,0,0,0,0,0,0,0,0,0,0,0,0,0,0,0,0,0,0,0,0
202601,56,021,4,8,Laramie County                                              ,35,35,5894184,0,0,0,0,0,0,0,0,0,34,34,5637084,0,0,0,0,0,0,0,0,0
202601,56,023,4,8,Lincoln County                                              ,3,3,646370,0,0,0,0,0,0,0,0,0,2,2,593037,0,0,0,0,0,0,0,0,0
202601,56,025,4,8,Natrona County                                              ,7,7,3219521,0,0,0,0,0,0,0,0,0,7,7,3219521,0,0,0,0,0,0,0,0,0
202601,56,027,4,8,Niobrara County                                             ,0,0,0,0,0,0,0,0,0,0,0,0,0,0,0,0,0,0,0,0,0,0,0,0
202601,56,029,4,8,Park County                                                 ,13,13,3356706,0,0,0,0,0,0,0,0,0,13,13,3356706,0,0,0,0,0,0,0,0,0
202601,56,031,4,8,Platte County                                               ,2,2,375789,0,0,0,0,0,0,0,0,0,0,0,0,0,0,0,0,0,0,0,0,0
202601,56,033,4,8,Sheridan County                                             ,16,16,5562110,0,0,0,0,0,0,0,0,0,10,10,3064704,0,0,0,0,0,0,0,0,0
202601,56,035,4,8,Sublette County                                             ,6,6,2314084,0,0,0,0,0,0,0,0,0,0,0,0,0,0,0,0,0,0,0,0,0
202601,56,037,4,8,Sweetwater County                                           ,3,3,1236519,0,0,0,0,0,0,0,0,0,3,3,1236519,0,0,0,0,0,0,0,0,0
202601,56,039,4,8,Teton County                                                ,4,4,13664801,0,0,0,0,0,0,0,0,0,0,0,0,0,0,0,0,0,0,0,0,0
202601,56,041,4,8,Uinta County                                                ,1,1,270000,0,0,0,0,0,0,0,0,0,1,1,270000,0,0,0,0,0,0,0,0,0
202601,56,043,4,8,Washakie County                                             ,0,0,0,0,0,0,0,0,0,0,0,0,0,0,0,0,0,0,0,0,0,0,0,0
202601,56,045,4,8,Weston County                                               ,0,0,0,0,0,0,0,0,0,0,0,0,0,0,0,0,0,0,0,0,0,0,0,0
